command,mean,stddev,median,user,system,min,max
nice -20 taskset -c 0 ../st-0.4.0-beta.3 find -t 1 file:../patterns/fastq_100x31mers.fasta ../data/frag_1.fastq -o ../results/fastq/out-100x31mers-st.fastq --seqtype other -f,2.6087586870499995,0.05758481472728825,2.6116891738800003,2.1884390300000005,0.01894079,2.51101602938,2.7918938513800002
nice -20 taskset -c 0 ../grep -f ../patterns/fastq_100x31mers.txt ../data/frag_1.fastq -B 1 -A 2 --no-group-separator > ../results/fastq/out-100x31mers-fgrep.fastq,1.0447272182199998,0.044197072114472,1.0346808268799998,0.6549021400000001,0.013045589999999996,0.98106578138,1.11493584238
nice -20 taskset -c 0 ../cookiecutter-extract-1.0.0 -i ../data/frag_1.fastq -f ../patterns/fastq_100x31mers.txt -o ../results/fastq/out-100x31mers-ck,2.8082620625499994,0.05177942390033044,2.81528105188,0.9720618000000001,0.07645986,2.69912606138,2.91345644438
nice -20 taskset -c 0 ../seqkit grep -j 1 -P -s -f ../patterns/fastq_100x31mers.txt ../data/frag_1.fastq > ../results/fastq/out-100x31mers-seqkit.fastq,5.5313716659,0.15591467815180238,5.45931211688,4.73243143,0.05148051999999998,5.34508718738,5.93173632238
nice -20 taskset -c 0 back_to_sequences --in-kmers ../patterns/fastq_100x31mers.fasta --in-sequences ../data/frag_1.fastq --out-sequences ../results/fastq/out-100x31mers-back_to_sequences.fastq --out-kmers ../results/fastq/out-100x31mers-back_to_sequences.kmers.fasta -k 31 --stranded -t 1,1.4601669242600004,0.06055710718069627,1.44938898938,1.23153827,0.10726092999999998,1.3548400753799998,1.63409714338
nice -20 taskset -c 0 ../../target/release/merkurio extract -i ../data/frag_1.fastq -f ../patterns/fastq_100x31mers.fasta > ../results/fastq/out-100x31mers-merkurio.fastq,0.5134783278099999,0.04149838072165071,0.51594308288,0.14658336999999994,0.014161110000000003,0.45499249738,0.58150286738
