k,patterns,algorithm,mode,run,iterations,banks,sequences_per_bank,sequence_length,target_bases_per_cell,bases,build_ns,search_ns,total_ns,fixed_ns_per_matcher,build_ns_per_matcher,search_ns_per_base,reference_total_ns,reference_ns_per_base,validation_checksum,matching_records,matches,timed_checksum
4,1,bndmq,first,0,1,64,10418,150,100000000,100012800,188091,65575543,65827533,3937.344,2938.922,0.655671504,65579480.344,0.655710872,8819754129215092097,478909,478909,8819754129215092097
4,1,bndmq,first,1,1,64,10418,150,100000000,100012800,31799,65722884,65776425,836.578,496.859,0.657144725,65723720.578,0.657153090,8819754129215092097,478909,478909,8819754129215092097
4,1,bndmq,first,2,1,64,10418,150,100000000,100012800,19316,63964530,64007750,675.312,301.812,0.639563436,63965205.312,0.639570188,8819754129215092097,478909,478909,8819754129215092097
4,1,bndmq,first,3,1,64,10418,150,100000000,100012800,21330,63448133,63494079,717.906,333.281,0.634400127,63448850.906,0.634407305,8819754129215092097,478909,478909,8819754129215092097
4,1,bndmq,first,4,1,64,10418,150,100000000,100012800,20258,64651851,64694380,664.516,316.531,0.646435766,64652515.516,0.646442411,8819754129215092097,478909,478909,8819754129215092097
4,1,aho_corasick,first,0,1,64,10418,150,100000000,100012800,598085,26857997,27476621,9666.000,9345.078,0.268545596,26867663.000,0.268642244,8819754129215092097,478909,478909,8819754129215092097
4,1,aho_corasick,first,1,1,64,10418,150,100000000,100012800,664520,28023050,28706035,10671.641,10383.125,0.280194635,28033721.641,0.280301338,8819754129215092097,478909,478909,8819754129215092097
4,1,aho_corasick,first,2,1,64,10418,150,100000000,100012800,561357,27440343,28020786,9069.422,8771.203,0.274368311,27449412.422,0.274458993,8819754129215092097,478909,478909,8819754129215092097
4,1,aho_corasick,first,3,1,64,10418,150,100000000,100012800,581745,26753069,27359179,9470.469,9089.766,0.267496450,26762539.469,0.267591143,8819754129215092097,478909,478909,8819754129215092097
4,1,aho_corasick,first,4,1,64,10418,150,100000000,100012800,568621,28010227,28605597,9302.656,8884.703,0.280066421,28019529.656,0.280159436,8819754129215092097,478909,478909,8819754129215092097
4,1,hash,first,0,1,64,10418,150,100000000,100012800,15018,122698423,122717269,294.469,234.656,1.226827196,122698717.469,1.226830140,8819754129215092097,478909,478909,8819754129215092097
4,1,hash,first,1,1,64,10418,150,100000000,100012800,13555,119108328,119125159,262.984,211.797,1.190930841,119108590.984,1.190933470,8819754129215092097,478909,478909,8819754129215092097
4,1,hash,first,2,1,64,10418,150,100000000,100012800,8025,121781916,121794039,189.422,125.391,1.217663299,121782105.422,1.217665193,8819754129215092097,478909,478909,8819754129215092097
4,1,hash,first,3,1,64,10418,150,100000000,100012800,8465,121728326,121740288,186.906,132.266,1.217127468,121728512.906,1.217129337,8819754129215092097,478909,478909,8819754129215092097
4,1,hash,first,4,1,64,10418,150,100000000,100012800,7905,121749603,121761586,187.234,123.516,1.217340210,121749790.234,1.217342083,8819754129215092097,478909,478909,8819754129215092097
4,2,aho_corasick,first,0,1,64,10418,150,100000000,100012800,702921,212641806,213362780,11265.219,10983.141,2.126145913,212653071.219,2.126258551,7382909141788156224,561887,561887,7382909141788156224
4,2,aho_corasick,first,1,1,64,10418,150,100000000,100012800,813387,213558588,214390028,12991.250,12709.172,2.135312560,213571579.250,2.135442456,7382909141788156224,561887,561887,7382909141788156224
4,2,aho_corasick,first,2,1,64,10418,150,100000000,100012800,647878,208747487,209410253,10355.719,10123.094,2.087207707,208757842.719,2.087311251,7382909141788156224,561887,561887,7382909141788156224
4,2,aho_corasick,first,3,1,64,10418,150,100000000,100012800,654000,211579733,212248962,10456.703,10218.750,2.115526543,211590189.703,2.115631096,7382909141788156224,561887,561887,7382909141788156224
4,2,aho_corasick,first,4,1,64,10418,150,100000000,100012800,669650,214386940,215074383,10741.297,10463.281,2.143595020,214397681.297,2.143702419,7382909141788156224,561887,561887,7382909141788156224
4,2,hash,first,0,1,64,10418,150,100000000,100012800,25036,113864345,113893809,460.375,391.188,1.138497722,113864805.375,1.138502325,7382909141788156224,561887,561887,7382909141788156224
4,2,hash,first,1,1,64,10418,150,100000000,100012800,22582,113869517,113895535,406.531,352.844,1.138549436,113869923.531,1.138553500,7382909141788156224,561887,561887,7382909141788156224
4,2,hash,first,2,1,64,10418,150,100000000,100012800,12393,112483318,112499669,255.484,193.641,1.124689220,112483573.484,1.124691774,7382909141788156224,561887,561887,7382909141788156224
4,2,hash,first,3,1,64,10418,150,100000000,100012800,13805,111037736,111055117,271.578,215.703,1.110235250,111038007.578,1.110237965,7382909141788156224,561887,561887,7382909141788156224
4,2,hash,first,4,1,64,10418,150,100000000,100012800,12634,115094449,115110470,250.328,197.406,1.150797188,115094699.328,1.150799691,7382909141788156224,561887,561887,7382909141788156224
4,2,bndmq,first,0,1,64,10418,150,100000000,100012800,78316,100522932,100625774,1606.906,1223.688,1.005100667,100524538.906,1.005116734,7382909141788156224,561887,561887,7382909141788156224
4,2,bndmq,first,1,1,64,10418,150,100000000,100012800,50745,103591942,103670478,1227.125,792.891,1.035786839,103593169.125,1.035799109,7382909141788156224,561887,561887,7382909141788156224
4,2,bndmq,first,2,1,64,10418,150,100000000,100012800,51386,103691189,103765077,1154.500,802.906,1.036779182,103692343.500,1.036790726,7382909141788156224,561887,561887,7382909141788156224
4,2,bndmq,first,3,1,64,10418,150,100000000,100012800,49142,106112933,106187563,1166.094,767.844,1.060993523,106114099.094,1.061005182,7382909141788156224,561887,561887,7382909141788156224
4,2,bndmq,first,4,1,64,10418,150,100000000,100012800,49913,103520896,103595334,1163.094,779.891,1.035076470,103522059.094,1.035088100,7382909141788156224,561887,561887,7382909141788156224
4,4,hash,first,0,1,64,10418,150,100000000,100012800,30918,99323538,99360467,577.016,483.094,0.993108262,99324115.016,0.993114032,5419814996855450317,634058,634058,5419814996855450317
4,4,hash,first,1,1,64,10418,150,100000000,100012800,29636,101999707,102033310,525.047,463.062,1.019866527,102000232.047,1.019871777,5419814996855450317,634058,634058,5419814996855450317
4,4,hash,first,2,1,64,10418,150,100000000,100012800,15949,100530689,100550886,315.578,249.203,1.005178227,100531004.578,1.005181383,5419814996855450317,634058,634058,5419814996855450317
4,4,hash,first,3,1,64,10418,150,100000000,100012800,15679,102822084,102842622,320.906,244.984,1.028089245,102822404.906,1.028092453,5419814996855450317,634058,634058,5419814996855450317
4,4,hash,first,4,1,64,10418,150,100000000,100012800,19075,98338321,98362475,377.406,298.047,0.983257353,98338698.406,0.983261127,5419814996855450317,634058,634058,5419814996855450317
4,4,bndmq,first,0,1,64,10418,150,100000000,100012800,240118,137964827,138238768,4280.328,3751.844,1.379471698,137969107.328,1.379514495,5419814996855450317,634058,634058,5419814996855450317
4,4,bndmq,first,1,1,64,10418,150,100000000,100012800,119914,142391496,142539502,2312.594,1873.656,1.423732722,142393808.594,1.423755845,5419814996855450317,634058,634058,5419814996855450317
4,4,bndmq,first,2,1,64,10418,150,100000000,100012800,113622,139731893,139872737,2200.688,1775.344,1.397140096,139734093.688,1.397162100,5419814996855450317,634058,634058,5419814996855450317
4,4,bndmq,first,3,1,64,10418,150,100000000,100012800,113381,140391575,140533269,2213.969,1771.578,1.403736072,140393788.969,1.403758209,5419814996855450317,634058,634058,5419814996855450317
4,4,bndmq,first,4,1,64,10418,150,100000000,100012800,114263,140759301,140902347,2235.094,1785.359,1.407412861,140761536.094,1.407435209,5419814996855450317,634058,634058,5419814996855450317
4,4,aho_corasick,first,0,1,64,10418,150,100000000,100012800,938340,75578420,76546757,15130.266,14661.562,0.755687472,75593550.266,0.755838755,5419814996855450317,634058,634058,5419814996855450317
4,4,aho_corasick,first,1,1,64,10418,150,100000000,100012800,1038121,85352251,86415048,16606.203,16220.641,0.853413273,85368857.203,0.853579314,5419814996855450317,634058,634058,5419814996855450317
4,4,aho_corasick,first,2,1,64,10418,150,100000000,100012800,801786,82666623,83493556,12920.828,12527.906,0.826560430,82679543.828,0.826689622,5419814996855450317,634058,634058,5419814996855450317
4,4,aho_corasick,first,3,1,64,10418,150,100000000,100012800,804762,82214430,83048096,13026.031,12574.406,0.822039079,82227456.031,0.822169323,5419814996855450317,634058,634058,5419814996855450317
4,4,aho_corasick,first,4,1,64,10418,150,100000000,100012800,808398,78148732,78983690,13046.219,12631.219,0.781387302,78161778.219,0.781517748,5419814996855450317,634058,634058,5419814996855450317
4,8,bndmq,first,0,1,32,20834,150,100000000,100003200,135684,162959345,163131597,5382.875,4240.125,1.629541305,162964727.875,1.629595132,641994439437343755,663396,663396,641994439437343755
4,8,bndmq,first,1,1,32,20834,150,100000000,100003200,102371,161783745,161915190,4107.656,3199.094,1.617785681,161787852.656,1.617826756,641994439437343755,663396,663396,641994439437343755
4,8,bndmq,first,2,1,32,20834,150,100000000,100003200,106609,158838370,158974894,4266.375,3331.531,1.588332873,158842636.375,1.588375536,641994439437343755,663396,663396,641994439437343755
4,8,bndmq,first,3,1,32,20834,150,100000000,100003200,105076,161043594,161178305,4209.719,3283.625,1.610384408,161047803.719,1.610426504,641994439437343755,663396,663396,641994439437343755
4,8,bndmq,first,4,1,32,20834,150,100000000,100003200,409654,163319195,163758995,13743.750,12801.688,1.633139690,163332938.750,1.633277123,641994439437343755,663396,663396,641994439437343755
4,8,aho_corasick,first,0,1,32,20834,150,100000000,100003200,645445,53226411,53887134,20647.594,20170.156,0.532247078,53247058.594,0.532453547,641994439437343755,663396,663396,641994439437343755
4,8,aho_corasick,first,1,1,32,20834,150,100000000,100003200,735381,59871802,60637251,23920.281,22980.656,0.598698862,59895722.281,0.598938057,641994439437343755,663396,663396,641994439437343755
4,8,aho_corasick,first,2,1,32,20834,150,100000000,100003200,568340,59288777,59878617,18432.500,17760.625,0.592868798,59307209.500,0.593053117,641994439437343755,663396,663396,641994439437343755
4,8,aho_corasick,first,3,1,32,20834,150,100000000,100003200,584771,55371202,55973976,18836.688,18274.094,0.553694302,55390038.688,0.553882663,641994439437343755,663396,663396,641994439437343755
4,8,aho_corasick,first,4,1,32,20834,150,100000000,100003200,874261,58062118,58957348,27975.938,27320.656,0.580602601,58090093.938,0.580882351,641994439437343755,663396,663396,641994439437343755
4,8,hash,first,0,1,32,20834,150,100000000,100003200,20819,85255936,85281715,805.594,650.594,0.852532079,85256741.594,0.852540135,641994439437343755,663396,663396,641994439437343755
4,8,hash,first,1,1,32,20834,150,100000000,100003200,20699,86813318,86837232,747.312,646.844,0.868105401,86814065.312,0.868112874,641994439437343755,663396,663396,641994439437343755
4,8,hash,first,2,1,32,20834,150,100000000,100003200,13996,87814635,87832198,548.844,437.375,0.878118250,87815183.844,0.878123738,641994439437343755,663396,663396,641994439437343755
4,8,hash,first,3,1,32,20834,150,100000000,100003200,13926,85250035,85267148,534.781,435.188,0.852473071,85250569.781,0.852478419,641994439437343755,663396,663396,641994439437343755
4,8,hash,first,4,1,32,20834,150,100000000,100003200,19546,84644090,84666371,696.281,610.812,0.846413815,84644786.281,0.846420777,641994439437343755,663396,663396,641994439437343755
4,16,bndmq,first,0,1,16,41668,150,100000000,100003200,149489,176352394,176531969,11223.438,9343.062,1.763467509,176363617.438,1.763579740,16049494105963295624,666658,666658,16049494105963295624
4,16,bndmq,first,1,1,16,41668,150,100000000,100003200,112410,174751820,174888956,8571.000,7025.625,1.747462281,174760391.000,1.747547988,16049494105963295624,666658,666658,16049494105963295624
4,16,bndmq,first,2,1,16,41668,150,100000000,100003200,84869,167880652,167993143,7030.688,5304.312,1.678752800,167887682.688,1.678823105,16049494105963295624,666658,666658,16049494105963295624
4,16,bndmq,first,3,1,16,41668,150,100000000,100003200,84177,177994357,178107498,7071.312,5261.062,1.779886614,178001428.312,1.779957324,16049494105963295624,666658,666658,16049494105963295624
4,16,bndmq,first,4,1,16,41668,150,100000000,100003200,84177,171095138,171210784,7227.875,5261.062,1.710896631,171102365.875,1.710968908,16049494105963295624,666658,666658,16049494105963295624
4,16,hash,first,0,1,16,41668,150,100000000,100003200,18375,54068159,54090511,1397.000,1148.438,0.540664289,54069556.000,0.540678258,16049494105963295624,666658,666658,16049494105963295624
4,16,hash,first,1,1,16,41668,150,100000000,100003200,15138,52769153,52787858,1169.062,946.125,0.527674644,52770322.062,0.527686335,16049494105963295624,666658,666658,16049494105963295624
4,16,hash,first,2,1,16,41668,150,100000000,100003200,9458,52352472,52366058,849.125,591.125,0.523507968,52353321.125,0.523516459,16049494105963295624,666658,666658,16049494105963295624
4,16,hash,first,3,1,16,41668,150,100000000,100003200,21630,50908332,50933478,1571.625,1351.875,0.509067030,50909903.625,0.509082746,16049494105963295624,666658,666658,16049494105963295624
4,16,hash,first,4,1,16,41668,150,100000000,100003200,10048,51129516,51142852,833.500,628.000,0.511278799,51130349.500,0.511287134,16049494105963295624,666658,666658,16049494105963295624
4,16,aho_corasick,first,0,1,16,41668,150,100000000,100003200,406879,37174133,37594618,26280.312,25429.938,0.371729435,37200413.312,0.371992229,16049494105963295624,666658,666658,16049494105963295624
4,16,aho_corasick,first,1,1,16,41668,150,100000000,100003200,388105,39867826,40268404,25036.125,24256.562,0.398665503,39892862.125,0.398915856,16049494105963295624,666658,666658,16049494105963295624
4,16,aho_corasick,first,2,1,16,41668,150,100000000,100003200,377093,39814730,40203114,24274.000,23568.312,0.398134560,39839004.000,0.398377292,16049494105963295624,666658,666658,16049494105963295624
4,16,aho_corasick,first,3,1,16,41668,150,100000000,100003200,382775,37263938,37665478,25096.250,23923.438,0.372627456,37289034.250,0.372878410,16049494105963295624,666658,666658,16049494105963295624
4,16,aho_corasick,first,4,1,16,41668,150,100000000,100003200,547752,37188672,37752414,35233.875,34234.500,0.371874820,37223905.875,0.372227147,16049494105963295624,666658,666658,16049494105963295624
4,32,hash,first,0,1,8,83334,150,100000000,100000800,13816,41666700,41684323,2202.875,1727.000,0.416663667,41668902.875,0.416685695,8490852710480701767,666672,666672,8490852710480701767
4,32,hash,first,1,1,8,83334,150,100000000,100000800,13515,39151053,39167604,2068.875,1689.375,0.391507398,39153121.875,0.391528087,8490852710480701767,666672,666672,8490852710480701767
4,32,hash,first,2,1,8,83334,150,100000000,100000800,8005,39816251,39826931,1335.000,1000.625,0.398159325,39817586.000,0.398172675,8490852710480701767,666672,666672,8490852710480701767
4,32,hash,first,3,1,8,83334,150,100000000,100000800,8195,41556008,41567109,1387.625,1024.375,0.415556756,41557395.625,0.415570632,8490852710480701767,666672,666672,8490852710480701767
4,32,hash,first,4,1,8,83334,150,100000000,100000800,16480,41385957,41404852,2361.875,2060.000,0.413856259,41388318.875,0.413879878,8490852710480701767,666672,666672,8490852710480701767
4,32,aho_corasick,first,0,1,8,83334,150,100000000,100000800,301943,30490193,30801304,38888.875,37742.875,0.304899491,30529081.875,0.305288376,8490852710480701767,666672,666672,8490852710480701767
4,32,aho_corasick,first,1,1,8,83334,150,100000000,100000800,281736,30786466,31078611,36518.125,35217.000,0.307862197,30822984.125,0.308227375,8490852710480701767,666672,666672,8490852710480701767
4,32,aho_corasick,first,2,1,8,83334,150,100000000,100000800,287296,30597930,30893001,36883.875,35912.000,0.305976852,30634813.875,0.306345688,8490852710480701767,666672,666672,8490852710480701767
4,32,aho_corasick,first,3,1,8,83334,150,100000000,100000800,271145,29777243,30054490,34655.875,33893.125,0.297770048,29811898.875,0.298116604,8490852710480701767,666672,666672,8490852710480701767
4,32,aho_corasick,first,4,1,8,83334,150,100000000,100000800,268280,30554384,30830248,34483.000,33535.000,0.305541396,30588867.000,0.305886223,8490852710480701767,666672,666672,8490852710480701767
4,32,bndmq,first,0,1,8,83334,150,100000000,100000800,168484,177632332,177819511,23397.375,21060.500,1.776309110,177655729.375,1.776543081,8490852710480701767,666672,666672,8490852710480701767
4,32,bndmq,first,1,1,8,83334,150,100000000,100000800,66585,181961384,182050521,11142.125,8323.125,1.819599283,181972526.125,1.819710704,8490852710480701767,666672,666672,8490852710480701767
4,32,bndmq,first,2,1,8,83334,150,100000000,100000800,61134,177196120,177281319,10649.875,7641.750,1.771947024,177206769.875,1.772053522,8490852710480701767,666672,666672,8490852710480701767
4,32,bndmq,first,3,1,8,83334,150,100000000,100000800,62617,178982549,179071686,11142.125,7827.125,1.789811172,178993691.125,1.789922592,8490852710480701767,666672,666672,8490852710480701767
4,32,bndmq,first,4,1,8,83334,150,100000000,100000800,68588,171889914,171982868,11619.250,8573.500,1.718885389,171901533.250,1.719001580,8490852710480701767,666672,666672,8490852710480701767
4,64,hash,first,0,1,4,166668,150,100000000,100000800,12133,34648701,34663179,3619.500,3033.250,0.346484238,34652320.500,0.346520433,8140515830222999736,666672,666672,8140515830222999736
4,64,hash,first,1,1,4,166668,150,100000000,100000800,10610,32489395,32502710,3328.750,2652.500,0.324891351,32492723.750,0.324924638,8140515830222999736,666672,666672,8140515830222999736
4,64,hash,first,2,1,4,166668,150,100000000,100000800,5571,31363572,31374032,2615.000,1392.750,0.313633211,31366187.000,0.313659361,8140515830222999736,666672,666672,8140515830222999736
4,64,hash,first,3,1,4,166668,150,100000000,100000800,10479,33985140,33998033,3223.250,2619.750,0.339848681,33988363.250,0.339880913,8140515830222999736,666672,666672,8140515830222999736
4,64,hash,first,4,1,4,166668,150,100000000,100000800,5541,32876804,32884609,1951.250,1385.250,0.328765410,32878755.250,0.328784922,8140515830222999736,666672,666672,8140515830222999736
4,64,aho_corasick,first,0,1,4,166668,150,100000000,100000800,240379,24675395,24937234,65459.750,60094.750,0.246751976,24740854.750,0.247406568,8140515830222999736,666672,666672,8140515830222999736
4,64,aho_corasick,first,1,1,4,166668,150,100000000,100000800,270866,25056648,25335569,69730.250,67716.500,0.250564475,25126378.250,0.251261772,8140515830222999736,666672,666672,8140515830222999736
4,64,aho_corasick,first,2,1,4,166668,150,100000000,100000800,223658,24687997,24918938,57735.250,55914.500,0.246877995,24745732.250,0.247455343,8140515830222999736,666672,666672,8140515830222999736
4,64,aho_corasick,first,3,1,4,166668,150,100000000,100000800,220311,24524932,24752696,56941.000,55077.750,0.245247358,24581873.000,0.245816763,8140515830222999736,666672,666672,8140515830222999736
4,64,aho_corasick,first,4,1,4,166668,150,100000000,100000800,292256,24423986,24721752,74441.500,73064.000,0.244237906,24498427.500,0.244982315,8140515830222999736,666672,666672,8140515830222999736
4,64,bndmq,first,0,1,4,166668,150,100000000,100000800,122338,178466088,178641775,43921.750,30584.500,1.784646603,178510009.750,1.785085817,8140515830222999736,666672,666672,8140515830222999736
4,64,bndmq,first,1,1,4,166668,150,100000000,100000800,137957,176646313,176815448,42283.750,34489.250,1.766448998,176688596.750,1.766871833,8140515830222999736,666672,666672,8140515830222999736
4,64,bndmq,first,2,1,4,166668,150,100000000,100000800,98263,186811623,186948710,34271.750,24565.750,1.868101285,186845894.750,1.868444000,8140515830222999736,666672,666672,8140515830222999736
4,64,bndmq,first,3,1,4,166668,150,100000000,100000800,100909,179615010,179750313,33825.750,25227.250,1.796135731,179648835.750,1.796473986,8140515830222999736,666672,666672,8140515830222999736
4,64,bndmq,first,4,1,4,166668,150,100000000,100000800,106078,179052113,179189649,34384.000,26519.500,1.790506806,179086497.000,1.790850643,8140515830222999736,666672,666672,8140515830222999736
4,128,aho_corasick,first,0,1,2,333334,150,100000000,100000200,287958,22796169,23088124,145977.500,143979.000,0.227961234,22942146.500,0.229421006,9494516320557277198,666668,666668,9494516320557277198
4,128,aho_corasick,first,1,1,2,333334,150,100000000,100000200,172622,21860315,22038248,88966.500,86311.000,0.218602713,21949281.500,0.219492376,9494516320557277198,666668,666668,9494516320557277198
4,128,aho_corasick,first,2,1,2,333334,150,100000000,100000200,250568,24139439,24395978,128269.500,125284.000,0.241393907,24267708.500,0.242676600,9494516320557277198,666668,666668,9494516320557277198
4,128,aho_corasick,first,3,1,2,333334,150,100000000,100000200,179735,21117179,21304618,93719.500,89867.500,0.211171368,21210898.500,0.212108561,9494516320557277198,666668,666668,9494516320557277198
4,128,aho_corasick,first,4,1,2,333334,150,100000000,100000200,200855,22375444,22582741,103648.500,100427.500,0.223753992,22479092.500,0.224790475,9494516320557277198,666668,666668,9494516320557277198
4,128,bndmq,first,0,1,2,333334,150,100000000,100000200,132417,182152916,182323594,85339.000,66208.500,1.821525517,182238255.000,1.822378905,9494516320557277198,666668,666668,9494516320557277198
4,128,bndmq,first,1,1,2,333334,150,100000000,100000200,142045,180061642,180237560,87959.000,71022.500,1.800612819,180149601.000,1.801492407,9494516320557277198,666668,666668,9494516320557277198
4,128,bndmq,first,2,1,2,333334,150,100000000,100000200,109354,177167052,177308486,70717.000,54677.000,1.771666977,177237769.000,1.772374145,9494516320557277198,666668,666668,9494516320557277198
4,128,bndmq,first,3,1,2,333334,150,100000000,100000200,103433,175229860,175364722,67431.000,51716.500,1.752295095,175297291.000,1.752969404,9494516320557277198,666668,666668,9494516320557277198
4,128,bndmq,first,4,1,2,333334,150,100000000,100000200,102962,177148291,177280617,66163.000,51481.000,1.771479367,177214454.000,1.772140996,9494516320557277198,666668,666668,9494516320557277198
4,128,hash,first,0,1,2,333334,150,100000000,100000200,8365,17733860,17744660,5400.000,4182.500,0.177338245,17739260.000,0.177392245,9494516320557277198,666668,666668,9494516320557277198
4,128,hash,first,1,1,2,333334,150,100000000,100000200,10790,18187581,18200024,6221.500,5395.000,0.181875446,18193802.500,0.181937661,9494516320557277198,666668,666668,9494516320557277198
4,128,hash,first,2,1,2,333334,150,100000000,100000200,4448,18404366,18410637,3135.500,2224.000,0.184043292,18407501.500,0.184074647,9494516320557277198,666668,666668,9494516320557277198
4,128,hash,first,3,1,2,333334,150,100000000,100000200,4258,17312469,17318911,3221.000,2129.000,0.173124344,17315690.000,0.173156554,9494516320557277198,666668,666668,9494516320557277198
4,128,hash,first,4,1,2,333334,150,100000000,100000200,4268,17088421,17094231,2905.000,2134.000,0.170883868,17091326.000,0.170912918,9494516320557277198,666668,666668,9494516320557277198
4,256,bndmq,first,0,1,1,666668,150,100000000,100000200,122689,176774099,176938836,164737.000,122689.000,1.767737455,176938836.000,1.769384821,5016691434576999751,666668,666668,5016691434576999751
4,256,bndmq,first,1,1,1,666668,150,100000000,100000200,123350,174945726,175070588,124862.000,123350.000,1.749453761,175070588.000,1.750702379,5016691434576999751,666668,666668,5016691434576999751
4,256,bndmq,first,2,1,1,666668,150,100000000,100000200,31379,175924127,175957279,33152.000,31379.000,1.759237752,175957279.000,1.759569271,5016691434576999751,666668,666668,5016691434576999751
4,256,bndmq,first,3,1,1,666668,150,100000000,100000200,31409,173667815,173701258,33443.000,31409.000,1.736674677,173701258.000,1.737009106,5016691434576999751,666668,666668,5016691434576999751
4,256,bndmq,first,4,1,1,666668,150,100000000,100000200,32119,179301219,179334942,33723.000,32119.000,1.793008604,179334942.000,1.793345833,5016691434576999751,666668,666668,5016691434576999751
4,256,hash,first,0,1,1,666668,150,100000000,100000200,8486,9183182,9193361,10179.000,8486.000,0.091831636,9193361.000,0.091933426,5016691434576999751,666668,666668,5016691434576999751
4,256,hash,first,1,1,1,666668,150,100000000,100000200,12594,9716397,9730844,14447.000,12594.000,0.097163776,9730844.000,0.097308245,5016691434576999751,666668,666668,5016691434576999751
4,256,hash,first,2,1,1,666668,150,100000000,100000200,5210,9314237,9320939,6702.000,5210.000,0.093142184,9320939.000,0.093209204,5016691434576999751,666668,666668,5016691434576999751
4,256,hash,first,3,1,1,666668,150,100000000,100000200,5060,9337540,9344343,6803.000,5060.000,0.093375213,9344343.000,0.093443243,5016691434576999751,666668,666668,5016691434576999751
4,256,hash,first,4,1,1,666668,150,100000000,100000200,5450,10239313,10246356,7043.000,5450.000,0.102392925,10246356.000,0.102463355,5016691434576999751,666668,666668,5016691434576999751
4,256,aho_corasick,first,0,1,1,666668,150,100000000,100000200,167372,10547327,10719279,171952.000,167372.000,0.105473059,10719279.000,0.107192576,5016691434576999751,666668,666668,5016691434576999751
4,256,aho_corasick,first,1,1,1,666668,150,100000000,100000200,140853,10154645,10298694,144049.000,140853.000,0.101546247,10298694.000,0.102986734,5016691434576999751,666668,666668,5016691434576999751
4,256,aho_corasick,first,2,1,1,666668,150,100000000,100000200,133880,9979699,10116775,137076.000,133880.000,0.099796790,10116775.000,0.101167548,5016691434576999751,666668,666668,5016691434576999751
4,256,aho_corasick,first,3,1,1,666668,150,100000000,100000200,140302,9989116,10150046,160930.000,140302.000,0.099890960,10150046.000,0.101500257,5016691434576999751,666668,666668,5016691434576999751
4,256,aho_corasick,first,4,1,1,666668,150,100000000,100000200,130453,9987169,10122452,135283.000,130453.000,0.099871490,10122452.000,0.101224318,5016691434576999751,666668,666668,5016691434576999751
4,1,bndmq,all,0,1,64,10418,150,100000000,100012800,84037,122427368,122531643,1629.297,1313.078,1.224116993,122428997.297,1.224133284,16505644329808668365,478909,716601,16505644329808668365
4,1,bndmq,all,1,1,64,10418,150,100000000,100012800,22512,119071093,119120074,765.328,351.750,1.190558539,119071858.328,1.190566191,16505644329808668365,478909,716601,16505644329808668365
4,1,bndmq,all,2,1,64,10418,150,100000000,100012800,21811,122200548,122243318,668.281,340.797,1.221849083,122201216.281,1.221855765,16505644329808668365,478909,716601,16505644329808668365
4,1,bndmq,all,3,1,64,10418,150,100000000,100012800,26088,122555376,122599168,684.250,407.625,1.225396909,122556060.250,1.225403751,16505644329808668365,478909,716601,16505644329808668365
4,1,bndmq,all,4,1,64,10418,150,100000000,100012800,22622,122612146,122653865,651.859,353.469,1.225964537,122612797.859,1.225971054,16505644329808668365,478909,716601,16505644329808668365
4,1,aho_corasick,all,0,1,64,10418,150,100000000,100012800,578670,66641093,67239750,9354.016,9041.719,0.666325640,66650447.016,0.666419169,16505644329808668365,478909,716601,16505644329808668365
4,1,aho_corasick,all,1,1,64,10418,150,100000000,100012800,607764,67462062,68086276,9753.344,9496.312,0.674534280,67471815.344,0.674631801,16505644329808668365,478909,716601,16505644329808668365
4,1,aho_corasick,all,2,1,64,10418,150,100000000,100012800,567429,71073520,71657109,9118.578,8866.078,0.710644238,71082638.578,0.710735412,16505644329808668365,478909,716601,16505644329808668365
4,1,aho_corasick,all,3,1,64,10418,150,100000000,100012800,751162,69231071,70003142,12063.609,11736.906,0.692222106,69243134.609,0.692342726,16505644329808668365,478909,716601,16505644329808668365
4,1,aho_corasick,all,4,1,64,10418,150,100000000,100012800,563140,67206296,67790545,9128.891,8799.062,0.671976947,67215424.891,0.672068224,16505644329808668365,478909,716601,16505644329808668365
4,1,hash,all,0,1,64,10418,150,100000000,100012800,15399,225037152,225056598,303.844,240.609,2.250083509,225037455.844,2.250086547,16505644329808668365,478909,716601,16505644329808668365
4,1,hash,all,1,1,64,10418,150,100000000,100012800,13886,226977376,226994949,274.578,216.969,2.269483266,226977650.578,2.269486012,16505644329808668365,478909,716601,16505644329808668365
4,1,hash,all,2,1,64,10418,150,100000000,100012800,8275,220274392,220286334,186.594,129.297,2.202462005,220274578.594,2.202463871,16505644329808668365,478909,716601,16505644329808668365
4,1,hash,all,3,1,64,10418,150,100000000,100012800,8055,224359788,224371571,184.109,125.859,2.243310736,224359972.109,2.243312577,16505644329808668365,478909,716601,16505644329808668365
4,1,hash,all,4,1,64,10418,150,100000000,100012800,8496,224222217,224235602,209.141,132.750,2.241935202,224222426.141,2.241937293,16505644329808668365,478909,716601,16505644329808668365
4,2,bndmq,all,0,1,64,10418,150,100000000,100012800,220381,239102328,239352645,3911.203,3443.453,2.390717268,239106239.203,2.390756375,7563122614549776923,561887,1094967,7563122614549776923
4,2,bndmq,all,1,1,64,10418,150,100000000,100012800,51607,239242116,239315654,1149.031,806.359,2.392114969,239243265.031,2.392126458,7563122614549776923,561887,1094967,7563122614549776923
4,2,bndmq,all,2,1,64,10418,150,100000000,100012800,48761,232836949,232909384,1131.797,761.891,2.328071497,232838080.797,2.328082813,7563122614549776923,561887,1094967,7563122614549776923
4,2,bndmq,all,3,1,64,10418,150,100000000,100012800,49643,246945821,247020781,1171.250,775.672,2.469142160,246946992.250,2.469153871,7563122614549776923,561887,1094967,7563122614549776923
4,2,bndmq,all,4,1,64,10418,150,100000000,100012800,52168,247564645,247642230,1212.266,815.125,2.475329608,247565857.266,2.475341729,7563122614549776923,561887,1094967,7563122614549776923
4,2,aho_corasick,all,0,1,64,10418,150,100000000,100012800,789493,492762606,493570543,12624.016,12335.828,4.926995405,492775230.016,4.927121629,7563122614549776923,561887,1094967,7563122614549776923
4,2,aho_corasick,all,1,1,64,10418,150,100000000,100012800,819329,504016685,504854909,13097.250,12802.016,5.039521791,504029782.250,5.039652747,7563122614549776923,561887,1094967,7563122614549776923
4,2,aho_corasick,all,2,1,64,10418,150,100000000,100012800,644763,497193256,497855702,10350.719,10074.422,4.971296234,497203606.719,4.971399728,7563122614549776923,561887,1094967,7563122614549776923
4,2,aho_corasick,all,3,1,64,10418,150,100000000,100012800,1560471,506075432,507654117,24666.953,24382.359,5.060106626,506100098.953,5.060353264,7563122614549776923,561887,1094967,7563122614549776923
4,2,aho_corasick,all,4,1,64,10418,150,100000000,100012800,692361,501392887,502102781,11092.094,10818.141,5.013287169,501403979.094,5.013398076,7563122614549776923,561887,1094967,7563122614549776923
4,2,hash,all,0,1,64,10418,150,100000000,100012800,28774,263796987,263829568,509.078,449.594,2.637632253,263797496.078,2.637637343,7563122614549776923,561887,1094967,7563122614549776923
4,2,hash,all,1,1,64,10418,150,100000000,100012800,63308,250221542,250288447,1045.391,989.188,2.501895177,250222587.391,2.501905630,7563122614549776923,561887,1094967,7563122614549776923
4,2,hash,all,2,1,64,10418,150,100000000,100012800,13515,247828220,247847285,297.891,211.172,2.477965020,247828517.891,2.477967999,7563122614549776923,561887,1094967,7563122614549776923
4,2,hash,all,3,1,64,10418,150,100000000,100012800,16430,257278426,257298324,310.906,256.719,2.572454986,257278736.906,2.572458094,7563122614549776923,561887,1094967,7563122614549776923
4,2,hash,all,4,1,64,10418,150,100000000,100012800,12653,257713690,257730281,259.234,197.703,2.576807069,257713949.234,2.576809661,7563122614549776923,561887,1094967,7563122614549776923
4,4,aho_corasick,all,0,1,64,10418,150,100000000,100012800,919336,226009103,226966620,14961.203,14364.625,2.259801775,226024064.203,2.259951368,10183006266764344961,634058,1857232,10183006266764344961
4,4,aho_corasick,all,1,1,64,10418,150,100000000,100012800,810793,220431537,221270893,13114.938,12668.641,2.204033254,220444651.938,2.204164386,10183006266764344961,634058,1857232,10183006266764344961
4,4,aho_corasick,all,2,1,64,10418,150,100000000,100012800,814309,220929442,221773406,13186.938,12723.578,2.209011667,220942628.938,2.209143519,10183006266764344961,634058,1857232,10183006266764344961
4,4,aho_corasick,all,3,1,64,10418,150,100000000,100012800,862539,217979271,218872507,13956.812,13477.172,2.179513732,217993227.812,2.179653283,10183006266764344961,634058,1857232,10183006266764344961
4,4,aho_corasick,all,4,1,64,10418,150,100000000,100012800,1298816,220427488,221754867,20740.297,20294.000,2.203992769,220448228.297,2.204200145,10183006266764344961,634058,1857232,10183006266764344961
4,4,hash,all,0,1,64,10418,150,100000000,100012800,26379,302122398,302152464,469.781,412.172,3.020837313,302122867.781,3.020842010,10183006266764344961,634058,1857232,10183006266764344961
4,4,hash,all,1,1,64,10418,150,100000000,100012800,24145,303473096,303500998,435.969,377.266,3.034342564,303473531.969,3.034346923,10183006266764344961,634058,1857232,10183006266764344961
4,4,hash,all,2,1,64,10418,150,100000000,100012800,16241,301532050,301553301,332.047,253.766,3.014934588,301532382.047,3.014937908,10183006266764344961,634058,1857232,10183006266764344961
4,4,hash,all,3,1,64,10418,150,100000000,100012800,16270,302309678,302329955,316.828,254.219,3.022709873,302309994.828,3.022713041,10183006266764344961,634058,1857232,10183006266764344961
4,4,hash,all,4,1,64,10418,150,100000000,100012800,16942,307535848,307557409,336.891,264.719,3.074964884,307536184.891,3.074968253,10183006266764344961,634058,1857232,10183006266764344961
4,4,bndmq,all,0,1,64,10418,150,100000000,100012800,194843,449249120,449473399,3504.359,3044.422,4.491916235,449252624.359,4.491951274,10183006266764344961,634058,1857232,10183006266764344961
4,4,bndmq,all,1,1,64,10418,150,100000000,100012800,132497,449529277,449689315,2500.594,2070.266,4.494717446,449531777.594,4.494742449,10183006266764344961,634058,1857232,10183006266764344961
4,4,bndmq,all,2,1,64,10418,150,100000000,100012800,117059,446633095,446775040,2217.891,1829.047,4.465759333,446635312.891,4.465781509,10183006266764344961,634058,1857232,10183006266764344961
4,4,bndmq,all,3,1,64,10418,150,100000000,100012800,113161,464841953,464988255,2285.969,1768.141,4.647824608,464844238.969,4.647847465,10183006266764344961,634058,1857232,10183006266764344961
4,4,bndmq,all,4,1,64,10418,150,100000000,100012800,140242,466994740,467165710,2671.406,2191.281,4.669349723,466997411.406,4.669376434,10183006266764344961,634058,1857232,10183006266764344961
4,8,hash,all,0,1,32,20834,150,100000000,100003200,28202,424918825,424952907,1065.062,881.312,4.249052280,424919890.062,4.249062931,15547392763339838270,663396,3390146,15547392763339838270
4,8,hash,all,1,1,32,20834,150,100000000,100003200,20749,432867939,432893807,808.375,648.406,4.328540877,432868747.375,4.328548960,15547392763339838270,663396,3390146,15547392763339838270
4,8,hash,all,2,1,32,20834,150,100000000,100003200,13455,425461927,425480822,590.469,420.469,4.254483127,425462517.469,4.254489031,15547392763339838270,663396,3390146,15547392763339838270
4,8,hash,all,3,1,32,20834,150,100000000,100003200,13264,413236574,413254347,555.406,414.500,4.132233509,413237129.406,4.132239062,15547392763339838270,663396,3390146,15547392763339838270
4,8,hash,all,4,1,32,20834,150,100000000,100003200,12313,410196919,410213700,524.406,384.781,4.101837931,410197443.406,4.101843175,15547392763339838270,663396,3390146,15547392763339838270
4,8,aho_corasick,all,0,1,32,20834,150,100000000,100003200,622912,239378552,240020539,20062.094,19466.000,2.393708921,239398614.094,2.393909536,15547392763339838270,663396,3390146,15547392763339838270
4,8,aho_corasick,all,1,1,32,20834,150,100000000,100003200,697280,235202455,235935623,22911.500,21790.000,2.351949288,235225366.500,2.352178395,15547392763339838270,663396,3390146,15547392763339838270
4,8,aho_corasick,all,2,1,32,20834,150,100000000,100003200,554935,242179471,242756066,18018.594,17341.719,2.421717215,242197489.594,2.421897395,15547392763339838270,663396,3390146,15547392763339838270
4,8,aho_corasick,all,3,1,32,20834,150,100000000,100003200,535348,239975986,240536572,17518.312,16729.625,2.399683070,239993504.312,2.399858248,15547392763339838270,663396,3390146,15547392763339838270
4,8,aho_corasick,all,4,1,32,20834,150,100000000,100003200,520762,237463270,238009139,17058.406,16273.812,2.374556714,237480328.406,2.374727293,15547392763339838270,663396,3390146,15547392763339838270
4,8,bndmq,all,0,1,32,20834,150,100000000,100003200,280192,921866913,922176821,9684.625,8756.000,9.218374142,921876597.625,9.218470985,15547392763339838270,663396,3390146,15547392763339838270
4,8,bndmq,all,1,1,32,20834,150,100000000,100003200,110275,903874918,904012284,4292.688,3446.094,9.038459949,903879210.688,9.038502875,15547392763339838270,663396,3390146,15547392763339838270
4,8,bndmq,all,2,1,32,20834,150,100000000,100003200,109945,894613421,894751629,4319.000,3435.781,8.945847943,894617740.000,8.945891131,15547392763339838270,663396,3390146,15547392763339838270
4,8,bndmq,all,3,1,32,20834,150,100000000,100003200,100858,894474560,894606385,4119.531,3151.812,8.944459377,894478679.531,8.944500571,15547392763339838270,663396,3390146,15547392763339838270
4,8,bndmq,all,4,1,32,20834,150,100000000,100003200,104104,906518479,906646708,4007.156,3253.250,9.064894713,906522486.156,9.064934784,15547392763339838270,663396,3390146,15547392763339838270
4,16,aho_corasick,all,0,1,16,41668,150,100000000,100003200,409264,267215586,267643425,26739.938,25579.000,2.672070354,267242325.938,2.672337745,1099986729321571842,666658,6441606,1099986729321571842
4,16,aho_corasick,all,1,1,16,41668,150,100000000,100003200,468694,266042256,266526970,30294.625,29293.375,2.660337429,266072550.625,2.660640366,1099986729321571842,666658,6441606,1099986729321571842
4,16,aho_corasick,all,2,1,16,41668,150,100000000,100003200,493050,265353500,265860606,31694.125,30815.625,2.653450090,265385194.125,2.653767021,1099986729321571842,666658,6441606,1099986729321571842
4,16,aho_corasick,all,3,1,16,41668,150,100000000,100003200,481028,264005686,264504246,31160.000,30064.250,2.639972381,264036846.000,2.640283971,1099986729321571842,666658,6441606,1099986729321571842
4,16,aho_corasick,all,4,1,16,41668,150,100000000,100003200,382493,267068153,267469531,25086.125,23905.812,2.670596071,267093239.125,2.670846924,1099986729321571842,666658,6441606,1099986729321571842
4,16,bndmq,all,0,1,16,41668,150,100000000,100003200,129692,1803229100,1803388267,9947.938,8105.750,18.031713985,1803239047.938,18.031813461,1099986729321571842,666658,6441606,1099986729321571842
4,16,bndmq,all,1,1,16,41668,150,100000000,100003200,99826,1790098197,1790223051,7803.375,6239.125,17.900409157,1790106000.375,17.900487188,1099986729321571842,666658,6441606,1099986729321571842
4,16,bndmq,all,2,1,16,41668,150,100000000,100003200,85950,1799896683,1800008371,6980.500,5371.875,17.998390881,1799903663.500,17.998460684,1099986729321571842,666658,6441606,1099986729321571842
4,16,bndmq,all,3,1,16,41668,150,100000000,100003200,97411,1790884108,1791004963,7553.438,6088.188,17.908268015,1790891661.438,17.908343547,1099986729321571842,666658,6441606,1099986729321571842
4,16,bndmq,all,4,1,16,41668,150,100000000,100003200,90980,1782101050,1782218650,7350.000,5686.250,17.820440246,1782108400.000,17.820513744,1099986729321571842,666658,6441606,1099986729321571842
4,16,hash,all,0,1,16,41668,150,100000000,100003200,16470,464340217,464361106,1305.562,1029.375,4.643253586,464341522.562,4.643266641,1099986729321571842,666658,6441606,1099986729321571842
4,16,hash,all,1,1,16,41668,150,100000000,100003200,17572,471765285,471787576,1393.188,1098.250,4.717501890,471766678.188,4.717515821,1099986729321571842,666658,6441606,1099986729321571842
4,16,hash,all,2,1,16,41668,150,100000000,100003200,10430,486328049,486343138,943.062,651.875,4.863124870,486328992.062,4.863134300,1099986729321571842,666658,6441606,1099986729321571842
4,16,hash,all,3,1,16,41668,150,100000000,100003200,19066,464546495,464569008,1407.062,1191.625,4.645316300,464547902.062,4.645330370,1099986729321571842,666658,6441606,1099986729321571842
4,16,hash,all,4,1,16,41668,150,100000000,100003200,9918,463165935,463180020,880.312,619.875,4.631511142,463166815.312,4.631519944,1099986729321571842,666658,6441606,1099986729321571842
4,32,hash,all,0,1,8,83334,150,100000000,100000800,14387,663997846,664015620,2221.750,1798.375,6.639925341,664000067.750,6.639947558,3427508624403556508,666672,12553110,3427508624403556508
4,32,hash,all,1,1,8,83334,150,100000000,100000800,13265,667372468,667389680,2151.500,1658.125,6.673671291,667374619.500,6.673692805,3427508624403556508,666672,12553110,3427508624403556508
4,32,hash,all,2,1,8,83334,150,100000000,100000800,8857,651252053,651263926,1484.125,1107.125,6.512468430,651253537.125,6.512483271,3427508624403556508,666672,12553110,3427508624403556508
4,32,hash,all,3,1,8,83334,150,100000000,100000800,8105,658045400,658056340,1367.500,1013.125,6.580401357,658046767.500,6.580415032,3427508624403556508,666672,12553110,3427508624403556508
4,32,hash,all,4,1,8,83334,150,100000000,100000800,15559,655834887,655853872,2373.125,1944.875,6.558296404,655837260.125,6.558320135,3427508624403556508,666672,12553110,3427508624403556508
4,32,aho_corasick,all,0,1,8,83334,150,100000000,100000800,301442,331577478,331888348,38858.750,37680.250,3.315748254,331616336.750,3.316136838,3427508624403556508,666672,12553110,3427508624403556508
4,32,aho_corasick,all,1,1,8,83334,150,100000000,100000800,349843,337816023,338177869,45230.750,43730.375,3.378133205,337861253.750,3.378585509,3427508624403556508,666672,12553110,3427508624403556508
4,32,aho_corasick,all,2,1,8,83334,150,100000000,100000800,292326,341146381,341450800,38052.375,36540.750,3.411436519,341184433.375,3.411817039,3427508624403556508,666672,12553110,3427508624403556508
4,32,aho_corasick,all,3,1,8,83334,150,100000000,100000800,275394,333416770,333703094,35790.500,34424.250,3.334141027,333452560.500,3.334498929,3427508624403556508,666672,12553110,3427508624403556508
4,32,aho_corasick,all,4,1,8,83334,150,100000000,100000800,280193,333783596,334075180,36448.000,35024.125,3.337809258,333820044.000,3.338173735,3427508624403556508,666672,12553110,3427508624403556508
4,64,aho_corasick,all,0,1,4,166668,150,100000000,100000800,290672,483599701,483911504,77950.750,72668.000,4.835958322,483677651.750,4.836737824,16462846678869414219,666672,24756473,16462846678869414219
4,64,aho_corasick,all,1,1,4,166668,150,100000000,100000800,277598,488336600,488624687,72021.750,69399.500,4.883326933,488408621.750,4.884047145,16462846678869414219,666672,24756473,16462846678869414219
4,64,aho_corasick,all,2,1,4,166668,150,100000000,100000800,221333,495032663,495263524,57715.250,55333.250,4.950287028,495090378.250,4.950864176,16462846678869414219,666672,24756473,16462846678869414219
4,64,aho_corasick,all,3,1,4,166668,150,100000000,100000800,224519,486046044,486280691,58661.750,56129.750,4.860421557,486104705.750,4.861008169,16462846678869414219,666672,24756473,16462846678869414219
4,64,aho_corasick,all,4,1,4,166668,150,100000000,100000800,213559,488069561,488293028,55866.750,53389.750,4.880656565,488125427.750,4.881215228,16462846678869414219,666672,24756473,16462846678869414219
4,64,hash,all,0,1,4,166668,150,100000000,100000800,11451,1045246441,1045261299,3714.500,2862.750,10.452380791,1045250155.500,10.452417936,16462846678869414219,666672,24756473,16462846678869414219
4,64,hash,all,1,1,4,166668,150,100000000,100000800,11933,1041246770,1041261669,3724.750,2983.250,10.412384401,1041250494.750,10.412421648,16462846678869414219,666672,24756473,16462846678869414219
4,64,hash,all,2,1,4,166668,150,100000000,100000800,5500,1033718292,1033726867,2143.750,1375.000,10.337100223,1033720435.750,10.337121661,16462846678869414219,666672,24756473,16462846678869414219
4,64,hash,all,3,1,4,166668,150,100000000,100000800,6552,1038762736,1038771893,2289.250,1638.000,10.387544260,1038765025.250,10.387567152,16462846678869414219,666672,24756473,16462846678869414219
4,64,hash,all,4,1,4,166668,150,100000000,100000800,5470,1039878738,1039886933,2048.750,1367.500,10.398704190,1039880786.750,10.398724678,16462846678869414219,666672,24756473,16462846678869414219
4,128,aho_corasick,all,0,1,2,333334,150,100000000,100000200,181850,780566797,780753836,93519.500,90925.000,7.805652359,780660316.500,7.806587552,14783339594799054572,666668,49159485,14783339594799054572
4,128,aho_corasick,all,1,1,2,333334,150,100000000,100000200,215372,784449788,784669408,109810.000,107686.000,7.844482191,784559598.000,7.845580289,14783339594799054572,666668,49159485,14783339594799054572
4,128,aho_corasick,all,2,1,2,333334,150,100000000,100000200,175397,777644300,777826519,91109.500,87698.500,7.776427447,777735409.500,7.777338540,14783339594799054572,666668,49159485,14783339594799054572
4,128,aho_corasick,all,3,1,2,333334,150,100000000,100000200,213849,766459553,766679343,109895.000,106924.500,7.664580201,766569448.000,7.665679149,14783339594799054572,666668,49159485,14783339594799054572
4,128,aho_corasick,all,4,1,2,333334,150,100000000,100000200,158506,769972745,770137382,82318.500,79253.000,7.699712051,770055063.500,7.700535234,14783339594799054572,666668,49159485,14783339594799054572
4,128,hash,all,0,1,2,333334,150,100000000,100000200,10399,1058876039,1058888702,6331.500,5199.500,10.588739213,1058882370.500,10.588802527,14783339594799054572,666668,49159485,14783339594799054572
4,128,hash,all,1,1,2,333334,150,100000000,100000200,12904,1055384855,1055400283,7714.000,6452.000,10.553827442,1055392569.000,10.553904582,14783339594799054572,666668,49159485,14783339594799054572
4,128,hash,all,2,1,2,333334,150,100000000,100000200,5149,1039077007,1039084951,3972.000,2574.500,10.390749289,1039080979.000,10.390789008,14783339594799054572,666668,49159485,14783339594799054572
4,128,hash,all,3,1,2,333334,150,100000000,100000200,5670,1040929479,1040937474,3997.500,2835.000,10.409273971,1040933476.500,10.409313946,14783339594799054572,666668,49159485,14783339594799054572
4,128,hash,all,4,1,2,333334,150,100000000,100000200,5350,1036518465,1036526680,4107.500,2675.000,10.365163920,1036522572.500,10.365204995,14783339594799054572,666668,49159485,14783339594799054572
4,256,hash,all,0,1,1,666668,150,100000000,100000200,11602,728221641,728234826,13185.000,11602.000,7.282201846,728234826.000,7.282333695,14555697389309374597,666668,98000196,14555697389309374597
4,256,hash,all,1,1,1,666668,150,100000000,100000200,12282,746568273,746582360,14087.000,12282.000,7.465667799,746582360.000,7.465808668,14555697389309374597,666668,98000196,14555697389309374597
4,256,hash,all,2,1,1,666668,150,100000000,100000200,5070,783052876,783059499,6623.000,5070.000,7.830513099,783059499.000,7.830579329,14555697389309374597,666668,98000196,14555697389309374597
4,256,hash,all,3,1,1,666668,150,100000000,100000200,5070,755126756,755133469,6713.000,5070.000,7.551252457,755133469.000,7.551319587,14555697389309374597,666668,98000196,14555697389309374597
4,256,hash,all,4,1,1,666668,150,100000000,100000200,5491,746911600,746918554,6954.000,5491.000,7.469101062,746918554.000,7.469170602,14555697389309374597,666668,98000196,14555697389309374597
4,256,aho_corasick,all,0,1,1,666668,150,100000000,100000200,218377,714333837,714559829,225992.000,218377.000,7.143324083,714559829.000,7.145583999,14555697389309374597,666668,98000196,14555697389309374597
4,256,aho_corasick,all,1,1,1,666668,150,100000000,100000200,139680,714510566,714653502,142936.000,139680.000,7.145091370,714653502.000,7.146520727,14555697389309374597,666668,98000196,14555697389309374597
4,256,aho_corasick,all,2,1,1,666668,150,100000000,100000200,135833,706228734,706367723,138989.000,135833.000,7.062273215,706367723.000,7.063663103,14555697389309374597,666668,98000196,14555697389309374597
4,256,aho_corasick,all,3,1,1,666668,150,100000000,100000200,139420,717416278,717576537,160259.000,139420.000,7.174148432,717576537.000,7.175751018,14555697389309374597,666668,98000196,14555697389309374597
4,256,aho_corasick,all,4,1,1,666668,150,100000000,100000200,132397,741519404,741656780,137376.000,132397.000,7.415179210,741656780.000,7.416552967,14555697389309374597,666668,98000196,14555697389309374597
6,1,bndmq,first,0,1,64,10418,150,100000000,100012800,51255,62658878,62730902,1125.375,800.859,0.626508587,62660003.375,0.626519839,7409259214812514196,344926,344926,7409259214812514196
6,1,bndmq,first,1,1,64,10418,150,100000000,100012800,24686,63954232,64014234,937.531,385.719,0.639460469,63955169.531,0.639469843,7409259214812514196,344926,344926,7409259214812514196
6,1,bndmq,first,2,1,64,10418,150,100000000,100012800,41047,68163289,68256183,1451.469,641.359,0.681545652,68164740.469,0.681560165,7409259214812514196,344926,344926,7409259214812514196
6,1,bndmq,first,3,1,64,10418,150,100000000,100012800,115726,64229037,64365572,2133.359,1808.219,0.642208167,64231170.359,0.642229498,7409259214812514196,344926,344926,7409259214812514196
6,1,bndmq,first,4,1,64,10418,150,100000000,100012800,21149,64265024,64308084,672.812,330.453,0.642567991,64265696.812,0.642574719,7409259214812514196,344926,344926,7409259214812514196
6,1,hash,first,0,1,64,10418,150,100000000,100012800,16641,136106822,136127731,326.703,260.016,1.360894026,136107148.703,1.360897292,7409259214812514196,344926,344926,7409259214812514196
6,1,hash,first,1,1,64,10418,150,100000000,100012800,16641,134302971,134323249,316.844,260.016,1.342857824,134303287.844,1.342860992,7409259214812514196,344926,344926,7409259214812514196
6,1,hash,first,2,1,64,10418,150,100000000,100012800,9057,134424687,134437932,206.953,141.516,1.344074828,134424893.953,1.344076898,7409259214812514196,344926,344926,7409259214812514196
6,1,hash,first,3,1,64,10418,150,100000000,100012800,8786,137700714,137713379,197.891,137.281,1.376830906,137700911.891,1.376832884,7409259214812514196,344926,344926,7409259214812514196
6,1,hash,first,4,1,64,10418,150,100000000,100012800,10109,137420737,137435965,237.938,157.953,1.374031494,137420974.938,1.374033873,7409259214812514196,344926,344926,7409259214812514196
6,1,aho_corasick,first,0,1,64,10418,150,100000000,100012800,646165,32024021,32694150,10470.766,10096.328,0.320199224,32034491.766,0.320303919,7409259214812514196,344926,344926,7409259214812514196
6,1,aho_corasick,first,1,1,64,10418,150,100000000,100012800,718710,32789987,33528045,11532.156,11229.844,0.327857904,32801519.156,0.327973211,7409259214812514196,344926,344926,7409259214812514196
6,1,aho_corasick,first,2,1,64,10418,150,100000000,100012800,590352,31978866,32589546,9541.875,9224.250,0.319747732,31988407.875,0.319843139,7409259214812514196,344926,344926,7409259214812514196
6,1,aho_corasick,first,3,1,64,10418,150,100000000,100012800,601823,32626034,33250690,9760.250,9403.484,0.326218584,32635794.250,0.326316174,7409259214812514196,344926,344926,7409259214812514196
6,1,aho_corasick,first,4,1,64,10418,150,100000000,100012800,684738,33239506,33937469,10905.672,10699.031,0.332352519,33250411.672,0.332461562,7409259214812514196,344926,344926,7409259214812514196
6,2,bndmq,first,0,1,64,10418,150,100000000,100012800,74469,114780771,114882561,1590.469,1163.578,1.147660809,114782361.469,1.147676712,3421603195110600475,356013,356013,3421603195110600475
6,2,bndmq,first,1,1,64,10418,150,100000000,100012800,60643,117676817,117762397,1337.188,947.547,1.176617563,117678154.188,1.176630933,3421603195110600475,356013,356013,3421603195110600475
6,2,bndmq,first,2,1,64,10418,150,100000000,100012800,53389,121032901,121113351,1257.031,834.203,1.210174108,121034158.031,1.210186676,3421603195110600475,356013,356013,3421603195110600475
6,2,bndmq,first,3,1,64,10418,150,100000000,100012800,54772,121030440,121111721,1270.016,855.812,1.210149501,121031710.016,1.210162199,3421603195110600475,356013,356013,3421603195110600475
6,2,bndmq,first,4,1,64,10418,150,100000000,100012800,52188,122111884,122189179,1207.734,815.438,1.220962557,122113091.734,1.220974633,3421603195110600475,356013,356013,3421603195110600475
6,2,hash,first,0,1,64,10418,150,100000000,100012800,20478,145989350,146014376,391.031,319.969,1.459706658,145989741.031,1.459710567,3421603195110600475,356013,356013,3421603195110600475
6,2,hash,first,1,1,64,10418,150,100000000,100012800,23815,144874631,144902624,437.391,372.109,1.448560894,144875068.391,1.448565268,3421603195110600475,356013,356013,3421603195110600475
6,2,hash,first,2,1,64,10418,150,100000000,100012800,15128,139900032,139920099,313.547,236.375,1.398821271,139900345.547,1.398824406,3421603195110600475,356013,356013,3421603195110600475
6,2,hash,first,3,1,64,10418,150,100000000,100012800,14016,154737323,154755667,286.625,219.000,1.547175192,154737609.625,1.547178057,3421603195110600475,356013,356013,3421603195110600475
6,2,hash,first,4,1,64,10418,150,100000000,100012800,14757,151799773,151818908,298.984,230.578,1.517803451,151800071.984,1.517806441,3421603195110600475,356013,356013,3421603195110600475
6,2,aho_corasick,first,0,1,64,10418,150,100000000,100012800,987993,380885101,381892700,15743.734,15437.391,3.808363539,380900844.734,3.808520957,3421603195110600475,356013,356013,3421603195110600475
6,2,aho_corasick,first,1,1,64,10418,150,100000000,100012800,878378,384630947,385529443,14039.000,13724.656,3.845817205,384644986.000,3.845957577,3421603195110600475,356013,356013,3421603195110600475
6,2,aho_corasick,first,2,1,64,10418,150,100000000,100012800,1373803,385089025,386483406,21787.203,21465.672,3.850397399,385110812.203,3.850615243,3421603195110600475,356013,356013,3421603195110600475
6,2,aho_corasick,first,3,1,64,10418,150,100000000,100012800,718611,375791575,376542716,11736.578,11228.297,3.757434798,375803311.578,3.757552149,3421603195110600475,356013,356013,3421603195110600475
6,2,aho_corasick,first,4,1,64,10418,150,100000000,100012800,702791,361355775,362086277,11414.094,10981.109,3.613095274,361367189.094,3.613209400,3421603195110600475,356013,356013,3421603195110600475
6,4,aho_corasick,first,0,1,64,10418,150,100000000,100012800,1313190,149461039,150799907,20919.812,20518.594,1.494419104,149481958.812,1.494628276,11910579036848295483,377434,377434,11910579036848295483
6,4,aho_corasick,first,1,1,64,10418,150,100000000,100012800,968877,144356426,145353546,15580.000,15138.703,1.443379507,144372006.000,1.443535287,11910579036848295483,377434,377434,11910579036848295483
6,4,aho_corasick,first,2,1,64,10418,150,100000000,100012800,936217,143605855,144565396,14992.828,14628.391,1.435874758,143620847.828,1.436024667,11910579036848295483,377434,377434,11910579036848295483
6,4,aho_corasick,first,3,1,64,10418,150,100000000,100012800,956945,141856509,142841696,15393.547,14952.266,1.418383537,141871902.547,1.418537453,11910579036848295483,377434,377434,11910579036848295483
6,4,aho_corasick,first,4,1,64,10418,150,100000000,100012800,926058,144116396,145071037,14916.266,14469.656,1.440979515,144131312.266,1.441128658,11910579036848295483,377434,377434,11910579036848295483
6,4,hash,first,0,1,64,10418,150,100000000,100012800,27601,154907741,154939822,501.266,431.266,1.548879153,154908242.266,1.548884165,11910579036848295483,377434,377434,11910579036848295483
6,4,hash,first,1,1,64,10418,150,100000000,100012800,26750,153306385,153337543,486.844,417.969,1.532867643,153306871.844,1.532872511,11910579036848295483,377434,377434,11910579036848295483
6,4,hash,first,2,1,64,10418,150,100000000,100012800,18224,150794802,150817915,361.141,284.750,1.507755027,150795163.141,1.507758638,11910579036848295483,377434,377434,11910579036848295483
6,4,hash,first,3,1,64,10418,150,100000000,100012800,17913,157799979,157822200,347.203,279.891,1.577797832,157800326.203,1.577801303,11910579036848295483,377434,377434,11910579036848295483
6,4,hash,first,4,1,64,10418,150,100000000,100012800,17933,153988707,154013053,380.406,280.203,1.539689990,153989087.406,1.539693793,11910579036848295483,377434,377434,11910579036848295483
6,4,bndmq,first,0,1,64,10418,150,100000000,100012800,170247,229012338,229221458,3267.500,2660.109,2.289830282,229015605.500,2.289862953,11910579036848295483,377434,377434,11910579036848295483
6,4,bndmq,first,1,1,64,10418,150,100000000,100012800,137266,230877169,231048218,2672.641,2144.781,2.308476205,230879841.641,2.308502928,11910579036848295483,377434,377434,11910579036848295483
6,4,bndmq,first,2,1,64,10418,150,100000000,100012800,114994,235639704,235790254,2352.344,1796.781,2.356095460,235642056.344,2.356118980,11910579036848295483,377434,377434,11910579036848295483
6,4,bndmq,first,3,1,64,10418,150,100000000,100012800,133129,229857600,230022739,2580.297,2080.141,2.298281820,229860180.297,2.298307620,11910579036848295483,377434,377434,11910579036848295483
6,4,bndmq,first,4,1,64,10418,150,100000000,100012800,119293,233095246,233248613,2396.359,1863.953,2.330654136,233097642.359,2.330678097,11910579036848295483,377434,377434,11910579036848295483
6,8,aho_corasick,first,0,1,32,20834,150,100000000,100003200,704515,140622671,141350530,22745.594,22016.094,1.406181712,140645416.594,1.406409161,1843424079280570475,415586,415586,1843424079280570475
6,8,aho_corasick,first,1,1,32,20834,150,100000000,100003200,841820,137001256,137865939,27021.344,26306.875,1.369968721,137028277.344,1.370238926,1843424079280570475,415586,415586,1843424079280570475
6,8,aho_corasick,first,2,1,32,20834,150,100000000,100003200,656304,138959502,139635844,21135.688,20509.500,1.389550554,138980637.688,1.389761904,1843424079280570475,415586,415586,1843424079280570475
6,8,aho_corasick,first,3,1,32,20834,150,100000000,100003200,840728,137119247,137977258,26812.844,26272.750,1.371148593,137146059.844,1.371416713,1843424079280570475,415586,415586,1843424079280570475
6,8,aho_corasick,first,4,1,32,20834,150,100000000,100003200,638521,138545845,139201258,20481.656,19953.781,1.385414117,138566326.656,1.385618927,1843424079280570475,415586,415586,1843424079280570475
6,8,hash,first,0,1,32,20834,150,100000000,100003200,19837,166934177,166958913,773.000,619.906,1.669288353,166934950.000,1.669296083,1843424079280570475,415586,415586,1843424079280570475
6,8,hash,first,1,1,32,20834,150,100000000,100003200,22282,166047749,166074048,821.844,696.312,1.660424356,166048570.844,1.660432575,1843424079280570475,415586,415586,1843424079280570475
6,8,hash,first,2,1,32,20834,150,100000000,100003200,13696,171914698,171932071,542.906,428.000,1.719091969,171915240.906,1.719097398,1843424079280570475,415586,415586,1843424079280570475
6,8,hash,first,3,1,32,20834,150,100000000,100003200,15169,172781297,172800153,589.250,474.031,1.727757682,172781886.250,1.727763574,1843424079280570475,415586,415586,1843424079280570475
6,8,hash,first,4,1,32,20834,150,100000000,100003200,14657,176230282,176249628,604.562,458.031,1.762246428,176230886.562,1.762252474,1843424079280570475,415586,415586,1843424079280570475
6,8,bndmq,first,0,1,32,20834,150,100000000,100003200,144800,407578058,407747875,5306.781,4525.000,4.075650159,407583364.781,4.075703225,1843424079280570475,415586,415586,1843424079280570475
6,8,bndmq,first,1,1,32,20834,150,100000000,100003200,122319,418618796,418774677,4871.281,3822.469,4.186054006,418623667.281,4.186102718,1843424079280570475,415586,415586,1843424079280570475
6,8,bndmq,first,2,1,32,20834,150,100000000,100003200,113221,424135418,424281741,4572.594,3538.156,4.241218461,424139990.594,4.241264185,1843424079280570475,415586,415586,1843424079280570475
6,8,bndmq,first,3,1,32,20834,150,100000000,100003200,107861,394682500,394822321,4369.406,3370.656,3.946698706,394686869.406,3.946742398,1843424079280570475,415586,415586,1843424079280570475
6,8,bndmq,first,4,1,32,20834,150,100000000,100003200,107500,397739133,397881177,4438.875,3359.375,3.977264058,397743571.875,3.977308445,1843424079280570475,415586,415586,1843424079280570475
6,16,aho_corasick,first,0,1,16,41668,150,100000000,100003200,538344,130025642,130575417,34360.938,33646.500,1.300214813,130060002.938,1.300558412,14834648765203165510,477387,477387,14834648765203165510
6,16,aho_corasick,first,1,1,16,41668,150,100000000,100003200,657727,128828613,129512158,42721.562,41107.938,1.288244906,128871334.562,1.288672108,14834648765203165510,477387,477387,14834648765203165510
6,16,aho_corasick,first,2,1,16,41668,150,100000000,100003200,491878,125289796,125798004,31763.000,30742.375,1.252857869,125321559.000,1.253175488,14834648765203165510,477387,477387,14834648765203165510
6,16,aho_corasick,first,3,1,16,41668,150,100000000,100003200,490425,133287712,133794417,31669.062,30651.562,1.332834469,133319381.062,1.333151150,14834648765203165510,477387,477387,14834648765203165510
6,16,aho_corasick,first,4,1,16,41668,150,100000000,100003200,489754,130183436,130690933,31718.562,30609.625,1.301792703,130215154.562,1.302109878,14834648765203165510,477387,477387,14834648765203165510
6,16,hash,first,0,1,16,41668,150,100000000,100003200,16591,151656538,151676956,1276.125,1036.938,1.516516851,151657814.125,1.516529612,14834648765203165510,477387,477387,14834648765203165510
6,16,hash,first,1,1,16,41668,150,100000000,100003200,16631,150142838,150162445,1225.438,1039.438,1.501380336,150144063.438,1.501392590,14834648765203165510,477387,477387,14834648765203165510
6,16,hash,first,2,1,16,41668,150,100000000,100003200,24907,151343401,151372606,1825.312,1556.688,1.513385582,151345226.312,1.513403834,14834648765203165510,477387,477387,14834648765203165510
6,16,hash,first,3,1,16,41668,150,100000000,100003200,9668,156061627,156075043,838.500,604.250,1.560566332,156062465.500,1.560574717,14834648765203165510,477387,477387,14834648765203165510
6,16,hash,first,4,1,16,41668,150,100000000,100003200,10089,159226329,159240535,887.875,630.562,1.592212339,159227216.875,1.592221218,14834648765203165510,477387,477387,14834648765203165510
6,16,bndmq,first,0,1,16,41668,150,100000000,100003200,139189,723975111,724147402,10768.188,8699.312,7.239519445,723985879.188,7.239627124,14834648765203165510,477387,477387,14834648765203165510
6,16,bndmq,first,1,1,16,41668,150,100000000,100003200,104475,721058239,721193892,8478.312,6529.688,7.210351659,721066717.312,7.210436439,14834648765203165510,477387,477387,14834648765203165510
6,16,bndmq,first,2,1,16,41668,150,100000000,100003200,104295,712029454,712164516,8441.375,6518.438,7.120066698,712037895.375,7.120151109,14834648765203165510,477387,477387,14834648765203165510
6,16,bndmq,first,3,1,16,41668,150,100000000,100003200,101609,720399591,720651089,15718.625,6350.562,7.203765390,720415309.625,7.203922571,14834648765203165510,477387,477387,14834648765203165510
6,16,bndmq,first,4,1,16,41668,150,100000000,100003200,88736,716861107,716977956,7303.062,5546.000,7.168381682,716868410.062,7.168454710,14834648765203165510,477387,477387,14834648765203165510
6,32,bndmq,first,0,1,8,83334,150,100000000,100000800,133690,1149566493,1149723947,19681.750,16711.250,11.495572965,1149586174.750,11.495769781,8927586969732436219,560905,560905,8927586969732436219
6,32,bndmq,first,1,1,8,83334,150,100000000,100000800,69670,1140869912,1140967604,12211.500,8708.750,11.408607851,1140882123.500,11.408729965,8927586969732436219,560905,560905,8927586969732436219
6,32,bndmq,first,2,1,8,83334,150,100000000,100000800,75772,1130537104,1130638384,12660.000,9471.500,11.305280598,1130549764.000,11.305407197,8927586969732436219,560905,560905,8927586969732436219
6,32,bndmq,first,3,1,8,83334,150,100000000,100000800,66965,1156329018,1156419928,11363.750,8370.625,11.563197674,1156340381.750,11.563311311,8927586969732436219,560905,560905,8927586969732436219
6,32,bndmq,first,4,1,8,83334,150,100000000,100000800,67496,1168140970,1168231268,11287.250,8437.000,11.681316249,1168152257.250,11.681429121,8927586969732436219,560905,560905,8927586969732436219
6,32,hash,first,0,1,8,83334,150,100000000,100000800,14206,132797980,132815603,2202.875,1775.750,1.327969176,132800182.875,1.327991205,8927586969732436219,560905,560905,8927586969732436219
6,32,hash,first,1,1,8,83334,150,100000000,100000800,14417,127939273,127956976,2212.875,1802.125,1.279382495,127941485.875,1.279404624,8927586969732436219,560905,560905,8927586969732436219
6,32,hash,first,2,1,8,83334,150,100000000,100000800,8987,130481055,130493117,1507.750,1123.375,1.304800112,130482562.750,1.304815189,8927586969732436219,560905,560905,8927586969732436219
6,32,hash,first,3,1,8,83334,150,100000000,100000800,8376,130576232,130587964,1466.500,1047.000,1.305751874,130577698.500,1.305766539,8927586969732436219,560905,560905,8927586969732436219
6,32,hash,first,4,1,8,83334,150,100000000,100000800,9517,130563709,130576533,1603.000,1189.625,1.305626645,130565312.000,1.305642675,8927586969732436219,560905,560905,8927586969732436219
6,32,aho_corasick,first,0,1,8,83334,150,100000000,100000800,542231,116127758,116680278,69065.000,67778.875,1.161268290,116196823.000,1.161958934,8927586969732436219,560905,560905,8927586969732436219
6,32,aho_corasick,first,1,1,8,83334,150,100000000,100000800,509460,107594026,108112864,64854.750,63682.500,1.075931653,107658880.750,1.076580195,8927586969732436219,560905,560905,8927586969732436219
6,32,aho_corasick,first,2,1,8,83334,150,100000000,100000800,409133,110430258,110849761,52437.875,51141.625,1.104293746,110482695.875,1.104818120,8927586969732436219,560905,560905,8927586969732436219
6,32,aho_corasick,first,3,1,8,83334,150,100000000,100000800,416036,119039864,119467652,53473.500,52004.500,1.190389117,119093337.500,1.190923848,8927586969732436219,560905,560905,8927586969732436219
6,32,aho_corasick,first,4,1,8,83334,150,100000000,100000800,414133,121550254,122007127,57109.125,51766.625,1.215492816,121607363.125,1.216063903,8927586969732436219,560905,560905,8927586969732436219
6,64,hash,first,0,1,4,166668,150,100000000,100000800,11892,101982462,101996588,3531.500,2973.000,1.019816461,101985993.500,1.019851776,15946319096703191626,633336,633336,15946319096703191626
6,64,hash,first,1,1,4,166668,150,100000000,100000800,11041,102437640,102451907,3566.750,2760.250,1.024368205,102441206.750,1.024403872,15946319096703191626,633336,633336,15946319096703191626
6,64,hash,first,2,1,4,166668,150,100000000,100000800,6011,103296138,103305395,2314.250,1502.750,1.032953116,103298452.250,1.032976259,15946319096703191626,633336,633336,15946319096703191626
6,64,hash,first,3,1,4,166668,150,100000000,100000800,5800,103136020,103144745,2181.250,1450.000,1.031351949,103138201.250,1.031373762,15946319096703191626,633336,633336,15946319096703191626
6,64,hash,first,4,1,4,166668,150,100000000,100000800,6072,105388892,105398220,2332.000,1518.000,1.053880489,105391224.000,1.053903809,15946319096703191626,633336,633336,15946319096703191626
6,64,aho_corasick,first,0,1,4,166668,150,100000000,100000800,372194,87748787,88125740,94238.250,93048.500,0.877480850,87843025.250,0.878423225,15946319096703191626,633336,633336,15946319096703191626
6,64,aho_corasick,first,1,1,4,166668,150,100000000,100000800,401469,82658828,83068142,102328.500,100367.250,0.826581667,82761156.500,0.827604944,15946319096703191626,633336,633336,15946319096703191626
6,64,aho_corasick,first,2,1,4,166668,150,100000000,100000800,335917,88252130,88595791,85915.250,83979.250,0.882514240,88338045.250,0.883373386,15946319096703191626,633336,633336,15946319096703191626
6,64,aho_corasick,first,3,1,4,166668,150,100000000,100000800,340566,84220404,84571169,87691.250,85141.500,0.842197302,84308095.250,0.843074208,15946319096703191626,633336,633336,15946319096703191626
6,64,aho_corasick,first,4,1,4,166668,150,100000000,100000800,336628,87565019,87912798,86944.750,84157.000,0.875643185,87651963.750,0.876512625,15946319096703191626,633336,633336,15946319096703191626
6,64,bndmq,first,0,1,4,166668,150,100000000,100000800,145150,1621651166,1621855177,51002.750,36287.500,16.216381929,1621702168.750,16.216891952,15946319096703191626,633336,633336,15946319096703191626
6,64,bndmq,first,1,1,4,166668,150,100000000,100000800,169186,1594530722,1594736516,51448.500,42296.500,15.945179659,1594582170.500,15.945694139,15946319096703191626,633336,633336,15946319096703191626
6,64,bndmq,first,2,1,4,166668,150,100000000,100000800,110607,1602806909,1602956769,37465.000,27651.750,16.027940866,1602844374.000,16.028315513,15946319096703191626,633336,633336,15946319096703191626
6,64,bndmq,first,3,1,4,166668,150,100000000,100000800,109754,1659609404,1659757429,37006.250,27438.500,16.595961272,1659646410.250,16.596331332,15946319096703191626,633336,633336,15946319096703191626
6,64,bndmq,first,4,1,4,166668,150,100000000,100000800,109825,1679636291,1679781662,36342.750,27456.250,16.796228540,1679672633.750,16.796591965,15946319096703191626,633336,633336,15946319096703191626
6,128,aho_corasick,first,0,1,2,333334,150,100000000,100000200,319777,61091754,61432360,170303.000,159888.500,0.610916318,61262057.000,0.612619345,16656396304708235085,663528,663528,16656396304708235085
6,128,aho_corasick,first,1,1,2,333334,150,100000000,100000200,288569,64216219,64511330,147555.500,144284.500,0.642160906,64363774.500,0.643636458,16656396304708235085,663528,663528,16656396304708235085
6,128,aho_corasick,first,2,1,2,333334,150,100000000,100000200,286996,60566565,60859261,146348.000,143498.000,0.605664439,60712913.000,0.607127916,16656396304708235085,663528,663528,16656396304708235085
6,128,aho_corasick,first,3,1,2,333334,150,100000000,100000200,291093,61707358,62005104,148873.000,145546.500,0.617072346,61856231.000,0.618561073,16656396304708235085,663528,663528,16656396304708235085
6,128,aho_corasick,first,4,1,2,333334,150,100000000,100000200,278991,60617269,60903444,143087.500,139495.500,0.606171478,60760356.500,0.607602350,16656396304708235085,663528,663528,16656396304708235085
6,128,bndmq,first,0,1,2,333334,150,100000000,100000200,118171,1925767719,1925922308,77294.500,59085.500,19.257638675,1925845013.500,19.258411618,16656396304708235085,663528,663528,16656396304708235085
6,128,bndmq,first,1,1,2,333334,150,100000000,100000200,130042,1884978655,1885143392,82368.500,65021.000,18.849748851,1885061023.500,18.850572534,16656396304708235085,663528,663528,16656396304708235085
6,128,bndmq,first,2,1,2,333334,150,100000000,100000200,99466,1883840545,1883971189,65322.000,49733.000,18.838367773,1883905867.000,18.839020992,16656396304708235085,663528,663528,16656396304708235085
6,128,bndmq,first,3,1,2,333334,150,100000000,100000200,99876,1875686421,1875820500,67039.500,49938.000,18.756826696,1875753460.500,18.757497090,16656396304708235085,663528,663528,16656396304708235085
6,128,bndmq,first,4,1,2,333334,150,100000000,100000200,100027,1887756578,1887891110,67266.000,50013.500,18.877528025,1887823844.000,18.878200684,16656396304708235085,663528,663528,16656396304708235085
6,128,hash,first,0,1,2,333334,150,100000000,100000200,9508,72409602,72421825,6111.500,4754.000,0.724094572,72415713.500,0.724155687,16656396304708235085,663528,663528,16656396304708235085
6,128,hash,first,1,1,2,333334,150,100000000,100000200,11862,68071373,68086501,7564.000,5931.000,0.680712369,68078937.000,0.680788008,16656396304708235085,663528,663528,16656396304708235085
6,128,hash,first,2,1,2,333334,150,100000000,100000200,4869,66642077,66649380,3651.500,2434.500,0.666419437,66645728.500,0.666455952,16656396304708235085,663528,663528,16656396304708235085
6,128,hash,first,3,1,2,333334,150,100000000,100000200,5761,71393369,71401624,4127.500,2880.500,0.713932262,71397496.500,0.713973537,16656396304708235085,663528,663528,16656396304708235085
6,128,hash,first,4,1,2,333334,150,100000000,100000200,5701,69218452,69226898,4223.000,2850.500,0.692183136,69222675.000,0.692225366,16656396304708235085,663528,663528,16656396304708235085
6,256,hash,first,0,1,1,666668,150,100000000,100000200,8736,50608615,50619564,10949.000,8736.000,0.506085138,50619564.000,0.506194628,8787810342014201305,666637,666637,8787810342014201305
6,256,hash,first,1,1,1,666668,150,100000000,100000200,12012,50277659,50291905,14246.000,12012.000,0.502775584,50291905.000,0.502918044,8787810342014201305,666637,666637,8787810342014201305
6,256,hash,first,2,1,1,666668,150,100000000,100000200,7403,54229319,54238676,9357.000,7403.000,0.542292105,54238676.000,0.542385675,8787810342014201305,666637,666637,8787810342014201305
6,256,hash,first,3,1,1,666668,150,100000000,100000200,5170,52084328,52091512,7184.000,5170.000,0.520842238,52091512.000,0.520914078,8787810342014201305,666637,666637,8787810342014201305
6,256,hash,first,4,1,1,666668,150,100000000,100000200,4869,52014517,52021250,6733.000,4869.000,0.520144130,52021250.000,0.520211460,8787810342014201305,666637,666637,8787810342014201305
6,256,aho_corasick,first,0,1,1,666668,150,100000000,100000200,264984,46491929,46776148,284219.000,264984.000,0.464918360,46776148.000,0.467760544,8787810342014201305,666637,666637,8787810342014201305
6,256,aho_corasick,first,1,1,1,666668,150,100000000,100000200,304799,46415009,46723464,308455.000,304799.000,0.464149162,46723464.000,0.467233706,8787810342014201305,666637,666637,8787810342014201305
6,256,aho_corasick,first,2,1,1,666668,150,100000000,100000200,238996,45538307,45781220,242913.000,238996.000,0.455382159,45781220.000,0.457811284,8787810342014201305,666637,666637,8787810342014201305
6,256,aho_corasick,first,3,1,1,666668,150,100000000,100000200,306622,46749004,47059133,310129.000,306622.000,0.467489105,47059133.000,0.470590389,8787810342014201305,666637,666637,8787810342014201305
6,256,aho_corasick,first,4,1,1,666668,150,100000000,100000200,253132,52348661,52605229,256568.000,253132.000,0.523485563,52605229.000,0.526051238,8787810342014201305,666637,666637,8787810342014201305
6,1000,aho_corasick,first,0,1,1,666668,150,100000000,100000200,827875,33251220,34107377,856157.000,827875.000,0.332511535,34107377.000,0.341073088,5016691434576999751,666668,666668,5016691434576999751
6,1000,aho_corasick,first,1,1,1,666668,150,100000000,100000200,901662,35902891,36811607,908716.000,901662.000,0.359028192,36811607.000,0.368115334,5016691434576999751,666668,666668,5016691434576999751
6,1000,aho_corasick,first,2,1,1,666668,150,100000000,100000200,690569,33713894,34441241,727347.000,690569.000,0.337138266,34441241.000,0.344411721,5016691434576999751,666668,666668,5016691434576999751
6,1000,aho_corasick,first,3,1,1,666668,150,100000000,100000200,712289,35571481,36315559,744078.000,712289.000,0.355714099,36315559.000,0.363154864,5016691434576999751,666668,666668,5016691434576999751
6,1000,aho_corasick,first,4,1,1,666668,150,100000000,100000200,710315,34551571,35269009,717438.000,710315.000,0.345515019,35269009.000,0.352689385,5016691434576999751,666668,666668,5016691434576999751
6,1000,hash,first,0,1,1,666668,150,100000000,100000200,24215,40905040,40932601,27561.000,24215.000,0.409049582,40932601.000,0.409325191,5016691434576999751,666668,666668,5016691434576999751
6,1000,hash,first,1,1,1,666668,150,100000000,100000200,31228,38391808,38426243,34435.000,31228.000,0.383917312,38426243.000,0.384261661,5016691434576999751,666668,666668,5016691434576999751
6,1000,hash,first,2,1,1,666668,150,100000000,100000200,12323,38189977,38206017,16040.000,12323.000,0.381899006,38206017.000,0.382059406,5016691434576999751,666668,666668,5016691434576999751
6,1000,hash,first,3,1,1,666668,150,100000000,100000200,17082,36755459,36775857,20398.000,17082.000,0.367553855,36775857.000,0.367757834,5016691434576999751,666668,666668,5016691434576999751
6,1000,hash,first,4,1,1,666668,150,100000000,100000200,12464,37966020,37981630,15610.000,12464.000,0.379659441,37981630.000,0.379815540,5016691434576999751,666668,666668,5016691434576999751
6,1,hash,all,0,1,64,10418,150,100000000,100012800,18895,210403813,210426485,354.250,295.234,2.103768848,210404167.250,2.103772390,11292237762918284912,344926,359907,11292237762918284912
6,1,hash,all,1,1,64,10418,150,100000000,100012800,14548,217261411,217281789,318.406,227.312,2.172336051,217261729.406,2.172339235,11292237762918284912,344926,359907,11292237762918284912
6,1,hash,all,2,1,64,10418,150,100000000,100012800,13735,218771223,218788615,271.750,214.609,2.187432239,218771494.750,2.187434956,11292237762918284912,344926,359907,11292237762918284912
6,1,hash,all,3,1,64,10418,150,100000000,100012800,9097,220270825,220284891,219.781,142.141,2.202426339,220271044.781,2.202428537,11292237762918284912,344926,359907,11292237762918284912
6,1,hash,all,4,1,64,10418,150,100000000,100012800,9408,211699490,211713195,214.141,147.000,2.116723959,211699704.141,2.116726100,11292237762918284912,344926,359907,11292237762918284912
6,1,bndmq,all,0,1,64,10418,150,100000000,100012800,49342,83938576,84081671,2235.859,770.969,0.839278332,83940811.859,0.839300688,11292237762918284912,344926,359907,11292237762918284912
6,1,bndmq,all,1,1,64,10418,150,100000000,100012800,46928,84511470,84578265,1043.672,733.250,0.845006539,84512513.672,0.845016975,11292237762918284912,344926,359907,11292237762918284912
6,1,bndmq,all,2,1,64,10418,150,100000000,100012800,23002,84023617,84068351,698.969,359.406,0.840128634,84024315.969,0.840135622,11292237762918284912,344926,359907,11292237762918284912
6,1,bndmq,all,3,1,64,10418,150,100000000,100012800,23283,83464747,83507747,671.875,363.797,0.834540649,83465418.875,0.834547367,11292237762918284912,344926,359907,11292237762918284912
6,1,bndmq,all,4,1,64,10418,150,100000000,100012800,21911,83206672,83249452,668.438,342.359,0.831960229,83207340.438,0.831966913,11292237762918284912,344926,359907,11292237762918284912
6,1,aho_corasick,all,0,1,64,10418,150,100000000,100012800,637229,62316766,62977429,10322.859,9956.703,0.623087905,62327088.859,0.623191120,11292237762918284912,344926,359907,11292237762918284912
6,1,aho_corasick,all,1,1,64,10418,150,100000000,100012800,698503,60091047,60809247,11221.875,10914.109,0.600833563,60102268.875,0.600945768,11292237762918284912,344926,359907,11292237762918284912
6,1,aho_corasick,all,2,1,64,10418,150,100000000,100012800,800684,61021682,61848143,12913.453,12510.688,0.610138722,61034595.453,0.610267840,11292237762918284912,344926,359907,11292237762918284912
6,1,aho_corasick,all,3,1,64,10418,150,100000000,100012800,590572,61436852,62046590,9527.156,9227.688,0.614289891,61446379.156,0.614385150,11292237762918284912,344926,359907,11292237762918284912
6,1,aho_corasick,all,4,1,64,10418,150,100000000,100012800,595321,60840051,61454017,9593.219,9301.891,0.608322645,60849644.219,0.608418565,11292237762918284912,344926,359907,11292237762918284912
6,2,aho_corasick,all,0,1,64,10418,150,100000000,100012800,749278,520584734,521355923,12049.828,11707.469,5.205181077,520596783.828,5.205301560,14896558053895695808,356013,380178,14896558053895695808
6,2,aho_corasick,all,1,1,64,10418,150,100000000,100012800,714523,535579534,536317711,11534.016,11164.422,5.355109886,535591068.016,5.355225211,14896558053895695808,356013,380178,14896558053895695808
6,2,aho_corasick,all,2,1,64,10418,150,100000000,100012800,720444,525695869,526437432,11586.922,11256.938,5.256285885,525707455.922,5.256401740,14896558053895695808,356013,380178,14896558053895695808
6,2,aho_corasick,all,3,1,64,10418,150,100000000,100012800,741454,521310887,522088408,12148.766,11585.219,5.212441677,521323035.766,5.212563150,14896558053895695808,356013,380178,14896558053895695808
6,2,aho_corasick,all,4,1,64,10418,150,100000000,100012800,694987,524128434,524849309,11263.672,10859.172,5.240613541,524139697.672,5.240726164,14896558053895695808,356013,380178,14896558053895695808
6,2,hash,all,0,1,64,10418,150,100000000,100012800,20408,205217782,205242147,380.703,318.875,2.051915175,205218162.703,2.051918981,14896558053895695808,356013,380178,14896558053895695808
6,2,hash,all,1,1,64,10418,150,100000000,100012800,22733,213124272,213151684,428.312,355.203,2.130969956,213124700.312,2.130974238,14896558053895695808,356013,380178,14896558053895695808
6,2,hash,all,2,1,64,10418,150,100000000,100012800,15359,213874943,213894980,313.078,239.984,2.138475705,213875256.078,2.138478835,14896558053895695808,356013,380178,14896558053895695808
6,2,hash,all,3,1,64,10418,150,100000000,100012800,14116,210546824,210565078,285.219,220.562,2.105198775,210547109.219,2.105201626,14896558053895695808,356013,380178,14896558053895695808
6,2,hash,all,4,1,64,10418,150,100000000,100012800,14376,214069047,214107188,595.953,224.625,2.140416497,214069642.953,2.140422455,14896558053895695808,356013,380178,14896558053895695808
6,2,bndmq,all,0,1,64,10418,150,100000000,100012800,82895,162947842,163057907,1719.766,1295.234,1.629269873,162949561.766,1.629287069,14896558053895695808,356013,380178,14896558053895695808
6,2,bndmq,all,1,1,64,10418,150,100000000,100012800,54501,163144243,163225644,1271.891,851.578,1.631233632,163145514.891,1.631246349,14896558053895695808,356013,380178,14896558053895695808
6,2,bndmq,all,2,1,64,10418,150,100000000,100012800,50674,158253384,158330187,1200.047,791.781,1.582331302,158254584.047,1.582343301,14896558053895695808,356013,380178,14896558053895695808
6,2,bndmq,all,3,1,64,10418,150,100000000,100012800,51335,170760227,170837450,1206.609,802.109,1.707383725,170761433.609,1.707395789,14896558053895695808,356013,380178,14896558053895695808
6,2,bndmq,all,4,1,64,10418,150,100000000,100012800,56185,166843604,166930556,1358.625,877.891,1.668222508,166844962.625,1.668236092,14896558053895695808,356013,380178,14896558053895695808
6,4,aho_corasick,all,0,1,64,10418,150,100000000,100012800,980530,213091279,214095854,15696.484,15320.781,2.130640068,213106975.484,2.130797013,14779686982379662415,377434,426979,14779686982379662415
6,4,aho_corasick,all,1,1,64,10418,150,100000000,100012800,1089212,211134010,212255552,17524.094,17018.938,2.111069883,211151534.094,2.111245102,14779686982379662415,377434,426979,14779686982379662415
6,4,aho_corasick,all,2,1,64,10418,150,100000000,100012800,919465,217700641,218646936,14785.859,14366.641,2.176727789,217715426.859,2.176875629,14779686982379662415,377434,426979,14779686982379662415
6,4,aho_corasick,all,3,1,64,10418,150,100000000,100012800,1033568,205416644,206475550,16545.406,16149.500,2.053903540,205433189.406,2.054068973,14779686982379662415,377434,426979,14779686982379662415
6,4,aho_corasick,all,4,1,64,10418,150,100000000,100012800,933412,208331469,209290008,14977.172,14584.562,2.083048060,208346446.172,2.083197812,14779686982379662415,377434,426979,14779686982379662415
6,4,hash,all,0,1,64,10418,150,100000000,100012800,32140,222662848,222699907,579.047,502.188,2.226343508,222663427.047,2.226349298,14779686982379662415,377434,426979,14779686982379662415
6,4,hash,all,1,1,64,10418,150,100000000,100012800,26269,222729450,222760388,483.406,410.453,2.227009443,222729933.406,2.227014276,14779686982379662415,377434,426979,14779686982379662415
6,4,hash,all,2,1,64,10418,150,100000000,100012800,18174,225481323,225504927,368.812,283.969,2.254524651,225481691.812,2.254528338,14779686982379662415,377434,426979,14779686982379662415
6,4,hash,all,3,1,64,10418,150,100000000,100012800,18274,236522393,236545857,366.625,285.531,2.364921220,236522759.625,2.364924886,14779686982379662415,377434,426979,14779686982379662415
6,4,hash,all,4,1,64,10418,150,100000000,100012800,18384,230965989,230989272,363.797,287.250,2.309364291,230966352.797,2.309367929,14779686982379662415,377434,426979,14779686982379662415
6,4,bndmq,all,0,1,64,10418,150,100000000,100012800,162383,307439385,307636824,3084.984,2537.234,3.074000378,307442469.984,3.074031224,14779686982379662415,377434,426979,14779686982379662415
6,4,bndmq,all,1,1,64,10418,150,100000000,100012800,132377,312763040,312922478,2491.219,2068.391,3.127230115,312765531.219,3.127255024,14779686982379662415,377434,426979,14779686982379662415
6,4,bndmq,all,2,1,64,10418,150,100000000,100012800,130233,317688968,317858955,2656.047,2034.891,3.176483090,317691624.047,3.176509647,14779686982379662415,377434,426979,14779686982379662415
6,4,bndmq,all,3,1,64,10418,150,100000000,100012800,121186,318004717,318169734,2578.391,1893.531,3.179640176,318007295.391,3.179665957,14779686982379662415,377434,426979,14779686982379662415
6,4,bndmq,all,4,1,64,10418,150,100000000,100012800,157825,316314954,316505309,2974.297,2466.016,3.162744709,316317928.297,3.162774448,14779686982379662415,377434,426979,14779686982379662415
6,8,bndmq,all,0,1,32,20834,150,100000000,100003200,148898,634319320,634500057,5648.031,4653.062,6.342990224,634324968.031,6.343046703,10408611065655847323,415586,524356,10408611065655847323
6,8,bndmq,all,1,1,32,20834,150,100000000,100003200,130043,632713758,632874798,5032.500,4063.844,6.326935118,632718790.500,6.326985441,10408611065655847323,415586,524356,10408611065655847323
6,8,bndmq,all,2,1,32,20834,150,100000000,100003200,106779,620996789,621134145,4292.375,3336.844,6.209769177,621001081.375,6.209812100,10408611065655847323,415586,524356,10408611065655847323
6,8,bndmq,all,3,1,32,20834,150,100000000,100003200,103383,602630358,602765250,4215.375,3230.719,6.026110744,602634573.375,6.026152897,10408611065655847323,415586,524356,10408611065655847323
6,8,bndmq,all,4,1,32,20834,150,100000000,100003200,106749,620295105,620433012,4309.594,3335.906,6.202752562,620299414.594,6.202795656,10408611065655847323,415586,524356,10408611065655847323
6,8,aho_corasick,all,0,1,32,20834,150,100000000,100003200,706007,221099612,221829934,22822.562,22062.719,2.210925370,221122434.562,2.211153589,10408611065655847323,415586,524356,10408611065655847323
6,8,aho_corasick,all,1,1,32,20834,150,100000000,100003200,668197,215738283,216432759,21702.375,20881.156,2.157313796,215759985.375,2.157530813,10408611065655847323,415586,524356,10408611065655847323
6,8,aho_corasick,all,2,1,32,20834,150,100000000,100003200,652066,210285912,210958897,21030.781,20377.062,2.102791831,210306942.781,2.103002132,10408611065655847323,415586,524356,10408611065655847323
6,8,aho_corasick,all,3,1,32,20834,150,100000000,100003200,671693,218612281,219309872,21799.719,20990.406,2.186052856,218634080.719,2.186270847,10408611065655847323,415586,524356,10408611065655847323
6,8,aho_corasick,all,4,1,32,20834,150,100000000,100003200,649802,215719889,216393225,21041.750,20306.312,2.157129862,215740930.750,2.157340273,10408611065655847323,415586,524356,10408611065655847323
6,8,hash,all,0,1,32,20834,150,100000000,100003200,21069,264460397,264486255,808.062,658.406,2.644519345,264461205.062,2.644527426,10408611065655847323,415586,524356,10408611065655847323
6,8,hash,all,1,1,32,20834,150,100000000,100003200,20769,268092683,268118011,791.500,649.031,2.680841043,268093474.500,2.680848958,10408611065655847323,415586,524356,10408611065655847323
6,8,hash,all,2,1,32,20834,150,100000000,100003200,13676,264557377,264574800,544.469,427.375,2.645489114,264557921.469,2.645494559,10408611065655847323,415586,524356,10408611065655847323
6,8,hash,all,3,1,32,20834,150,100000000,100003200,12634,260609098,260626371,539.781,394.812,2.606007588,260609637.781,2.606012985,10408611065655847323,415586,524356,10408611065655847323
6,8,hash,all,4,1,32,20834,150,100000000,100003200,14688,262425569,262450806,788.656,459.000,2.624171717,262426357.656,2.624179603,10408611065655847323,415586,524356,10408611065655847323
6,16,aho_corasick,all,0,1,16,41668,150,100000000,100003200,536410,215458100,216007526,34339.125,33525.625,2.154512056,215492439.125,2.154855436,16739206596375821226,477387,709005,16739206596375821226
6,16,aho_corasick,all,1,1,16,41668,150,100000000,100003200,599268,216346993,216976277,39330.250,37454.250,2.163400701,216386323.250,2.163793991,16739206596375821226,477387,709005,16739206596375821226
6,16,aho_corasick,all,2,1,16,41668,150,100000000,100003200,504051,210781295,211300855,32472.500,31503.188,2.107745502,210813767.500,2.108070217,16739206596375821226,477387,709005,16739206596375821226
6,16,aho_corasick,all,3,1,16,41668,150,100000000,100003200,502167,219098017,219618478,32528.812,31385.438,2.190910061,219130545.812,2.191235339,16739206596375821226,477387,709005,16739206596375821226
6,16,aho_corasick,all,4,1,16,41668,150,100000000,100003200,490616,219160087,219668837,31796.875,30663.500,2.191530741,219191883.875,2.191848700,16739206596375821226,477387,709005,16739206596375821226
6,16,bndmq,all,0,1,16,41668,150,100000000,100003200,133609,1208754485,1208927357,10804.500,8350.562,12.087158061,1208765289.500,12.087266102,16739206596375821226,477387,709005,16739206596375821226
6,16,bndmq,all,1,1,16,41668,150,100000000,100003200,107691,1189426947,1189565716,8673.062,6730.688,11.893888866,1189435620.062,11.893975593,16739206596375821226,477387,709005,16739206596375821226
6,16,bndmq,all,2,1,16,41668,150,100000000,100003200,93455,1208657118,1208787542,8151.500,5840.938,12.086184422,1208665269.500,12.086265934,16739206596375821226,477387,709005,16739206596375821226
6,16,bndmq,all,3,1,16,41668,150,100000000,100003200,91902,1203533048,1203655146,7631.125,5743.875,12.034945362,1203540679.125,12.035021671,16739206596375821226,477387,709005,16739206596375821226
6,16,bndmq,all,4,1,16,41668,150,100000000,100003200,92332,1204544806,1204666543,7608.562,5770.750,12.045062618,1204552414.562,12.045138701,16739206596375821226,477387,709005,16739206596375821226
6,16,hash,all,0,1,16,41668,150,100000000,100003200,26269,269440402,269471029,1914.188,1641.812,2.694317802,269442316.188,2.694336943,16739206596375821226,477387,709005,16739206596375821226
6,16,hash,all,1,1,16,41668,150,100000000,100003200,17343,276489880,276512342,1403.875,1083.938,2.764810326,276491283.875,2.764824364,16739206596375821226,477387,709005,16739206596375821226
6,16,hash,all,2,1,16,41668,150,100000000,100003200,18725,280482252,280505796,1471.500,1170.312,2.804732769,280483723.500,2.804747483,16739206596375821226,477387,709005,16739206596375821226
6,16,hash,all,3,1,16,41668,150,100000000,100003200,10740,285126231,285141269,939.875,671.250,2.851171073,285127170.875,2.851180471,16739206596375821226,477387,709005,16739206596375821226
6,16,hash,all,4,1,16,41668,150,100000000,100003200,9528,281647221,281660827,850.375,595.500,2.816382086,281648071.375,2.816390589,16739206596375821226,477387,709005,16739206596375821226
6,32,aho_corasick,all,0,1,8,83334,150,100000000,100000800,436194,231259990,231710000,56251.250,54524.250,2.312581399,231316241.250,2.313143907,4030060098868621755,560905,1082562,4030060098868621755
6,32,aho_corasick,all,1,1,8,83334,150,100000000,100000800,513769,222697472,223221630,65519.750,64221.125,2.226956904,222762991.750,2.227612097,4030060098868621755,560905,1082562,4030060098868621755
6,32,aho_corasick,all,2,1,8,83334,150,100000000,100000800,408082,220768759,221187531,52346.500,51010.250,2.207669929,220821105.500,2.208193389,4030060098868621755,560905,1082562,4030060098868621755
6,32,aho_corasick,all,3,1,8,83334,150,100000000,100000800,429832,219214614,219658022,55426.000,53729.000,2.192128603,219270040.000,2.192682859,4030060098868621755,560905,1082562,4030060098868621755
6,32,aho_corasick,all,4,1,8,83334,150,100000000,100000800,460399,220056423,220546658,61279.375,57549.875,2.200546626,220117702.375,2.201159414,4030060098868621755,560905,1082562,4030060098868621755
6,32,hash,all,0,1,8,83334,150,100000000,100000800,17473,280227701,280248661,2620.000,2184.125,2.802254592,280230321.000,2.802280792,4030060098868621755,560905,1082562,4030060098868621755
6,32,hash,all,1,1,8,83334,150,100000000,100000800,12834,281810553,281827594,2130.125,1604.250,2.818082985,281812683.125,2.818104286,4030060098868621755,560905,1082562,4030060098868621755
6,32,hash,all,2,1,8,83334,150,100000000,100000800,9417,284938650,284952416,1720.750,1177.125,2.849363705,284940370.750,2.849380912,4030060098868621755,560905,1082562,4030060098868621755
6,32,hash,all,3,1,8,83334,150,100000000,100000800,8917,289189255,289202029,1596.750,1114.625,2.891869415,289190851.750,2.891885382,4030060098868621755,560905,1082562,4030060098868621755
6,32,hash,all,4,1,8,83334,150,100000000,100000800,10880,281277458,281291664,1775.750,1360.000,2.812752078,281279233.750,2.812769835,4030060098868621755,560905,1082562,4030060098868621755
6,64,hash,all,0,1,4,166668,150,100000000,100000800,11562,296221427,296235774,3586.750,2890.500,2.962190572,296225013.750,2.962226440,7401815667482839554,633336,1834826,7401815667482839554
6,64,hash,all,1,1,4,166668,150,100000000,100000800,10179,297470627,297483421,3198.500,2544.750,2.974682473,297473825.500,2.974714457,7401815667482839554,633336,1834826,7401815667482839554
6,64,hash,all,2,1,4,166668,150,100000000,100000800,6391,297861962,297871480,2379.500,1597.750,2.978595791,297864341.500,2.978619586,7401815667482839554,633336,1834826,7401815667482839554
6,64,hash,all,3,1,4,166668,150,100000000,100000800,6572,303313204,303323032,2457.000,1643.000,3.033107775,303315661.000,3.033132345,7401815667482839554,633336,1834826,7401815667482839554
6,64,hash,all,4,1,4,166668,150,100000000,100000800,6272,296075317,296085657,2585.000,1568.000,2.960729484,296077902.000,2.960755334,7401815667482839554,633336,1834826,7401815667482839554
6,64,aho_corasick,all,0,1,4,166668,150,100000000,100000800,362236,229639671,230007016,91836.250,90559.000,2.296378339,229731507.250,2.297296694,7401815667482839554,633336,1834826,7401815667482839554
6,64,aho_corasick,all,1,1,4,166668,150,100000000,100000800,422208,225409018,225840192,107793.500,105552.000,2.254072147,225516811.500,2.255150074,7401815667482839554,633336,1834826,7401815667482839554
6,64,aho_corasick,all,2,1,4,166668,150,100000000,100000800,350233,226512457,226872117,89915.000,87558.250,2.265106449,226602372.000,2.266005592,7401815667482839554,633336,1834826,7401815667482839554
6,64,aho_corasick,all,3,1,4,166668,150,100000000,100000800,335596,220302696,220648350,86413.500,83899.000,2.203009336,220389109.500,2.203873464,7401815667482839554,633336,1834826,7401815667482839554
6,64,aho_corasick,all,4,1,4,166668,150,100000000,100000800,333242,227017415,227362409,86248.500,83310.500,2.270155989,227103663.500,2.271018467,7401815667482839554,633336,1834826,7401815667482839554
6,128,aho_corasick,all,0,1,2,333334,150,100000000,100000200,311912,221688989,222022913,166962.000,155956.000,2.216885456,221855951.000,2.218555073,10750668196313370639,663528,3341523,10750668196313370639
6,128,aho_corasick,all,1,1,2,333334,150,100000000,100000200,358689,219284580,219649651,182535.500,179344.500,2.192841414,219467115.500,2.194666766,10750668196313370639,663528,3341523,10750668196313370639
6,128,aho_corasick,all,2,1,2,333334,150,100000000,100000200,307324,221965465,222278640,156587.500,153662.000,2.219650211,222122052.500,2.221216083,10750668196313370639,663528,3341523,10750668196313370639
6,128,aho_corasick,all,3,1,2,333334,150,100000000,100000200,297736,221637489,221941387,151949.000,148868.000,2.216370457,221789438.000,2.217889944,10750668196313370639,663528,3341523,10750668196313370639
6,128,aho_corasick,all,4,1,2,333334,150,100000000,100000200,278340,219250560,219535823,142631.500,139170.000,2.192501215,219393191.500,2.193927527,10750668196313370639,663528,3341523,10750668196313370639
6,128,hash,all,0,1,2,333334,150,100000000,100000200,10870,353293060,353306305,6622.500,5435.000,3.532923534,353299682.500,3.532989759,10750668196313370639,663528,3341523,10750668196313370639
6,128,hash,all,1,1,2,333334,150,100000000,100000200,12904,357427203,357442402,7599.500,6452.000,3.574264881,357434802.500,3.574340876,10750668196313370639,663528,3341523,10750668196313370639
6,128,hash,all,2,1,2,333334,150,100000000,100000200,5380,352809312,352816886,3787.000,2690.000,3.528086064,352813099.000,3.528123934,10750668196313370639,663528,3341523,10750668196313370639
6,128,hash,all,3,1,2,333334,150,100000000,100000200,5480,351792158,351800383,4112.500,2740.000,3.517914544,351796270.500,3.517955669,10750668196313370639,663528,3341523,10750668196313370639
6,128,hash,all,4,1,2,333334,150,100000000,100000200,5470,346672410,346679924,3757.000,2735.000,3.466717167,346676167.000,3.466754736,10750668196313370639,663528,3341523,10750668196313370639
6,256,hash,all,0,1,1,666668,150,100000000,100000200,9547,448922949,448934621,11672.000,9547.000,4.489220512,448934621.000,4.489337231,11511751170323497311,666637,6358996,11511751170323497311
6,256,hash,all,1,1,1,666668,150,100000000,100000200,10379,459601075,459613578,12503.000,10379.000,4.596001558,459613578.000,4.596126588,11511751170323497311,666637,6358996,11511751170323497311
6,256,hash,all,2,1,1,666668,150,100000000,100000200,4749,456263981,456270753,6772.000,4749.000,4.562630685,456270753.000,4.562698405,11511751170323497311,666637,6358996,11511751170323497311
6,256,hash,all,3,1,1,666668,150,100000000,100000200,5059,457313381,457320233,6852.000,5059.000,4.573124664,457320233.000,4.573193184,11511751170323497311,666637,6358996,11511751170323497311
6,256,hash,all,4,1,1,666668,150,100000000,100000200,4709,450779138,450785480,6342.000,4709.000,4.507782364,450785480.000,4.507845784,11511751170323497311,666637,6358996,11511751170323497311
6,256,aho_corasick,all,0,1,1,666668,150,100000000,100000200,275714,301776487,302063652,287165.000,275714.000,3.017758834,302063652.000,3.020630479,11511751170323497311,666637,6358996,11511751170323497311
6,256,aho_corasick,all,1,1,1,666668,150,100000000,100000200,245618,307641879,307895040,253161.000,245618.000,3.076412637,307895040.000,3.078944242,11511751170323497311,666637,6358996,11511751170323497311
6,256,aho_corasick,all,2,1,1,666668,150,100000000,100000200,474365,315278928,315757010,478082.000,474365.000,3.152782974,315757010.000,3.157563785,11511751170323497311,666637,6358996,11511751170323497311
6,256,aho_corasick,all,3,1,1,666668,150,100000000,100000200,267780,307918965,308190091,271126.000,267780.000,3.079183492,308190091.000,3.081894746,11511751170323497311,666637,6358996,11511751170323497311
6,256,aho_corasick,all,4,1,1,666668,150,100000000,100000200,248203,308851957,309103446,251489.000,248203.000,3.088513393,309103446.000,3.091028278,11511751170323497311,666637,6358996,11511751170323497311
6,1000,aho_corasick,all,0,1,1,666668,150,100000000,100000200,781578,595108065,595926392,818327.000,781578.000,5.951068748,595926392.000,5.959252001,14535594446080112821,666668,23843759,14535594446080112821
6,1000,aho_corasick,all,1,1,1,666668,150,100000000,100000200,938952,612560498,613506824,946326.000,938952.000,6.125592729,613506824.000,6.135055970,14535594446080112821,666668,23843759,14535594446080112821
6,1000,aho_corasick,all,2,1,1,666668,150,100000000,100000200,700778,578285749,579027633,741884.000,700778.000,5.782845924,579027633.000,5.790264749,14535594446080112821,666668,23843759,14535594446080112821
6,1000,aho_corasick,all,3,1,1,666668,150,100000000,100000200,711688,582495102,583244891,749789.000,711688.000,5.824939370,583244891.000,5.832437245,14535594446080112821,666668,23843759,14535594446080112821
6,1000,aho_corasick,all,4,1,1,666668,150,100000000,100000200,724532,581199084,581930098,731014.000,724532.000,5.811979216,581930098.000,5.819289341,14535594446080112821,666668,23843759,14535594446080112821
6,1000,hash,all,0,1,1,666668,150,100000000,100000200,32601,1080191199,1080227226,36027.000,32601.000,10.801890386,1080227226.000,10.802250655,14535594446080112821,666668,23843759,14535594446080112821
6,1000,hash,all,1,1,1,666668,150,100000000,100000200,35036,1074926851,1074965093,38242.000,35036.000,10.749247012,1074965093.000,10.749629431,14535594446080112821,666668,23843759,14535594446080112821
6,1000,hash,all,2,1,1,666668,150,100000000,100000200,13025,1068611518,1068627408,15890.000,13025.000,10.686093808,1068627408.000,10.686252707,14535594446080112821,666668,23843759,14535594446080112821
6,1000,hash,all,3,1,1,666668,150,100000000,100000200,12654,1077546818,1077562387,15569.000,12654.000,10.775446629,1077562387.000,10.775602319,14535594446080112821,666668,23843759,14535594446080112821
6,1000,hash,all,4,1,1,666668,150,100000000,100000200,12434,1062980903,1062996663,15760.000,12434.000,10.629787770,1062996663.000,10.629945370,14535594446080112821,666668,23843759,14535594446080112821
8,1,bndmq,first,0,1,64,10418,150,100000000,100012800,55183,42904915,42976839,1123.812,862.234,0.428994239,42906038.812,0.429005475,11831859776886657304,334084,334084,11831859776886657304
8,1,bndmq,first,1,1,64,10418,150,100000000,100012800,32570,45603084,45661322,909.969,508.906,0.455972476,45603993.969,0.455981574,11831859776886657304,334084,334084,11831859776886657304
8,1,bndmq,first,2,1,64,10418,150,100000000,100012800,27081,42140388,42180774,631.031,423.141,0.421349947,42141019.031,0.421356257,11831859776886657304,334084,334084,11831859776886657304
8,1,bndmq,first,3,1,64,10418,150,100000000,100012800,19236,44517188,44554789,587.516,300.562,0.445114905,44517775.516,0.445120780,11831859776886657304,334084,334084,11831859776886657304
8,1,bndmq,first,4,1,64,10418,150,100000000,100012800,23584,44958136,45001376,675.625,368.500,0.449523821,44958811.625,0.449530576,11831859776886657304,334084,334084,11831859776886657304
8,1,hash,first,0,1,64,10418,150,100000000,100012800,15058,136881692,136900718,297.281,235.281,1.368641734,136881989.281,1.368644706,11831859776886657304,334084,334084,11831859776886657304
8,1,hash,first,1,1,64,10418,150,100000000,100012800,15790,134953198,134972515,301.828,246.719,1.349359262,134953499.828,1.349362280,11831859776886657304,334084,334084,11831859776886657304
8,1,hash,first,2,1,64,10418,150,100000000,100012800,9007,134692317,134705973,213.375,140.734,1.346750786,134692530.375,1.346752919,11831859776886657304,334084,334084,11831859776886657304
8,1,hash,first,3,1,64,10418,150,100000000,100012800,11041,141977288,141992888,243.750,172.516,1.419591172,141977531.750,1.419593610,11831859776886657304,334084,334084,11831859776886657304
8,1,hash,first,4,1,64,10418,150,100000000,100012800,11742,143266367,143282728,255.641,183.469,1.432480313,143266622.641,1.432482869,11831859776886657304,334084,334084,11831859776886657304
8,1,aho_corasick,first,0,1,64,10418,150,100000000,100012800,655573,32095187,32771971,10574.750,10243.328,0.320910793,32105761.750,0.321016527,11831859776886657304,334084,334084,11831859776886657304
8,1,aho_corasick,first,1,1,64,10418,150,100000000,100012800,782971,33195281,33999281,12562.500,12233.922,0.331910325,33207843.500,0.332035934,11831859776886657304,334084,334084,11831859776886657304
8,1,aho_corasick,first,2,1,64,10418,150,100000000,100012800,628793,32376593,33044218,10431.641,9824.891,0.323724493,32387024.641,0.323828796,11831859776886657304,334084,334084,11831859776886657304
8,1,aho_corasick,first,3,1,64,10418,150,100000000,100012800,618264,32133064,32777697,10072.391,9660.375,0.321289515,32143136.391,0.321390226,11831859776886657304,334084,334084,11831859776886657304
8,1,aho_corasick,first,4,1,64,10418,150,100000000,100012800,614216,32572739,33211591,9982.062,9597.125,0.325685702,32582721.062,0.325785510,11831859776886657304,334084,334084,11831859776886657304
8,2,hash,first,0,1,64,10418,150,100000000,100012800,20619,140191481,140215416,373.984,322.172,1.401735388,140191854.984,1.401739127,3099943240214513149,334832,334832,3099943240214513149
8,2,hash,first,1,1,64,10418,150,100000000,100012800,19477,140401209,140424352,361.609,304.328,1.403832399,140401570.609,1.403836015,3099943240214513149,334832,334832,3099943240214513149
8,2,hash,first,2,1,64,10418,150,100000000,100012800,11672,149643010,149660132,267.531,182.375,1.496238581,149643277.531,1.496241256,3099943240214513149,334832,334832,3099943240214513149
8,2,hash,first,3,1,64,10418,150,100000000,100012800,15790,146538969,146559137,315.125,246.719,1.465202144,146539284.125,1.465205295,3099943240214513149,334832,334832,3099943240214513149
8,2,hash,first,4,1,64,10418,150,100000000,100012800,14166,142563677,142582191,289.281,221.344,1.425454312,142563966.281,1.425457204,3099943240214513149,334832,334832,3099943240214513149
8,2,bndmq,first,0,1,64,10418,150,100000000,100012800,76663,79624135,79734641,1726.656,1197.859,0.796139444,79625861.656,0.796156709,3099943240214513149,334832,334832,3099943240214513149
8,2,bndmq,first,1,1,64,10418,150,100000000,100012800,61414,82757924,82846831,1389.172,959.594,0.827473323,82759313.172,0.827487213,3099943240214513149,334832,334832,3099943240214513149
8,2,bndmq,first,2,1,64,10418,150,100000000,100012800,51796,83036819,83117909,1267.031,809.312,0.830261916,83038086.031,0.830274585,3099943240214513149,334832,334832,3099943240214513149
8,2,bndmq,first,3,1,64,10418,150,100000000,100012800,56866,78403371,78485604,1284.891,888.531,0.783933367,78404655.891,0.783946214,3099943240214513149,334832,334832,3099943240214513149
8,2,bndmq,first,4,1,64,10418,150,100000000,100012800,48471,78715520,78790971,1178.922,757.359,0.787054457,78716698.922,0.787066245,3099943240214513149,334832,334832,3099943240214513149
8,2,aho_corasick,first,0,1,64,10418,150,100000000,100012800,867519,376846909,377736089,13893.438,13554.984,3.767986788,376860802.438,3.768125704,3099943240214513149,334832,334832,3099943240214513149
8,2,aho_corasick,first,1,1,64,10418,150,100000000,100012800,823196,387678882,388540911,13469.203,12862.438,3.876292655,387692351.203,3.876427329,3099943240214513149,334832,334832,3099943240214513149
8,2,aho_corasick,first,2,1,64,10418,150,100000000,100012800,762553,396804072,397593616,12336.625,11914.891,3.967532876,396816408.625,3.967656226,3099943240214513149,334832,334832,3099943240214513149
8,2,aho_corasick,first,3,1,64,10418,150,100000000,100012800,779084,391238429,392043101,12573.000,12173.188,3.911883569,391251002.000,3.912009283,3099943240214513149,334832,334832,3099943240214513149
8,2,aho_corasick,first,4,1,64,10418,150,100000000,100012800,766340,389800791,390594672,12404.391,11974.062,3.897509029,389813195.391,3.897633057,3099943240214513149,334832,334832,3099943240214513149
8,4,aho_corasick,first,0,1,64,10418,150,100000000,100012800,1286319,150828353,152139038,20479.453,20098.734,1.508090494,150848832.453,1.508295263,13161013319866952324,336392,336392,13161013319866952324
8,4,aho_corasick,first,1,1,64,10418,150,100000000,100012800,1095624,150565656,151681818,17440.031,17119.125,1.505463861,150583096.031,1.505638239,13161013319866952324,336392,336392,13161013319866952324
8,4,aho_corasick,first,2,1,64,10418,150,100000000,100012800,1024732,158049663,159102618,16452.422,16011.438,1.580294352,158066115.422,1.580458855,13161013319866952324,336392,336392,13161013319866952324
8,4,aho_corasick,first,3,1,64,10418,150,100000000,100012800,1292552,152647058,153982731,20869.891,20196.125,1.526275217,152667927.891,1.526483889,13161013319866952324,336392,336392,13161013319866952324
8,4,aho_corasick,first,4,1,64,10418,150,100000000,100012800,1032567,160469588,161538873,16707.578,16133.859,1.604490505,160486295.578,1.604657560,13161013319866952324,336392,336392,13161013319866952324
8,4,bndmq,first,0,1,64,10418,150,100000000,100012800,161121,155197032,155398488,3147.750,2517.516,1.551771693,155200179.750,1.551803167,13161013319866952324,336392,336392,13161013319866952324
8,4,bndmq,first,1,1,64,10418,150,100000000,100012800,137537,148045417,148211347,2592.656,2149.016,1.480264696,148048009.656,1.480290619,13161013319866952324,336392,336392,13161013319866952324
8,4,bndmq,first,2,1,64,10418,150,100000000,100012800,115446,151087759,151225637,2154.344,1803.844,1.510684222,151089913.344,1.510705763,13161013319866952324,336392,336392,13161013319866952324
8,4,bndmq,first,3,1,64,10418,150,100000000,100012800,119242,151053662,151207208,2399.156,1863.156,1.510343296,151056061.156,1.510367285,13161013319866952324,336392,336392,13161013319866952324
8,4,bndmq,first,4,1,64,10418,150,100000000,100012800,119904,154674201,154825273,2360.500,1873.500,1.546544052,154676561.500,1.546567654,13161013319866952324,336392,336392,13161013319866952324
8,4,hash,first,0,1,64,10418,150,100000000,100012800,33322,155542138,155580369,597.359,520.656,1.555222312,155542735.359,1.555228284,13161013319866952324,336392,336392,13161013319866952324
8,4,hash,first,1,1,64,10418,150,100000000,100012800,28954,152677846,152712231,537.266,452.406,1.526583057,152678383.266,1.526588429,13161013319866952324,336392,336392,13161013319866952324
8,4,hash,first,2,1,64,10418,150,100000000,100012800,19736,159597672,159622628,389.938,308.375,1.595772461,159598061.938,1.595776360,13161013319866952324,336392,336392,13161013319866952324
8,4,hash,first,3,1,64,10418,150,100000000,100012800,29905,157243004,157278719,558.047,467.266,1.572228795,157243562.047,1.572234374,13161013319866952324,336392,336392,13161013319866952324
8,4,hash,first,4,1,64,10418,150,100000000,100012800,20859,162220565,162246954,412.328,325.922,1.621998034,162220977.328,1.622002157,13161013319866952324,336392,336392,13161013319866952324
8,8,bndmq,first,0,1,32,20834,150,100000000,100003200,144851,288261406,288437786,5511.875,4526.594,2.882521819,288266917.875,2.882576936,13816821555219222456,338977,338977,13816821555219222456
8,8,bndmq,first,1,1,32,20834,150,100000000,100003200,122519,290404104,290560646,4891.938,3828.719,2.903948114,290408995.938,2.903997031,13816821555219222456,338977,338977,13816821555219222456
8,8,bndmq,first,2,1,32,20834,150,100000000,100003200,107911,292982238,293120225,4312.094,3372.219,2.929728629,292986550.094,2.929771748,13816821555219222456,338977,338977,13816821555219222456
8,8,bndmq,first,3,1,32,20834,150,100000000,100003200,104255,292465249,292603928,4333.719,3257.969,2.924558904,292469582.719,2.924602240,13816821555219222456,338977,338977,13816821555219222456
8,8,bndmq,first,4,1,32,20834,150,100000000,100003200,107861,286139137,286280540,4418.844,3370.656,2.861299808,286143555.844,2.861343995,13816821555219222456,338977,338977,13816821555219222456
8,8,aho_corasick,first,0,1,32,20834,150,100000000,100003200,937790,154624518,155585851,30041.656,29305.938,1.546195702,154654559.656,1.546496109,13816821555219222456,338977,338977,13816821555219222456
8,8,aho_corasick,first,1,1,32,20834,150,100000000,100003200,821403,151805171,152646331,26286.250,25668.844,1.518003134,151831457.250,1.518265988,13816821555219222456,338977,338977,13816821555219222456
8,8,aho_corasick,first,2,1,32,20834,150,100000000,100003200,762032,150275153,151057764,24456.594,23813.500,1.502703443,150299609.594,1.502948002,13816821555219222456,338977,338977,13816821555219222456
8,8,aho_corasick,first,3,1,32,20834,150,100000000,100003200,756201,151297611,152074100,24265.281,23631.281,1.512927696,151321876.281,1.513170341,13816821555219222456,338977,338977,13816821555219222456
8,8,aho_corasick,first,4,1,32,20834,150,100000000,100003200,745791,150815458,151584492,24032.312,23305.969,1.508106321,150839490.312,1.508346636,13816821555219222456,338977,338977,13816821555219222456
8,8,hash,first,0,1,32,20834,150,100000000,100003200,21320,179287546,179313665,816.219,666.250,1.792818090,179288362.219,1.792826252,13816821555219222456,338977,338977,13816821555219222456
8,8,hash,first,1,1,32,20834,150,100000000,100003200,21650,180104779,180131077,821.812,676.562,1.800990158,180105600.812,1.800998376,13816821555219222456,338977,338977,13816821555219222456
8,8,hash,first,2,1,32,20834,150,100000000,100003200,15589,176178059,176197645,612.062,487.156,1.761724215,176178671.062,1.761730335,13816821555219222456,338977,338977,13816821555219222456
8,8,hash,first,3,1,32,20834,150,100000000,100003200,14988,179136200,179154554,573.562,468.375,1.791304678,179136773.562,1.791310414,13816821555219222456,338977,338977,13816821555219222456
8,8,hash,first,4,1,32,20834,150,100000000,100003200,14287,181802705,181821280,580.469,446.469,1.817968875,181803285.469,1.817974679,13816821555219222456,338977,338977,13816821555219222456
8,16,bndmq,first,0,1,16,41668,150,100000000,100003200,150130,570682810,570861573,11172.688,9383.125,5.706645487,570693982.688,5.706757211,4571902826660816803,344758,344758,4571902826660816803
8,16,bndmq,first,1,1,16,41668,150,100000000,100003200,86361,584273103,584383559,6903.500,5397.562,5.842544069,584280006.500,5.842613101,4571902826660816803,344758,344758,4571902826660816803
8,16,bndmq,first,2,1,16,41668,150,100000000,100003200,84718,577227603,577341295,7105.750,5294.875,5.772091323,577234708.750,5.772162378,4571902826660816803,344758,344758,4571902826660816803
8,16,bndmq,first,3,1,16,41668,150,100000000,100003200,85360,574962916,575077721,7175.312,5335.000,5.749445178,574970091.312,5.749516929,4571902826660816803,344758,344758,4571902826660816803
8,16,bndmq,first,4,1,16,41668,150,100000000,100003200,86672,567719178,567834133,7184.688,5417.000,5.677010116,567726362.688,5.677081960,4571902826660816803,344758,344758,4571902826660816803
8,16,hash,first,0,1,16,41668,150,100000000,100003200,16471,183039916,183059773,1241.062,1029.438,1.830340589,183041157.062,1.830352999,4571902826660816803,344758,344758,4571902826660816803
8,16,hash,first,1,1,16,41668,150,100000000,100003200,15760,181762760,181782428,1229.250,985.000,1.817569438,181763989.250,1.817581730,4571902826660816803,344758,344758,4571902826660816803
8,16,hash,first,2,1,16,41668,150,100000000,100003200,10680,178111981,178126598,913.562,667.500,1.781062816,178112894.562,1.781071951,4571902826660816803,344758,344758,4571902826660816803
8,16,hash,first,3,1,16,41668,150,100000000,100003200,9859,177547198,177560113,807.188,616.188,1.775415167,177548005.188,1.775423238,4571902826660816803,344758,344758,4571902826660816803
8,16,hash,first,4,1,16,41668,150,100000000,100003200,11050,182759002,182774571,973.062,690.625,1.827531539,182759975.062,1.827541269,4571902826660816803,344758,344758,4571902826660816803
8,16,aho_corasick,first,0,1,16,41668,150,100000000,100003200,816306,158591404,159419924,51782.500,51019.125,1.585863292,158643186.500,1.586381101,4571902826660816803,344758,344758,4571902826660816803
8,16,aho_corasick,first,1,1,16,41668,150,100000000,100003200,786999,157644709,158448018,50206.812,49187.438,1.576396645,157694915.812,1.576898697,4571902826660816803,344758,344758,4571902826660816803
8,16,aho_corasick,first,2,1,16,41668,150,100000000,100003200,705947,153287053,154025761,46169.250,44121.688,1.532821480,153333222.250,1.533283157,4571902826660816803,344758,344758,4571902826660816803
8,16,aho_corasick,first,3,1,16,41668,150,100000000,100003200,694906,162672549,163385789,44577.500,43431.625,1.626673436,162717126.500,1.627119197,4571902826660816803,344758,344758,4571902826660816803
8,16,aho_corasick,first,4,1,16,41668,150,100000000,100003200,611701,154029824,154659639,39363.438,38231.312,1.540248952,154069187.438,1.540642574,4571902826660816803,344758,344758,4571902826660816803
8,32,aho_corasick,first,0,1,8,83334,150,100000000,100000800,551509,157926434,158485748,69914.250,68938.625,1.579251706,157996348.250,1.579950843,51109657250271329,355665,355665,51109657250271329
8,32,aho_corasick,first,1,1,8,83334,150,100000000,100000800,531763,156883287,157426161,67859.250,66470.375,1.568820319,156951146.250,1.569498907,51109657250271329,355665,355665,51109657250271329
8,32,aho_corasick,first,2,1,8,83334,150,100000000,100000800,544616,158136626,158691441,69351.875,68077.000,1.581353609,158205977.875,1.582047122,51109657250271329,355665,355665,51109657250271329
8,32,aho_corasick,first,3,1,8,83334,150,100000000,100000800,523577,158599514,159151123,68951.125,65447.125,1.585982452,158668465.125,1.586671958,51109657250271329,355665,355665,51109657250271329
8,32,aho_corasick,first,4,1,8,83334,150,100000000,100000800,639253,155354075,156008756,81835.125,79906.625,1.553528322,155435910.125,1.554346666,51109657250271329,355665,355665,51109657250271329
8,32,bndmq,first,0,1,8,83334,150,100000000,100000800,129773,1111759736,1111912001,19033.125,16221.625,11.117508420,1111778769.125,11.117698750,51109657250271329,355665,355665,51109657250271329
8,32,bndmq,first,1,1,8,83334,150,100000000,100000800,68027,1084506417,1084596244,11228.375,8503.375,10.844977410,1084517645.375,10.845089693,51109657250271329,355665,355665,51109657250271329
8,32,bndmq,first,2,1,8,83334,150,100000000,100000800,59531,1093109930,1093194467,10567.125,7441.375,10.931011852,1093120497.125,10.931117522,51109657250271329,355665,355665,51109657250271329
8,32,bndmq,first,3,1,8,83334,150,100000000,100000800,62878,1103345055,1103433671,11077.000,7859.750,11.033362283,1103356132.000,11.033473052,51109657250271329,355665,355665,51109657250271329
8,32,bndmq,first,4,1,8,83334,150,100000000,100000800,65172,1089629151,1089719439,11286.000,8146.500,10.896204340,1089640437.000,10.896317199,51109657250271329,355665,355665,51109657250271329
8,32,hash,first,0,1,8,83334,150,100000000,100000800,13846,172763244,172780507,2157.875,1730.750,1.727618619,172765401.875,1.727640198,51109657250271329,355665,355665,51109657250271329
8,32,hash,first,1,1,8,83334,150,100000000,100000800,18695,175364768,175386468,2712.500,2336.875,1.753633651,175367480.500,1.753660776,51109657250271329,355665,355665,51109657250271329
8,32,hash,first,2,1,8,83334,150,100000000,100000800,16881,186549562,186570230,2583.500,2110.125,1.865480696,186552145.500,1.865506531,51109657250271329,355665,355665,51109657250271329
8,32,hash,first,3,1,8,83334,150,100000000,100000800,10609,183284056,183297922,1733.250,1326.125,1.832825897,183285789.250,1.832843230,51109657250271329,355665,355665,51109657250271329
8,32,hash,first,4,1,8,83334,150,100000000,100000800,10119,180849413,180863529,1764.500,1264.875,1.808479662,180851177.500,1.808497307,51109657250271329,355665,355665,51109657250271329
8,64,aho_corasick,first,0,1,4,166668,150,100000000,100000800,492239,155771605,156270786,124795.250,123059.750,1.557703588,155896400.250,1.558951531,16792657837516167646,376926,376926,16792657837516167646
8,64,aho_corasick,first,1,1,4,166668,150,100000000,100000800,557179,162091285,162657000,141428.750,139294.750,1.620899883,162232713.750,1.622314159,16792657837516167646,376926,376926,16792657837516167646
8,64,aho_corasick,first,2,1,4,166668,150,100000000,100000800,451282,166704973,167167005,115508.000,112820.500,1.667036394,166820481.000,1.668191464,16792657837516167646,376926,376926,16792657837516167646
8,64,aho_corasick,first,3,1,4,166668,150,100000000,100000800,560325,160111846,160681148,142325.500,140081.250,1.601105651,160254171.500,1.602528895,16792657837516167646,376926,376926,16792657837516167646
8,64,aho_corasick,first,4,1,4,166668,150,100000000,100000800,474786,153478940,153977150,124552.500,118696.500,1.534777122,153603492.500,1.536022637,16792657837516167646,376926,376926,16792657837516167646
8,64,hash,first,0,1,4,166668,150,100000000,100000800,11411,189725985,189740272,3571.750,2852.750,1.897244672,189729556.750,1.897280389,16792657837516167646,376926,376926,16792657837516167646
8,64,hash,first,1,1,4,166668,150,100000000,100000800,13686,195413787,195430889,4275.500,3421.500,1.954122237,195418062.500,1.954164992,16792657837516167646,376926,376926,16792657837516167646
8,64,hash,first,2,1,4,166668,150,100000000,100000800,6372,194425994,194435612,2404.500,1593.000,1.944244386,194428398.500,1.944268431,16792657837516167646,376926,376926,16792657837516167646
8,64,hash,first,3,1,4,166668,150,100000000,100000800,6502,200015197,200024925,2432.000,1625.500,2.000135969,200017629.000,2.000160289,16792657837516167646,376926,376926,16792657837516167646
8,64,hash,first,4,1,4,166668,150,100000000,100000800,6211,202628087,202637053,2241.500,1552.750,2.026264660,202630328.500,2.026287075,16792657837516167646,376926,376926,16792657837516167646
8,128,aho_corasick,first,0,1,2,333334,150,100000000,100000200,454277,162512836,162987120,237142.000,227138.500,1.625125110,162749978.000,1.627496525,11673502218901181232,414449,414449,11673502218901181232
8,128,aho_corasick,first,1,1,2,333334,150,100000000,100000200,515713,157380228,157916299,268035.500,257856.500,1.573799132,157648263.500,1.576479482,11673502218901181232,414449,414449,11673502218901181232
8,128,aho_corasick,first,2,1,2,333334,150,100000000,100000200,412951,155795914,156215117,209601.500,206475.500,1.557956024,156005515.500,1.560052035,11673502218901181232,414449,414449,11673502218901181232
8,128,aho_corasick,first,3,1,2,333334,150,100000000,100000200,429431,160697143,161132535,217696.000,214715.500,1.606968216,160914839.000,1.609145172,11673502218901181232,414449,414449,11673502218901181232
8,128,aho_corasick,first,4,1,2,333334,150,100000000,100000200,394466,152993246,153393894,200324.000,197233.000,1.529929400,153193570.000,1.531932636,11673502218901181232,414449,414449,11673502218901181232
8,128,hash,first,0,1,2,333334,150,100000000,100000200,16922,165109787,165129364,9788.500,8461.000,1.651094568,165119575.500,1.651192453,11673502218901181232,414449,414449,11673502218901181232
8,128,hash,first,1,1,2,333334,150,100000000,100000200,12613,164213237,164228385,7574.000,6306.500,1.642129086,164220811.000,1.642204826,11673502218901181232,414449,414449,11673502218901181232
8,128,hash,first,2,1,2,333334,150,100000000,100000200,5861,171231484,171239950,4233.000,2930.500,1.712311415,171235717.000,1.712353745,11673502218901181232,414449,414449,11673502218901181232
8,128,hash,first,3,1,2,333334,150,100000000,100000200,6032,197630610,197639357,4373.500,3016.000,1.976302147,197634983.500,1.976345882,11673502218901181232,414449,414449,11673502218901181232
8,128,hash,first,4,1,2,333334,150,100000000,100000200,6112,165953780,165962707,4463.500,3056.000,1.659534481,165958243.500,1.659579116,11673502218901181232,414449,414449,11673502218901181232
8,256,hash,first,0,1,1,666668,150,100000000,100000200,9087,149370250,149381231,10981.000,9087.000,1.493699513,149381231.000,1.493809322,7806435798518319814,476431,476431,7806435798518319814
8,256,hash,first,1,1,1,666668,150,100000000,100000200,16220,151494214,151512548,18334.000,16220.000,1.514939110,151512548.000,1.515122450,7806435798518319814,476431,476431,7806435798518319814
8,256,hash,first,2,1,1,666668,150,100000000,100000200,5080,150946277,150953431,7154.000,5080.000,1.509459751,150953431.000,1.509531291,7806435798518319814,476431,476431,7806435798518319814
8,256,hash,first,3,1,1,666668,150,100000000,100000200,5370,155803593,155811117,7524.000,5370.000,1.558032814,155811117.000,1.558108054,7806435798518319814,476431,476431,7806435798518319814
8,256,hash,first,4,1,1,666668,150,100000000,100000200,5290,150708815,150716579,7764.000,5290.000,1.507085136,150716579.000,1.507162776,7806435798518319814,476431,476431,7806435798518319814
8,256,aho_corasick,first,0,1,1,666668,150,100000000,100000200,468304,145252927,145731801,478874.000,468304.000,1.452526365,145731801.000,1.457315095,7806435798518319814,476431,476431,7806435798518319814
8,256,aho_corasick,first,1,1,1,666668,150,100000000,100000200,392232,146364683,146760271,395588.000,392232.000,1.463643903,146760271.000,1.467599775,7806435798518319814,476431,476431,7806435798518319814
8,256,aho_corasick,first,2,1,1,666668,150,100000000,100000200,394306,151547793,151961505,413712.000,394306.000,1.515474899,151961505.000,1.519612011,7806435798518319814,476431,476431,7806435798518319814
8,256,aho_corasick,first,3,1,1,666668,150,100000000,100000200,449659,149364079,149818447,454368.000,449659.000,1.493637803,149818447.000,1.498181474,7806435798518319814,476431,476431,7806435798518319814
8,256,aho_corasick,first,4,1,1,666668,150,100000000,100000200,372625,151474433,151850565,376132.000,372625.000,1.514741301,151850565.000,1.518502613,7806435798518319814,476431,476431,7806435798518319814
8,1000,hash,first,0,1,1,666668,150,100000000,100000200,36839,97354657,97394531,39874.000,36839.000,0.973544623,97394531.000,0.973943362,17495744415230161503,629659,629659,17495744415230161503
8,1000,hash,first,1,1,1,666668,150,100000000,100000200,47319,100289651,100340827,51176.000,47319.000,1.002894504,100340827.000,1.003406263,17495744415230161503,629659,629659,17495744415230161503
8,1000,hash,first,2,1,1,666668,150,100000000,100000200,13886,100049888,100066699,16811.000,13886.000,1.000496879,100066699.000,1.000664989,17495744415230161503,629659,629659,17495744415230161503
8,1000,hash,first,3,1,1,666668,150,100000000,100000200,13626,104779272,104796284,17012.000,13626.000,1.047790624,104796284.000,1.047960744,17495744415230161503,629659,629659,17495744415230161503
8,1000,hash,first,4,1,1,666668,150,100000000,100000200,14076,107709871,107727303,17432.000,14076.000,1.077096556,107727303.000,1.077270875,17495744415230161503,629659,629659,17495744415230161503
8,1000,aho_corasick,first,0,1,1,666668,150,100000000,100000200,1403408,128797839,130233658,1435819.000,1403408.000,1.287975814,130233658.000,1.302333975,17495744415230161503,629659,629659,17495744415230161503
8,1000,aho_corasick,first,1,1,1,666668,150,100000000,100000200,1670036,132017529,133694478,1676949.000,1670036.000,1.320172650,133694478.000,1.336942106,17495744415230161503,629659,629659,17495744415230161503
8,1000,aho_corasick,first,2,1,1,666668,150,100000000,100000200,1226238,129961351,131194542,1233191.000,1226238.000,1.299610911,131194542.000,1.311942796,17495744415230161503,629659,629659,17495744415230161503
8,1000,aho_corasick,first,3,1,1,666668,150,100000000,100000200,1416413,130470561,131893776,1423215.000,1416413.000,1.304703001,131893776.000,1.318935122,17495744415230161503,629659,629659,17495744415230161503
8,1000,aho_corasick,first,4,1,1,666668,150,100000000,100000200,1518653,130026833,131559041,1532208.000,1518653.000,1.300265729,131559041.000,1.315587779,17495744415230161503,629659,629659,17495744415230161503
8,10000,hash,first,0,1,1,666668,150,100000000,100000200,255487,49037499,49350403,312904.000,255487.000,0.490374009,49350403.000,0.493503043,5016691434576999751,666668,666668,5016691434576999751
8,10000,hash,first,1,1,1,666668,150,100000000,100000200,284952,48739357,49037954,298597.000,284952.000,0.487392595,49037954.000,0.490378559,5016691434576999751,666668,666668,5016691434576999751
8,10000,hash,first,2,1,1,666668,150,100000000,100000200,121526,48340780,48475551,134771.000,121526.000,0.483406833,48475551.000,0.484754540,5016691434576999751,666668,666668,5016691434576999751
8,10000,hash,first,3,1,1,666668,150,100000000,100000200,122108,50418524,50554588,136064.000,122108.000,0.504184232,50554588.000,0.505544869,5016691434576999751,666668,666668,5016691434576999751
8,10000,hash,first,4,1,1,666668,150,100000000,100000200,124452,48766216,48904133,137917.000,124452.000,0.487661185,48904133.000,0.489040352,5016691434576999751,666668,666668,5016691434576999751
8,10000,aho_corasick,first,0,1,1,666668,150,100000000,100000200,9831021,95879825,105831913,9952088.000,9831021.000,0.958796332,105831913.000,1.058317013,5016691434576999751,666668,666668,5016691434576999751
8,10000,aho_corasick,first,1,1,1,666668,150,100000000,100000200,10193150,91808074,102065042,10256968.000,10193150.000,0.918078904,102065042.000,1.020648379,5016691434576999751,666668,666668,5016691434576999751
8,10000,aho_corasick,first,2,1,1,666668,150,100000000,100000200,8932192,93595219,102589968,8994749.000,8932192.000,0.935950318,102589968.000,1.025897628,5016691434576999751,666668,666668,5016691434576999751
8,10000,aho_corasick,first,3,1,1,666668,150,100000000,100000200,8991465,93905795,102976628,9070833.000,8991465.000,0.939056072,102976628.000,1.029764220,5016691434576999751,666668,666668,5016691434576999751
8,10000,aho_corasick,first,4,1,1,666668,150,100000000,100000200,9324061,97927907,107320936,9393029.000,9324061.000,0.979277111,107320936.000,1.073207214,5016691434576999751,666668,666668,5016691434576999751
8,1,bndmq,all,0,1,64,10418,150,100000000,100012800,59972,59048272,59128081,1247.016,937.062,0.590407148,59049519.016,0.590419616,15469304397316885944,334084,334805,15469304397316885944
8,1,bndmq,all,1,1,64,10418,150,100000000,100012800,23874,58180329,58224060,683.297,373.031,0.581728829,58181012.297,0.581735661,15469304397316885944,334084,334805,15469304397316885944
8,1,bndmq,all,2,1,64,10418,150,100000000,100012800,20699,59602095,59643382,645.109,323.422,0.595944669,59602740.109,0.595951119,15469304397316885944,334084,334805,15469304397316885944
8,1,bndmq,all,3,1,64,10418,150,100000000,100012800,21891,54288278,54329464,643.531,342.047,0.542813300,54288921.531,0.542819734,15469304397316885944,334084,334805,15469304397316885944
8,1,bndmq,all,4,1,64,10418,150,100000000,100012800,20378,54773277,54814554,644.953,318.406,0.547662669,54773921.953,0.547669118,15469304397316885944,334084,334805,15469304397316885944
8,1,aho_corasick,all,0,1,64,10418,150,100000000,100012800,652017,58063290,58732849,10461.859,10187.766,0.580558589,58073751.859,0.580663194,15469304397316885944,334084,334805,15469304397316885944
8,1,aho_corasick,all,1,1,64,10418,150,100000000,100012800,612232,58720651,59348041,9802.969,9566.125,0.587131357,58730453.969,0.587229374,15469304397316885944,334084,334805,15469304397316885944
8,1,aho_corasick,all,2,1,64,10418,150,100000000,100012800,625167,58731767,59393212,10335.078,9768.234,0.587242503,58742102.078,0.587345841,15469304397316885944,334084,334805,15469304397316885944
8,1,aho_corasick,all,3,1,64,10418,150,100000000,100012800,720614,57849688,58593336,11619.500,11259.594,0.578422842,57861307.500,0.578539022,15469304397316885944,334084,334805,15469304397316885944
8,1,aho_corasick,all,4,1,64,10418,150,100000000,100012800,641787,58326274,58987597,10333.172,10027.922,0.583188092,58336607.172,0.583291410,15469304397316885944,334084,334805,15469304397316885944
8,1,hash,all,0,1,64,10418,150,100000000,100012800,17593,195396051,195417401,333.594,274.891,1.953710435,195396384.594,1.953713771,15469304397316885944,334084,334805,15469304397316885944
8,1,hash,all,1,1,64,10418,150,100000000,100012800,16761,196812691,196832579,310.750,261.891,1.967875022,196813001.750,1.967878129,15469304397316885944,334084,334805,15469304397316885944
8,1,hash,all,2,1,64,10418,150,100000000,100012800,7945,196702079,196715103,203.500,124.141,1.966769044,196702282.500,1.966771078,15469304397316885944,334084,334805,15469304397316885944
8,1,hash,all,3,1,64,10418,150,100000000,100012800,10830,192120768,192135776,234.500,169.219,1.920961797,192121002.500,1.920964142,15469304397316885944,334084,334805,15469304397316885944
8,1,hash,all,4,1,64,10418,150,100000000,100012800,8887,198459257,198473964,229.797,138.859,1.984338575,198459486.797,1.984340872,15469304397316885944,334084,334805,15469304397316885944
8,2,hash,all,0,1,64,10418,150,100000000,100012800,28063,204627871,204660011,502.188,438.484,2.046016820,204628373.188,2.046021841,5702288250772487782,334832,336228,5702288250772487782
8,2,hash,all,1,1,64,10418,150,100000000,100012800,20799,207478724,207503941,394.016,324.984,2.074521701,207479118.016,2.074525641,5702288250772487782,334832,336228,5702288250772487782
8,2,hash,all,2,1,64,10418,150,100000000,100012800,13716,213449429,213468044,290.859,214.312,2.134221110,213449719.859,2.134224018,5702288250772487782,334832,336228,5702288250772487782
8,2,hash,all,3,1,64,10418,150,100000000,100012800,13325,207033119,207053086,311.984,208.203,2.070066222,207033430.984,2.070069341,5702288250772487782,334832,336228,5702288250772487782
8,2,hash,all,4,1,64,10418,150,100000000,100012800,21861,211146427,211173087,416.562,341.578,2.111194037,211146843.562,2.111198202,5702288250772487782,334832,336228,5702288250772487782
8,2,bndmq,all,0,1,64,10418,150,100000000,100012800,75420,119147520,119249801,1598.141,1178.438,1.191322711,119149118.141,1.191338690,5702288250772487782,334832,336228,5702288250772487782
8,2,bndmq,all,1,1,64,10418,150,100000000,100012800,60162,108381085,108465823,1324.031,940.031,1.083672140,108382409.031,1.083685379,5702288250772487782,334832,336228,5702288250772487782
8,2,bndmq,all,2,1,64,10418,150,100000000,100012800,49032,108729546,108803565,1156.547,766.125,1.087156304,108730702.547,1.087167868,5702288250772487782,334832,336228,5702288250772487782
8,2,bndmq,all,3,1,64,10418,150,100000000,100012800,49252,109162793,109235619,1137.906,769.562,1.091488220,109163930.906,1.091499597,5702288250772487782,334832,336228,5702288250772487782
8,2,bndmq,all,4,1,64,10418,150,100000000,100012800,48120,109512424,109585981,1149.328,751.875,1.094984082,109513573.328,1.094995574,5702288250772487782,334832,336228,5702288250772487782
8,2,aho_corasick,all,0,1,64,10418,150,100000000,100012800,832332,533611102,534465365,13347.859,13005.188,5.335428085,533624449.859,5.335561547,5702288250772487782,334832,336228,5702288250772487782
8,2,aho_corasick,all,1,1,64,10418,150,100000000,100012800,894919,538492952,539426624,14588.625,13983.109,5.384240337,538507540.625,5.384386205,5702288250772487782,334832,336228,5702288250772487782
8,2,aho_corasick,all,2,1,64,10418,150,100000000,100012800,761130,532875963,533668862,12389.047,11892.656,5.328077636,532888352.047,5.328201511,5702288250772487782,334832,336228,5702288250772487782
8,2,aho_corasick,all,3,1,64,10418,150,100000000,100012800,760208,545503531,546291641,12314.219,11878.250,5.454337155,545515845.219,5.454460281,5702288250772487782,334832,336228,5702288250772487782
8,2,aho_corasick,all,4,1,64,10418,150,100000000,100012800,753216,540055376,540835362,12187.281,11769.000,5.399862578,540067563.281,5.399984435,5702288250772487782,334832,336228,5702288250772487782
8,4,bndmq,all,0,1,64,10418,150,100000000,100012800,164647,202537404,202737598,3128.031,2572.609,2.025114825,202540532.031,2.025146102,4317078111817196053,336392,339253,4317078111817196053
8,4,bndmq,all,1,1,64,10418,150,100000000,100012800,220551,199464308,199717760,3960.188,3446.109,1.994387798,199468268.188,1.994427395,4317078111817196053,336392,339253,4317078111817196053
8,4,bndmq,all,2,1,64,10418,150,100000000,100012800,115836,204896970,205046819,2341.391,1809.938,2.048707465,204899311.391,2.048730876,4317078111817196053,336392,339253,4317078111817196053
8,4,bndmq,all,3,1,64,10418,150,100000000,100012800,118501,202835205,202986818,2368.953,1851.578,2.028092454,202837573.953,2.028116141,4317078111817196053,336392,339253,4317078111817196053
8,4,bndmq,all,4,1,64,10418,150,100000000,100012800,117730,204691895,204832748,2200.828,1839.531,2.046656978,204694095.828,2.046678983,4317078111817196053,336392,339253,4317078111817196053
8,4,hash,all,0,1,64,10418,150,100000000,100012800,27110,219710187,219742246,500.922,423.594,2.196820677,219710687.922,2.196825686,4317078111817196053,336392,339253,4317078111817196053
8,4,hash,all,1,1,64,10418,150,100000000,100012800,27531,222141363,222174915,524.250,430.172,2.221129325,222141887.250,2.221134567,4317078111817196053,336392,339253,4317078111817196053
8,4,hash,all,2,1,64,10418,150,100000000,100012800,19657,220197628,220222926,395.281,307.141,2.201694463,220198023.281,2.201698415,4317078111817196053,336392,339253,4317078111817196053
8,4,hash,all,3,1,64,10418,150,100000000,100012800,30177,225928416,225963733,551.828,471.516,2.258995009,225928967.828,2.259000526,4317078111817196053,336392,339253,4317078111817196053
8,4,hash,all,4,1,64,10418,150,100000000,100012800,21049,223674444,223701394,421.094,328.891,2.236458173,223674865.094,2.236462384,4317078111817196053,336392,339253,4317078111817196053
8,4,aho_corasick,all,0,1,64,10418,150,100000000,100012800,1298131,212005721,213328519,20668.719,20283.297,2.119785877,212026389.719,2.119992538,4317078111817196053,336392,339253,4317078111817196053
8,4,aho_corasick,all,1,1,64,10418,150,100000000,100012800,1222381,196478372,197726070,19495.281,19099.703,1.964532260,196497867.281,1.964727188,4317078111817196053,336392,339253,4317078111817196053
8,4,aho_corasick,all,2,1,64,10418,150,100000000,100012800,1128035,209189248,210343361,18033.016,17625.547,2.091624752,209207281.016,2.091805059,4317078111817196053,336392,339253,4317078111817196053
8,4,aho_corasick,all,3,1,64,10418,150,100000000,100012800,1128916,209314152,210484795,18291.297,17639.312,2.092873632,209332443.297,2.093056522,4317078111817196053,336392,339253,4317078111817196053
8,4,aho_corasick,all,4,1,64,10418,150,100000000,100012800,1042305,209057461,210130603,16767.844,16286.016,2.090307051,209074228.844,2.090474708,4317078111817196053,336392,339253,4317078111817196053
8,8,hash,all,0,1,32,20834,150,100000000,100003200,22101,251645562,251672271,834.656,690.656,2.516375096,251646396.656,2.516383442,6130204625638352822,338977,344849,6130204625638352822
8,8,hash,all,1,1,32,20834,150,100000000,100003200,19877,257248536,257272882,760.812,621.156,2.572403043,257249296.812,2.572410651,6130204625638352822,338977,344849,6130204625638352822
8,8,hash,all,2,1,32,20834,150,100000000,100003200,12583,260828505,260845236,522.844,393.219,2.608201588,260829027.844,2.608206816,6130204625638352822,338977,344849,6130204625638352822
8,8,hash,all,3,1,32,20834,150,100000000,100003200,13445,261386654,261404067,544.156,420.156,2.613782899,261387198.156,2.613788340,6130204625638352822,338977,344849,6130204625638352822
8,8,hash,all,4,1,32,20834,150,100000000,100003200,14287,266271419,266289172,554.781,446.469,2.662628986,266271973.781,2.662634534,6130204625638352822,338977,344849,6130204625638352822
8,8,aho_corasick,all,0,1,32,20834,150,100000000,100003200,956835,217465575,218444121,30579.562,29901.094,2.174586163,217496154.562,2.174891949,6130204625638352822,338977,344849,6130204625638352822
8,8,aho_corasick,all,1,1,32,20834,150,100000000,100003200,896102,207380722,208300959,28757.406,28003.188,2.073740860,207409479.406,2.074028425,6130204625638352822,338977,344849,6130204625638352822
8,8,aho_corasick,all,2,1,32,20834,150,100000000,100003200,935135,194195032,195153952,29966.250,29222.969,1.941888180,194224998.250,1.942187832,6130204625638352822,338977,344849,6130204625638352822
8,8,aho_corasick,all,3,1,32,20834,150,100000000,100003200,1018681,210839976,211885747,32680.344,31833.781,2.108332293,210872656.344,2.108659086,6130204625638352822,338977,344849,6130204625638352822
8,8,aho_corasick,all,4,1,32,20834,150,100000000,100003200,758284,209106837,209891319,24515.062,23696.375,2.091001458,209131352.062,2.091246601,6130204625638352822,338977,344849,6130204625638352822
8,8,bndmq,all,0,1,32,20834,150,100000000,100003200,140322,401639534,401815743,5506.531,4385.062,4.016266819,401645040.531,4.016321883,6130204625638352822,338977,344849,6130204625638352822
8,8,bndmq,all,1,1,32,20834,150,100000000,100003200,107791,412524913,412668342,4482.156,3368.469,4.125117126,412529395.156,4.125161946,6130204625638352822,338977,344849,6130204625638352822
8,8,bndmq,all,2,1,32,20834,150,100000000,100003200,111508,396326781,396469066,4446.406,3484.625,3.963140989,396331227.406,3.963185452,6130204625638352822,338977,344849,6130204625638352822
8,8,bndmq,all,3,1,32,20834,150,100000000,100003200,105136,398592974,398731121,4317.094,3285.500,3.985802194,398597291.094,3.985845364,6130204625638352822,338977,344849,6130204625638352822
8,8,bndmq,all,4,1,32,20834,150,100000000,100003200,104986,399484869,399630831,4561.312,3280.812,3.994720859,399489430.312,3.994766471,6130204625638352822,338977,344849,6130204625638352822
8,16,aho_corasick,all,0,1,16,41668,150,100000000,100003200,654832,224882967,225549982,41688.438,40927.000,2.248757710,224924655.438,2.249174581,14233145579198333758,344758,356222,14233145579198333758
8,16,aho_corasick,all,1,1,16,41668,150,100000000,100003200,634624,215257923,215909619,40731.000,39664.000,2.152510350,215298654.000,2.152917647,14233145579198333758,344758,356222,14233145579198333758
8,16,aho_corasick,all,2,1,16,41668,150,100000000,100003200,598717,198262481,198877939,38466.125,37419.812,1.982561368,198300947.125,1.982946017,14233145579198333758,344758,356222,14233145579198333758
8,16,aho_corasick,all,3,1,16,41668,150,100000000,100003200,648520,199530221,200201173,41934.500,40532.500,1.995238362,199572155.500,1.995657694,14233145579198333758,344758,356222,14233145579198333758
8,16,aho_corasick,all,4,1,16,41668,150,100000000,100003200,726365,206143198,206890372,46698.375,45397.812,2.061366016,206189896.375,2.061832985,14233145579198333758,344758,356222,14233145579198333758
8,16,hash,all,0,1,16,41668,150,100000000,100003200,29165,264142310,264175482,2073.250,1822.812,2.641338577,264144383.250,2.641359309,14233145579198333758,344758,356222,14233145579198333758
8,16,hash,all,1,1,16,41668,150,100000000,100003200,16881,258711674,258733094,1338.750,1055.062,2.587033955,258713012.750,2.587047342,14233145579198333758,344758,356222,14233145579198333758
8,16,hash,all,2,1,16,41668,150,100000000,100003200,10830,260519500,260534728,951.750,676.875,2.605111636,260520451.750,2.605121154,14233145579198333758,344758,356222,14233145579198333758
8,16,hash,all,3,1,16,41668,150,100000000,100003200,11220,259376827,259392637,988.125,701.250,2.593685272,259377815.125,2.593695153,14233145579198333758,344758,356222,14233145579198333758
8,16,hash,all,4,1,16,41668,150,100000000,100003200,11021,257898740,257914470,983.125,688.812,2.578904875,257899723.125,2.578914706,14233145579198333758,344758,356222,14233145579198333758
8,16,bndmq,all,0,1,16,41668,150,100000000,100003200,136955,804167599,804339219,10726.250,8559.688,8.041418665,804178325.250,8.041525924,14233145579198333758,344758,356222,14233145579198333758
8,16,bndmq,all,1,1,16,41668,150,100000000,100003200,94967,799136864,799263991,7945.438,5935.438,7.991112924,799144809.438,7.991192376,14233145579198333758,344758,356222,14233145579198333758
8,16,bndmq,all,2,1,16,41668,150,100000000,100003200,97121,774061404,774195484,8380.000,6070.062,7.740366348,774069784.000,7.740450146,14233145579198333758,344758,356222,14233145579198333758
8,16,bndmq,all,3,1,16,41668,150,100000000,100003200,108863,767525475,767665486,8750.688,6803.938,7.675009150,767534225.688,7.675096654,14233145579198333758,344758,356222,14233145579198333758
8,16,bndmq,all,4,1,16,41668,150,100000000,100003200,94256,791549146,791663910,7172.750,5891.000,7.915238172,791556318.750,7.915309898,14233145579198333758,344758,356222,14233145579198333758
8,32,bndmq,all,0,1,8,83334,150,100000000,100000800,182701,1585532956,1585736966,25501.250,22837.625,15.855202718,1585558457.250,15.855457729,14404664046892465166,355665,379770,14404664046892465166
8,32,bndmq,all,1,1,8,83334,150,100000000,100000800,76442,1587252112,1587352379,12533.375,9555.250,15.872394141,1587264645.375,15.872519474,14404664046892465166,355665,379770,14404664046892465166
8,32,bndmq,all,2,1,8,83334,150,100000000,100000800,204241,1548266282,1548495449,28645.875,25530.125,15.482538960,1548294927.875,15.482825416,14404664046892465166,355665,379770,14404664046892465166
8,32,bndmq,all,3,1,8,83334,150,100000000,100000800,66213,1553957177,1554042716,10692.375,8276.625,15.539447454,1553967869.375,15.539554377,14404664046892465166,355665,379770,14404664046892465166
8,32,bndmq,all,4,1,8,83334,150,100000000,100000800,65162,1549641718,1549729623,10988.125,8145.250,15.496293210,1549652706.125,15.496403090,14404664046892465166,355665,379770,14404664046892465166
8,32,hash,all,0,1,8,83334,150,100000000,100000800,24496,256143309,256171481,3521.500,3062.000,2.561412599,256146830.500,2.561447813,14404664046892465166,355665,379770,14404664046892465166
8,32,hash,all,1,1,8,83334,150,100000000,100000800,15158,258614921,258634697,2472.000,1894.750,2.586128521,258617393.000,2.586153241,14404664046892465166,355665,379770,14404664046892465166
8,32,hash,all,2,1,8,83334,150,100000000,100000800,9568,262488348,262501552,1650.500,1196.000,2.624862481,262489998.500,2.624878986,14404664046892465166,355665,379770,14404664046892465166
8,32,hash,all,3,1,8,83334,150,100000000,100000800,8666,263717687,263730070,1547.875,1083.250,2.637155773,263719234.875,2.637171251,14404664046892465166,355665,379770,14404664046892465166
8,32,hash,all,4,1,8,83334,150,100000000,100000800,10339,264703571,264717456,1735.625,1292.375,2.647014534,264705306.625,2.647031890,14404664046892465166,355665,379770,14404664046892465166
8,32,aho_corasick,all,0,1,8,83334,150,100000000,100000800,572799,215856422,216437175,72594.125,71599.875,2.158546952,215929016.125,2.159272887,14404664046892465166,355665,379770,14404664046892465166
8,32,aho_corasick,all,1,1,8,83334,150,100000000,100000800,657456,213057458,213736816,84919.750,82182.000,2.130557536,213142377.750,2.131406726,14404664046892465166,355665,379770,14404664046892465166
8,32,aho_corasick,all,2,1,8,83334,150,100000000,100000800,572999,215821106,216405586,73060.000,71624.875,2.158193794,215894166.000,2.158924389,14404664046892465166,355665,379770,14404664046892465166
8,32,aho_corasick,all,3,1,8,83334,150,100000000,100000800,531202,212076838,212631934,69387.000,66400.250,2.120751414,212146225.000,2.121445278,14404664046892465166,355665,379770,14404664046892465166
8,32,aho_corasick,all,4,1,8,83334,150,100000000,100000800,600721,209568389,210184719,77041.250,75090.125,2.095667125,209645430.250,2.096437531,14404664046892465166,355665,379770,14404664046892465166
8,64,hash,all,0,1,4,166668,150,100000000,100000800,12173,293973126,293988695,3892.250,3043.250,2.939707742,293977018.250,2.939746665,9725545583101509681,376926,425755,9725545583101509681
8,64,hash,all,1,1,4,166668,150,100000000,100000800,15749,282023561,282042506,4736.250,3937.250,2.820213048,282028297.250,2.820260410,9725545583101509681,376926,425755,9725545583101509681
8,64,hash,all,2,1,4,166668,150,100000000,100000800,6012,283856468,283866517,2512.250,1503.000,2.838541972,283858980.250,2.838567094,9725545583101509681,376926,425755,9725545583101509681
8,64,hash,all,3,1,4,166668,150,100000000,100000800,7615,283097083,283107883,2700.000,1903.750,2.830948182,283099783.000,2.830975182,9725545583101509681,376926,425755,9725545583101509681
8,64,hash,all,4,1,4,166668,150,100000000,100000800,6352,281425765,281435974,2552.250,1588.000,2.814235136,281428317.250,2.814260658,9725545583101509681,376926,425755,9725545583101509681
8,64,aho_corasick,all,0,1,4,166668,150,100000000,100000800,492178,211446533,211945153,124655.000,123044.500,2.114448414,211571188.000,2.115694954,9725545583101509681,376926,425755,9725545583101509681
8,64,aho_corasick,all,1,1,4,166668,150,100000000,100000800,711006,207892623,208612555,179983.000,177751.500,2.078909599,208072606.000,2.080709414,9725545583101509681,376926,425755,9725545583101509681
8,64,aho_corasick,all,2,1,4,166668,150,100000000,100000800,661013,204882838,205552888,167512.500,165253.250,2.048811990,205050350.500,2.050487101,9725545583101509681,376926,425755,9725545583101509681
8,64,aho_corasick,all,3,1,4,166668,150,100000000,100000800,446363,195890023,196345754,113932.750,111590.750,1.958884559,196003955.750,1.960023877,9725545583101509681,376926,425755,9725545583101509681
8,64,aho_corasick,all,4,1,4,166668,150,100000000,100000800,473493,212212429,212711670,124810.250,118373.250,2.122107313,212337239.250,2.123355406,9725545583101509681,376926,425755,9725545583101509681
8,128,aho_corasick,all,0,1,2,333334,150,100000000,100000200,432126,227333803,227797347,231772.000,216063.000,2.273333483,227565575.000,2.275651199,5407792282334890173,414449,519547,5407792282334890173
8,128,aho_corasick,all,1,1,2,333334,150,100000000,100000200,476248,228270942,228767399,248228.500,238124.000,2.282704855,228519170.500,2.285187135,5407792282334890173,414449,519547,5407792282334890173
8,128,aho_corasick,all,2,1,2,333334,150,100000000,100000200,403052,218212894,218622138,204622.000,201526.000,2.182124576,218417516.000,2.184170792,5407792282334890173,414449,519547,5407792282334890173
8,128,aho_corasick,all,3,1,2,333334,150,100000000,100000200,644683,217711190,218366623,327716.500,322341.500,2.177107546,218038906.500,2.180384704,5407792282334890173,414449,519547,5407792282334890173
8,128,aho_corasick,all,4,1,2,333334,150,100000000,100000200,419202,214450275,214876040,212882.500,209601.000,2.144498461,214663157.500,2.146627282,5407792282334890173,414449,519547,5407792282334890173
8,128,hash,all,0,1,2,333334,150,100000000,100000200,10870,267780531,267793475,6472.000,5435.000,2.677799954,267787003.000,2.677864674,5407792282334890173,414449,519547,5407792282334890173
8,128,hash,all,1,1,2,333334,150,100000000,100000200,12172,268949970,268964627,7328.500,6086.000,2.689494321,268957298.500,2.689567606,5407792282334890173,414449,519547,5407792282334890173
8,128,hash,all,2,1,2,333334,150,100000000,100000200,5961,270337059,270346015,4478.000,2980.500,2.703365183,270341537.000,2.703409963,5407792282334890173,414449,519547,5407792282334890173
8,128,hash,all,3,1,2,333334,150,100000000,100000200,5531,262384606,262392962,4178.000,2765.500,2.623840812,262388784.000,2.623882592,5407792282334890173,414449,519547,5407792282334890173
8,128,hash,all,4,1,2,333334,150,100000000,100000200,5179,272157142,272164735,3796.500,2589.500,2.721565977,272160938.500,2.721603942,5407792282334890173,414449,519547,5407792282334890173
8,256,aho_corasick,all,0,1,1,666668,150,100000000,100000200,405587,243750009,244174872,424863.000,405587.000,2.437495215,244174872.000,2.441743837,16365778268280812528,476431,702428,16365778268280812528
8,256,aho_corasick,all,1,1,1,666668,150,100000000,100000200,445632,244501653,244950671,449018.000,445632.000,2.445011640,244950671.000,2.449501811,16365778268280812528,476431,702428,16365778268280812528
8,256,aho_corasick,all,2,1,1,666668,150,100000000,100000200,369690,252473173,252859474,386301.000,369690.000,2.524726681,252859474.000,2.528589683,16365778268280812528,476431,702428,16365778268280812528
8,256,aho_corasick,all,3,1,1,666668,150,100000000,100000200,371693,242075233,242450402,375169.000,371693.000,2.420747489,242450402.000,2.424499171,16365778268280812528,476431,702428,16365778268280812528
8,256,aho_corasick,all,4,1,1,666668,150,100000000,100000200,362627,248880081,249246175,366094.000,362627.000,2.488795832,249246175.000,2.492456765,16365778268280812528,476431,702428,16365778268280812528
8,256,hash,all,0,1,1,666668,150,100000000,100000200,8666,266278140,266289100,10960.000,8666.000,2.662776074,266289100.000,2.662885674,16365778268280812528,476431,702428,16365778268280812528
8,256,hash,all,1,1,1,666668,150,100000000,100000200,10730,265769699,265783385,13686.000,10730.000,2.657691675,265783385.000,2.657828534,16365778268280812528,476431,702428,16365778268280812528
8,256,hash,all,2,1,1,666668,150,100000000,100000200,6692,271288924,271298031,9107.000,6692.000,2.712883814,271298031.000,2.712974884,16365778268280812528,476431,702428,16365778268280812528
8,256,hash,all,3,1,1,666668,150,100000000,100000200,5580,265537795,265545930,8135.000,5580.000,2.655372639,265545930.000,2.655453989,16365778268280812528,476431,702428,16365778268280812528
8,256,hash,all,4,1,1,666668,150,100000000,100000200,6202,265855640,265864136,8496.000,6202.000,2.658551083,265864136.000,2.658636043,16365778268280812528,476431,702428,16365778268280812528
8,1000,hash,all,0,1,1,666668,150,100000000,100000200,61575,298342143,298407044,64901.000,61575.000,2.983415463,298407044.000,2.984064472,16309492777765039910,629659,1784146,16309492777765039910
8,1000,hash,all,1,1,1,666668,150,100000000,100000200,35967,302406059,302444922,38863.000,35967.000,3.024054542,302444922.000,3.024443171,16309492777765039910,629659,1784146,16309492777765039910
8,1000,hash,all,2,1,1,666668,150,100000000,100000200,13957,300033109,300050282,17173.000,13957.000,3.000325089,300050282.000,3.000496819,16309492777765039910,629659,1784146,16309492777765039910
8,1000,hash,all,3,1,1,666668,150,100000000,100000200,13745,298586802,298603413,16611.000,13745.000,2.985862048,298603413.000,2.986028158,16309492777765039910,629659,1784146,16309492777765039910
8,1000,hash,all,4,1,1,666668,150,100000000,100000200,13476,298739635,298756317,16682.000,13476.000,2.987390375,298756317.000,2.987557195,16309492777765039910,629659,1784146,16309492777765039910
8,1000,aho_corasick,all,0,1,1,666668,150,100000000,100000200,1409640,336863590,338310199,1446609.000,1409640.000,3.368629163,338310199.000,3.383095224,16309492777765039910,629659,1784146,16309492777765039910
8,1000,aho_corasick,all,1,1,1,666668,150,100000000,100000200,1343556,343948436,345298765,1350329.000,1343556.000,3.439477481,345298765.000,3.452980744,16309492777765039910,629659,1784146,16309492777765039910
8,1000,aho_corasick,all,2,1,1,666668,150,100000000,100000200,1245364,341107307,342359694,1252387.000,1245364.000,3.411066248,342359694.000,3.423590093,16309492777765039910,629659,1784146,16309492777765039910
8,1000,aho_corasick,all,3,1,1,666668,150,100000000,100000200,1212051,342798512,344020191,1221679.000,1212051.000,3.427978264,344020191.000,3.440195030,16309492777765039910,629659,1784146,16309492777765039910
8,1000,aho_corasick,all,4,1,1,666668,150,100000000,100000200,1250834,334656458,335925206,1268748.000,1250834.000,3.346557887,335925206.000,3.359245342,16309492777765039910,629659,1784146,16309492777765039910
8,10000,aho_corasick,all,0,1,1,666668,150,100000000,100000200,10519736,1398217916,1408881310,10663394.000,10519736.000,13.982151196,1408881310.000,14.088784922,12697652435316822687,666668,14833038,12697652435316822687
8,10000,aho_corasick,all,1,1,1,666668,150,100000000,100000200,10430423,1366941055,1377435588,10494533.000,10430423.000,13.669383211,1377435588.000,13.774328331,12697652435316822687,666668,14833038,12697652435316822687
8,10000,aho_corasick,all,2,1,1,666668,150,100000000,100000200,10146059,1378187376,1388396383,10209007.000,10146059.000,13.781846196,1388396383.000,13.883936062,12697652435316822687,666668,14833038,12697652435316822687
8,10000,aho_corasick,all,3,1,1,666668,150,100000000,100000200,9013235,1378844673,1387997528,9152855.000,9013235.000,13.788419153,1387997528.000,13.879947520,12697652435316822687,666668,14833038,12697652435316822687
8,10000,aho_corasick,all,4,1,1,666668,150,100000000,100000200,9886816,1354212839,1364167792,9954953.000,9886816.000,13.542101306,1364167792.000,13.641650637,12697652435316822687,666668,14833038,12697652435316822687
8,10000,hash,all,0,1,1,666668,150,100000000,100000200,302244,894106718,894462291,355573.000,302244.000,8.941049298,894462291.000,8.944605021,12697652435316822687,666668,14833038,12697652435316822687
8,10000,hash,all,1,1,1,666668,150,100000000,100000200,317743,897277660,897609740,332080.000,317743.000,8.972758654,897609740.000,8.976079448,12697652435316822687,666668,14833038,12697652435316822687
8,10000,hash,all,2,1,1,666668,150,100000000,100000200,128701,882044451,882187068,142617.000,128701.000,8.820426869,882187068.000,8.821853036,12697652435316822687,666668,14833038,12697652435316822687
8,10000,hash,all,3,1,1,666668,150,100000000,100000200,122669,888065021,888201626,136605.000,122669.000,8.880632449,888201626.000,8.881998496,12697652435316822687,666668,14833038,12697652435316822687
8,10000,hash,all,4,1,1,666668,150,100000000,100000200,123650,878125434,878262870,137436.000,123650.000,8.781236778,878262870.000,8.782611135,12697652435316822687,666668,14833038,12697652435316822687
10,1,bndmq,first,0,1,64,10418,150,100000000,100012800,65562,36355977,36439523,1305.406,1024.406,0.363513240,36357282.406,0.363526293,14455356997832963902,333423,333423,14455356997832963902
10,1,bndmq,first,1,1,64,10418,150,100000000,100012800,22672,36298915,36340533,650.281,354.250,0.362942693,36299565.281,0.362949195,14455356997832963902,333423,333423,14455356997832963902
10,1,bndmq,first,2,1,64,10418,150,100000000,100012800,20047,34886178,34931062,701.312,313.234,0.348817131,34886879.312,0.348824144,14455356997832963902,333423,333423,14455356997832963902
10,1,bndmq,first,3,1,64,10418,150,100000000,100012800,20809,34162815,34203030,628.359,325.141,0.341584427,34163443.359,0.341590710,14455356997832963902,333423,333423,14455356997832963902
10,1,bndmq,first,4,1,64,10418,150,100000000,100012800,20799,35128589,35169345,636.812,324.984,0.351240931,35129225.812,0.351247298,14455356997832963902,333423,333423,14455356997832963902
10,1,aho_corasick,first,0,1,64,10418,150,100000000,100012800,694736,33669895,34385580,11182.578,10855.250,0.336655858,33681077.578,0.336767670,14455356997832963902,333423,333423,14455356997832963902
10,1,aho_corasick,first,1,1,64,10418,150,100000000,100012800,632780,33218770,33873050,10223.125,9887.188,0.332145185,33228993.125,0.332247404,14455356997832963902,333423,333423,14455356997832963902
10,1,aho_corasick,first,2,1,64,10418,150,100000000,100012800,657196,33167228,33861573,10849.141,10268.688,0.331629831,33178077.141,0.331738309,14455356997832963902,333423,333423,14455356997832963902
10,1,aho_corasick,first,3,1,64,10418,150,100000000,100012800,660713,34153638,34840670,10734.875,10323.641,0.341492669,34164372.875,0.341600004,14455356997832963902,333423,333423,14455356997832963902
10,1,aho_corasick,first,4,1,64,10418,150,100000000,100012800,637489,34161904,34826544,10385.000,9960.766,0.341575318,34172289.000,0.341679155,14455356997832963902,333423,333423,14455356997832963902
10,1,hash,first,0,1,64,10418,150,100000000,100012800,14858,138180629,138199144,289.297,232.156,1.381629441,138180918.297,1.381632334,14455356997832963902,333423,333423,14455356997832963902
10,1,hash,first,1,1,64,10418,150,100000000,100012800,18374,138993326,139015768,350.656,287.094,1.389755371,138993676.656,1.389758877,14455356997832963902,333423,333423,14455356997832963902
10,1,hash,first,2,1,64,10418,150,100000000,100012800,8817,138479527,138493173,213.219,137.766,1.384618039,138479740.219,1.384620171,14455356997832963902,333423,333423,14455356997832963902
10,1,hash,first,3,1,64,10418,150,100000000,100012800,8636,142336032,142350479,225.734,134.938,1.423178153,142336257.734,1.423180410,14455356997832963902,333423,333423,14455356997832963902
10,1,hash,first,4,1,64,10418,150,100000000,100012800,11862,146517814,146535517,276.609,185.344,1.464990621,146518090.609,1.464993387,14455356997832963902,333423,333423,14455356997832963902
10,2,hash,first,0,1,64,10418,150,100000000,100012800,33032,140670108,140707167,579.047,516.125,1.406521045,140670687.047,1.406526835,12089682975187837747,333467,333467,12089682975187837747
10,2,hash,first,1,1,64,10418,150,100000000,100012800,20839,147421837,147447184,396.047,325.609,1.474029694,147422233.047,1.474033654,12089682975187837747,333467,333467,12089682975187837747
10,2,hash,first,2,1,64,10418,150,100000000,100012800,14748,142959615,142979452,309.953,230.438,1.429413185,142959924.953,1.429416284,12089682975187837747,333467,333467,12089682975187837747
10,2,hash,first,3,1,64,10418,150,100000000,100012800,14898,141842683,141861188,289.141,232.781,1.418245295,141842972.141,1.418248186,12089682975187837747,333467,333467,12089682975187837747
10,2,hash,first,4,1,64,10418,150,100000000,100012800,14457,150013624,150032900,301.188,225.891,1.499944247,150013925.188,1.499947259,12089682975187837747,333467,333467,12089682975187837747
10,2,bndmq,first,0,1,64,10418,150,100000000,100012800,79258,66183701,66309516,1965.859,1238.406,0.661752306,66185666.859,0.661771962,12089682975187837747,333467,333467,12089682975187837747
10,2,bndmq,first,1,1,64,10418,150,100000000,100012800,61254,64538862,64629951,1423.266,957.094,0.645306021,64540285.266,0.645320252,12089682975187837747,333467,333467,12089682975187837747
10,2,bndmq,first,2,1,64,10418,150,100000000,100012800,50925,63591851,63675116,1301.016,795.703,0.635837123,63593152.016,0.635850131,12089682975187837747,333467,333467,12089682975187837747
10,2,bndmq,first,3,1,64,10418,150,100000000,100012800,52327,65666365,65750112,1308.547,817.609,0.656579608,65667673.547,0.656592692,12089682975187837747,333467,333467,12089682975187837747
10,2,bndmq,first,4,1,64,10418,150,100000000,100012800,50374,64427656,64508276,1259.688,787.094,0.644194103,64428915.688,0.644206698,12089682975187837747,333467,333467,12089682975187837747
10,2,aho_corasick,first,0,1,64,10418,150,100000000,100012800,854053,404317085,405196897,13747.062,13344.578,4.042653390,404330832.062,4.042790843,12089682975187837747,333467,333467,12089682975187837747
10,2,aho_corasick,first,1,1,64,10418,150,100000000,100012800,975901,416618163,417635020,15888.391,15248.453,4.165648427,416634051.391,4.165807291,12089682975187837747,333467,333467,12089682975187837747
10,2,aho_corasick,first,2,1,64,10418,150,100000000,100012800,1097308,408840943,409966253,17582.969,17145.438,4.087886181,408858525.969,4.088061988,12089682975187837747,333467,333467,12089682975187837747
10,2,aho_corasick,first,3,1,64,10418,150,100000000,100012800,998153,396370399,397394881,16007.531,15596.141,3.963196701,396386406.531,3.963356756,12089682975187837747,333467,333467,12089682975187837747
10,2,aho_corasick,first,4,1,64,10418,150,100000000,100012800,815020,403814727,404655885,13143.094,12734.688,4.037630453,403827870.094,4.037761867,12089682975187837747,333467,333467,12089682975187837747
10,4,bndmq,first,0,1,64,10418,150,100000000,100012800,177631,116387983,116616168,3565.391,2775.484,1.163730872,116391548.391,1.163766522,3192122639785875391,333563,333563,3192122639785875391
10,4,bndmq,first,1,1,64,10418,150,100000000,100012800,121567,113901814,114055181,2396.359,1899.484,1.138872364,113904210.359,1.138896325,3192122639785875391,333563,333563,3192122639785875391
10,4,bndmq,first,2,1,64,10418,150,100000000,100012800,115776,115489602,115643099,2398.391,1809.000,1.154748212,115492000.391,1.154772193,3192122639785875391,333563,333563,3192122639785875391
10,4,bndmq,first,3,1,64,10418,150,100000000,100012800,119523,118041747,118198920,2455.828,1867.547,1.180266396,118044202.828,1.180290951,3192122639785875391,333563,333563,3192122639785875391
10,4,bndmq,first,4,1,64,10418,150,100000000,100012800,118171,118961285,119114071,2387.281,1846.422,1.189460599,118963672.281,1.189484469,3192122639785875391,333563,333563,3192122639785875391
10,4,aho_corasick,first,0,1,64,10418,150,100000000,100012800,1389923,152687782,154108573,22199.859,21717.547,1.526682405,152709981.859,1.526904375,3192122639785875391,333563,333563,3192122639785875391
10,4,aho_corasick,first,1,1,64,10418,150,100000000,100012800,1274919,150045297,151347657,20349.375,19920.609,1.500260937,150065646.375,1.500464404,3192122639785875391,333563,333563,3192122639785875391
10,4,aho_corasick,first,2,1,64,10418,150,100000000,100012800,1158742,150980838,152168223,18552.891,18105.344,1.509615149,150999390.891,1.509800654,3192122639785875391,333563,333563,3192122639785875391
10,4,aho_corasick,first,3,1,64,10418,150,100000000,100012800,1123436,152174788,153328560,18027.688,17553.688,1.521553121,152192815.688,1.521733375,3192122639785875391,333563,333563,3192122639785875391
10,4,aho_corasick,first,4,1,64,10418,150,100000000,100012800,1124247,151622667,152777581,18045.531,17566.359,1.516032618,151640712.531,1.516213050,3192122639785875391,333563,333563,3192122639785875391
10,4,hash,first,0,1,64,10418,150,100000000,100012800,27321,153875741,153907139,490.594,426.891,1.538560474,153876231.594,1.538565380,3192122639785875391,333563,333563,3192122639785875391
10,4,hash,first,1,1,64,10418,150,100000000,100012800,27852,160896289,160930402,533.016,435.188,1.608756969,160896822.016,1.608762299,3192122639785875391,333563,333563,3192122639785875391
10,4,hash,first,2,1,64,10418,150,100000000,100012800,30457,152112030,152147467,553.703,475.891,1.520925622,152112583.703,1.520931158,3192122639785875391,333563,333563,3192122639785875391
10,4,hash,first,3,1,64,10418,150,100000000,100012800,26759,154565065,154597575,507.969,418.109,1.545452832,154565572.969,1.545457911,3192122639785875391,333563,333563,3192122639785875391
10,4,hash,first,4,1,64,10418,150,100000000,100012800,21019,155295758,155322357,415.609,328.422,1.552758827,155296173.609,1.552762982,3192122639785875391,333563,333563,3192122639785875391
10,8,aho_corasick,first,0,1,32,20834,150,100000000,100003200,1014122,153426946,154459031,32252.656,31691.312,1.534220365,153459198.656,1.534542881,7084820895419653285,333698,333698,7084820895419653285
10,8,aho_corasick,first,1,1,32,20834,150,100000000,100003200,1084647,160076048,161200740,35146.625,33895.219,1.600709257,160111194.625,1.601060712,7084820895419653285,333698,333698,7084820895419653285
10,8,aho_corasick,first,2,1,32,20834,150,100000000,100003200,1078672,157812410,158914768,34448.688,33708.500,1.578073602,157846858.688,1.578418077,7084820895419653285,333698,333698,7084820895419653285
10,8,aho_corasick,first,3,1,32,20834,150,100000000,100003200,1175813,161273062,162472649,37487.094,36744.156,1.612679014,161310549.094,1.613053873,7084820895419653285,333698,333698,7084820895419653285
10,8,aho_corasick,first,4,1,32,20834,150,100000000,100003200,868000,158486833,159377485,27832.875,27125.000,1.584817616,158514665.875,1.585095936,7084820895419653285,333698,333698,7084820895419653285
10,8,hash,first,0,1,32,20834,150,100000000,100003200,22983,175741901,175770013,878.500,718.219,1.757362774,175742779.500,1.757371559,7084820895419653285,333698,333698,7084820895419653285
10,8,hash,first,1,1,32,20834,150,100000000,100003200,21440,182730213,182755981,805.250,670.000,1.827243658,182731018.250,1.827251710,7084820895419653285,333698,333698,7084820895419653285
10,8,hash,first,2,1,32,20834,150,100000000,100003200,15429,183208666,183227561,590.469,482.156,1.832028035,183209256.469,1.832033940,7084820895419653285,333698,333698,7084820895419653285
10,8,hash,first,3,1,32,20834,150,100000000,100003200,14196,187125360,187143313,561.031,443.625,1.871193722,187125921.031,1.871199332,7084820895419653285,333698,333698,7084820895419653285
10,8,hash,first,4,1,32,20834,150,100000000,100003200,13755,184967534,184985117,549.469,429.844,1.849616152,184968083.469,1.849621647,7084820895419653285,333698,333698,7084820895419653285
10,8,bndmq,first,0,1,32,20834,150,100000000,100003200,143508,224737521,224925221,5865.625,4484.625,2.247303296,224743386.625,2.247361951,7084820895419653285,333698,333698,7084820895419653285
10,8,bndmq,first,1,1,32,20834,150,100000000,100003200,109475,225637896,225788968,4721.000,3421.094,2.256306758,225642617.000,2.256353967,7084820895419653285,333698,333698,7084820895419653285
10,8,bndmq,first,2,1,32,20834,150,100000000,100003200,123440,225959481,226116483,4906.312,3857.500,2.259522505,225964387.312,2.259571567,7084820895419653285,333698,333698,7084820895419653285
10,8,bndmq,first,3,1,32,20834,150,100000000,100003200,102782,223450035,223591850,4431.719,3211.938,2.234428848,223454466.719,2.234473164,7084820895419653285,333698,333698,7084820895419653285
10,8,bndmq,first,4,1,32,20834,150,100000000,100003200,107210,224750869,224893235,4448.938,3350.312,2.247436772,224755317.938,2.247481260,7084820895419653285,333698,333698,7084820895419653285
10,16,hash,first,0,1,16,41668,150,100000000,100003200,22222,179700824,179728226,1712.625,1388.875,1.796950738,179702536.625,1.796967863,5901400782479609918,334060,334060,5901400782479609918
10,16,hash,first,1,1,16,41668,150,100000000,100003200,16801,179607835,179628675,1302.500,1050.062,1.796020877,179609137.500,1.796033902,5901400782479609918,334060,334060,5901400782479609918
10,16,hash,first,2,1,16,41668,150,100000000,100003200,9638,184633319,184647625,894.125,602.375,1.846274109,184634213.125,1.846283050,5901400782479609918,334060,334060,5901400782479609918
10,16,hash,first,3,1,16,41668,150,100000000,100003200,10670,180433019,180448397,961.125,666.875,1.804272453,180433980.125,1.804282064,5901400782479609918,334060,334060,5901400782479609918
10,16,hash,first,4,1,16,41668,150,100000000,100003200,10640,180454146,180469084,933.625,665.000,1.804483717,180455079.625,1.804493052,5901400782479609918,334060,334060,5901400782479609918
10,16,bndmq,first,0,1,16,41668,150,100000000,100003200,128941,430470039,430628065,9876.625,8058.812,4.304562644,430479915.625,4.304661407,5901400782479609918,334060,334060,5901400782479609918
10,16,bndmq,first,1,1,16,41668,150,100000000,100003200,104084,437316227,437449406,8323.688,6505.250,4.373022333,437324550.688,4.373105567,5901400782479609918,334060,334060,5901400782479609918
10,16,bndmq,first,2,1,16,41668,150,100000000,100003200,88866,435512880,435629959,7317.438,5554.125,4.354989440,435520197.438,4.355062612,5901400782479609918,334060,334060,5901400782479609918
10,16,bndmq,first,3,1,16,41668,150,100000000,100003200,88104,436861392,436979453,7378.812,5506.500,4.368474129,436868770.812,4.368547915,5901400782479609918,334060,334060,5901400782479609918
10,16,bndmq,first,4,1,16,41668,150,100000000,100003200,92823,431401052,431520435,7461.438,5801.438,4.313872476,431408513.438,4.313947088,5901400782479609918,334060,334060,5901400782479609918
10,16,aho_corasick,first,0,1,16,41668,150,100000000,100003200,758625,151545993,152319636,48352.688,47414.062,1.515411437,151594345.688,1.515894948,5901400782479609918,334060,334060,5901400782479609918
10,16,aho_corasick,first,1,1,16,41668,150,100000000,100003200,918235,158176904,159112551,58477.938,57389.688,1.581718425,158235381.938,1.582303186,5901400782479609918,334060,334060,5901400782479609918
10,16,aho_corasick,first,2,1,16,41668,150,100000000,100003200,692322,151489970,152200496,44407.875,43270.125,1.514851225,151534377.875,1.515295289,5901400782479609918,334060,334060,5901400782479609918
10,16,aho_corasick,first,3,1,16,41668,150,100000000,100003200,696229,152515181,153229393,44638.250,43514.312,1.525103007,152559819.250,1.525549375,5901400782479609918,334060,334060,5901400782479609918
10,16,aho_corasick,first,4,1,16,41668,150,100000000,100003200,697482,152079806,152794400,44662.125,43592.625,1.520749396,152124468.125,1.521196003,5901400782479609918,334060,334060,5901400782479609918
10,32,bndmq,first,0,1,8,83334,150,100000000,100000800,126906,862767194,862917725,18816.375,15863.250,8.627602919,862786010.375,8.627791081,7792196190031267971,334753,334753,7792196190031267971
10,32,bndmq,first,1,1,8,83334,150,100000000,100000800,99266,848269671,848396448,15847.125,12408.250,8.482628849,848285518.125,8.482787319,7792196190031267971,334753,334753,7792196190031267971
10,32,bndmq,first,2,1,8,83334,150,100000000,100000800,63739,838384475,838472730,11031.875,7967.375,8.383777680,838395506.875,8.383887998,7792196190031267971,334753,334753,7792196190031267971
10,32,bndmq,first,3,1,8,83334,150,100000000,100000800,65221,831735000,831824567,11195.875,8152.625,8.317283462,831746195.875,8.317395420,7792196190031267971,334753,334753,7792196190031267971
10,32,bndmq,first,4,1,8,83334,150,100000000,100000800,70311,834338407,834431671,11658.000,8788.875,8.343317323,834350065.000,8.343433903,7792196190031267971,334753,334753,7792196190031267971
10,32,hash,first,0,1,8,83334,150,100000000,100000800,19516,176427346,176449888,2817.750,2439.500,1.764259346,176430163.750,1.764287523,7792196190031267971,334753,334753,7792196190031267971
10,32,hash,first,1,1,8,83334,150,100000000,100000800,13585,183661155,183677876,2090.125,1698.125,1.836596857,183663245.125,1.836617758,7792196190031267971,334753,334753,7792196190031267971
10,32,hash,first,2,1,8,83334,150,100000000,100000800,8747,183075513,183088137,1578.000,1093.375,1.830740484,183077091.000,1.830756264,7792196190031267971,334753,334753,7792196190031267971
10,32,hash,first,3,1,8,83334,150,100000000,100000800,10179,184929848,184943513,1708.125,1272.375,1.849283686,184931556.125,1.849300767,7792196190031267971,334753,334753,7792196190031267971
10,32,hash,first,4,1,8,83334,150,100000000,100000800,10259,190701999,190716155,1769.500,1282.375,1.907004734,190703768.500,1.907022429,7792196190031267971,334753,334753,7792196190031267971
10,32,aho_corasick,first,0,1,8,83334,150,100000000,100000800,721947,154627123,155374106,93372.875,90243.375,1.546258860,154720495.875,1.547192581,7792196190031267971,334753,334753,7792196190031267971
10,32,aho_corasick,first,1,1,8,83334,150,100000000,100000800,785966,157485014,158282393,99672.375,98245.750,1.574837541,157584686.375,1.575834257,7792196190031267971,334753,334753,7792196190031267971
10,32,aho_corasick,first,2,1,8,83334,150,100000000,100000800,634724,152997635,153647137,81187.750,79340.500,1.529964110,153078822.750,1.530775981,7792196190031267971,334753,334753,7792196190031267971
10,32,aho_corasick,first,3,1,8,83334,150,100000000,100000800,665892,155052204,155732132,84991.000,83236.500,1.550509636,155137195.000,1.551359539,7792196190031267971,334753,334753,7792196190031267971
10,32,aho_corasick,first,4,1,8,83334,150,100000000,100000800,632309,156620361,157265986,80703.125,79038.625,1.566191080,156701064.125,1.566998105,7792196190031267971,334753,334753,7792196190031267971
10,64,bndmq,first,0,1,4,166668,150,100000000,100000800,140182,1712733412,1712926743,48332.750,35045.500,17.127197102,1712781744.750,17.127680426,11961234784798860791,336162,336162,11961234784798860791
10,64,bndmq,first,1,1,4,166668,150,100000000,100000800,159107,1687958970,1688159234,50066.000,39776.750,16.879454664,1688009036.000,16.879955320,11961234784798860791,336162,336162,11961234784798860791
10,64,bndmq,first,2,1,4,166668,150,100000000,100000800,128660,1685190656,1685359250,42148.500,32165.000,16.851771746,1685232804.500,16.852193227,11961234784798860791,336162,336162,11961234784798860791
10,64,bndmq,first,3,1,4,166668,150,100000000,100000800,110997,1687716229,1687863845,36904.000,27749.250,16.877027274,1687753133.000,16.877396311,11961234784798860791,336162,336162,11961234784798860791
10,64,bndmq,first,4,1,4,166668,150,100000000,100000800,104545,1696365688,1696508324,35659.000,26136.250,16.963521172,1696401347.000,16.963877759,11961234784798860791,336162,336162,11961234784798860791
10,64,hash,first,0,1,4,166668,150,100000000,100000800,11642,174789648,174803835,3546.750,2910.500,1.747882497,174793194.750,1.747917964,11961234784798860791,336162,336162,11961234784798860791
10,64,hash,first,1,1,4,166668,150,100000000,100000800,15459,181183706,181202181,4618.750,3864.750,1.811822565,181188324.750,1.811868753,11961234784798860791,336162,336162,11961234784798860791
10,64,hash,first,2,1,4,166668,150,100000000,100000800,6371,180918732,180928279,2386.750,1592.750,1.809172847,180921118.750,1.809196714,11961234784798860791,336162,336162,11961234784798860791
10,64,hash,first,3,1,4,166668,150,100000000,100000800,6622,181254408,181264837,2607.250,1655.500,1.812529580,181257015.250,1.812555652,11961234784798860791,336162,336162,11961234784798860791
10,64,hash,first,4,1,4,166668,150,100000000,100000800,6462,185249954,185260162,2552.000,1615.500,1.852484720,185252506.000,1.852510240,11961234784798860791,336162,336162,11961234784798860791
10,64,aho_corasick,first,0,1,4,166668,150,100000000,100000800,682473,154860909,155549553,172161.000,170618.250,1.548596701,155033070.000,1.550318297,11961234784798860791,336162,336162,11961234784798860791
10,64,aho_corasick,first,1,1,4,166668,150,100000000,100000800,726755,159448904,160201358,188113.500,181688.750,1.594476284,159637017.500,1.596357404,11961234784798860791,336162,336162,11961234784798860791
10,64,aho_corasick,first,2,1,4,166668,150,100000000,100000800,582987,162046846,162639881,148258.750,145746.750,1.620455496,162195104.750,1.621938072,11961234784798860791,336162,336162,11961234784798860791
10,64,aho_corasick,first,3,1,4,166668,150,100000000,100000800,563571,155256699,155831121,143605.500,140892.750,1.552554570,155400304.500,1.553990613,11961234784798860791,336162,336162,11961234784798860791
10,64,aho_corasick,first,4,1,4,166668,150,100000000,100000800,582547,156709458,157323964,153626.500,145636.750,1.567082043,156863084.500,1.568618296,11961234784798860791,336162,336162,11961234784798860791
10,128,hash,first,0,1,2,333334,150,100000000,100000200,18585,211380970,211402620,10825.000,9292.500,2.113805472,211391795.000,2.113913722,9495770067395562417,339003,339003,9495770067395562417
10,128,hash,first,1,1,2,333334,150,100000000,100000200,16520,248483411,248502958,9773.500,8260.000,2.484829140,248493184.500,2.484926875,9495770067395562417,339003,339003,9495770067395562417
10,128,hash,first,2,1,2,333334,150,100000000,100000200,6081,190200299,190209306,4503.500,3040.500,1.901999186,190204802.500,1.902044221,9495770067395562417,339003,339003,9495770067395562417
10,128,hash,first,3,1,2,333334,150,100000000,100000200,5791,186877748,186886655,4453.500,2895.500,1.868773742,186882201.500,1.868818277,9495770067395562417,339003,339003,9495770067395562417
10,128,hash,first,4,1,2,333334,150,100000000,100000200,6302,192777675,192786521,4423.000,3151.000,1.927772894,192782098.000,1.927817124,9495770067395562417,339003,339003,9495770067395562417
10,128,aho_corasick,first,0,1,2,333334,150,100000000,100000200,640004,169613404,170277482,332039.000,320002.000,1.696130648,169945443.000,1.699451031,9495770067395562417,339003,339003,9495770067395562417
10,128,aho_corasick,first,1,1,2,333334,150,100000000,100000200,526673,166268259,166809419,270580.000,263336.500,1.662679265,166538839.000,1.665385059,9495770067395562417,339003,339003,9495770067395562417
10,128,aho_corasick,first,2,1,2,333334,150,100000000,100000200,510041,163939346,164475426,268040.000,255020.500,1.639390181,164207386.000,1.642070576,9495770067395562417,339003,339003,9495770067395562417
10,128,aho_corasick,first,3,1,2,333334,150,100000000,100000200,528346,165221608,165771003,274697.500,264173.000,1.652212776,165496305.500,1.654959745,9495770067395562417,339003,339003,9495770067395562417
10,128,aho_corasick,first,4,1,2,333334,150,100000000,100000200,619005,165759977,166403918,321970.500,309502.500,1.657596455,166081947.500,1.660816153,9495770067395562417,339003,339003,9495770067395562417
10,256,hash,first,0,1,1,666668,150,100000000,100000200,341237,185801513,186144523,343010.000,341237.000,1.858011414,186144523.000,1.861441507,16247660296972205027,344612,344612,16247660296972205027
10,256,hash,first,1,1,1,666668,150,100000000,100000200,15168,187656096,187673168,17072.000,15168.000,1.876557207,187673168.000,1.876727927,16247660296972205027,344612,344612,16247660296972205027
10,256,hash,first,2,1,1,666668,150,100000000,100000200,6703,190541958,190550785,8827.000,6703.000,1.905415769,190550785.000,1.905504039,16247660296972205027,344612,344612,16247660296972205027
10,256,hash,first,3,1,1,666668,150,100000000,100000200,5530,191529718,191537812,8094.000,5530.000,1.915293349,191537812.000,1.915374289,16247660296972205027,344612,344612,16247660296972205027
10,256,hash,first,4,1,1,666668,150,100000000,100000200,7725,190280198,190289746,9548.000,7725.000,1.902798174,190289746.000,1.902893654,16247660296972205027,344612,344612,16247660296972205027
10,256,aho_corasick,first,0,1,1,666668,150,100000000,100000200,813828,180801615,181636783,835168.000,813828.000,1.808012534,181636783.000,1.816364197,16247660296972205027,344612,344612,16247660296972205027
10,256,aho_corasick,first,1,1,1,666668,150,100000000,100000200,501024,178860033,179373871,513838.000,501024.000,1.788596753,179373871.000,1.793735123,16247660296972205027,344612,344612,16247660296972205027
10,256,aho_corasick,first,2,1,1,666668,150,100000000,100000200,475176,179953072,180447784,494712.000,475176.000,1.799527121,180447784.000,1.804474231,16247660296972205027,344612,344612,16247660296972205027
10,256,aho_corasick,first,3,1,1,666668,150,100000000,100000200,479184,179093538,179592920,499382.000,479184.000,1.790931798,179592920.000,1.795925608,16247660296972205027,344612,344612,16247660296972205027
10,256,aho_corasick,first,4,1,1,666668,150,100000000,100000200,505422,183165505,183691998,526493.000,505422.000,1.831651387,183691998.000,1.836916306,16247660296972205027,344612,344612,16247660296972205027
10,1000,aho_corasick,first,0,1,1,666668,150,100000000,100000200,1922948,246660188,248621277,1961089.000,1922948.000,2.466596947,248621277.000,2.486207798,2960087218024738106,375501,375501,2960087218024738106
10,1000,aho_corasick,first,1,1,1,666668,150,100000000,100000200,2228568,251336176,253620087,2283911.000,2228568.000,2.513356733,253620087.000,2.536195798,2960087218024738106,375501,375501,2960087218024738106
10,1000,aho_corasick,first,2,1,1,666668,150,100000000,100000200,1867584,251287005,253210112,1923107.000,1867584.000,2.512865024,253210112.000,2.532096056,2960087218024738106,375501,375501,2960087218024738106
10,1000,aho_corasick,first,3,1,1,666668,150,100000000,100000200,1846595,259449801,261303569,1853768.000,1846595.000,2.594492821,261303569.000,2.613030464,2960087218024738106,375501,375501,2960087218024738106
10,1000,aho_corasick,first,4,1,1,666668,150,100000000,100000200,1770083,260769966,262546962,1776996.000,1770083.000,2.607694445,262546962.000,2.625464369,2960087218024738106,375501,375501,2960087218024738106
10,1000,hash,first,0,1,1,666668,150,100000000,100000200,28303,175371362,175402580,31218.000,28303.000,1.753710113,175402580.000,1.754022292,2960087218024738106,375501,375501,2960087218024738106
10,1000,hash,first,1,1,1,666668,150,100000000,100000200,31769,178276388,178311594,35206.000,31769.000,1.782760314,178311594.000,1.783112374,2960087218024738106,375501,375501,2960087218024738106
10,1000,hash,first,2,1,1,666668,150,100000000,100000200,16571,181399520,181419497,19977.000,16571.000,1.813991572,181419497.000,1.814191342,2960087218024738106,375501,375501,2960087218024738106
10,1000,hash,first,3,1,1,666668,150,100000000,100000200,17693,175718771,175739810,21039.000,17693.000,1.757184196,175739810.000,1.757394585,2960087218024738106,375501,375501,2960087218024738106
10,1000,hash,first,4,1,1,666668,150,100000000,100000200,15660,179475310,179493966,18656.000,15660.000,1.794749511,179493966.000,1.794936070,2960087218024738106,375501,375501,2960087218024738106
10,10000,hash,first,0,1,1,666668,150,100000000,100000200,254164,146984094,147294202,310108.000,254164.000,1.469838000,147294202.000,1.472939074,6932676614286928185,580593,580593,6932676614286928185
10,10000,hash,first,1,1,1,666668,150,100000000,100000200,294059,151812211,152120647,308436.000,294059.000,1.518119074,152120647.000,1.521203428,6932676614286928185,580593,580593,6932676614286928185
10,10000,hash,first,2,1,1,666668,150,100000000,100000200,149429,149597494,149760899,163405.000,149429.000,1.495971948,149760899.000,1.497605995,6932676614286928185,580593,580593,6932676614286928185
10,10000,hash,first,3,1,1,666668,150,100000000,100000200,138639,155968796,156121731,152935.000,138639.000,1.559684841,156121731.000,1.561214188,6932676614286928185,580593,580593,6932676614286928185
10,10000,hash,first,4,1,1,666668,150,100000000,100000200,139962,150743990,150898038,154048.000,139962.000,1.507436885,150898038.000,1.508977362,6932676614286928185,580593,580593,6932676614286928185
10,10000,aho_corasick,first,0,1,1,666668,150,100000000,100000200,17149114,438293285,455689640,17396355.000,17149114.000,4.382924084,455689640.000,4.556887286,6932676614286928185,580593,580593,6932676614286928185
10,10000,aho_corasick,first,1,1,1,666668,150,100000000,100000200,17125810,432982218,450263709,17281491.000,17125810.000,4.329813520,450263709.000,4.502628085,6932676614286928185,580593,580593,6932676614286928185
10,10000,aho_corasick,first,2,1,1,666668,150,100000000,100000200,16562249,431209488,448115147,16905659.000,16562249.000,4.312086256,448115147.000,4.481142508,6932676614286928185,580593,580593,6932676614286928185
10,10000,aho_corasick,first,3,1,1,666668,150,100000000,100000200,16907593,450668958,467916545,17247587.000,16907593.000,4.506680567,467916545.000,4.679156092,6932676614286928185,580593,580593,6932676614286928185
10,10000,aho_corasick,first,4,1,1,666668,150,100000000,100000200,17213254,432296832,449854438,17557606.000,17213254.000,4.322959674,449854438.000,4.498535383,6932676614286928185,580593,580593,6932676614286928185
10,100000,hash,first,0,1,1,666668,150,100000000,100000200,3323318,81358986,84943341,3584355.000,3323318.000,0.813588233,84943341.000,0.849431711,5016691434576999751,666668,666668,5016691434576999751
10,100000,hash,first,1,1,1,666668,150,100000000,100000200,2807871,82089597,85021329,2931732.000,2807871.000,0.820894328,85021329.000,0.850211590,5016691434576999751,666668,666668,5016691434576999751
10,100000,hash,first,2,1,1,666668,150,100000000,100000200,1723034,80293538,82134152,1840614.000,1723034.000,0.802933774,82134152.000,0.821339877,5016691434576999751,666668,666668,5016691434576999751
10,100000,hash,first,3,1,1,666668,150,100000000,100000200,1681527,82026130,83828724,1802594.000,1681527.000,0.820259659,83828724.000,0.838285563,5016691434576999751,666668,666668,5016691434576999751
10,100000,hash,first,4,1,1,666668,150,100000000,100000200,1681768,84797070,86609912,1812842.000,1681768.000,0.847969004,86609912.000,0.866097388,5016691434576999751,666668,666668,5016691434576999751
10,100000,aho_corasick,first,0,1,1,666668,150,100000000,100000200,137208290,348495669,487116395,138620726.000,137208290.000,3.484949720,487116395.000,4.871154208,5016691434576999751,666668,666668,5016691434576999751
10,100000,aho_corasick,first,1,1,1,666668,150,100000000,100000200,140128609,373387840,515190922,141803082.000,140128609.000,3.733870932,515190922.000,5.151898916,5016691434576999751,666668,666668,5016691434576999751
10,100000,aho_corasick,first,2,1,1,666668,150,100000000,100000200,140161680,322673477,464278881,141605404.000,140161680.000,3.226728317,464278881.000,4.642779524,5016691434576999751,666668,666668,5016691434576999751
10,100000,aho_corasick,first,3,1,1,666668,150,100000000,100000200,133102080,286243064,420652402,134409338.000,133102080.000,2.862424915,420652402.000,4.206515607,5016691434576999751,666668,666668,5016691434576999751
10,100000,aho_corasick,first,4,1,1,666668,150,100000000,100000200,136166240,300110045,437512270,137402225.000,136166240.000,3.001094448,437512270.000,4.375113950,5016691434576999751,666668,666668,5016691434576999751
10,1000000,aho_corasick,first,0,1,1,666668,150,100000000,100000200,1164261856,325006998,1500886910,1175879912.000,1164261856.000,3.250063480,1500886910.000,15.008839082,5016691434576999751,666668,666668,5016691434576999751
10,1000000,aho_corasick,first,1,1,1,666668,150,100000000,100000200,1052187658,328651412,1388734671,1060083259.000,1052187658.000,3.286507547,1388734671.000,13.887318935,5016691434576999751,666668,666668,5016691434576999751
10,1000000,aho_corasick,first,2,1,1,666668,150,100000000,100000200,1054075677,330258345,1393423070,1063164725.000,1054075677.000,3.302576845,1393423070.000,13.934202832,5016691434576999751,666668,666668,5016691434576999751
10,1000000,aho_corasick,first,3,1,1,666668,150,100000000,100000200,1016820173,329877722,1357427847,1027550125.000,1016820173.000,3.298770622,1357427847.000,13.574251321,5016691434576999751,666668,666668,5016691434576999751
10,1000000,aho_corasick,first,4,1,1,666668,150,100000000,100000200,1058651756,327459192,1396856432,1069397240.000,1058651756.000,3.274585371,1396856432.000,13.968536383,5016691434576999751,666668,666668,5016691434576999751
10,1000000,hash,first,0,1,1,666668,150,100000000,100000200,52928465,68155113,124406477,56251364.000,52928465.000,0.681549767,124406477.000,1.244062282,5016691434576999751,666668,666668,5016691434576999751
10,1000000,hash,first,1,1,1,666668,150,100000000,100000200,52527238,73653547,129372719,55719172.000,52527238.000,0.736533997,129372719.000,1.293724603,5016691434576999751,666668,666668,5016691434576999751
10,1000000,hash,first,2,1,1,666668,150,100000000,100000200,50740503,76612901,130811005,54198104.000,50740503.000,0.766127478,130811005.000,1.308107434,5016691434576999751,666668,666668,5016691434576999751
10,1000000,hash,first,3,1,1,666668,150,100000000,100000200,51916236,76352806,131737323,55384517.000,51916236.000,0.763526533,131737323.000,1.317370595,5016691434576999751,666668,666668,5016691434576999751
10,1000000,hash,first,4,1,1,666668,150,100000000,100000200,55877966,76360491,135180004,58819513.000,55877966.000,0.763603383,135180004.000,1.351797336,5016691434576999751,666668,666668,5016691434576999751
10,1,hash,all,0,1,64,10418,150,100000000,100012800,22201,198439072,198465351,410.609,346.891,1.984136750,198439482.609,1.984140856,1642700928106361419,333423,333465,1642700928106361419
10,1,hash,all,1,1,64,10418,150,100000000,100012800,18524,199390462,199413163,354.703,289.438,1.993649433,199390816.703,1.993652979,1642700928106361419,333423,333465,1642700928106361419
10,1,hash,all,2,1,64,10418,150,100000000,100012800,9608,203891172,203905579,225.109,150.125,2.038650773,203891397.109,2.038653024,1642700928106361419,333423,333465,1642700928106361419
10,1,hash,all,3,1,64,10418,150,100000000,100012800,10559,213876383,213891390,234.484,164.984,2.138490103,213876617.484,2.138492448,1642700928106361419,333423,333465,1642700928106361419
10,1,hash,all,4,1,64,10418,150,100000000,100012800,10951,202886228,202901768,242.812,171.109,2.028602619,202886470.812,2.028605047,1642700928106361419,333423,333465,1642700928106361419
10,1,bndmq,all,0,1,64,10418,150,100000000,100012800,55463,44688312,44763822,1179.844,866.609,0.446825926,44689491.844,0.446837723,1642700928106361419,333423,333465,1642700928106361419
10,1,bndmq,all,1,1,64,10418,150,100000000,100012800,23323,43931550,43974941,677.984,364.422,0.439259275,43932227.984,0.439266054,1642700928106361419,333423,333465,1642700928106361419
10,1,bndmq,all,2,1,64,10418,150,100000000,100012800,20398,45690734,45735698,702.562,318.719,0.456848863,45691436.562,0.456855888,1642700928106361419,333423,333465,1642700928106361419
10,1,bndmq,all,3,1,64,10418,150,100000000,100012800,35365,46781066,46839556,913.906,552.578,0.467750788,46781979.906,0.467759926,1642700928106361419,333423,333465,1642700928106361419
10,1,bndmq,all,4,1,64,10418,150,100000000,100012800,23504,45264315,45310891,727.750,367.250,0.452585219,45265042.750,0.452592496,1642700928106361419,333423,333465,1642700928106361419
10,1,aho_corasick,all,0,1,64,10418,150,100000000,100012800,690819,58482468,59193555,11110.734,10794.047,0.584749832,58493578.734,0.584860925,1642700928106361419,333423,333465,1642700928106361419
10,1,aho_corasick,all,1,1,64,10418,150,100000000,100012800,801275,58202166,59018720,12758.656,12519.922,0.581947171,58214924.656,0.582074741,1642700928106361419,333423,333465,1642700928106361419
10,1,aho_corasick,all,2,1,64,10418,150,100000000,100012800,690167,60809338,61532567,11300.453,10783.859,0.608015554,60820638.453,0.608128544,1642700928106361419,333423,333465,1642700928106361419
10,1,aho_corasick,all,3,1,64,10418,150,100000000,100012800,647969,58900126,59575305,10549.672,10124.516,0.588925877,58910675.672,0.589031361,1642700928106361419,333423,333465,1642700928106361419
10,1,aho_corasick,all,4,1,64,10418,150,100000000,100012800,752764,59339686,60114972,12113.844,11761.938,0.593320915,59351799.844,0.593442038,1642700928106361419,333423,333465,1642700928106361419
10,2,aho_corasick,all,0,1,64,10418,150,100000000,100012800,864843,560144933,561032720,13871.672,13513.172,5.600732436,560158804.672,5.600871135,17851291522926981425,333467,333865,17851291522926981425
10,2,aho_corasick,all,1,1,64,10418,150,100000000,100012800,1073525,578046846,579156719,17341.766,16773.828,5.779728655,578064187.766,5.779902050,17851291522926981425,333467,333865,17851291522926981425
10,2,aho_corasick,all,2,1,64,10418,150,100000000,100012800,802748,570624888,571454897,12968.891,12542.938,5.705518574,570637856.891,5.705648246,17851291522926981425,333467,333865,17851291522926981425
10,2,aho_corasick,all,3,1,64,10418,150,100000000,100012800,922552,565779559,566730324,14855.703,14414.875,5.657071485,565794414.703,5.657220023,17851291522926981425,333467,333865,17851291522926981425
10,2,aho_corasick,all,4,1,64,10418,150,100000000,100012800,815180,564467021,565310855,13184.906,12737.188,5.643947785,564480205.906,5.644079617,17851291522926981425,333467,333865,17851291522926981425
10,2,bndmq,all,0,1,64,10418,150,100000000,100012800,103312,86782170,86919236,2141.656,1614.250,0.867710633,86784311.656,0.867732047,17851291522926981425,333467,333865,17851291522926981425
10,2,bndmq,all,1,1,64,10418,150,100000000,100012800,79829,86170769,86278991,1690.969,1247.328,0.861597406,86172459.969,0.861614313,17851291522926981425,333467,333865,17851291522926981425
10,2,bndmq,all,2,1,64,10418,150,100000000,100012800,55874,86604998,86693453,1382.109,873.031,0.865939140,86606380.109,0.865952959,17851291522926981425,333467,333865,17851291522926981425
10,2,bndmq,all,3,1,64,10418,150,100000000,100012800,56395,88342560,88427188,1322.312,881.172,0.883312536,88343882.312,0.883325757,17851291522926981425,333467,333865,17851291522926981425
10,2,bndmq,all,4,1,64,10418,150,100000000,100012800,50805,87828321,87910534,1284.578,793.828,0.878170804,87829605.578,0.878183648,17851291522926981425,333467,333865,17851291522926981425
10,2,hash,all,0,1,64,10418,150,100000000,100012800,20058,200883986,200907992,375.094,313.406,2.008582761,200884361.094,2.008586512,17851291522926981425,333467,333865,17851291522926981425
10,2,hash,all,1,1,64,10418,150,100000000,100012800,23854,211320475,211348637,440.031,372.719,2.112934294,211320915.031,2.112938694,17851291522926981425,333467,333865,17851291522926981425
10,2,hash,all,2,1,64,10418,150,100000000,100012800,16290,214822759,214843819,329.062,254.531,2.147952652,214823088.062,2.147955942,17851291522926981425,333467,333865,17851291522926981425
10,2,hash,all,3,1,64,10418,150,100000000,100012800,16861,210127774,210148643,326.078,263.453,2.101008811,210128100.078,2.101012071,17851291522926981425,333467,333865,17851291522926981425
10,2,hash,all,4,1,64,10418,150,100000000,100012800,14948,210898510,210918257,308.547,233.562,2.108715184,210898818.547,2.108718270,17851291522926981425,333467,333865,17851291522926981425
10,4,hash,all,0,1,64,10418,150,100000000,100012800,41888,222517807,222564103,723.375,654.500,2.224893284,222518530.375,2.224900516,1137582783044473845,333563,333743,1137582783044473845
10,4,hash,all,1,1,64,10418,150,100000000,100012800,26670,224052055,224084385,505.156,416.719,2.240233800,224052560.156,2.240238851,1137582783044473845,333563,333743,1137582783044473845
10,4,hash,all,2,1,64,10418,150,100000000,100012800,20949,222391091,222416639,399.188,327.328,2.223626286,222391490.188,2.223630277,1137582783044473845,333563,333743,1137582783044473845
10,4,hash,all,3,1,64,10418,150,100000000,100012800,28984,220884958,220919041,532.547,452.875,2.208566883,220885490.547,2.208572208,1137582783044473845,333563,333743,1137582783044473845
10,4,hash,all,4,1,64,10418,150,100000000,100012800,21320,221984741,222010760,406.547,333.125,2.219563306,221985147.547,2.219567371,1137582783044473845,333563,333743,1137582783044473845
10,4,aho_corasick,all,0,1,64,10418,150,100000000,100012800,1223823,219172145,220429931,19652.906,19122.234,2.191440946,219191797.906,2.191637449,1137582783044473845,333563,333743,1137582783044473845
10,4,aho_corasick,all,1,1,64,10418,150,100000000,100012800,1387520,226676153,228107145,22359.250,21680.000,2.266471422,226698512.250,2.266694986,1137582783044473845,333563,333743,1137582783044473845
10,4,aho_corasick,all,2,1,64,10418,150,100000000,100012800,1439295,213935804,215409794,23031.094,22488.984,2.139084237,213958835.094,2.139314519,1137582783044473845,333563,333743,1137582783044473845
10,4,aho_corasick,all,3,1,64,10418,150,100000000,100012800,1137502,218289076,219464389,18364.266,17773.469,2.182611386,218307440.266,2.182795005,1137582783044473845,333563,333743,1137582783044473845
10,4,aho_corasick,all,4,1,64,10418,150,100000000,100012800,1136580,206948591,208116089,18242.156,17759.062,2.069221050,206966833.156,2.069403448,1137582783044473845,333563,333743,1137582783044473845
10,4,bndmq,all,0,1,64,10418,150,100000000,100012800,155189,158517591,158716942,3114.859,2424.828,1.584973033,158520705.859,1.585004178,1137582783044473845,333563,333743,1137582783044473845
10,4,bndmq,all,1,1,64,10418,150,100000000,100012800,123130,158189929,158352222,2535.828,1923.906,1.581696833,158192464.828,1.581722188,1137582783044473845,333563,333743,1137582783044473845
10,4,bndmq,all,2,1,64,10418,150,100000000,100012800,125183,160905692,161067203,2523.609,1955.984,1.608850987,160908215.609,1.608876220,1137582783044473845,333563,333743,1137582783044473845
10,4,bndmq,all,3,1,64,10418,150,100000000,100012800,117630,160762535,160915350,2387.734,1837.969,1.607419600,160764922.734,1.607443475,1137582783044473845,333563,333743,1137582783044473845
10,4,bndmq,all,4,1,64,10418,150,100000000,100012800,120565,164499551,164655071,2430.000,1883.828,1.644784978,164501981.000,1.644809274,1137582783044473845,333563,333743,1137582783044473845
10,8,aho_corasick,all,0,1,32,20834,150,100000000,100003200,922031,223352384,224293430,29407.688,28813.469,2.233452370,223381791.688,2.233746437,14801635612897542225,333698,334032,14801635612897542225
10,8,aho_corasick,all,1,1,32,20834,150,100000000,100003200,923152,210837182,211798755,30049.156,28848.500,2.108304354,210867231.156,2.108604836,14801635612897542225,333698,334032,14801635612897542225
10,8,aho_corasick,all,2,1,32,20834,150,100000000,100003200,857310,223101488,223990177,27771.531,26790.938,2.230943490,223129259.531,2.231221196,14801635612897542225,333698,334032,14801635612897542225
10,8,aho_corasick,all,3,1,32,20834,150,100000000,100003200,969879,217925778,218921144,31105.188,30308.719,2.179188046,217956883.188,2.179499088,14801635612897542225,333698,334032,14801635612897542225
10,8,aho_corasick,all,4,1,32,20834,150,100000000,100003200,864983,214281889,215171678,27805.906,27030.719,2.142750322,214309694.906,2.143028372,14801635612897542225,333698,334032,14801635612897542225
10,8,hash,all,0,1,32,20834,150,100000000,100003200,22412,254842051,254869052,843.781,700.375,2.548338963,254842894.781,2.548347401,14801635612897542225,333698,334032,14801635612897542225
10,8,hash,all,1,1,32,20834,150,100000000,100003200,26880,257132787,257164586,993.719,840.000,2.571245590,257133780.719,2.571255527,14801635612897542225,333698,334032,14801635612897542225
10,8,hash,all,2,1,32,20834,150,100000000,100003200,13034,259961111,259978725,550.438,407.312,2.599527925,259961661.438,2.599533429,14801635612897542225,333698,334032,14801635612897542225
10,8,hash,all,3,1,32,20834,150,100000000,100003200,13705,253493355,253510718,542.594,428.281,2.534852435,253493897.594,2.534857860,14801635612897542225,333698,334032,14801635612897542225
10,8,hash,all,4,1,32,20834,150,100000000,100003200,13205,255782494,255800618,566.375,412.656,2.557743092,255783060.375,2.557748756,14801635612897542225,333698,334032,14801635612897542225
10,8,bndmq,all,0,1,32,20834,150,100000000,100003200,150581,302287367,302477071,5928.250,4705.656,3.022776941,302293295.250,3.022836222,14801635612897542225,333698,334032,14801635612897542225
10,8,bndmq,all,1,1,32,20834,150,100000000,100003200,129291,305231189,305402528,5354.344,4040.344,3.052214219,305236543.344,3.052267761,14801635612897542225,333698,334032,14801635612897542225
10,8,bndmq,all,2,1,32,20834,150,100000000,100003200,139460,306804414,306978098,5427.625,4358.125,3.067945966,306809841.625,3.068000240,14801635612897542225,333698,334032,14801635612897542225
10,8,bndmq,all,3,1,32,20834,150,100000000,100003200,112650,307124724,307270726,4562.562,3520.312,3.071148963,307129286.562,3.071194587,14801635612897542225,333698,334032,14801635612897542225
10,8,bndmq,all,4,1,32,20834,150,100000000,100003200,104575,302848797,302985802,4281.406,3267.969,3.028391061,302853078.406,3.028433874,14801635612897542225,333698,334032,14801635612897542225
10,16,aho_corasick,all,0,1,16,41668,150,100000000,100003200,767602,198257668,199040538,48929.375,47975.125,1.982513240,198306597.375,1.983002518,4471301123933794165,334060,334733,4471301123933794165
10,16,aho_corasick,all,1,1,16,41668,150,100000000,100003200,712469,215704515,216437222,45794.188,44529.312,2.156976127,215750309.188,2.157434054,4471301123933794165,334060,334733,4471301123933794165
10,16,aho_corasick,all,2,1,16,41668,150,100000000,100003200,706548,211935644,212659604,45247.500,44159.250,2.119288623,211980891.500,2.119741083,4471301123933794165,334060,334733,4471301123933794165
10,16,aho_corasick,all,3,1,16,41668,150,100000000,100003200,695487,208545940,209261304,44710.250,43467.938,2.085392667,208590650.250,2.085839756,4471301123933794165,334060,334733,4471301123933794165
10,16,aho_corasick,all,4,1,16,41668,150,100000000,100003200,770327,201375472,202163803,49270.688,48145.438,2.013690282,201424742.688,2.014182973,4471301123933794165,334060,334733,4471301123933794165
10,16,bndmq,all,0,1,16,41668,150,100000000,100003200,132347,592812162,592977079,10307.312,8271.688,5.927931926,592822469.312,5.928034996,4471301123933794165,334060,334733,4471301123933794165
10,16,bndmq,all,1,1,16,41668,150,100000000,100003200,94777,604299951,604427088,7946.062,5923.562,6.042806140,604307897.062,6.042885598,4471301123933794165,334060,334733,4471301123933794165
10,16,bndmq,all,2,1,16,41668,150,100000000,100003200,407671,597426322,597861263,27183.812,25479.438,5.974072050,597453505.812,5.974343879,4471301123933794165,334060,334733,4471301123933794165
10,16,bndmq,all,3,1,16,41668,150,100000000,100003200,87333,585447900,585560089,7011.812,5458.312,5.854291663,585454911.812,5.854361779,4471301123933794165,334060,334733,4471301123933794165
10,16,bndmq,all,4,1,16,41668,150,100000000,100003200,91201,589733279,589848985,7231.625,5700.062,5.897144081,589740510.625,5.897216395,4471301123933794165,334060,334733,4471301123933794165
10,16,hash,all,0,1,16,41668,150,100000000,100003200,17503,259585671,259606761,1318.125,1093.938,2.595773645,259586989.125,2.595786826,4471301123933794165,334060,334733,4471301123933794165
10,16,hash,all,1,1,16,41668,150,100000000,100003200,16311,260244229,260264057,1239.250,1019.438,2.602359015,260245468.250,2.602371407,4471301123933794165,334060,334733,4471301123933794165
10,16,hash,all,2,1,16,41668,150,100000000,100003200,9778,254315780,254329565,861.562,611.125,2.543076422,254316641.562,2.543085037,4471301123933794165,334060,334733,4471301123933794165
10,16,hash,all,3,1,16,41668,150,100000000,100003200,11271,261812204,261828114,994.375,704.438,2.618038263,261813198.375,2.618048206,4471301123933794165,334060,334733,4471301123933794165
10,16,hash,all,4,1,16,41668,150,100000000,100003200,10650,258276864,258291391,907.938,665.625,2.582685994,258277771.938,2.582695073,4471301123933794165,334060,334733,4471301123933794165
10,32,bndmq,all,0,1,8,83334,150,100000000,100000800,128299,1181144577,1181295498,18865.125,16037.375,11.811351279,1181163442.125,11.811539929,9624338045508497641,334753,336199,9624338045508497641
10,32,bndmq,all,1,1,8,83334,150,100000000,100000800,73077,1157833250,1157930222,12121.500,9134.625,11.578239874,1157845371.500,11.578361088,9624338045508497641,334753,336199,9624338045508497641
10,32,bndmq,all,2,1,8,83334,150,100000000,100000800,66063,1150002856,1150092874,11252.250,8257.875,11.499936561,1150014108.250,11.500049082,9624338045508497641,334753,336199,9624338045508497641
10,32,bndmq,all,3,1,8,83334,150,100000000,100000800,67606,1197478339,1197577224,12360.625,8450.750,11.974687592,1197490699.625,11.974811198,9624338045508497641,334753,336199,9624338045508497641
10,32,bndmq,all,4,1,8,83334,150,100000000,100000800,128379,1171994843,1172140384,18192.625,16047.375,11.719854671,1172013035.625,11.720036596,9624338045508497641,334753,336199,9624338045508497641
10,32,hash,all,0,1,8,83334,150,100000000,100000800,24987,257121563,257149956,3549.125,3123.375,2.571195060,257125112.125,2.571230551,9624338045508497641,334753,336199,9624338045508497641
10,32,hash,all,1,1,8,83334,150,100000000,100000800,14197,261926013,261944218,2275.625,1774.625,2.619239176,261928288.625,2.619261932,9624338045508497641,334753,336199,9624338045508497641
10,32,hash,all,2,1,8,83334,150,100000000,100000800,10109,251016620,251030255,1704.375,1263.625,2.510146119,251018324.375,2.510163162,9624338045508497641,334753,336199,9624338045508497641
10,32,hash,all,3,1,8,83334,150,100000000,100000800,9608,268081718,268094582,1608.000,1201.000,2.680795734,268083326.000,2.680811814,9624338045508497641,334753,336199,9624338045508497641
10,32,hash,all,4,1,8,83334,150,100000000,100000800,10219,261546773,261560379,1700.750,1277.375,2.615446806,261548473.750,2.615463814,9624338045508497641,334753,336199,9624338045508497641
10,32,aho_corasick,all,0,1,8,83334,150,100000000,100000800,690939,212855064,213571180,89514.500,86367.375,2.128533612,212944578.500,2.129428750,9624338045508497641,334753,336199,9624338045508497641
10,32,aho_corasick,all,1,1,8,83334,150,100000000,100000800,911431,217536812,218462059,115655.875,113928.875,2.175350717,217652467.875,2.176507267,9624338045508497641,334753,336199,9624338045508497641
10,32,aho_corasick,all,2,1,8,83334,150,100000000,100000800,624826,214316086,214952774,79586.000,78103.250,2.143143715,214395672.000,2.143939568,9624338045508497641,334753,336199,9624338045508497641
10,32,aho_corasick,all,3,1,8,83334,150,100000000,100000800,614927,212834203,213465871,78958.500,76865.875,2.128325003,212913161.500,2.129114582,9624338045508497641,334753,336199,9624338045508497641
10,32,aho_corasick,all,4,1,8,83334,150,100000000,100000800,763935,210646883,211424874,97248.875,95491.875,2.106451978,210744131.875,2.107424459,9624338045508497641,334753,336199,9624338045508497641
10,64,hash,all,0,1,4,166668,150,100000000,100000800,12123,255023830,255038718,3722.000,3030.750,2.550217898,255027552.000,2.550255118,2728947555204088060,336162,338984,2728947555204088060
10,64,hash,all,1,1,4,166668,150,100000000,100000800,9859,249468886,249481941,3263.750,2464.750,2.494668903,249472149.750,2.494701540,2728947555204088060,336162,338984,2728947555204088060
10,64,hash,all,2,1,4,166668,150,100000000,100000800,6953,261560146,261570425,2569.750,1738.250,2.615580535,261562715.750,2.615606233,2728947555204088060,336162,338984,2728947555204088060
10,64,hash,all,3,1,4,166668,150,100000000,100000800,6172,249840241,249849088,2211.750,1543.000,2.498382423,249842452.750,2.498404540,2728947555204088060,336162,338984,2728947555204088060
10,64,hash,all,4,1,4,166668,150,100000000,100000800,6983,259572077,259582326,2562.250,1745.750,2.595700004,259574639.250,2.595725627,2728947555204088060,336162,338984,2728947555204088060
10,64,aho_corasick,all,0,1,4,166668,150,100000000,100000800,706979,218541539,219255311,178443.000,176744.750,2.185397907,218719982.000,2.187182323,2728947555204088060,336162,338984,2728947555204088060
10,64,aho_corasick,all,1,1,4,166668,150,100000000,100000800,725373,226239514,226988261,187186.750,181343.250,2.262377041,226426700.750,2.264248894,2728947555204088060,336162,338984,2728947555204088060
10,64,aho_corasick,all,2,1,4,166668,150,100000000,100000800,780896,216371264,217160517,197313.250,195224.000,2.163695330,216568577.250,2.165668447,2728947555204088060,336162,338984,2728947555204088060
10,64,aho_corasick,all,3,1,4,166668,150,100000000,100000800,562148,215971304,216550344,144760.000,140537.000,2.159695762,216116064.000,2.161143351,2728947555204088060,336162,338984,2728947555204088060
10,64,aho_corasick,all,4,1,4,166668,150,100000000,100000800,641156,223740350,224409549,167299.750,160289.000,2.237385601,223907649.750,2.239058585,2728947555204088060,336162,338984,2728947555204088060
10,128,aho_corasick,all,0,1,2,333334,150,100000000,100000200,553142,232967192,233542024,287416.000,276571.000,2.329667261,233254608.000,2.332541415,7473123050361386221,339003,344597,7473123050361386221
10,128,aho_corasick,all,1,1,2,333334,150,100000000,100000200,652117,233153064,233837011,341973.500,326058.500,2.331525977,233495037.500,2.334945705,7473123050361386221,339003,344597,7473123050361386221
10,128,aho_corasick,all,2,1,2,333334,150,100000000,100000200,666112,224054042,224748067,347012.500,333056.000,2.240535939,224401054.500,2.244006057,7473123050361386221,339003,344597,7473123050361386221
10,128,aho_corasick,all,3,1,2,333334,150,100000000,100000200,513197,227169120,227705771,268325.500,256598.500,2.271686657,227437445.500,2.274369906,7473123050361386221,339003,344597,7473123050361386221
10,128,aho_corasick,all,4,1,2,333334,150,100000000,100000200,553482,229591915,230182537,295311.000,276741.000,2.295914558,229887226.000,2.298867662,7473123050361386221,339003,344597,7473123050361386221
10,128,hash,all,0,1,2,333334,150,100000000,100000200,16160,311772532,311792880,10174.000,8080.000,3.117719085,311782706.000,3.117820824,7473123050361386221,339003,344597,7473123050361386221
10,128,hash,all,1,1,2,333334,150,100000000,100000200,13725,283942454,283960106,8826.000,6862.500,2.839418861,283951280.000,2.839507121,7473123050361386221,339003,344597,7473123050361386221
10,128,hash,all,2,1,2,333334,150,100000000,100000200,7434,263509389,263520259,5435.000,3717.000,2.635088620,263514824.000,2.635142970,7473123050361386221,339003,344597,7473123050361386221
10,128,hash,all,3,1,2,333334,150,100000000,100000200,6833,252388428,252397625,4598.500,3416.500,2.523879232,252393026.500,2.523925217,7473123050361386221,339003,344597,7473123050361386221
10,128,hash,all,4,1,2,333334,150,100000000,100000200,6602,247909942,247919128,4593.000,3301.000,2.479094462,247914535.000,2.479140392,7473123050361386221,339003,344597,7473123050361386221
10,256,hash,all,0,1,1,666668,150,100000000,100000200,11842,258854089,258867454,13365.000,11842.000,2.588535713,258867454.000,2.588669363,4853128026385099891,344612,355854,4853128026385099891
10,256,hash,all,1,1,1,666668,150,100000000,100000200,12994,253748022,253763039,15017.000,12994.000,2.537475145,253763039.000,2.537625315,4853128026385099891,344612,355854,4853128026385099891
10,256,hash,all,2,1,1,666668,150,100000000,100000200,5700,258833179,258840923,7744.000,5700.000,2.588326613,258840923.000,2.588404053,4853128026385099891,344612,355854,4853128026385099891
10,256,hash,all,3,1,1,666668,150,100000000,100000200,5370,264849653,264856987,7334.000,5370.000,2.648491233,264856987.000,2.648564573,4853128026385099891,344612,355854,4853128026385099891
10,256,hash,all,4,1,1,666668,150,100000000,100000200,5320,254579192,254593018,13826.000,5320.000,2.545786828,254593018.000,2.545925088,4853128026385099891,344612,355854,4853128026385099891
10,256,aho_corasick,all,0,1,1,666668,150,100000000,100000200,521202,247108415,247650055,541640.000,521202.000,2.471079208,247650055.000,2.476495597,4853128026385099891,344612,355854,4853128026385099891
10,256,aho_corasick,all,1,1,1,666668,150,100000000,100000200,624164,248555048,249198739,643691.000,624164.000,2.485545509,249198739.000,2.491982406,4853128026385099891,344612,355854,4853128026385099891
10,256,aho_corasick,all,2,1,1,666668,150,100000000,100000200,640203,246091429,246750958,659529.000,640203.000,2.460909368,246750958.000,2.467504645,4853128026385099891,344612,355854,4853128026385099891
10,256,aho_corasick,all,3,1,1,666668,150,100000000,100000200,479785,244187795,244690814,503019.000,479785.000,2.441873066,244690814.000,2.446903246,4853128026385099891,344612,355854,4853128026385099891
10,256,aho_corasick,all,4,1,1,666668,150,100000000,100000200,667636,244889374,245577709,688335.000,667636.000,2.448888842,245577709.000,2.455772178,4853128026385099891,344612,355854,4853128026385099891
10,1000,aho_corasick,all,0,1,1,666668,150,100000000,100000200,1901187,303991816,305924682,1932866.000,1901187.000,3.039912080,305924682.000,3.059240702,6976125308873003377,375501,422484,6976125308873003377
10,1000,aho_corasick,all,1,1,1,666668,150,100000000,100000200,2641782,341540615,344239515,2698900.000,2641782.000,3.415399319,344239515.000,3.442388265,6976125308873003377,375501,422484,6976125308873003377
10,1000,aho_corasick,all,2,1,1,666668,150,100000000,100000200,1861763,349317521,351268931,1951410.000,1861763.000,3.493168224,351268931.000,3.512682285,6976125308873003377,375501,422484,6976125308873003377
10,1000,aho_corasick,all,3,1,1,666668,150,100000000,100000200,2518071,365934490,368459844,2525354.000,2518071.000,3.659337581,368459844.000,3.684591071,6976125308873003377,375501,422484,6976125308873003377
10,1000,aho_corasick,all,4,1,1,666668,150,100000000,100000200,1761516,346653995,348422314,1768319.000,1761516.000,3.466533017,348422314.000,3.484216172,6976125308873003377,375501,422484,6976125308873003377
10,1000,hash,all,0,1,1,666668,150,100000000,100000200,27542,253156808,253187556,30748.000,27542.000,2.531563017,253187556.000,2.531870496,6976125308873003377,375501,422484,6976125308873003377
10,1000,hash,all,1,1,1,666668,150,100000000,100000200,29064,251212912,251245032,32120.000,29064.000,2.512124096,251245032.000,2.512445295,6976125308873003377,375501,422484,6976125308873003377
10,1000,hash,all,2,1,1,666668,150,100000000,100000200,14838,256566980,256585155,18175.000,14838.000,2.565664669,256585155.000,2.565846418,6976125308873003377,375501,422484,6976125308873003377
10,1000,hash,all,3,1,1,666668,150,100000000,100000200,15278,256579935,256598169,18234.000,15278.000,2.565794218,256598169.000,2.565976558,6976125308873003377,375501,422484,6976125308873003377
10,1000,hash,all,4,1,1,666668,150,100000000,100000200,14978,254010141,254028405,18264.000,14978.000,2.540096330,254028405.000,2.540278969,6976125308873003377,375501,422484,6976125308873003377
10,10000,hash,all,0,1,1,666668,150,100000000,100000200,279752,333456257,333793556,337299.000,279752.000,3.334555901,333793556.000,3.337928884,3585868705354510420,580593,1226313,3585868705354510420
10,10000,hash,all,1,1,1,666668,150,100000000,100000200,276145,340312295,340602436,290141.000,276145.000,3.403116144,340602436.000,3.406017548,3585868705354510420,580593,1226313,3585868705354510420
10,10000,hash,all,2,1,1,666668,150,100000000,100000200,146043,338273565,338433774,160209.000,146043.000,3.382728885,338433774.000,3.384330971,3585868705354510420,580593,1226313,3585868705354510420
10,10000,hash,all,3,1,1,666668,150,100000000,100000200,144610,331761481,331921119,159638.000,144610.000,3.317608175,331921119.000,3.319204552,3585868705354510420,580593,1226313,3585868705354510420
10,10000,hash,all,4,1,1,666668,150,100000000,100000200,147856,333359257,333521009,161752.000,147856.000,3.333585903,333521009.000,3.335203420,3585868705354510420,580593,1226313,3585868705354510420
10,10000,aho_corasick,all,0,1,1,666668,150,100000000,100000200,17837258,931413313,949484978,18071665.000,17837258.000,9.314114502,949484978.000,9.494830790,3585868705354510420,580593,1226313,3585868705354510420
10,10000,aho_corasick,all,1,1,1,666668,150,100000000,100000200,18609638,943353519,962076309,18722790.000,18609638.000,9.433516323,962076309.000,9.620743849,3585868705354510420,580593,1226313,3585868705354510420
10,10000,aho_corasick,all,2,1,1,666668,150,100000000,100000200,15801299,919465153,935595495,16130342.000,15801299.000,9.194633141,935595495.000,9.355936238,3585868705354510420,580593,1226313,3585868705354510420
10,10000,aho_corasick,all,3,1,1,666668,150,100000000,100000200,17119188,916591705,934033495,17441790.000,17119188.000,9.165898718,934033495.000,9.340316269,3585868705354510420,580593,1226313,3585868705354510420
10,10000,aho_corasick,all,4,1,1,666668,150,100000000,100000200,16936083,925969593,943231403,17261810.000,16936083.000,9.259677411,943231403.000,9.432295165,3585868705354510420,580593,1226313,3585868705354510420
10,100000,hash,all,0,1,1,666668,150,100000000,100000200,3161318,1028902532,1032331108,3428576.000,3161318.000,10.289004742,1032331108.000,10.323290433,10023852483919487147,666668,9265547,10023852483919487147
10,100000,hash,all,1,1,1,666668,150,100000000,100000200,3400324,1032643779,1036159578,3515799.000,3400324.000,10.326417137,1036159578.000,10.361575057,10023852483919487147,666668,9265547,10023852483919487147
10,100000,hash,all,2,1,1,666668,150,100000000,100000200,1672981,1002855706,1004638422,1782716.000,1672981.000,10.028537003,1004638422.000,10.046364127,10023852483919487147,666668,9265547,10023852483919487147
10,100000,hash,all,3,1,1,666668,150,100000000,100000200,2002676,1003704001,1005816512,2112511.000,2002676.000,10.037019936,1005816512.000,10.058145004,10023852483919487147,666668,9265547,10023852483919487147
10,100000,hash,all,4,1,1,666668,150,100000000,100000200,1673032,997327975,999111102,1783127.000,1673032.000,9.973259803,999111102.000,9.991091038,10023852483919487147,666668,9265547,10023852483919487147
12,1,aho_corasick,first,0,1,64,10418,150,100000000,100012800,834166,33170965,34027763,13387.469,13033.844,0.331667197,33184352.469,0.331801054,14998643553307602142,333383,333383,14998643553307602142
12,1,aho_corasick,first,1,1,64,10418,150,100000000,100012800,829678,37099494,37951263,13308.891,12963.719,0.370947459,37112802.891,0.371080531,14998643553307602142,333383,333383,14998643553307602142
12,1,aho_corasick,first,2,1,64,10418,150,100000000,100012800,687663,35489817,36217585,11371.375,10744.734,0.354852749,35501188.375,0.354966448,14998643553307602142,333383,333383,14998643553307602142
12,1,aho_corasick,first,3,1,64,10418,150,100000000,100012800,668887,36026742,36725074,10911.438,10451.359,0.360221312,36037653.438,0.360330412,14998643553307602142,333383,333383,14998643553307602142
12,1,aho_corasick,first,4,1,64,10418,150,100000000,100012800,896542,35184702,36107393,14417.047,14008.469,0.351801989,35199119.047,0.351946141,14998643553307602142,333383,333383,14998643553307602142
12,1,hash,first,0,1,64,10418,150,100000000,100012800,23294,146944740,146971891,424.234,363.969,1.469259335,146945164.234,1.469263577,14998643553307602142,333383,333383,14998643553307602142
12,1,hash,first,1,1,64,10418,150,100000000,100012800,14637,135658124,135676167,281.922,228.703,1.356407620,135658405.922,1.356410439,14998643553307602142,333383,333383,14998643553307602142
12,1,hash,first,2,1,64,10418,150,100000000,100012800,8606,142217132,142230407,207.422,134.469,1.421989305,142217339.422,1.421991379,14998643553307602142,333383,333383,14998643553307602142
12,1,hash,first,3,1,64,10418,150,100000000,100012800,8446,141723213,141736198,202.891,131.969,1.417050748,141723415.891,1.417052776,14998643553307602142,333383,333383,14998643553307602142
12,1,hash,first,4,1,64,10418,150,100000000,100012800,10169,147437363,147452311,233.562,158.891,1.474184934,147437596.562,1.474187270,14998643553307602142,333383,333383,14998643553307602142
12,1,bndmq,first,0,1,64,10418,150,100000000,100012800,49672,30600997,30672580,1118.484,776.125,0.305970806,30602115.484,0.305981989,14998643553307602142,333383,333383,14998643553307602142
12,1,bndmq,first,1,1,64,10418,150,100000000,100012800,22271,31460474,31503664,674.844,347.984,0.314564476,31461148.844,0.314571223,14998643553307602142,333383,333383,14998643553307602142
12,1,bndmq,first,2,1,64,10418,150,100000000,100012800,21319,33729337,33772608,676.109,333.109,0.337250202,33730013.109,0.337256962,14998643553307602142,333383,333383,14998643553307602142
12,1,bndmq,first,3,1,64,10418,150,100000000,100012800,23765,31469861,31513352,679.547,371.328,0.314658334,31470540.547,0.314665128,14998643553307602142,333383,333383,14998643553307602142
12,1,bndmq,first,4,1,64,10418,150,100000000,100012800,21059,32188460,32230879,662.797,329.047,0.321843404,32189122.797,0.321850031,14998643553307602142,333383,333383,14998643553307602142
12,2,hash,first,0,1,64,10418,150,100000000,100012800,16982,149566112,149588775,354.109,265.344,1.495469700,149566466.109,1.495473241,3215582736623184320,333379,333379,3215582736623184320
12,2,hash,first,1,1,64,10418,150,100000000,100012800,22141,148803370,148829468,407.781,345.953,1.487843256,148803777.781,1.487847333,3215582736623184320,333379,333379,3215582736623184320
12,2,hash,first,2,1,64,10418,150,100000000,100012800,15248,159146012,159166409,318.703,238.250,1.591256439,159146330.703,1.591259626,3215582736623184320,333379,333379,3215582736623184320
12,2,hash,first,3,1,64,10418,150,100000000,100012800,15459,152513742,152532446,292.250,241.547,1.524942227,152514034.250,1.524945150,3215582736623184320,333379,333379,3215582736623184320
12,2,hash,first,4,1,64,10418,150,100000000,100012800,14617,143261669,143280925,300.875,228.391,1.432433339,143261969.875,1.432436347,3215582736623184320,333379,333379,3215582736623184320
12,2,bndmq,first,0,1,64,10418,150,100000000,100012800,129271,51930031,52091932,2529.703,2019.859,0.519233848,51932560.703,0.519259142,3215582736623184320,333379,333379,3215582736623184320
12,2,bndmq,first,1,1,64,10418,150,100000000,100012800,55964,52937944,53024104,1346.250,874.438,0.529311688,52939290.250,0.529325149,3215582736623184320,333379,333379,3215582736623184320
12,2,bndmq,first,2,1,64,10418,150,100000000,100012800,59621,52600103,52687696,1368.641,931.578,0.525933710,52601471.641,0.525947395,3215582736623184320,333379,333379,3215582736623184320
12,2,bndmq,first,3,1,64,10418,150,100000000,100012800,52679,53338004,53417583,1243.422,823.109,0.533311776,53339247.422,0.533324209,3215582736623184320,333379,333379,3215582736623184320
12,2,bndmq,first,4,1,64,10418,150,100000000,100012800,61485,52385880,52474546,1385.406,960.703,0.523791755,52387265.406,0.523805607,3215582736623184320,333379,333379,3215582736623184320
12,2,aho_corasick,first,0,1,64,10418,150,100000000,100012800,1038547,408729015,409813537,16945.656,16227.297,4.086767044,408745960.656,4.086936479,3215582736623184320,333379,333379,3215582736623184320
12,2,aho_corasick,first,1,1,64,10418,150,100000000,100012800,1073603,408757908,409858602,17198.344,16775.047,4.087055937,408775106.344,4.087227898,3215582736623184320,333379,333379,3215582736623184320
12,2,aho_corasick,first,2,1,64,10418,150,100000000,100012800,863741,417517803,418411540,13964.641,13495.953,4.174643676,417531767.641,4.174783304,3215582736623184320,333379,333379,3215582736623184320
12,2,aho_corasick,first,3,1,64,10418,150,100000000,100012800,858321,414860953,415746404,13835.172,13411.266,4.148078576,414874788.172,4.148216910,3215582736623184320,333379,333379,3215582736623184320
12,2,aho_corasick,first,4,1,64,10418,150,100000000,100012800,877527,409718501,410617287,14043.531,13711.359,4.096660637,409732544.531,4.096801055,3215582736623184320,333379,333379,3215582736623184320
12,4,bndmq,first,0,1,64,10418,150,100000000,100012800,163946,95759598,95961434,3153.688,2561.656,0.957473423,95762751.688,0.957504956,15787452539917252254,333387,333387,15787452539917252254
12,4,bndmq,first,1,1,64,10418,150,100000000,100012800,135723,93557803,93724354,2602.359,2120.672,0.935458291,93560405.359,0.935484312,15787452539917252254,333387,333387,15787452539917252254
12,4,bndmq,first,2,1,64,10418,150,100000000,100012800,113452,95108305,95255630,2301.953,1772.688,0.950961327,95110606.953,0.950984344,15787452539917252254,333387,333387,15787452539917252254
12,4,bndmq,first,3,1,64,10418,150,100000000,100012800,113171,95951798,96094825,2234.797,1768.297,0.959395177,95954032.797,0.959417523,15787452539917252254,333387,333387,15787452539917252254
12,4,bndmq,first,4,1,64,10418,150,100000000,100012800,115616,99132320,99283452,2361.438,1806.500,0.991196327,99134681.438,0.991219938,15787452539917252254,333387,333387,15787452539917252254
12,4,aho_corasick,first,0,1,64,10418,150,100000000,100012800,1321977,153830917,155183010,21126.453,20655.891,1.538112292,153852043.453,1.538323529,15787452539917252254,333387,333387,15787452539917252254
12,4,aho_corasick,first,1,1,64,10418,150,100000000,100012800,1500379,159642115,161173512,23928.078,23443.422,1.596216834,159666043.078,1.596456084,15787452539917252254,333387,333387,15787452539917252254
12,4,aho_corasick,first,2,1,64,10418,150,100000000,100012800,1272233,154588633,155895040,20412.609,19878.641,1.545688482,154609045.609,1.545892582,15787452539917252254,333387,333387,15787452539917252254
12,4,aho_corasick,first,3,1,64,10418,150,100000000,100012800,1223142,155682971,156943242,19691.734,19111.594,1.556630461,155702662.734,1.556827353,15787452539917252254,333387,333387,15787452539917252254
12,4,aho_corasick,first,4,1,64,10418,150,100000000,100012800,1310355,157831641,159178955,21051.781,20474.297,1.578114411,157852692.781,1.578324902,15787452539917252254,333387,333387,15787452539917252254
12,4,hash,first,0,1,64,10418,150,100000000,100012800,27601,153129028,153163051,531.609,431.266,1.531094300,153129559.609,1.531099615,15787452539917252254,333387,333387,15787452539917252254
12,4,hash,first,1,1,64,10418,150,100000000,100012800,26319,154976534,155008363,497.328,411.234,1.549566995,154977031.328,1.549571968,15787452539917252254,333387,333387,15787452539917252254
12,4,hash,first,2,1,64,10418,150,100000000,100012800,32942,157070186,157109470,613.812,514.719,1.570500836,157070799.812,1.570506973,15787452539917252254,333387,333387,15787452539917252254
12,4,hash,first,3,1,64,10418,150,100000000,100012800,21029,157883149,157908196,391.359,328.578,1.578629425,157883540.359,1.578633339,15787452539917252254,333387,333387,15787452539917252254
12,4,hash,first,4,1,64,10418,150,100000000,100012800,18535,157031578,157054952,365.219,289.609,1.570114805,157031943.219,1.570118457,15787452539917252254,333387,333387,15787452539917252254
12,8,hash,first,0,1,32,20834,150,100000000,100003200,20548,176943242,176968058,775.500,642.125,1.769375800,176944017.500,1.769383555,5709187018844303980,333379,333379,5709187018844303980
12,8,hash,first,1,1,32,20834,150,100000000,100003200,33753,177269528,177307959,1200.969,1054.781,1.772638556,177270728.969,1.772650565,5709187018844303980,333379,333379,5709187018844303980
12,8,hash,first,2,1,32,20834,150,100000000,100003200,16551,181742440,181763399,654.969,517.219,1.817366244,181743094.969,1.817372794,5709187018844303980,333379,333379,5709187018844303980
12,8,hash,first,3,1,32,20834,150,100000000,100003200,14407,178601433,178621020,612.094,450.219,1.785957179,178602045.094,1.785963300,5709187018844303980,333379,333379,5709187018844303980
12,8,hash,first,4,1,32,20834,150,100000000,100003200,13956,177681013,177699297,571.375,436.125,1.776753274,177681584.375,1.776758987,5709187018844303980,333379,333379,5709187018844303980
12,8,aho_corasick,first,0,1,32,20834,150,100000000,100003200,1395694,157049773,158462688,44153.594,43615.438,1.570447476,157093926.594,1.570888997,5709187018844303980,333379,333379,5709187018844303980
12,8,aho_corasick,first,1,1,32,20834,150,100000000,100003200,1265625,158114158,159415470,40666.000,39550.781,1.581090985,158154824.000,1.581497632,5709187018844303980,333379,333379,5709187018844303980
12,8,aho_corasick,first,2,1,32,20834,150,100000000,100003200,966934,153323036,154313133,30940.531,30216.688,1.533181298,153353976.531,1.533490694,5709187018844303980,333379,333379,5709187018844303980
12,8,aho_corasick,first,3,1,32,20834,150,100000000,100003200,978787,159426516,160428226,31303.438,30587.094,1.594214145,159457819.438,1.594527170,5709187018844303980,333379,333379,5709187018844303980
12,8,aho_corasick,first,4,1,32,20834,150,100000000,100003200,957126,152424463,153405183,30647.500,29910.188,1.524195856,152455110.500,1.524502321,5709187018844303980,333379,333379,5709187018844303980
12,8,bndmq,first,0,1,32,20834,150,100000000,100003200,151252,176282664,176467439,5774.219,4726.625,1.762770231,176288438.219,1.762827972,5709187018844303980,333379,333379,5709187018844303980
12,8,bndmq,first,1,1,32,20834,150,100000000,100003200,123701,177527793,177683433,4863.750,3865.656,1.775221123,177532656.750,1.775269759,5709187018844303980,333379,333379,5709187018844303980
12,8,bndmq,first,2,1,32,20834,150,100000000,100003200,104325,180270556,180415136,4518.125,3260.156,1.802647875,180275074.125,1.802693055,5709187018844303980,333379,333379,5709187018844303980
12,8,bndmq,first,3,1,32,20834,150,100000000,100003200,130384,181925299,182091219,5185.000,4074.500,1.819194776,181930484.000,1.819246624,5709187018844303980,333379,333379,5709187018844303980
12,8,bndmq,first,4,1,32,20834,150,100000000,100003200,126736,182089984,182250413,5013.406,3960.500,1.820841573,182094997.406,1.820891706,5709187018844303980,333379,333379,5709187018844303980
12,16,bndmq,first,0,1,16,41668,150,100000000,100003200,145541,348519530,348716127,12287.312,9096.312,3.485083777,348531817.312,3.485206647,9429229127240103569,333389,333389,9429229127240103569
12,16,bndmq,first,1,1,16,41668,150,100000000,100003200,105878,353185103,353323852,8671.812,6617.375,3.531738014,353193774.812,3.531824730,9429229127240103569,333389,333389,9429229127240103569
12,16,bndmq,first,2,1,16,41668,150,100000000,100003200,99957,350861433,350996465,8439.500,6247.312,3.508502058,350869872.500,3.508586450,9429229127240103569,333389,333389,9429229127240103569
12,16,bndmq,first,3,1,16,41668,150,100000000,100003200,103283,351605550,351731845,7893.438,6455.188,3.515942990,351613443.438,3.516021922,9429229127240103569,333389,333389,9429229127240103569
12,16,bndmq,first,4,1,16,41668,150,100000000,100003200,90299,344100559,344224110,7721.938,5643.688,3.440895481,344108280.938,3.440972698,9429229127240103569,333389,333389,9429229127240103569
12,16,aho_corasick,first,0,1,16,41668,150,100000000,100003200,1033669,151454221,152499972,65359.438,64604.312,1.514493746,151519580.438,1.515147320,9429229127240103569,333389,333389,9429229127240103569
12,16,aho_corasick,first,1,1,16,41668,150,100000000,100003200,946706,151966781,152930289,60219.250,59169.125,1.519619182,152027000.250,1.520221355,9429229127240103569,333389,333389,9429229127240103569
12,16,aho_corasick,first,2,1,16,41668,150,100000000,100003200,821653,152416442,153259074,52664.500,51353.312,1.524115648,152469106.500,1.524642276,9429229127240103569,333389,333389,9429229127240103569
12,16,aho_corasick,first,3,1,16,41668,150,100000000,100003200,825140,159044574,159887517,52683.938,51571.250,1.590394847,159097257.938,1.590921670,9429229127240103569,333389,333389,9429229127240103569
12,16,aho_corasick,first,4,1,16,41668,150,100000000,100003200,819349,155643439,156481533,52380.875,51209.312,1.556384586,155695819.875,1.556908378,9429229127240103569,333389,333389,9429229127240103569
12,16,hash,first,0,1,16,41668,150,100000000,100003200,20258,176490822,176515288,1529.125,1266.125,1.764851745,176492351.125,1.764867036,9429229127240103569,333389,333389,9429229127240103569
12,16,hash,first,1,1,16,41668,150,100000000,100003200,17272,176547860,176569691,1364.438,1079.500,1.765422106,176549224.438,1.765435750,9429229127240103569,333389,333389,9429229127240103569
12,16,hash,first,2,1,16,41668,150,100000000,100003200,13105,178404593,178423148,1159.688,819.062,1.783988842,178405752.688,1.784000439,9429229127240103569,333389,333389,9429229127240103569
12,16,hash,first,3,1,16,41668,150,100000000,100003200,12363,181945627,181962018,1024.438,772.688,1.819398049,181946651.438,1.819408293,9429229127240103569,333389,333389,9429229127240103569
12,16,hash,first,4,1,16,41668,150,100000000,100003200,10680,185078760,185093788,939.250,667.500,1.850728377,185079699.250,1.850737769,9429229127240103569,333389,333389,9429229127240103569
12,32,aho_corasick,first,0,1,8,83334,150,100000000,100000800,801295,157795875,158606767,101361.500,100161.875,1.577946126,157897236.500,1.578959733,6038549971326147521,333411,333411,6038549971326147521
12,32,aho_corasick,first,1,1,8,83334,150,100000000,100000800,965673,155507814,156503604,124473.750,120709.125,1.555065699,155632287.750,1.556310427,6038549971326147521,333411,333411,6038549971326147521
12,32,aho_corasick,first,2,1,8,83334,150,100000000,100000800,851429,156714868,157582326,108432.250,106428.625,1.567136143,156823300.250,1.568220457,6038549971326147521,333411,333411,6038549971326147521
12,32,aho_corasick,first,3,1,8,83334,150,100000000,100000800,815391,153361157,154190233,103634.500,101923.875,1.533599301,153464791.500,1.534635638,6038549971326147521,333411,333411,6038549971326147521
12,32,aho_corasick,first,4,1,8,83334,150,100000000,100000800,745641,162049300,162808025,94840.625,93205.125,1.620480036,162144140.625,1.621428435,6038549971326147521,333411,333411,6038549971326147521
12,32,hash,first,0,1,8,83334,150,100000000,100000800,15108,175776580,175794804,2278.000,1888.500,1.757751738,175778858.000,1.757774518,6038549971326147521,333411,333411,6038549971326147521
12,32,hash,first,1,1,8,83334,150,100000000,100000800,15438,174892190,174911154,2370.500,1929.750,1.748907909,174894560.500,1.748931614,6038549971326147521,333411,333411,6038549971326147521
12,32,hash,first,2,1,8,83334,150,100000000,100000800,9998,184900402,184913256,1606.750,1249.750,1.848989228,184902008.750,1.849005295,6038549971326147521,333411,333411,6038549971326147521
12,32,hash,first,3,1,8,83334,150,100000000,100000800,9818,179126241,179139125,1610.500,1227.250,1.791248080,179127851.500,1.791264185,6038549971326147521,333411,333411,6038549971326147521
12,32,hash,first,4,1,8,83334,150,100000000,100000800,10580,177539314,177553060,1718.250,1322.500,1.775378937,177541032.250,1.775396119,6038549971326147521,333411,333411,6038549971326147521
12,32,bndmq,first,0,1,8,83334,150,100000000,100000800,127789,679449261,679599482,18777.625,15973.625,6.794438254,679468038.625,6.794626029,6038549971326147521,333411,333411,6038549971326147521
12,32,bndmq,first,1,1,8,83334,150,100000000,100000800,66935,691436469,691527549,11385.000,8366.875,6.914309376,691447854.000,6.914423225,6038549971326147521,333411,333411,6038549971326147521
12,32,bndmq,first,2,1,8,83334,150,100000000,100000800,62828,682978281,683066957,11084.500,7853.500,6.829728172,682989365.500,6.829839016,6038549971326147521,333411,333411,6038549971326147521
12,32,bndmq,first,3,1,8,83334,150,100000000,100000800,66184,672974580,673064458,11234.750,8273.000,6.729691962,672985814.750,6.729804309,6038549971326147521,333411,333411,6038549971326147521
12,32,bndmq,first,4,1,8,83334,150,100000000,100000800,61615,674866891,674953342,10806.375,7701.875,6.748614921,674877697.375,6.748722984,6038549971326147521,333411,333411,6038549971326147521
12,64,bndmq,first,0,1,4,166668,150,100000000,100000800,145932,1338076212,1338282117,51476.250,36483.000,13.380655075,1338127688.250,13.381169833,4088713397120296271,333538,333538,4088713397120296271
12,64,bndmq,first,1,1,4,166668,150,100000000,100000800,132808,1330222961,1330394812,42962.750,33202.000,13.302123193,1330265923.750,13.302552817,4088713397120296271,333538,333538,4088713397120296271
12,64,bndmq,first,2,1,4,166668,150,100000000,100000800,105987,1317095541,1317245129,37397.000,26496.750,13.170850043,1317132938.000,13.171224010,4088713397120296271,333538,333538,4088713397120296271
12,64,bndmq,first,3,1,4,166668,150,100000000,100000800,119593,1337838346,1337989648,37825.500,29898.250,13.378276434,1337876171.500,13.378654686,4088713397120296271,333538,333538,4088713397120296271
12,64,bndmq,first,4,1,4,166668,150,100000000,100000800,142690,1350744499,1350927354,45713.750,35672.500,13.507336931,1350790212.750,13.507794065,4088713397120296271,333538,333538,4088713397120296271
12,64,aho_corasick,first,0,1,4,166668,150,100000000,100000800,925728,157995518,158941093,236393.750,231432.000,1.579942540,158231911.750,1.582306459,4088713397120296271,333538,333538,4088713397120296271
12,64,aho_corasick,first,1,1,4,166668,150,100000000,100000800,888838,162851490,163748012,224130.500,222209.500,1.628501872,163075620.500,1.630743159,4088713397120296271,333538,333538,4088713397120296271
12,64,aho_corasick,first,2,1,4,166668,150,100000000,100000800,1046072,157795353,158857094,265435.250,261518.000,1.577940906,158060788.250,1.580595238,4088713397120296271,333538,333538,4088713397120296271
12,64,aho_corasick,first,3,1,4,166668,150,100000000,100000800,667776,161455678,162133793,169528.750,166944.000,1.614543864,161625206.750,1.616239138,4088713397120296271,333538,333538,4088713397120296271
12,64,aho_corasick,first,4,1,4,166668,150,100000000,100000800,673817,161717701,162402969,171317.000,168454.250,1.617164073,161889018.000,1.618877229,4088713397120296271,333538,333538,4088713397120296271
12,64,hash,first,0,1,4,166668,150,100000000,100000800,55663,179516587,179575036,14612.250,13915.750,1.795151509,179531199.250,1.795297630,4088713397120296271,333538,333538,4088713397120296271
12,64,hash,first,1,1,4,166668,150,100000000,100000800,38021,183802238,183842914,10169.000,9505.250,1.838007676,183812407.000,1.838109365,4088713397120296271,333538,333538,4088713397120296271
12,64,hash,first,2,1,4,166668,150,100000000,100000800,7494,190281920,190292510,2647.500,1873.500,1.902803978,190284567.500,1.902830452,4088713397120296271,333538,333538,4088713397120296271
12,64,hash,first,3,1,4,166668,150,100000000,100000800,6852,189434366,189444554,2547.000,1713.000,1.894328505,189436913.000,1.894353975,4088713397120296271,333538,333538,4088713397120296271
12,64,hash,first,4,1,4,166668,150,100000000,100000800,7574,191443598,191454158,2640.000,1893.500,1.914420665,191446238.000,1.914447064,4088713397120296271,333538,333538,4088713397120296271
12,128,hash,first,0,1,2,333334,150,100000000,100000200,11521,183058883,183073070,7093.500,5760.500,1.830585169,183065976.500,1.830656104,14674672398825557195,333688,333688,14674672398825557195
12,128,hash,first,1,1,2,333334,150,100000000,100000200,10860,182728912,182742157,6622.500,5430.000,1.827285465,182735534.500,1.827351690,14674672398825557195,333688,333688,14674672398825557195
12,128,hash,first,2,1,2,333334,150,100000000,100000200,6993,189129956,189139143,4593.500,3496.500,1.891295777,189134549.500,1.891341712,14674672398825557195,333688,333688,14674672398825557195
12,128,hash,first,3,1,2,333334,150,100000000,100000200,7143,187791736,187801153,4708.500,3571.500,1.877913604,187796444.500,1.877960689,14674672398825557195,333688,333688,14674672398825557195
12,128,hash,first,4,1,2,333334,150,100000000,100000200,7104,189211059,189220697,4819.000,3552.000,1.892106806,189215878.000,1.892154996,14674672398825557195,333688,333688,14674672398825557195
12,128,aho_corasick,first,0,1,2,333334,150,100000000,100000200,676703,166918880,167625008,353064.000,338351.500,1.669185462,167271944.000,1.672716095,14674672398825557195,333688,333688,14674672398825557195
12,128,aho_corasick,first,1,1,2,333334,150,100000000,100000200,783492,170486090,171298225,406067.500,391746.000,1.704857490,170892157.500,1.708918157,14674672398825557195,333688,333688,14674672398825557195
12,128,aho_corasick,first,2,1,2,333334,150,100000000,100000200,667295,165635851,166333743,348946.000,333647.500,1.656355197,165984797.000,1.659844650,14674672398825557195,333688,333688,14674672398825557195
12,128,aho_corasick,first,3,1,2,333334,150,100000000,100000200,643811,178937062,179607593,335265.500,321905.500,1.789367041,179272327.500,1.792719690,14674672398825557195,333688,333688,14674672398825557195
12,128,aho_corasick,first,4,1,2,333334,150,100000000,100000200,678726,167824184,168530171,352993.500,339363.000,1.678238484,168177177.500,1.681768411,14674672398825557195,333688,333688,14674672398825557195
12,256,aho_corasick,first,0,1,1,666668,150,100000000,100000200,662155,182207266,182897363,690097.000,662155.000,1.822069016,182897363.000,1.828969972,15988809007161253113,334037,334037,15988809007161253113
12,256,aho_corasick,first,1,1,1,666668,150,100000000,100000200,799231,188514903,189337006,822103.000,799231.000,1.885145260,189337006.000,1.893366273,15988809007161253113,334037,334037,15988809007161253113
12,256,aho_corasick,first,2,1,1,666668,150,100000000,100000200,620137,193669782,194321808,652026.000,620137.000,1.936693947,194321808.000,1.943214194,15988809007161253113,334037,334037,15988809007161253113
12,256,aho_corasick,first,3,1,1,666668,150,100000000,100000200,929263,190799772,191757358,957586.000,929263.000,1.907993904,191757358.000,1.917569745,15988809007161253113,334037,334037,15988809007161253113
12,256,aho_corasick,first,4,1,1,666668,150,100000000,100000200,773864,190062314,190855444,793130.000,773864.000,1.900619339,190855444.000,1.908550623,15988809007161253113,334037,334037,15988809007161253113
12,256,hash,first,0,1,1,666668,150,100000000,100000200,9217,186856026,186866986,10960.000,9217.000,1.868556523,186866986.000,1.868666123,15988809007161253113,334037,334037,15988809007161253113
12,256,hash,first,1,1,1,666668,150,100000000,100000200,11902,184093148,184107434,14286.000,11902.000,1.840927798,184107434.000,1.841070658,15988809007161253113,334037,334037,15988809007161253113
12,256,hash,first,2,1,1,666668,150,100000000,100000200,6031,191827271,191835245,7974.000,6031.000,1.918268873,191835245.000,1.918348613,15988809007161253113,334037,334037,15988809007161253113
12,256,hash,first,3,1,1,666668,150,100000000,100000200,5731,189756279,189763994,7715.000,5731.000,1.897558995,189763994.000,1.897636145,15988809007161253113,334037,334037,15988809007161253113
12,256,hash,first,4,1,1,666668,150,100000000,100000200,5621,195123660,195131214,7554.000,5621.000,1.951232698,195131214.000,1.951308237,15988809007161253113,334037,334037,15988809007161253113
12,1000,hash,first,0,1,1,666668,150,100000000,100000200,28102,175236882,175268051,31169.000,28102.000,1.752365315,175268051.000,1.752677005,18077172853605788464,336064,336064,18077172853605788464
12,1000,hash,first,1,1,1,666668,150,100000000,100000200,35296,175758517,175797038,38521.000,35296.000,1.757581655,175797038.000,1.757966864,18077172853605788464,336064,336064,18077172853605788464
12,1000,hash,first,2,1,1,666668,150,100000000,100000200,16340,185851346,185870641,19295.000,16340.000,1.858509743,185870641.000,1.858702693,18077172853605788464,336064,336064,18077172853605788464
12,1000,hash,first,3,1,1,666668,150,100000000,100000200,15910,186630436,186649943,19507.000,15910.000,1.866300627,186649943.000,1.866495697,18077172853605788464,336064,336064,18077172853605788464
12,1000,hash,first,4,1,1,666668,150,100000000,100000200,16151,187590418,187609825,19407.000,16151.000,1.875900428,187609825.000,1.876094498,18077172853605788464,336064,336064,18077172853605788464
12,1000,aho_corasick,first,0,1,1,666668,150,100000000,100000200,3077071,315593602,318704677,3111075.000,3077071.000,3.155929708,318704677.000,3.187040396,18077172853605788464,336064,336064,18077172853605788464
12,1000,aho_corasick,first,1,1,1,666668,150,100000000,100000200,2543856,319120037,321676998,2556961.000,2543856.000,3.191193988,321676998.000,3.216763546,18077172853605788464,336064,336064,18077172853605788464
12,1000,aho_corasick,first,2,1,1,666668,150,100000000,100000200,2366015,316232735,318605462,2372727.000,2366015.000,3.162321025,318605462.000,3.186048248,18077172853605788464,336064,336064,18077172853605788464
12,1000,aho_corasick,first,3,1,1,666668,150,100000000,100000200,2311662,306542292,308861057,2318765.000,2311662.000,3.065416789,308861057.000,3.088604393,18077172853605788464,336064,336064,18077172853605788464
12,1000,aho_corasick,first,4,1,1,666668,150,100000000,100000200,2926089,285953375,288886928,2933553.000,2926089.000,2.859528031,288886928.000,2.888863502,18077172853605788464,336064,336064,18077172853605788464
12,10000,hash,first,0,1,1,666668,150,100000000,100000200,257119,215224601,215528077,303476.000,257119.000,2.152241706,215528077.000,2.155276459,17706276346723462959,359582,359582,17706276346723462959
12,10000,hash,first,1,1,1,666668,150,100000000,100000200,265746,216076801,216356873,280072.000,265746.000,2.160763688,216356873.000,2.163564403,17706276346723462959,359582,359582,17706276346723462959
12,10000,hash,first,2,1,1,666668,150,100000000,100000200,146343,223252568,223413178,160610.000,146343.000,2.232521215,223413178.000,2.234127312,17706276346723462959,359582,359582,17706276346723462959
12,10000,hash,first,3,1,1,666668,150,100000000,100000200,148026,240189617,240352170,162553.000,148026.000,2.401891366,240352170.000,2.403516893,17706276346723462959,359582,359582,17706276346723462959
12,10000,hash,first,4,1,1,666668,150,100000000,100000200,163645,226630374,226811492,181118.000,163645.000,2.266299207,226811492.000,2.268110384,17706276346723462959,359582,359582,17706276346723462959
12,10000,aho_corasick,first,0,1,1,666668,150,100000000,100000200,27093105,666428524,693726152,27297628.000,27093105.000,6.664271911,693726152.000,6.937247646,17706276346723462959,359582,359582,17706276346723462959
12,10000,aho_corasick,first,1,1,1,666668,150,100000000,100000200,26691819,688776757,715617023,26840266.000,26691819.000,6.887753794,715617023.000,7.156155918,17706276346723462959,359582,359582,17706276346723462959
12,10000,aho_corasick,first,2,1,1,666668,150,100000000,100000200,25472631,655704070,681285454,25581384.000,25472631.000,6.557027586,681285454.000,6.812840914,17706276346723462959,359582,359582,17706276346723462959
12,10000,aho_corasick,first,3,1,1,666668,150,100000000,100000200,24142938,653212932,677456077,24243145.000,24142938.000,6.532116256,677456077.000,6.774547221,17706276346723462959,359582,359582,17706276346723462959
12,10000,aho_corasick,first,4,1,1,666668,150,100000000,100000200,23041156,691672079,714823460,23151381.000,23041156.000,6.916706957,714823460.000,7.148220304,17706276346723462959,359582,359582,17706276346723462959
12,100000,hash,first,0,1,1,666668,150,100000000,100000200,3944058,352062626,356322713,4260087.000,3944058.000,3.520619219,356322713.000,3.563220004,3545585635379673241,521055,521055,3545585635379673241
12,100000,hash,first,1,1,1,666668,150,100000000,100000200,2719534,369460313,372300242,2839929.000,2719534.000,3.694595741,372300242.000,3.722994974,3545585635379673241,521055,521055,3545585635379673241
12,100000,hash,first,2,1,1,666668,150,100000000,100000200,2296915,379510413,381959322,2448909.000,2296915.000,3.795096540,381959322.000,3.819585581,3545585635379673241,521055,521055,3545585635379673241
12,100000,hash,first,3,1,1,666668,150,100000000,100000200,2172833,348701246,351008671,2307425.000,2172833.000,3.487005486,351008671.000,3.510079690,3545585635379673241,521055,521055,3545585635379673241
12,100000,hash,first,4,1,1,666668,150,100000000,100000200,1793226,359488549,361404504,1915955.000,1793226.000,3.594878300,361404504.000,3.614037812,3545585635379673241,521055,521055,3545585635379673241
12,100000,aho_corasick,first,0,1,1,666668,150,100000000,100000200,286180396,1518324580,1805840609,287516029.000,286180396.000,15.183215434,1805840609.000,18.058369973,3545585635379673241,521055,521055,3545585635379673241
12,100000,aho_corasick,first,1,1,1,666668,150,100000000,100000200,264567450,1581742411,1847471167,265728756.000,264567450.000,15.817392475,1847471167.000,18.474674721,3545585635379673241,521055,521055,3545585635379673241
12,100000,aho_corasick,first,2,1,1,666668,150,100000000,100000200,260093360,1273836711,1535029041,261192330.000,260093360.000,12.738341633,1535029041.000,15.350259709,3545585635379673241,521055,521055,3545585635379673241
12,100000,aho_corasick,first,3,1,1,666668,150,100000000,100000200,231283471,1288503300,1520915477,232412177.000,231283471.000,12.885007230,1520915477.000,15.209124352,3545585635379673241,521055,521055,3545585635379673241
12,100000,aho_corasick,first,4,1,1,666668,150,100000000,100000200,223919652,1334736142,1560036681,225300539.000,223919652.000,13.347334725,1560036681.000,15.600335609,3545585635379673241,521055,521055,3545585635379673241
12,1000000,hash,first,0,1,1,666668,150,100000000,100000200,48709885,239084605,291166070,52081465.000,48709885.000,2.390841268,291166070.000,2.911654877,6710662998779109579,666618,666618,6710662998779109579
12,1000000,hash,first,1,1,1,666668,150,100000000,100000200,47437098,253440259,303933617,50493358.000,47437098.000,2.534397521,303933617.000,3.039330091,6710662998779109579,666618,666618,6710662998779109579
12,1000000,hash,first,2,1,1,666668,150,100000000,100000200,46266414,261129805,310752027,49622222.000,46266414.000,2.611292827,310752027.000,3.107514055,6710662998779109579,666618,666618,6710662998779109579
12,1000000,hash,first,3,1,1,666668,150,100000000,100000200,46592086,263265767,313344798,50079031.000,46592086.000,2.632652405,313344798.000,3.133441713,6710662998779109579,666618,666618,6710662998779109579
12,1000000,hash,first,4,1,1,666668,150,100000000,100000200,50864983,257450359,311674408,54224049.000,50864983.000,2.574498441,311674408.000,3.116737847,6710662998779109579,666618,666618,6710662998779109579
12,1,aho_corasick,all,0,1,64,10418,150,100000000,100012800,760720,60414294,61204780,12351.344,11886.250,0.604065620,60426645.344,0.604189117,12773711509441270279,333383,333388,12773711509441270279
12,1,aho_corasick,all,1,1,64,10418,150,100000000,100012800,1458581,62086162,63568016,23153.969,22790.328,0.620782160,62109315.969,0.621013670,12773711509441270279,333383,333388,12773711509441270279
12,1,aho_corasick,all,2,1,64,10418,150,100000000,100012800,696539,61080367,61820127,11558.750,10883.422,0.610725497,61091925.750,0.610841070,12773711509441270279,333383,333388,12773711509441270279
12,1,aho_corasick,all,3,1,64,10418,150,100000000,100012800,668387,62780676,63479750,10923.031,10443.547,0.627726411,62791599.031,0.627835627,12773711509441270279,333383,333388,12773711509441270279
12,1,aho_corasick,all,4,1,64,10418,150,100000000,100012800,667254,64703218,65756192,16452.719,10425.844,0.646949370,64719670.719,0.647113877,12773711509441270279,333383,333388,12773711509441270279
12,1,hash,all,0,1,64,10418,150,100000000,100012800,16181,200315179,200335077,310.906,252.828,2.002895419,200315489.906,2.002898528,12773711509441270279,333383,333388,12773711509441270279
12,1,hash,all,1,1,64,10418,150,100000000,100012800,14617,201633928,201653484,305.562,228.391,2.016081222,201634233.562,2.016084277,12773711509441270279,333383,333388,12773711509441270279
12,1,hash,all,2,1,64,10418,150,100000000,100012800,10099,198511182,198525569,224.797,157.797,1.984857758,198511406.797,1.984860006,12773711509441270279,333383,333388,12773711509441270279
12,1,hash,all,3,1,64,10418,150,100000000,100012800,8777,215579923,215593129,206.344,137.141,2.155523323,215580129.344,2.155525386,12773711509441270279,333383,333388,12773711509441270279
12,1,hash,all,4,1,64,10418,150,100000000,100012800,9287,222538387,222553646,238.422,145.109,2.225099057,222538625.422,2.225101441,12773711509441270279,333383,333388,12773711509441270279
12,1,bndmq,all,0,1,64,10418,150,100000000,100012800,49483,39113211,39182641,1084.844,773.172,0.391082051,39114295.844,0.391092899,12773711509441270279,333383,333388,12773711509441270279
12,1,bndmq,all,1,1,64,10418,150,100000000,100012800,21550,39192568,39229036,569.812,336.719,0.391875520,39193137.812,0.391881217,12773711509441270279,333383,333388,12773711509441270279
12,1,bndmq,all,2,1,64,10418,150,100000000,100012800,19056,37928797,37965296,570.297,297.750,0.379239427,37929367.297,0.379245130,12773711509441270279,333383,333388,12773711509441270279
12,1,bndmq,all,3,1,64,10418,150,100000000,100012800,18916,37558300,37592093,528.016,295.562,0.375534932,37558828.016,0.375540211,12773711509441270279,333383,333388,12773711509441270279
12,1,bndmq,all,4,1,64,10418,150,100000000,100012800,17363,39464295,39496977,510.656,271.297,0.394592442,39464805.656,0.394597548,12773711509441270279,333383,333388,12773711509441270279
12,2,hash,all,0,1,64,10418,150,100000000,100012800,20137,203859902,203884418,383.062,314.641,2.038338113,203860285.062,2.038341943,2955509433354340577,333379,333385,2955509433354340577
12,2,hash,all,1,1,64,10418,150,100000000,100012800,22903,204087396,204114848,428.938,357.859,2.040612762,204087824.938,2.040617050,2955509433354340577,333379,333385,2955509433354340577
12,2,hash,all,2,1,64,10418,150,100000000,100012800,14477,213885517,213905554,313.078,226.203,2.138581432,213885830.078,2.138584562,2955509433354340577,333379,333385,2955509433354340577
12,2,hash,all,3,1,64,10418,150,100000000,100012800,15489,206508540,206527967,303.547,242.016,2.064821103,206508843.547,2.064824138,2955509433354340577,333379,333385,2955509433354340577
12,2,hash,all,4,1,64,10418,150,100000000,100012800,15399,205116002,205135879,310.578,240.609,2.050897505,205116312.578,2.050900611,2955509433354340577,333379,333385,2955509433354340577
12,2,bndmq,all,0,1,64,10418,150,100000000,100012800,93945,68769729,68893179,1928.906,1467.891,0.687609276,68771657.906,0.687628563,2955509433354340577,333379,333385,2955509433354340577
12,2,bndmq,all,1,1,64,10418,150,100000000,100012800,64611,82316982,82411399,1475.266,1009.547,0.823064468,82318457.266,0.823079219,2955509433354340577,333379,333385,2955509433354340577
12,2,bndmq,all,2,1,64,10418,150,100000000,100012800,52147,67889677,67971239,1274.406,814.797,0.678809882,67890951.406,0.678822625,2955509433354340577,333379,333385,2955509433354340577
12,2,bndmq,all,3,1,64,10418,150,100000000,100012800,53019,69386106,69468711,1290.703,828.422,0.693772257,69387396.703,0.693785163,2955509433354340577,333379,333385,2955509433354340577
12,2,bndmq,all,4,1,64,10418,150,100000000,100012800,52137,67633546,67715789,1285.047,814.641,0.676248900,67634831.047,0.676261749,2955509433354340577,333379,333385,2955509433354340577
12,2,aho_corasick,all,0,1,64,10418,150,100000000,100012800,919245,569449576,570406120,14946.000,14363.203,5.693766958,569464522.000,5.693916399,2955509433354340577,333379,333385,2955509433354340577
12,2,aho_corasick,all,1,1,64,10418,150,100000000,100012800,1068758,583198673,584295473,17137.500,16699.344,5.831240331,583215810.500,5.831411684,2955509433354340577,333379,333385,2955509433354340577
12,2,aho_corasick,all,2,1,64,10418,150,100000000,100012800,872127,570190525,571101635,14236.094,13626.984,5.701175500,570204761.094,5.701317842,2955509433354340577,333379,333385,2955509433354340577
12,2,aho_corasick,all,3,1,64,10418,150,100000000,100012800,858461,569527351,570411460,13814.203,13413.453,5.694544608,569541165.203,5.694682733,2955509433354340577,333379,333385,2955509433354340577
12,2,aho_corasick,all,4,1,64,10418,150,100000000,100012800,860325,560731977,561615165,13799.812,13442.578,5.606602125,560745776.812,5.606740105,2955509433354340577,333379,333385,2955509433354340577
12,4,bndmq,all,0,1,64,10418,150,100000000,100012800,164658,124331330,124537816,3226.344,2572.781,1.243154176,124334556.344,1.243186436,17615054873366761468,333387,333392,17615054873366761468
12,4,bndmq,all,1,1,64,10418,150,100000000,100012800,125024,124956809,125119623,2543.969,1953.500,1.249408166,124959352.969,1.249433602,17615054873366761468,333387,333392,17615054873366761468
12,4,bndmq,all,2,1,64,10418,150,100000000,100012800,120955,124200037,124359524,2491.984,1889.922,1.241841414,124202528.984,1.241866331,17615054873366761468,333387,333392,17615054873366761468
12,4,bndmq,all,3,1,64,10418,150,100000000,100012800,121286,129927322,130092440,2579.969,1895.094,1.299106934,129929901.969,1.299132731,17615054873366761468,333387,333392,17615054873366761468
12,4,bndmq,all,4,1,64,10418,150,100000000,100012800,150240,127362730,127551872,2955.344,2347.500,1.273464297,127365685.344,1.273493846,17615054873366761468,333387,333392,17615054873366761468
12,4,aho_corasick,all,0,1,64,10418,150,100000000,100012800,1324992,215976553,217335470,21233.078,20703.000,2.159489115,215997786.078,2.159701419,17615054873366761468,333387,333392,17615054873366761468
12,4,aho_corasick,all,1,1,64,10418,150,100000000,100012800,1460195,218791495,220285163,23338.562,22815.547,2.187634933,218814833.562,2.187868288,17615054873366761468,333387,333392,17615054873366761468
12,4,aho_corasick,all,2,1,64,10418,150,100000000,100012800,1227981,211988548,213253277,19761.391,19187.203,2.119614169,212008309.391,2.119811758,17615054873366761468,333387,333392,17615054873366761468
12,4,aho_corasick,all,3,1,64,10418,150,100000000,100012800,1222481,215346719,216602562,19622.547,19101.266,2.153191581,215366341.547,2.153387782,17615054873366761468,333387,333392,17615054873366761468
12,4,aho_corasick,all,4,1,64,10418,150,100000000,100012800,1208174,220038213,221276945,19355.188,18877.719,2.200100517,220057568.188,2.200294044,17615054873366761468,333387,333392,17615054873366761468
12,4,hash,all,0,1,64,10418,150,100000000,100012800,31940,220505613,220542062,569.516,499.062,2.204773919,220506182.516,2.204779613,17615054873366761468,333387,333392,17615054873366761468
12,4,hash,all,1,1,64,10418,150,100000000,100012800,25157,219201475,219231941,476.031,393.078,2.191734208,219201951.031,2.191738968,17615054873366761468,333387,333392,17615054873366761468
12,4,hash,all,2,1,64,10418,150,100000000,100012800,26891,224199635,224231946,504.859,420.172,2.241709411,224200139.859,2.241714459,17615054873366761468,333387,333392,17615054873366761468
12,4,hash,all,3,1,64,10418,150,100000000,100012800,18114,229563422,229587036,368.969,283.031,2.295340416,229563790.969,2.295344106,17615054873366761468,333387,333392,17615054873366761468
12,4,hash,all,4,1,64,10418,150,100000000,100012800,18926,226751365,226776182,387.766,295.719,2.267223445,226751752.766,2.267227323,17615054873366761468,333387,333392,17615054873366761468
12,8,bndmq,all,0,1,32,20834,150,100000000,100003200,145091,242145495,242324519,5594.500,4534.094,2.421377466,242151089.500,2.421433409,3751666324493240262,333379,333399,3751666324493240262
12,8,bndmq,all,1,1,32,20834,150,100000000,100003200,109695,238556910,238698495,4424.531,3427.969,2.385492764,238561334.531,2.385537008,3751666324493240262,333379,333399,3751666324493240262
12,8,bndmq,all,2,1,32,20834,150,100000000,100003200,108112,249073212,249218112,4528.125,3378.500,2.490652419,249077740.125,2.490697699,3751666324493240262,333379,333399,3751666324493240262
12,8,bndmq,all,3,1,32,20834,150,100000000,100003200,117279,245099228,245248847,4675.594,3664.969,2.450913851,245103903.594,2.450960605,3751666324493240262,333379,333399,3751666324493240262
12,8,bndmq,all,4,1,32,20834,150,100000000,100003200,103783,243341217,243479525,4322.125,3243.219,2.433334303,243345539.125,2.433377523,3751666324493240262,333379,333399,3751666324493240262
12,8,aho_corasick,all,0,1,32,20834,150,100000000,100003200,1039599,217441851,218499934,33065.094,32487.469,2.174348931,217474916.094,2.174679571,3751666324493240262,333379,333399,3751666324493240262
12,8,aho_corasick,all,1,1,32,20834,150,100000000,100003200,1147761,211978285,213161752,36983.344,35867.531,2.119715019,212015268.344,2.120084841,3751666324493240262,333379,333399,3751666324493240262
12,8,aho_corasick,all,2,1,32,20834,150,100000000,100003200,1349006,206789674,208162035,42886.281,42156.438,2.067830569,206832560.281,2.068259419,3751666324493240262,333379,333399,3751666324493240262
12,8,aho_corasick,all,3,1,32,20834,150,100000000,100003200,1318490,203896954,205237455,41890.656,41202.812,2.038904295,203938844.656,2.039323188,3751666324493240262,333379,333399,3751666324493240262
12,8,aho_corasick,all,4,1,32,20834,150,100000000,100003200,968647,208998113,209991476,31042.594,30270.219,2.089914253,209029155.594,2.090224669,3751666324493240262,333379,333399,3751666324493240262
12,8,hash,all,0,1,32,20834,150,100000000,100003200,20378,252947007,252972414,793.969,636.812,2.529389130,252947800.969,2.529397069,3751666324493240262,333379,333399,3751666324493240262
12,8,hash,all,1,1,32,20834,150,100000000,100003200,21039,258943204,258967419,756.719,657.469,2.589349181,258943960.719,2.589356748,3751666324493240262,333379,333399,3751666324493240262
12,8,hash,all,2,1,32,20834,150,100000000,100003200,13926,260974092,260991876,555.750,435.188,2.609657411,260974647.750,2.609662968,3751666324493240262,333379,333399,3751666324493240262
12,8,hash,all,3,1,32,20834,150,100000000,100003200,13645,256606966,256625269,571.969,426.406,2.565987548,256607537.969,2.565993268,3751666324493240262,333379,333399,3751666324493240262
12,8,hash,all,4,1,32,20834,150,100000000,100003200,14037,256606895,256625039,567.000,438.656,2.565986838,256607462.000,2.565992508,3751666324493240262,333379,333399,3751666324493240262
12,16,aho_corasick,all,0,1,16,41668,150,100000000,100003200,1072290,209978458,211064734,67892.250,67018.125,2.099717389,210046350.250,2.100396290,16246683217045807629,333389,333428,16246683217045807629
12,16,aho_corasick,all,1,1,16,41668,150,100000000,100003200,842321,205715070,206577238,53885.500,52645.062,2.057084873,205768955.500,2.057623711,16246683217045807629,333389,333428,16246683217045807629
12,16,aho_corasick,all,2,1,16,41668,150,100000000,100003200,847982,203747792,204616623,54301.938,52998.875,2.037412723,203802093.938,2.037955725,16246683217045807629,333389,333428,16246683217045807629
12,16,aho_corasick,all,3,1,16,41668,150,100000000,100003200,812015,197826515,198657986,51966.938,50750.938,1.978201848,197878481.938,1.978721500,16246683217045807629,333389,333428,16246683217045807629
12,16,aho_corasick,all,4,1,16,41668,150,100000000,100003200,831431,200886111,201736958,53177.938,51964.438,2.008796829,200939288.938,2.009328591,16246683217045807629,333389,333428,16246683217045807629
12,16,hash,all,0,1,16,41668,150,100000000,100003200,20618,243836379,243860916,1533.562,1288.625,2.438285765,243837912.562,2.438301100,16246683217045807629,333389,333428,16246683217045807629
12,16,hash,all,1,1,16,41668,150,100000000,100003200,17873,247481754,247505268,1469.625,1117.062,2.474738348,247483223.625,2.474753044,16246683217045807629,333389,333428,16246683217045807629
12,16,hash,all,2,1,16,41668,150,100000000,100003200,12704,256589402,256607346,1121.500,794.000,2.565811914,256590523.500,2.565823129,16246683217045807629,333389,333428,16246683217045807629
12,16,hash,all,3,1,16,41668,150,100000000,100003200,10299,253603150,253617707,909.812,643.688,2.535950350,253604059.812,2.535959447,16246683217045807629,333389,333428,16246683217045807629
12,16,hash,all,4,1,16,41668,150,100000000,100003200,11130,258474667,258491829,1072.625,695.625,2.584663961,258475739.625,2.584674687,16246683217045807629,333389,333428,16246683217045807629
12,16,bndmq,all,0,1,16,41668,150,100000000,100003200,233606,485432700,485700670,16748.125,14600.375,4.854171667,485449448.125,4.854339142,16246683217045807629,333389,333428,16246683217045807629
12,16,bndmq,all,1,1,16,41668,150,100000000,100003200,99766,451851520,451985140,8351.250,6235.375,4.518370612,451859871.250,4.518454122,16246683217045807629,333389,333428,16246683217045807629
12,16,bndmq,all,2,1,16,41668,150,100000000,100003200,97221,466350030,466483999,8373.062,6076.312,4.663351073,466358403.062,4.663434801,16246683217045807629,333389,333428,16246683217045807629
12,16,bndmq,all,3,1,16,41668,150,100000000,100003200,104364,457538475,457676452,8623.562,6522.750,4.575238342,457547098.562,4.575324575,16246683217045807629,333389,333428,16246683217045807629
12,16,bndmq,all,4,1,16,41668,150,100000000,100003200,95589,452157141,452283156,7875.938,5974.312,4.521426724,452165016.938,4.521505481,16246683217045807629,333389,333428,16246683217045807629
12,32,hash,all,0,1,8,83334,150,100000000,100000800,15949,248475625,248494811,2398.250,1993.625,2.484736372,248478023.250,2.484760354,8930370573401290921,333411,333486,8930370573401290921
12,32,hash,all,1,1,8,83334,150,100000000,100000800,15889,254815494,254836923,2678.625,1986.125,2.548134555,254818172.625,2.548161341,8930370573401290921,333411,333486,8930370573401290921
12,32,hash,all,2,1,8,83334,150,100000000,100000800,15058,259227459,259246434,2371.875,1882.250,2.592253852,259229830.875,2.592277571,8930370573401290921,333411,333486,8930370573401290921
12,32,hash,all,3,1,8,83334,150,100000000,100000800,9979,255331596,255345612,1752.000,1247.375,2.553295534,255333348.000,2.553313053,8930370573401290921,333411,333486,8930370573401290921
12,32,hash,all,4,1,8,83334,150,100000000,100000800,10439,253382219,253396265,1755.750,1304.875,2.533801920,253383974.750,2.533819477,8930370573401290921,333411,333486,8930370573401290921
12,32,bndmq,all,0,1,8,83334,150,100000000,100000800,133048,927794127,927950047,19490.000,16631.000,9.277867047,927813617.000,9.278061946,8930370573401290921,333411,333486,8930370573401290921
12,32,bndmq,all,1,1,8,83334,150,100000000,100000800,70021,884292002,884388041,12004.875,8752.625,8.842849277,884304006.875,8.842969325,8930370573401290921,333411,333486,8930370573401290921
12,32,bndmq,all,2,1,8,83334,150,100000000,100000800,69440,887976287,888070904,11827.125,8680.000,8.879691832,887988114.125,8.879810103,8930370573401290921,333411,333486,8930370573401290921
12,32,bndmq,all,3,1,8,83334,150,100000000,100000800,67055,885314644,885408168,11690.500,8381.875,8.853075615,885326334.500,8.853192519,8930370573401290921,333411,333486,8930370573401290921
12,32,bndmq,all,4,1,8,83334,150,100000000,100000800,68298,888314115,888406548,11554.125,8537.250,8.883070085,888325669.125,8.883185626,8930370573401290921,333411,333486,8930370573401290921
12,32,aho_corasick,all,0,1,8,83334,150,100000000,100000800,824378,221998989,222833206,104277.125,103047.250,2.219972130,222103266.125,2.221014893,8930370573401290921,333411,333486,8930370573401290921
12,32,aho_corasick,all,1,1,8,83334,150,100000000,100000800,760118,217140415,217928976,98570.125,95014.750,2.171386779,217238985.125,2.172372472,8930370573401290921,333411,333486,8930370573401290921
12,32,aho_corasick,all,2,1,8,83334,150,100000000,100000800,971713,214147842,215133461,123202.375,121464.125,2.141461288,214271044.375,2.142693302,8930370573401290921,333411,333486,8930370573401290921
12,32,aho_corasick,all,3,1,8,83334,150,100000000,100000800,811595,210213797,211044497,103837.500,101449.375,2.102121153,210317634.500,2.103159520,8930370573401290921,333411,333486,8930370573401290921
12,32,aho_corasick,all,4,1,8,83334,150,100000000,100000800,1162268,212479219,213655354,147016.875,145283.500,2.124775192,212626235.875,2.126245349,8930370573401290921,333411,333486,8930370573401290921
12,64,bndmq,all,0,1,4,166668,150,100000000,100000800,160439,1756868696,1757081412,53179.000,40109.750,17.568546412,1756921875.000,17.569078197,8706808490895615258,333538,333703,8706808490895615258
12,64,bndmq,all,1,1,4,166668,150,100000000,100000800,148707,1750986463,1751173832,46842.250,37176.750,17.509724552,1751033305.250,17.510192971,8706808490895615258,333538,333703,8706808490895615258
12,64,bndmq,all,2,1,4,166668,150,100000000,100000800,106108,1797158133,1797304947,36703.500,26527.000,17.971437558,1797194836.500,17.971804591,8706808490895615258,333538,333703,8706808490895615258
12,64,bndmq,all,3,1,4,166668,150,100000000,100000800,110797,1741363786,1741513646,37465.000,27699.250,17.413498552,1741401251.000,17.413873199,8706808490895615258,333538,333703,8706808490895615258
12,64,bndmq,all,4,1,4,166668,150,100000000,100000800,108112,1814917376,1815085730,42088.500,27028.000,18.149028568,1814959464.500,18.149449449,8706808490895615258,333538,333703,8706808490895615258
12,64,aho_corasick,all,0,1,4,166668,150,100000000,100000800,780216,216892052,217694229,200544.250,195054.000,2.168903169,217092596.250,2.170908595,8706808490895615258,333538,333703,8706808490895615258
12,64,aho_corasick,all,1,1,4,166668,150,100000000,100000800,676361,225380769,226068733,171991.000,169090.250,2.253789660,225552760.000,2.255509556,8706808490895615258,333538,333703,8706808490895615258
12,64,aho_corasick,all,2,1,4,166668,150,100000000,100000800,1111674,217418961,218540443,280370.500,277918.500,2.174172217,217699331.500,2.176975899,8706808490895615258,333538,333703,8706808490895615258
12,64,aho_corasick,all,3,1,4,166668,150,100000000,100000800,884330,215699540,216594580,223760.000,221082.500,2.156978144,215923300.000,2.159215726,8706808490895615258,333538,333703,8706808490895615258
12,64,aho_corasick,all,4,1,4,166668,150,100000000,100000800,664620,215213901,215888209,168577.000,166155.000,2.152121793,215382478.000,2.153807550,8706808490895615258,333538,333703,8706808490895615258
12,64,hash,all,0,1,4,166668,150,100000000,100000800,11972,243223487,243237683,3549.000,2993.000,2.432215412,243227036.000,2.432250902,8706808490895615258,333538,333703,8706808490895615258
12,64,hash,all,1,1,4,166668,150,100000000,100000800,10169,243453254,243466399,3286.250,2542.250,2.434513064,243456540.250,2.434545926,8706808490895615258,333538,333703,8706808490895615258
12,64,hash,all,2,1,4,166668,150,100000000,100000800,7183,254058597,254068987,2597.500,1795.750,2.540565645,254061194.500,2.540591620,8706808490895615258,333538,333703,8706808490895615258
12,64,hash,all,3,1,4,166668,150,100000000,100000800,7113,245432458,245442967,2627.250,1778.250,2.454304946,245435085.250,2.454331218,8706808490895615258,333538,333703,8706808490895615258
12,64,hash,all,4,1,4,166668,150,100000000,100000800,7034,251694961,251705040,2519.750,1758.500,2.516929475,251697480.750,2.516954672,8706808490895615258,333538,333703,8706808490895615258
12,128,hash,all,0,1,2,333334,150,100000000,100000200,9798,254655680,254668033,6176.500,4899.000,2.546551707,254661856.500,2.546613472,3979798265473970522,333688,334038,3979798265473970522
12,128,hash,all,1,1,2,333334,150,100000000,100000200,11992,260347464,260362692,7614.000,5996.000,2.603469433,260355078.000,2.603545573,3979798265473970522,333688,334038,3979798265473970522
12,128,hash,all,2,1,2,333334,150,100000000,100000200,6683,263045477,263054594,4558.500,3341.500,2.630449509,263050035.500,2.630495094,3979798265473970522,333688,334038,3979798265473970522
12,128,hash,all,3,1,2,333334,150,100000000,100000200,7184,261719428,261728786,4679.000,3592.000,2.617189046,261724107.000,2.617235836,3979798265473970522,333688,334038,3979798265473970522
12,128,hash,all,4,1,2,333334,150,100000000,100000200,6612,254106120,254115587,4733.500,3306.000,2.541056118,254110853.500,2.541103453,3979798265473970522,333688,334038,3979798265473970522
12,128,aho_corasick,all,0,1,2,333334,150,100000000,100000200,689736,230015024,230728466,356721.000,344868.000,2.300145640,230371745.000,2.303712843,3979798265473970522,333688,334038,3979798265473970522
12,128,aho_corasick,all,1,1,2,333334,150,100000000,100000200,845925,232955474,233825654,435090.000,422962.500,2.329550081,233390564.000,2.333900972,3979798265473970522,333688,334038,3979798265473970522
12,128,aho_corasick,all,2,1,2,333334,150,100000000,100000200,636768,229527585,230186454,329434.500,318384.000,2.295271259,229857019.500,2.298565598,3979798265473970522,333688,334038,3979798265473970522
12,128,aho_corasick,all,3,1,2,333334,150,100000000,100000200,647959,227491216,228164081,336432.500,323979.500,2.274907610,227827648.500,2.278271928,3979798265473970522,333688,334038,3979798265473970522
12,128,aho_corasick,all,4,1,2,333334,150,100000000,100000200,663137,223876662,224564927,344132.500,331568.500,2.238762142,224220794.500,2.242203461,3979798265473970522,333688,334038,3979798265473970522
12,256,hash,all,0,1,1,666668,150,100000000,100000200,9067,253576301,253587081,10780.000,9067.000,2.535757938,253587081.000,2.535865738,15564447539677354623,334037,334835,15564447539677354623
12,256,hash,all,1,1,1,666668,150,100000000,100000200,14257,260278330,260294591,16261.000,14257.000,2.602778094,260294591.000,2.602940704,15564447539677354623,334037,334835,15564447539677354623
12,256,hash,all,2,1,1,666668,150,100000000,100000200,5520,276031434,276039018,7584.000,5520.000,2.760308819,276039018.000,2.760384659,15564447539677354623,334037,334835,15564447539677354623
12,256,hash,all,3,1,1,666668,150,100000000,100000200,6112,284628023,284636560,8537.000,6112.000,2.846274537,284636560.000,2.846359907,15564447539677354623,334037,334835,15564447539677354623
12,256,hash,all,4,1,1,666668,150,100000000,100000200,5951,282802991,282810836,7845.000,5951.000,2.828024254,282810836.000,2.828102704,15564447539677354623,334037,334835,15564447539677354623
12,256,aho_corasick,all,0,1,1,666668,150,100000000,100000200,653309,253617598,254299740,682142.000,653309.000,2.536170908,254299740.000,2.542992314,15564447539677354623,334037,334835,15564447539677354623
12,256,aho_corasick,all,1,1,1,666668,150,100000000,100000200,735222,253332181,254099363,767182.000,735222.000,2.533316743,254099363.000,2.540988548,15564447539677354623,334037,334835,15564447539677354623
12,256,aho_corasick,all,2,1,1,666668,150,100000000,100000200,994413,252135565,253161798,1026233.000,994413.000,2.521350607,253161798.000,2.531612917,15564447539677354623,334037,334835,15564447539677354623
12,256,aho_corasick,all,3,1,1,666668,150,100000000,100000200,633602,251124926,251789786,664860.000,633602.000,2.511244238,251789786.000,2.517892824,15564447539677354623,334037,334835,15564447539677354623
12,256,aho_corasick,all,4,1,1,666668,150,100000000,100000200,605329,246373062,247013186,640124.000,605329.000,2.463725693,247013186.000,2.470126920,15564447539677354623,334037,334835,15564447539677354623
12,1000,aho_corasick,all,0,1,1,666668,150,100000000,100000200,2652398,370483483,373185894,2702411.000,2652398.000,3.704827420,373185894.000,3.731851476,6869731816217369719,336064,338753,6869731816217369719
12,1000,aho_corasick,all,1,1,1,666668,150,100000000,100000200,2465419,369503264,371984512,2481248.000,2465419.000,3.695025250,371984512.000,3.719837680,6869731816217369719,336064,338753,6869731816217369719
12,1000,aho_corasick,all,2,1,1,666668,150,100000000,100000200,2844277,385521497,388377035,2855538.000,2844277.000,3.855207260,388377035.000,3.883762582,6869731816217369719,336064,338753,6869731816217369719
12,1000,aho_corasick,all,3,1,1,666668,150,100000000,100000200,2442256,376880838,379330317,2449479.000,2442256.000,3.768800842,379330317.000,3.793295583,6869731816217369719,336064,338753,6869731816217369719
12,1000,aho_corasick,all,4,1,1,666668,150,100000000,100000200,2644754,370683415,373335243,2651828.000,2644754.000,3.706826736,373335243.000,3.733344963,6869731816217369719,336064,338753,6869731816217369719
12,1000,hash,all,0,1,1,666668,150,100000000,100000200,33202,257030442,257066770,36328.000,33202.000,2.570299279,257066770.000,2.570662559,6869731816217369719,336064,338753,6869731816217369719
12,1000,hash,all,1,1,1,666668,150,100000000,100000200,39684,250427687,250470557,42870.000,39684.000,2.504271861,250470557.000,2.504700561,6869731816217369719,336064,338753,6869731816217369719
12,1000,hash,all,2,1,1,666668,150,100000000,100000200,16140,253305215,253324591,19376.000,16140.000,2.533047084,253324591.000,2.533240844,6869731816217369719,336064,338753,6869731816217369719
12,1000,hash,all,3,1,1,666668,150,100000000,100000200,15889,249763678,249783054,19376.000,15889.000,2.497631785,249783054.000,2.497825544,6869731816217369719,336064,338753,6869731816217369719
12,1000,hash,all,4,1,1,666668,150,100000000,100000200,20228,264877334,264900768,23434.000,20228.000,2.648768042,264900768.000,2.649002382,6869731816217369719,336064,338753,6869731816217369719
12,10000,aho_corasick,all,0,1,1,666668,150,100000000,100000200,28697158,913457209,942371592,28914383.000,28697158.000,9.134553821,942371592.000,9.423697073,9312875551958669865,359582,388680,9312875551958669865
12,10000,aho_corasick,all,1,1,1,666668,150,100000000,100000200,26801461,942292795,969204683,26911888.000,26801461.000,9.422909104,969204683.000,9.692027446,9312875551958669865,359582,388680,9312875551958669865
12,10000,aho_corasick,all,2,1,1,666668,150,100000000,100000200,24464191,903408786,927983854,24575068.000,24464191.000,9.034069792,927983854.000,9.279819980,9312875551958669865,359582,388680,9312875551958669865
12,10000,aho_corasick,all,3,1,1,666668,150,100000000,100000200,23984923,908100410,932193875,24093465.000,23984923.000,9.080985938,932193875.000,9.321920106,9312875551958669865,359582,388680,9312875551958669865
12,10000,aho_corasick,all,4,1,1,666668,150,100000000,100000200,22981645,899124501,922221351,23096850.000,22981645.000,8.991227028,922221351.000,9.222195066,9312875551958669865,359582,388680,9312875551958669865
12,10000,hash,all,0,1,1,666668,150,100000000,100000200,429781,311260050,311745355,485305.000,429781.000,3.112594275,311745355.000,3.117447315,9312875551958669865,359582,388680,9312875551958669865
12,10000,hash,all,1,1,1,666668,150,100000000,100000200,329675,304984586,305328427,343841.000,329675.000,3.049839760,305328427.000,3.053278163,9312875551958669865,359582,388680,9312875551958669865
12,10000,hash,all,2,1,1,666668,150,100000000,100000200,149299,317018591,317182477,163886.000,149299.000,3.170179570,317182477.000,3.171818426,9312875551958669865,359582,388680,9312875551958669865
12,10000,hash,all,3,1,1,666668,150,100000000,100000200,155600,309576713,309746850,170137.000,155600.000,3.095760938,309746850.000,3.097462305,9312875551958669865,359582,388680,9312875551958669865
12,10000,hash,all,4,1,1,666668,150,100000000,100000200,149018,303985927,304149502,163575.000,149018.000,3.039853190,304149502.000,3.041488937,9312875551958669865,359582,388680,9312875551958669865
12,100000,hash,all,0,1,1,666668,150,100000000,100000200,5652355,628947743,634799379,5851636.000,5652355.000,6.289464851,634799379.000,6.347981094,13361620324037704832,521055,883911,13361620324037704832
12,100000,hash,all,1,1,1,666668,150,100000000,100000200,3522264,610622753,614272815,3650062.000,3522264.000,6.106215318,614272815.000,6.142715865,13361620324037704832,521055,883911,13361620324037704832
12,100000,hash,all,2,1,1,666668,150,100000000,100000200,1792214,604201195,606112180,1910985.000,1792214.000,6.041999866,606112180.000,6.061109678,13361620324037704832,521055,883911,13361620324037704832
12,100000,hash,all,3,1,1,666668,150,100000000,100000200,2033003,589611840,591761060,2149220.000,2033003.000,5.896106608,591761060.000,5.917598765,13361620324037704832,521055,883911,13361620324037704832
12,100000,hash,all,4,1,1,666668,150,100000000,100000200,1936383,583119576,585166836,2047260.000,1936383.000,5.831184098,585166836.000,5.851656657,13361620324037704832,521055,883911,13361620324037704832
12,1000000,hash,all,0,1,1,666668,150,100000000,100000200,55726443,1596867461,1655375353,58507892.000,55726443.000,15.968642673,1655375353.000,16.553720423,17485955915681520193,666618,5830794,17485955915681520193
12,1000000,hash,all,1,1,1,666668,150,100000000,100000200,43695886,1552163161,1598714495,46551334.000,43695886.000,15.521600567,1598714495.000,15.987112976,17485955915681520193,666618,5830794,17485955915681520193
12,1000000,hash,all,2,1,1,666668,150,100000000,100000200,44324028,1510975861,1558217682,47241821.000,44324028.000,15.109728391,1558217682.000,15.582145656,17485955915681520193,666618,5830794,17485955915681520193
12,1000000,hash,all,3,1,1,666668,150,100000000,100000200,44126022,1525158520,1572132697,46974177.000,44126022.000,15.251554697,1572132697.000,15.721295527,17485955915681520193,666618,5830794,17485955915681520193
12,1000000,hash,all,4,1,1,666668,150,100000000,100000200,42114436,1539851318,1584850856,44999538.000,42114436.000,15.398482383,1584850856.000,15.848476863,17485955915681520193,666618,5830794,17485955915681520193
16,1,bndmq,first,0,1,64,10418,150,100000000,100012800,60212,26840476,26920535,1250.922,940.812,0.268370409,26841726.922,0.268382916,10100110153867304471,333376,333376,10100110153867304471
16,1,bndmq,first,1,1,64,10418,150,100000000,100012800,21890,26824898,26867096,659.344,342.031,0.268214649,26825557.344,0.268221241,10100110153867304471,333376,333376,10100110153867304471
16,1,bndmq,first,2,1,64,10418,150,100000000,100012800,20399,27774304,27816314,656.406,318.734,0.277707493,27774960.406,0.277714057,10100110153867304471,333376,333376,10100110153867304471
16,1,bndmq,first,3,1,64,10418,150,100000000,100012800,21210,25973456,26022308,763.312,331.406,0.259701318,25974219.312,0.259708950,10100110153867304471,333376,333376,10100110153867304471
16,1,bndmq,first,4,1,64,10418,150,100000000,100012800,22012,26441660,26484962,676.594,343.938,0.264382759,26442336.594,0.264389524,10100110153867304471,333376,333376,10100110153867304471
16,1,aho_corasick,first,0,1,64,10418,150,100000000,100012800,778873,34126628,34930588,12561.875,12169.891,0.341222604,34139189.875,0.341348206,10100110153867304471,333376,333376,10100110153867304471
16,1,aho_corasick,first,1,1,64,10418,150,100000000,100012800,933201,32147546,33104221,14948.047,14581.266,0.321434316,32162494.047,0.321583778,10100110153867304471,333376,333376,10100110153867304471
16,1,aho_corasick,first,2,1,64,10418,150,100000000,100012800,739119,32372955,33150796,12153.766,11548.734,0.323688118,32385108.766,0.323809640,10100110153867304471,333376,333376,10100110153867304471
16,1,aho_corasick,first,3,1,64,10418,150,100000000,100012800,730703,32401829,33159753,11842.562,11417.234,0.323976821,32413671.562,0.324095231,10100110153867304471,333376,333376,10100110153867304471
16,1,aho_corasick,first,4,1,64,10418,150,100000000,100012800,792679,33268461,34090605,12846.000,12385.609,0.332642032,33281307.000,0.332770475,10100110153867304471,333376,333376,10100110153867304471
16,1,hash,first,0,1,64,10418,150,100000000,100012800,15108,138838386,138856902,289.312,236.062,1.388206170,138838675.312,1.388209062,10100110153867304471,333376,333376,10100110153867304471
16,1,hash,first,1,1,64,10418,150,100000000,100012800,16701,140237476,140258926,335.156,260.953,1.402195279,140237811.156,1.402198630,10100110153867304471,333376,333376,10100110153867304471
16,1,hash,first,2,1,64,10418,150,100000000,100012800,10630,146812954,146827962,234.500,166.094,1.467941643,146813188.500,1.467943988,10100110153867304471,333376,333376,10100110153867304471
16,1,hash,first,3,1,64,10418,150,100000000,100012800,8686,150695520,150708324,200.062,135.719,1.506762334,150695720.062,1.506764335,10100110153867304471,333376,333376,10100110153867304471
16,1,hash,first,4,1,64,10418,150,100000000,100012800,8746,140977907,140991622,214.297,136.656,1.409598641,140978121.297,1.409600784,10100110153867304471,333376,333376,10100110153867304471
16,2,bndmq,first,0,1,64,10418,150,100000000,100012800,88976,44464545,44580751,1815.719,1390.250,0.444588543,44466360.719,0.444606698,10100110153867304471,333376,333376,10100110153867304471
16,2,bndmq,first,1,1,64,10418,150,100000000,100012800,62457,44418168,44512043,1466.797,975.891,0.444124832,44419634.797,0.444139498,10100110153867304471,333376,333376,10100110153867304471
16,2,bndmq,first,2,1,64,10418,150,100000000,100012800,61205,44189767,44276780,1359.578,956.328,0.441841114,44191126.578,0.441854708,10100110153867304471,333376,333376,10100110153867304471
16,2,bndmq,first,3,1,64,10418,150,100000000,100012800,50504,44047778,44126616,1231.844,789.125,0.440421406,44049009.844,0.440433723,10100110153867304471,333376,333376,10100110153867304471
16,2,bndmq,first,4,1,64,10418,150,100000000,100012800,54191,44765674,44847797,1283.172,846.734,0.447599447,44766957.172,0.447612277,10100110153867304471,333376,333376,10100110153867304471
16,2,hash,first,0,1,64,10418,150,100000000,100012800,22291,143781787,143807826,406.859,348.297,1.437633853,143782193.859,1.437637921,10100110153867304471,333376,333376,10100110153867304471
16,2,hash,first,1,1,64,10418,150,100000000,100012800,25628,145276586,145305470,451.312,400.438,1.452579930,145277037.312,1.452584442,10100110153867304471,333376,333376,10100110153867304471
16,2,hash,first,2,1,64,10418,150,100000000,100012800,15418,144312011,144331346,302.109,240.906,1.442935414,144312313.109,1.442938435,10100110153867304471,333376,333376,10100110153867304471
16,2,hash,first,3,1,64,10418,150,100000000,100012800,15649,146370365,146389150,293.516,244.516,1.463516320,146370658.516,1.463519255,10100110153867304471,333376,333376,10100110153867304471
16,2,hash,first,4,1,64,10418,150,100000000,100012800,15830,143546860,143567850,327.969,247.344,1.435284884,143547187.969,1.435288163,10100110153867304471,333376,333376,10100110153867304471
16,2,aho_corasick,first,0,1,64,10418,150,100000000,100012800,1090585,429956173,431076733,17508.750,17040.391,4.299011457,429973681.750,4.299186522,10100110153867304471,333376,333376,10100110153867304471
16,2,aho_corasick,first,1,1,64,10418,150,100000000,100012800,1129327,435812982,436967646,18041.625,17645.734,4.357572051,435831023.625,4.357752444,10100110153867304471,333376,333376,10100110153867304471
16,2,aho_corasick,first,2,1,64,10418,150,100000000,100012800,1446759,442029426,443503727,23035.953,22605.609,4.419728535,442052461.953,4.419958865,10100110153867304471,333376,333376,10100110153867304471
16,2,aho_corasick,first,3,1,64,10418,150,100000000,100012800,1179441,431864472,433071614,18861.594,18428.766,4.318092004,431883333.594,4.318280596,10100110153867304471,333376,333376,10100110153867304471
16,2,aho_corasick,first,4,1,64,10418,150,100000000,100012800,1154134,430378354,431558656,18442.219,18033.344,4.303232726,430396796.219,4.303417125,10100110153867304471,333376,333376,10100110153867304471
16,4,bndmq,first,0,1,64,10418,150,100000000,100012800,155531,80999685,81192035,3005.469,2430.172,0.809893184,81002690.469,0.809923235,10100110153867304471,333376,333376,10100110153867304471
16,4,bndmq,first,1,1,64,10418,150,100000000,100012800,123230,82252909,82411695,2481.031,1925.469,0.822423820,82255390.031,0.822448627,10100110153867304471,333376,333376,10100110153867304471
16,4,bndmq,first,2,1,64,10418,150,100000000,100012800,119393,80887884,81042874,2421.719,1865.516,0.808775317,80890305.719,0.808799531,10100110153867304471,333376,333376,10100110153867304471
16,4,bndmq,first,3,1,64,10418,150,100000000,100012800,117510,80005579,80157693,2376.781,1836.094,0.799953396,80007955.781,0.799977161,10100110153867304471,333376,333376,10100110153867304471
16,4,bndmq,first,4,1,64,10418,150,100000000,100012800,117900,80843560,80999621,2438.453,1842.188,0.808332133,80845998.453,0.808356515,10100110153867304471,333376,333376,10100110153867304471
16,4,hash,first,0,1,64,10418,150,100000000,100012800,28894,156228696,156261377,510.641,451.469,1.562087013,156229206.641,1.562092119,10100110153867304471,333376,333376,10100110153867304471
16,4,hash,first,1,1,64,10418,150,100000000,100012800,30617,156498885,156534912,562.922,478.391,1.564788557,156499447.922,1.564794186,10100110153867304471,333376,333376,10100110153867304471
16,4,hash,first,2,1,64,10418,150,100000000,100012800,21249,158254552,158281984,428.625,332.016,1.582342980,158254980.625,1.582347266,10100110153867304471,333376,333376,10100110153867304471
16,4,hash,first,3,1,64,10418,150,100000000,100012800,22893,159892319,159921825,461.031,357.703,1.598718554,159892780.031,1.598723164,10100110153867304471,333376,333376,10100110153867304471
16,4,hash,first,4,1,64,10418,150,100000000,100012800,25598,158035326,158066184,482.156,399.969,1.580151001,158035808.156,1.580155822,10100110153867304471,333376,333376,10100110153867304471
16,4,aho_corasick,first,0,1,64,10418,150,100000000,100012800,1529553,154719114,156276168,24328.969,23899.266,1.546993125,154743442.969,1.547236383,10100110153867304471,333376,333376,10100110153867304471
16,4,aho_corasick,first,1,1,64,10418,150,100000000,100012800,1836986,156336212,158218283,29407.359,28702.906,1.563162035,156365619.359,1.563456071,10100110153867304471,333376,333376,10100110153867304471
16,4,aho_corasick,first,2,1,64,10418,150,100000000,100012800,1468238,155408853,156911977,23486.312,22941.219,1.553889632,155432339.312,1.554124465,10100110153867304471,333376,333376,10100110153867304471
16,4,aho_corasick,first,3,1,64,10418,150,100000000,100012800,1420139,165537495,166991006,22711.109,22189.672,1.655163089,165560206.109,1.655390171,10100110153867304471,333376,333376,10100110153867304471
16,4,aho_corasick,first,4,1,64,10418,150,100000000,100012800,1406313,164223355,165667128,22558.953,21973.641,1.642023371,164245913.953,1.642248932,10100110153867304471,333376,333376,10100110153867304471
16,8,aho_corasick,first,0,1,32,20834,150,100000000,100003200,1280698,161285778,162614174,41512.375,40021.812,1.612806170,161327290.375,1.613221281,10007957261559824023,333344,333344,10007957261559824023
16,8,aho_corasick,first,1,1,32,20834,150,100000000,100003200,1260892,156843559,158152821,40914.438,39402.875,1.568385402,156884473.438,1.568794533,10007957261559824023,333344,333344,10007957261559824023
16,8,aho_corasick,first,2,1,32,20834,150,100000000,100003200,1379033,158530677,159945557,44215.000,43094.781,1.585256042,158574892.000,1.585698178,10007957261559824023,333344,333344,10007957261559824023
16,8,aho_corasick,first,3,1,32,20834,150,100000000,100003200,1217261,160121150,161362626,38796.125,38039.406,1.601160263,160159946.125,1.601548212,10007957261559824023,333344,333344,10007957261559824023
16,8,aho_corasick,first,4,1,32,20834,150,100000000,100003200,1180191,164674004,165878440,37638.625,36880.969,1.646687346,164711642.625,1.647063720,10007957261559824023,333344,333344,10007957261559824023
16,8,bndmq,first,0,1,32,20834,150,100000000,100003200,152334,145120003,145308634,5894.719,4760.438,1.451153593,145125897.719,1.451212538,10007957261559824023,333344,333344,10007957261559824023
16,8,bndmq,first,1,1,32,20834,150,100000000,100003200,113361,146022636,146169058,4575.688,3542.531,1.460179634,146027211.688,1.460225390,10007957261559824023,333344,333344,10007957261559824023
16,8,bndmq,first,2,1,32,20834,150,100000000,100003200,106879,146729224,146869795,4392.844,3339.969,1.467245288,146733616.844,1.467289215,10007957261559824023,333344,333344,10007957261559824023
16,8,bndmq,first,3,1,32,20834,150,100000000,100003200,109464,153040696,153188701,4625.156,3420.750,1.530357989,153045321.156,1.530404239,10007957261559824023,333344,333344,10007957261559824023
16,8,bndmq,first,4,1,32,20834,150,100000000,100003200,136655,148551332,148720307,5280.469,4270.469,1.485465785,148556612.469,1.485518588,10007957261559824023,333344,333344,10007957261559824023
16,8,hash,first,0,1,32,20834,150,100000000,100003200,27221,176301058,176332888,994.688,850.656,1.762954165,176302052.688,1.762964112,10007957261559824023,333344,333344,10007957261559824023
16,8,hash,first,1,1,32,20834,150,100000000,100003200,21350,176301779,176328789,844.062,667.188,1.762961375,176302623.062,1.762969816,10007957261559824023,333344,333344,10007957261559824023
16,8,hash,first,2,1,32,20834,150,100000000,100003200,16370,178437751,178458650,653.094,511.562,1.784320412,178438404.094,1.784326942,10007957261559824023,333344,333344,10007957261559824023
16,8,hash,first,3,1,32,20834,150,100000000,100003200,15509,189609456,189630175,647.469,484.656,1.896033887,189610103.469,1.896040361,10007957261559824023,333344,333344,10007957261559824023
16,8,hash,first,4,1,32,20834,150,100000000,100003200,15429,179582081,179601017,591.750,482.156,1.795763346,179582672.750,1.795769263,10007957261559824023,333344,333344,10007957261559824023
16,16,bndmq,first,0,1,16,41668,150,100000000,100003200,166070,279855973,280052610,12289.812,10379.375,2.798470179,279868262.812,2.798593073,8485451749250642310,333344,333344,8485451749250642310
16,16,bndmq,first,1,1,16,41668,150,100000000,100003200,123089,283181686,283340512,9926.625,7693.062,2.831726245,283191612.625,2.831825508,8485451749250642310,333344,333344,8485451749250642310
16,16,bndmq,first,2,1,16,41668,150,100000000,100003200,101249,286305520,286437867,8271.688,6328.062,2.862963585,286313791.688,2.863046299,8485451749250642310,333344,333344,8485451749250642310
16,16,bndmq,first,3,1,16,41668,150,100000000,100003200,97491,284956135,285090766,8414.438,6093.188,2.849470167,284964549.438,2.849554309,8485451749250642310,333344,333344,8485451749250642310
16,16,bndmq,first,4,1,16,41668,150,100000000,100003200,97101,278503443,278636982,8346.188,6068.812,2.784945312,278511789.188,2.785028771,8485451749250642310,333344,333344,8485451749250642310
16,16,aho_corasick,first,0,1,16,41668,150,100000000,100003200,1225526,163915082,165155977,77555.938,76595.375,1.639098369,163992637.938,1.639873903,8485451749250642310,333344,333344,8485451749250642310
16,16,aho_corasick,first,1,1,16,41668,150,100000000,100003200,1366032,154794034,156193198,87447.750,85377.000,1.547890807,154881481.750,1.548765257,8485451749250642310,333344,333344,8485451749250642310
16,16,aho_corasick,first,2,1,16,41668,150,100000000,100003200,1097057,160048403,161165577,69823.375,68566.062,1.600432816,160118226.375,1.601131028,8485451749250642310,333344,333344,8485451749250642310
16,16,aho_corasick,first,3,1,16,41668,150,100000000,100003200,1030162,163209906,164260616,65669.375,64385.125,1.632046835,163275575.375,1.632703507,8485451749250642310,333344,333344,8485451749250642310
16,16,aho_corasick,first,4,1,16,41668,150,100000000,100003200,1017047,163172986,164208297,64706.938,63565.438,1.631677646,163237692.938,1.632324695,8485451749250642310,333344,333344,8485451749250642310
16,16,hash,first,0,1,16,41668,150,100000000,100003200,21410,190374300,190400408,1631.750,1338.125,1.903682082,190375931.750,1.903698399,8485451749250642310,333344,333344,8485451749250642310
16,16,hash,first,1,1,16,41668,150,100000000,100003200,18304,176602249,176624219,1373.125,1144.000,1.765965979,176603622.125,1.765979710,8485451749250642310,333344,333344,8485451749250642310
16,16,hash,first,2,1,16,41668,150,100000000,100003200,11361,181976733,182097358,7539.062,710.062,1.819709099,181984272.062,1.819784488,8485451749250642310,333344,333344,8485451749250642310
16,16,hash,first,3,1,16,41668,150,100000000,100003200,13505,184188162,184204864,1043.875,844.062,1.841822682,184189205.875,1.841833120,8485451749250642310,333344,333344,8485451749250642310
16,16,hash,first,4,1,16,41668,150,100000000,100003200,11251,184121815,184136943,945.500,703.188,1.841159233,184122760.500,1.841168688,8485451749250642310,333344,333344,8485451749250642310
16,32,aho_corasick,first,0,1,8,83334,150,100000000,100000800,1173389,157492568,158675586,147877.250,146673.625,1.574913081,157640445.250,1.576391841,14545882975625201301,333336,333336,14545882975625201301
16,32,aho_corasick,first,1,1,8,83334,150,100000000,100000800,1234113,155521984,156769271,155910.875,154264.125,1.555207398,155677894.875,1.556766495,14545882975625201301,333336,333336,14545882975625201301
16,32,aho_corasick,first,2,1,8,83334,150,100000000,100000800,953399,156846078,157814084,121000.750,119174.875,1.568448232,156967078.750,1.569658230,14545882975625201301,333336,333336,14545882975625201301
16,32,aho_corasick,first,3,1,8,83334,150,100000000,100000800,1016256,156312998,157364961,131495.375,127032.000,1.563117475,156444493.375,1.564432418,14545882975625201301,333336,333336,14545882975625201301
16,32,aho_corasick,first,4,1,8,83334,150,100000000,100000800,1060940,157677373,158751247,134234.250,132617.500,1.576761116,157811607.250,1.578103448,14545882975625201301,333336,333336,14545882975625201301
16,32,bndmq,first,0,1,8,83334,150,100000000,100000800,128400,549389306,549541640,19041.750,16050.000,5.493849109,549408347.750,5.494039525,14545882975625201301,333336,333336,14545882975625201301
16,32,bndmq,first,1,1,8,83334,150,100000000,100000800,82514,547723112,547834981,13983.625,10314.250,5.477187303,547737095.625,5.477327138,14545882975625201301,333336,333336,14545882975625201301
16,32,bndmq,first,2,1,8,83334,150,100000000,100000800,68077,545185816,545282336,12065.000,8509.625,5.451814545,545197881.000,5.451935195,14545882975625201301,333336,333336,14545882975625201301
16,32,bndmq,first,3,1,8,83334,150,100000000,100000800,66074,543576892,543667932,11380.000,8259.250,5.435725434,543588272.000,5.435839233,14545882975625201301,333336,333336,14545882975625201301
16,32,bndmq,first,4,1,8,83334,150,100000000,100000800,68497,542786594,542880368,11721.750,8562.125,5.427822517,542798315.750,5.427939734,14545882975625201301,333336,333336,14545882975625201301
16,32,hash,first,0,1,8,83334,150,100000000,100000800,17413,173958989,173981170,2772.625,2176.625,1.739575973,173961761.625,1.739603699,14545882975625201301,333336,333336,14545882975625201301
16,32,hash,first,1,1,8,83334,150,100000000,100000800,15619,178628215,178647642,2428.375,1952.375,1.786267860,178630643.375,1.786292143,14545882975625201301,333336,333336,14545882975625201301
16,32,hash,first,2,1,8,83334,150,100000000,100000800,10920,172669423,172684020,1824.625,1365.000,1.726680417,172671247.625,1.726698663,14545882975625201301,333336,333336,14545882975625201301
16,32,hash,first,3,1,8,83334,150,100000000,100000800,10400,178787565,178801271,1713.250,1300.000,1.787861347,178789278.250,1.787878479,14545882975625201301,333336,333336,14545882975625201301
16,32,hash,first,4,1,8,83334,150,100000000,100000800,23053,178990827,179017326,3312.375,2881.625,1.789893951,178994139.375,1.789927074,14545882975625201301,333336,333336,14545882975625201301
16,64,bndmq,first,0,1,4,166668,150,100000000,100000800,144088,1068775359,1068970734,48843.750,36022.000,10.687668089,1068824202.750,10.688156522,7920970377318854716,333336,333336,7920970377318854716
16,64,bndmq,first,1,1,4,166668,150,100000000,100000800,153065,1049588891,1049779766,47718.750,38266.250,10.495804944,1049636609.750,10.496282127,7920970377318854716,333336,333336,7920970377318854716
16,64,bndmq,first,2,1,4,166668,150,100000000,100000800,106889,1055858379,1056001846,35866.750,26722.250,10.558499322,1055894245.750,10.558857987,7920970377318854716,333336,333336,7920970377318854716
16,64,bndmq,first,3,1,4,166668,150,100000000,100000800,161491,1066570165,1066769206,49760.250,40372.750,10.665616325,1066619925.250,10.666113924,7920970377318854716,333336,333336,7920970377318854716
16,64,bndmq,first,4,1,4,166668,150,100000000,100000800,106519,1063334881,1063482797,36979.000,26629.750,10.633263744,1063371860.000,10.633633531,7920970377318854716,333336,333336,7920970377318854716
16,64,aho_corasick,first,0,1,4,166668,150,100000000,100000800,1093230,163031983,164145911,278482.000,273307.500,1.630306788,163310465.000,1.633091585,7920970377318854716,333336,333336,7920970377318854716
16,64,aho_corasick,first,1,1,4,166668,150,100000000,100000800,1159554,160065304,161253150,296961.500,289888.500,1.600640235,160362265.500,1.603609826,7920970377318854716,333336,333336,7920970377318854716
16,64,aho_corasick,first,2,1,4,166668,150,100000000,100000800,1097076,163508743,164638731,282497.000,274269.000,1.635074349,163791240.000,1.637899297,7920970377318854716,333336,333336,7920970377318854716
16,64,aho_corasick,first,3,1,4,166668,150,100000000,100000800,900941,161363180,162298034,233713.500,225235.250,1.613618891,161596893.500,1.615956007,7920970377318854716,333336,333336,7920970377318854716
16,64,aho_corasick,first,4,1,4,166668,150,100000000,100000800,1314913,168242750,169588330,336395.000,328728.250,1.682414041,168579145.000,1.685777964,7920970377318854716,333336,333336,7920970377318854716
16,64,hash,first,0,1,4,166668,150,100000000,100000800,13775,178698171,178714651,4120.000,3443.750,1.786967414,178702291.000,1.787008614,7920970377318854716,333336,333336,7920970377318854716
16,64,hash,first,1,1,4,166668,150,100000000,100000800,18374,180013666,180035597,5482.750,4593.500,1.800122259,180019148.750,1.800177086,7920970377318854716,333336,333336,7920970377318854716
16,64,hash,first,2,1,4,166668,150,100000000,100000800,7704,179879750,179890801,2762.750,1926.000,1.798783110,179882512.750,1.798810737,7920970377318854716,333336,333336,7920970377318854716
16,64,hash,first,3,1,4,166668,150,100000000,100000800,8025,182725224,182736485,2815.250,2006.250,1.827237622,182728039.250,1.827265774,7920970377318854716,333336,333336,7920970377318854716
16,64,hash,first,4,1,4,166668,150,100000000,100000800,9288,186184803,186198600,3449.250,2322.000,1.861833135,186188252.250,1.861867628,7920970377318854716,333336,333336,7920970377318854716
16,128,aho_corasick,first,0,1,2,333334,150,100000000,100000200,935175,176766899,177724626,478863.500,467587.500,1.767665455,177245762.500,1.772454080,17355991267112343030,333334,333334,17355991267112343030
16,128,aho_corasick,first,1,1,2,333334,150,100000000,100000200,1084053,173133544,174242964,554710.000,542026.500,1.731331977,173688254.000,1.736879066,17355991267112343030,333334,333334,17355991267112343030
16,128,aho_corasick,first,2,1,2,333334,150,100000000,100000200,896582,175438039,176357904,459932.500,448291.000,1.754376881,175897971.500,1.758976197,17355991267112343030,333334,333334,17355991267112343030
16,128,aho_corasick,first,3,1,2,333334,150,100000000,100000200,890792,174171571,175088552,458490.500,445396.000,1.741712227,174630061.500,1.746297122,17355991267112343030,333334,333334,17355991267112343030
16,128,aho_corasick,first,4,1,2,333334,150,100000000,100000200,916811,173597915,174546044,474064.500,458405.500,1.735975678,174071979.500,1.740716314,17355991267112343030,333334,333334,17355991267112343030
16,128,hash,first,0,1,2,333334,150,100000000,100000200,12814,174837313,174852742,7714.500,6407.000,1.748369633,174845027.500,1.748446778,17355991267112343030,333334,333334,17355991267112343030
16,128,hash,first,1,1,2,333334,150,100000000,100000200,13154,176033215,176049725,8255.000,6577.000,1.760328629,176041470.000,1.760411179,17355991267112343030,333334,333334,17355991267112343030
16,128,hash,first,2,1,2,333334,150,100000000,100000200,7454,179922725,179933695,5485.000,3727.000,1.799223652,179928210.000,1.799278501,17355991267112343030,333334,333334,17355991267112343030
16,128,hash,first,3,1,2,333334,150,100000000,100000200,7234,180825196,180835626,5215.000,3617.000,1.808248344,180830411.000,1.808300493,17355991267112343030,333334,333334,17355991267112343030
16,128,hash,first,4,1,2,333334,150,100000000,100000200,7544,185254044,185264944,5450.000,3772.000,1.852536735,185259494.000,1.852591235,17355991267112343030,333334,333334,17355991267112343030
16,256,aho_corasick,first,0,1,1,666668,150,100000000,100000200,1080867,187173965,188279418,1105453.000,1080867.000,1.871735907,188279418.000,1.882790414,3752278994494207556,333338,333338,3752278994494207556
16,256,aho_corasick,first,1,1,1,666668,150,100000000,100000200,923893,195277328,196205639,928311.000,923893.000,1.952769374,196205639.000,1.962052466,3752278994494207556,333338,333338,3752278994494207556
16,256,aho_corasick,first,2,1,1,666668,150,100000000,100000200,826983,201216546,202047316,830770.000,826983.000,2.012161436,202047316.000,2.020469119,3752278994494207556,333338,333338,3752278994494207556
16,256,aho_corasick,first,3,1,1,666668,150,100000000,100000200,845658,199983822,200832636,848814.000,845658.000,1.999834220,200832636.000,2.008322343,3752278994494207556,333338,333338,3752278994494207556
16,256,aho_corasick,first,4,1,1,666668,150,100000000,100000200,853613,199899557,200757177,857620.000,853613.000,1.998991572,200757177.000,2.007567755,3752278994494207556,333338,333338,3752278994494207556
16,256,hash,first,0,1,1,666668,150,100000000,100000200,10840,178776371,178789004,12633.000,10840.000,1.787760134,178789004.000,1.787886464,3752278994494207556,333338,333338,3752278994494207556
16,256,hash,first,1,1,1,666668,150,100000000,100000200,11702,176041060,176054685,13625.000,11702.000,1.760407079,176054685.000,1.760543329,3752278994494207556,333338,333338,3752278994494207556
16,256,hash,first,2,1,1,666668,150,100000000,100000200,6251,175672899,175681114,8215.000,6251.000,1.756725477,175681114.000,1.756807626,3752278994494207556,333338,333338,3752278994494207556
16,256,hash,first,3,1,1,666668,150,100000000,100000200,6752,180304494,180313290,8796.000,6752.000,1.803041334,180313290.000,1.803129294,3752278994494207556,333338,333338,3752278994494207556
16,256,hash,first,4,1,1,666668,150,100000000,100000200,6553,181039613,181048059,8446.000,6553.000,1.810392509,181048059.000,1.810476969,3752278994494207556,333338,333338,3752278994494207556
16,1000,hash,first,0,1,1,666668,150,100000000,100000200,32431,172991223,173026790,35567.000,32431.000,1.729908770,173026790.000,1.730264439,13090029879829148627,333345,333345,13090029879829148627
16,1000,hash,first,1,1,1,666668,150,100000000,100000200,34354,174766500,174804591,38091.000,34354.000,1.747661505,174804591.000,1.748042414,13090029879829148627,333345,333345,13090029879829148627
16,1000,hash,first,2,1,1,666668,150,100000000,100000200,23273,174729092,174755481,26389.000,23273.000,1.747287425,174755481.000,1.747551315,13090029879829148627,333345,333345,13090029879829148627
16,1000,hash,first,3,1,1,666668,150,100000000,100000200,19246,179446591,179468692,22101.000,19246.000,1.794462321,179468692.000,1.794683331,13090029879829148627,333345,333345,13090029879829148627
16,1000,hash,first,4,1,1,666668,150,100000000,100000200,18565,180482802,180504092,21290.000,18565.000,1.804824410,180504092.000,1.805037310,13090029879829148627,333345,333345,13090029879829148627
16,1000,aho_corasick,first,0,1,1,666668,150,100000000,100000200,3800039,316410215,320270196,3859981.000,3800039.000,3.164095822,320270196.000,3.202695555,13090029879829148627,333345,333345,13090029879829148627
16,1000,aho_corasick,first,1,1,1,666668,150,100000000,100000200,4164059,320373489,324550211,4176722.000,4164059.000,3.203728483,324550211.000,3.245495619,13090029879829148627,333345,333345,13090029879829148627
16,1000,aho_corasick,first,2,1,1,666668,150,100000000,100000200,3661621,320280821,323954324,3673503.000,3661621.000,3.202801804,323954324.000,3.239536761,13090029879829148627,333345,333345,13090029879829148627
16,1000,aho_corasick,first,3,1,1,666668,150,100000000,100000200,3366822,322753879,326133124,3379245.000,3366822.000,3.227532335,326133124.000,3.261324717,13090029879829148627,333345,333345,13090029879829148627
16,1000,aho_corasick,first,4,1,1,666668,150,100000000,100000200,3342206,313808280,317163009,3354729.000,3342206.000,3.138076524,317163009.000,3.171623747,13090029879829148627,333345,333345,13090029879829148627
16,10000,hash,first,0,1,1,666668,150,100000000,100000200,323714,219878121,220269030,390909.000,323714.000,2.198776812,220269030.000,2.202685895,14662780660754956345,333436,333436,14662780660754956345
16,10000,hash,first,1,1,1,666668,150,100000000,100000200,308716,217611579,217934091,322512.000,308716.000,2.176111438,217934091.000,2.179336551,14662780660754956345,333436,333436,14662780660754956345
16,10000,hash,first,2,1,1,666668,150,100000000,100000200,175818,219146537,219336391,189854.000,175818.000,2.191460987,219336391.000,2.193359523,14662780660754956345,333436,333436,14662780660754956345
16,10000,hash,first,3,1,1,666668,150,100000000,100000200,175287,226916383,227105706,189323.000,175287.000,2.269159292,227105706.000,2.271052518,14662780660754956345,333436,333436,14662780660754956345
16,10000,hash,first,4,1,1,666668,150,100000000,100000200,184624,227644952,227843251,198299.000,184624.000,2.276444967,227843251.000,2.278427953,14662780660754956345,333436,333436,14662780660754956345
16,10000,aho_corasick,first,0,1,1,666668,150,100000000,100000200,39262860,699195667,738746384,39550717.000,39262860.000,6.991942686,738746384.000,7.387449065,14662780660754956345,333436,333436,14662780660754956345
16,10000,aho_corasick,first,1,1,1,666668,150,100000000,100000200,40129877,689822945,730064300,40241355.000,40129877.000,6.898215654,730064300.000,7.300628399,14662780660754956345,333436,333436,14662780660754956345
16,10000,aho_corasick,first,2,1,1,666668,150,100000000,100000200,37469313,690881553,728430997,37549444.000,37469313.000,6.908801712,728430997.000,7.284295401,14662780660754956345,333436,333436,14662780660754956345
16,10000,aho_corasick,first,3,1,1,666668,150,100000000,100000200,39683755,683565895,723379793,39813898.000,39683755.000,6.835645279,723379793.000,7.233783462,14662780660754956345,333436,333436,14662780660754956345
16,10000,aho_corasick,first,4,1,1,666668,150,100000000,100000200,38338846,679924471,718380727,38456256.000,38338846.000,6.799231112,718380727.000,7.183792902,14662780660754956345,333436,333436,14662780660754956345
16,100000,hash,first,0,1,1,666668,150,100000000,100000200,3170765,427330233,430869476,3539243.000,3170765.000,4.273293783,430869476.000,4.308686143,7792903182275433179,334326,334326,7792903182275433179
16,100000,hash,first,1,1,1,666668,150,100000000,100000200,3507015,474127578,477773933,3646355.000,3507015.000,4.741266297,477773933.000,4.777729775,7792903182275433179,334326,334326,7792903182275433179
16,100000,hash,first,2,1,1,666668,150,100000000,100000200,2064722,446356269,448535875,2179606.000,2064722.000,4.463553763,448535875.000,4.485349779,7792903182275433179,334326,334326,7792903182275433179
16,100000,hash,first,3,1,1,666668,150,100000000,100000200,2358751,430529656,433007149,2477493.000,2358751.000,4.305287949,433007149.000,4.330062830,7792903182275433179,334326,334326,7792903182275433179
16,100000,hash,first,4,1,1,666668,150,100000000,100000200,2057488,420963355,423133824,2170469.000,2057488.000,4.209625131,423133824.000,4.231329777,7792903182275433179,334326,334326,7792903182275433179
16,1000000,hash,first,0,1,1,666668,150,100000000,100000200,63038413,618403112,685277942,66874830.000,63038413.000,6.184018752,685277942.000,6.852765714,10802153941179319668,343543,343543,10802153941179319668
16,1000000,hash,first,1,1,1,666668,150,100000000,100000200,51479199,629048845,684025284,54976439.000,51479199.000,6.290475869,684025284.000,6.840239160,10802153941179319668,343543,343543,10802153941179319668
16,1000000,hash,first,2,1,1,666668,150,100000000,100000200,47577688,614585758,665035465,50449707.000,47577688.000,6.145845288,665035465.000,6.650341349,10802153941179319668,343543,343543,10802153941179319668
16,1000000,hash,first,3,1,1,666668,150,100000000,100000200,46707555,599207800,649240658,50032858.000,46707555.000,5.992066016,649240658.000,6.492393595,10802153941179319668,343543,343543,10802153941179319668
16,1000000,hash,first,4,1,1,666668,150,100000000,100000200,44290035,611057258,658602063,47544805.000,44290035.000,6.110560359,658602063.000,6.586007458,10802153941179319668,343543,343543,10802153941179319668
16,1,aho_corasick,all,0,1,64,10418,150,100000000,100012800,828966,63304237,64159573,13364.625,12952.594,0.632961351,63317601.625,0.633094980,2132316580130422835,333376,333376,2132316580130422835
16,1,aho_corasick,all,1,1,64,10418,150,100000000,100012800,892215,60220211,61134767,14289.938,13940.859,0.602125038,60234500.938,0.602267919,2132316580130422835,333376,333376,2132316580130422835
16,1,aho_corasick,all,2,1,64,10418,150,100000000,100012800,803639,60116841,60957309,13132.312,12556.859,0.601091470,60129973.312,0.601222777,2132316580130422835,333376,333376,2132316580130422835
16,1,aho_corasick,all,3,1,64,10418,150,100000000,100012800,716838,61335986,62074815,11544.203,11200.594,0.613281360,61347530.203,0.613396787,2132316580130422835,333376,333376,2132316580130422835
16,1,aho_corasick,all,4,1,64,10418,150,100000000,100012800,706107,62572651,63301911,11394.688,11032.922,0.625646427,62584045.688,0.625760360,2132316580130422835,333376,333376,2132316580130422835
16,1,bndmq,all,0,1,64,10418,150,100000000,100012800,57227,30806594,30883848,1207.094,894.172,0.308026513,30807801.094,0.308038582,2132316580130422835,333376,333376,2132316580130422835
16,1,bndmq,all,1,1,64,10418,150,100000000,100012800,26039,32250126,32300610,788.812,406.859,0.322459985,32250914.812,0.322467872,2132316580130422835,333376,333376,2132316580130422835
16,1,bndmq,all,2,1,64,10418,150,100000000,100012800,20348,33255959,33300372,693.953,317.938,0.332517028,33256652.953,0.332523966,2132316580130422835,333376,333376,2132316580130422835
16,1,bndmq,all,3,1,64,10418,150,100000000,100012800,20989,32405042,32452139,735.891,327.953,0.324008947,32405777.891,0.324016305,2132316580130422835,333376,333376,2132316580130422835
16,1,bndmq,all,4,1,64,10418,150,100000000,100012800,20569,31387016,31433143,720.734,321.391,0.313829990,31387736.734,0.313837196,2132316580130422835,333376,333376,2132316580130422835
16,1,hash,all,0,1,64,10418,150,100000000,100012800,15820,196149184,196169062,310.594,247.188,1.961240801,196149494.594,1.961243907,2132316580130422835,333376,333376,2132316580130422835
16,1,hash,all,1,1,64,10418,150,100000000,100012800,16931,195197244,195218383,330.297,264.547,1.951722620,195197574.297,1.951725922,2132316580130422835,333376,333376,2132316580130422835
16,1,hash,all,2,1,64,10418,150,100000000,100012800,9869,199397063,199412332,238.578,154.203,1.993715434,199397301.578,1.993717820,2132316580130422835,333376,333376,2132316580130422835
16,1,hash,all,3,1,64,10418,150,100000000,100012800,12082,213007532,213024513,265.328,188.781,2.129802705,213007797.328,2.129805358,2132316580130422835,333376,333376,2132316580130422835
16,1,hash,all,4,1,64,10418,150,100000000,100012800,12163,213483219,213499920,260.953,190.047,2.134558966,213483479.953,2.134561576,2132316580130422835,333376,333376,2132316580130422835
16,2,hash,all,0,1,64,10418,150,100000000,100012800,30186,210015399,210049233,528.656,471.656,2.099885205,210015927.656,2.099890491,692456619494708488,333376,333376,692456619494708488
16,2,hash,all,1,1,64,10418,150,100000000,100012800,21440,205168086,205193283,393.703,335.000,2.051418278,205168479.703,2.051422215,692456619494708488,333376,333376,692456619494708488
16,2,hash,all,2,1,64,10418,150,100000000,100012800,16581,200689445,200709803,318.094,259.078,2.006637600,200689763.094,2.006640781,692456619494708488,333376,333376,692456619494708488
16,2,hash,all,3,1,64,10418,150,100000000,100012800,15369,206992420,207011596,299.625,240.141,2.069659284,206992719.625,2.069662279,692456619494708488,333376,333376,692456619494708488
16,2,hash,all,4,1,64,10418,150,100000000,100012800,16792,207691133,207713034,342.203,262.375,2.076645519,207691475.203,2.076648941,692456619494708488,333376,333376,692456619494708488
16,2,bndmq,all,0,1,64,10418,150,100000000,100012800,106348,57991275,58127338,2125.984,1661.688,0.579838531,57993400.984,0.579859788,692456619494708488,333376,333376,692456619494708488
16,2,bndmq,all,1,1,64,10418,150,100000000,100012800,62947,59586059,59675796,1402.141,983.547,0.595784330,59587461.141,0.595798349,692456619494708488,333376,333376,692456619494708488
16,2,bndmq,all,2,1,64,10418,150,100000000,100012800,53049,58532465,58613737,1269.875,828.891,0.585249738,58533734.875,0.585262435,692456619494708488,333376,333376,692456619494708488
16,2,bndmq,all,3,1,64,10418,150,100000000,100012800,54322,56637580,56719954,1287.094,848.781,0.566303313,56638867.094,0.566316182,692456619494708488,333376,333376,692456619494708488
16,2,bndmq,all,4,1,64,10418,150,100000000,100012800,52158,54980124,55063259,1298.984,814.969,0.549730874,54981422.984,0.549743863,692456619494708488,333376,333376,692456619494708488
16,2,aho_corasick,all,0,1,64,10418,150,100000000,100012800,1035362,568592465,569656991,16633.219,16177.531,5.685196945,568609098.219,5.685363256,692456619494708488,333376,333376,692456619494708488
16,2,aho_corasick,all,1,1,64,10418,150,100000000,100012800,1250824,573856965,575132715,19933.594,19544.125,5.737835207,573876898.594,5.738034518,692456619494708488,333376,333376,692456619494708488
16,2,aho_corasick,all,2,1,64,10418,150,100000000,100012800,1061901,570126016,571212884,16982.312,16592.203,5.700530492,570142998.312,5.700700293,692456619494708488,333376,333376,692456619494708488
16,2,aho_corasick,all,3,1,64,10418,150,100000000,100012800,997712,564970934,565993041,15970.422,15589.250,5.648986270,564986904.422,5.649145954,692456619494708488,333376,333376,692456619494708488
16,2,aho_corasick,all,4,1,64,10418,150,100000000,100012800,981892,566992000,567997556,15711.812,15342.062,5.669194343,567007711.812,5.669351441,692456619494708488,333376,333376,692456619494708488
16,4,bndmq,all,0,1,64,10418,150,100000000,100012800,199793,103885161,104120100,3670.922,3121.766,1.038718654,103888831.922,1.038755359,2385455998149192685,333376,333376,2385455998149192685
16,4,bndmq,all,1,1,64,10418,150,100000000,100012800,143718,103203478,103379757,2754.359,2245.594,1.031902696,103206232.359,1.031930237,2385455998149192685,333376,333376,2385455998149192685
16,4,bndmq,all,2,1,64,10418,150,100000000,100012800,114444,102192006,102337398,2271.750,1788.188,1.021789271,102194277.750,1.021811986,2385455998149192685,333376,333376,2385455998149192685
16,4,bndmq,all,3,1,64,10418,150,100000000,100012800,113361,104632977,104780752,2308.984,1771.266,1.046195857,104635285.984,1.046218944,2385455998149192685,333376,333376,2385455998149192685
16,4,bndmq,all,4,1,64,10418,150,100000000,100012800,120375,104264406,104418274,2404.188,1880.859,1.042510619,104266810.188,1.042534657,2385455998149192685,333376,333376,2385455998149192685
16,4,aho_corasick,all,0,1,64,10418,150,100000000,100012800,1603972,216611976,218243980,25500.062,25062.062,2.165842532,216637476.062,2.166097500,2385455998149192685,333376,333376,2385455998149192685
16,4,aho_corasick,all,1,1,64,10418,150,100000000,100012800,1858260,213058850,214967575,29823.828,29035.312,2.130315820,213088673.828,2.130614020,2385455998149192685,333376,333376,2385455998149192685
16,4,aho_corasick,all,2,1,64,10418,150,100000000,100012800,1428555,216421899,217885840,22874.078,22321.172,2.163942005,216444773.078,2.164170717,2385455998149192685,333376,333376,2385455998149192685
16,4,aho_corasick,all,3,1,64,10418,150,100000000,100012800,1419559,216143219,217596190,22702.672,22180.609,2.161155562,216165921.672,2.161382560,2385455998149192685,333376,333376,2385455998149192685
16,4,aho_corasick,all,4,1,64,10418,150,100000000,100012800,1475914,209072084,210583604,23617.500,23061.156,2.090453262,209095701.500,2.090689407,2385455998149192685,333376,333376,2385455998149192685
16,4,hash,all,0,1,64,10418,150,100000000,100012800,30597,329829479,329874493,703.344,478.078,3.297872662,329830182.344,3.297879695,2385455998149192685,333376,333376,2385455998149192685
16,4,hash,all,1,1,64,10418,150,100000000,100012800,31398,229125048,229161425,568.391,490.594,2.290957237,229125616.391,2.290962921,2385455998149192685,333376,333376,2385455998149192685
16,4,hash,all,2,1,64,10418,150,100000000,100012800,25337,212498591,212528637,469.469,395.891,2.124713947,212499060.469,2.124718641,2385455998149192685,333376,333376,2385455998149192685
16,4,hash,all,3,1,64,10418,150,100000000,100012800,18966,214200558,214224864,379.781,296.344,2.141731438,214200937.781,2.141735236,2385455998149192685,333376,333376,2385455998149192685
16,4,hash,all,4,1,64,10418,150,100000000,100012800,19026,215338949,215361712,355.672,297.281,2.153113891,215339304.672,2.153117448,2385455998149192685,333376,333376,2385455998149192685
16,8,aho_corasick,all,0,1,32,20834,150,100000000,100003200,1305856,220888943,222243019,42314.875,40808.000,2.208818748,220931257.875,2.209241883,16663688167571086374,333344,333344,16663688167571086374
16,8,aho_corasick,all,1,1,32,20834,150,100000000,100003200,1261484,210606441,211906727,40633.938,39421.375,2.105997018,210647074.938,2.106403344,16663688167571086374,333344,333344,16663688167571086374
16,8,aho_corasick,all,2,1,32,20834,150,100000000,100003200,1198746,211180596,212408597,38375.031,37460.812,2.111738384,211218971.031,2.112122122,16663688167571086374,333344,333344,16663688167571086374
16,8,aho_corasick,all,3,1,32,20834,150,100000000,100003200,1247697,208074945,209354271,39978.938,38990.531,2.080682868,208114923.938,2.081082645,16663688167571086374,333344,333344,16663688167571086374
16,8,aho_corasick,all,4,1,32,20834,150,100000000,100003200,1149244,211210307,212382133,36619.562,35913.875,2.112035485,211246926.562,2.112401669,16663688167571086374,333344,333344,16663688167571086374
16,8,hash,all,0,1,32,20834,150,100000000,100003200,22752,238371124,238398505,855.656,711.000,2.383634964,238371979.656,2.383643520,16663688167571086374,333344,333344,16663688167571086374
16,8,hash,all,1,1,32,20834,150,100000000,100003200,19646,250157297,250182473,786.750,613.938,2.501492922,250158083.750,2.501500789,16663688167571086374,333344,333344,16663688167571086374
16,8,hash,all,2,1,32,20834,150,100000000,100003200,15629,244206360,244228161,681.281,488.406,2.441985456,244207041.281,2.441992269,16663688167571086374,333344,333344,16663688167571086374
16,8,hash,all,3,1,32,20834,150,100000000,100003200,18214,242427147,242450891,742.000,569.188,2.424193896,242427889.000,2.424201316,16663688167571086374,333344,333344,16663688167571086374
16,8,hash,all,4,1,32,20834,150,100000000,100003200,14728,246888283,246906849,580.188,460.250,2.468803828,246888863.188,2.468809630,16663688167571086374,333344,333344,16663688167571086374
16,8,bndmq,all,0,1,32,20834,150,100000000,100003200,186197,189408213,189624096,6746.344,5818.656,1.894021521,189414959.344,1.894088983,16663688167571086374,333344,333344,16663688167571086374
16,8,bndmq,all,1,1,32,20834,150,100000000,100003200,119092,191128073,191277933,4683.125,3721.625,1.911219571,191132756.125,1.911266401,16663688167571086374,333344,333344,16663688167571086374
16,8,bndmq,all,2,1,32,20834,150,100000000,100003200,101339,194420996,194554214,4163.062,3166.844,1.944147747,194425159.062,1.944189377,16663688167571086374,333344,333344,16663688167571086374
16,8,bndmq,all,3,1,32,20834,150,100000000,100003200,104184,192491286,192628211,4278.906,3255.750,1.924851265,192495564.906,1.924894052,16663688167571086374,333344,333344,16663688167571086374
16,8,bndmq,all,4,1,32,20834,150,100000000,100003200,104505,194643931,194780185,4257.938,3265.781,1.946377026,194648188.938,1.946419604,16663688167571086374,333344,333344,16663688167571086374
16,16,aho_corasick,all,0,1,16,41668,150,100000000,100003200,1113998,214139023,215267107,70505.250,69624.875,2.141321708,214209528.250,2.142026738,13698033099981401532,333344,333344,13698033099981401532
16,16,aho_corasick,all,1,1,16,41668,150,100000000,100003200,1411884,207264294,208707877,90223.938,88242.750,2.072576618,207354517.938,2.073478828,13698033099981401532,333344,333344,13698033099981401532
16,16,aho_corasick,all,2,1,16,41668,150,100000000,100003200,1026525,214589775,215633863,65255.500,64157.812,2.145829083,214655030.500,2.146481618,13698033099981401532,333344,333344,13698033099981401532
16,16,aho_corasick,all,3,1,16,41668,150,100000000,100003200,1027346,197635184,198680484,65331.250,64209.125,1.976288599,197700515.250,1.976941890,13698033099981401532,333344,333344,13698033099981401532
16,16,aho_corasick,all,4,1,16,41668,150,100000000,100003200,1018440,203293546,204328167,64663.812,63652.500,2.032870408,203358209.812,2.033517026,13698033099981401532,333344,333344,13698033099981401532
16,16,bndmq,all,0,1,16,41668,150,100000000,100003200,142506,368012293,368186959,10916.625,8906.625,3.680005170,368023209.625,3.680114333,13698033099981401532,333344,333344,13698033099981401532
16,16,bndmq,all,1,1,16,41668,150,100000000,100003200,100067,375221555,375349975,8026.250,6254.188,3.752095483,375229581.250,3.752175743,13698033099981401532,333344,333344,13698033099981401532
16,16,bndmq,all,2,1,16,41668,150,100000000,100003200,87723,390129003,390246812,7363.062,5482.688,3.901165193,390136366.062,3.901238821,13698033099981401532,333344,333344,13698033099981401532
16,16,bndmq,all,3,1,16,41668,150,100000000,100003200,88936,372434736,372553027,7393.188,5558.500,3.724228185,372442129.188,3.724302114,13698033099981401532,333344,333344,13698033099981401532
16,16,bndmq,all,4,1,16,41668,150,100000000,100003200,95117,375804679,375920524,7240.312,5944.812,3.757926536,375811919.312,3.757998937,13698033099981401532,333344,333344,13698033099981401532
16,16,hash,all,0,1,16,41668,150,100000000,100003200,23353,247999972,248027483,1719.438,1459.562,2.479920363,248001691.438,2.479937556,13698033099981401532,333344,333344,13698033099981401532
16,16,hash,all,1,1,16,41668,150,100000000,100003200,16822,251558134,251579535,1337.562,1051.375,2.515500844,251559471.562,2.515514219,13698033099981401532,333344,333344,13698033099981401532
16,16,hash,all,2,1,16,41668,150,100000000,100003200,10890,247384336,247401036,1043.750,680.625,2.473764200,247385379.750,2.473774637,13698033099981401532,333344,333344,13698033099981401532
16,16,hash,all,3,1,16,41668,150,100000000,100003200,13415,252789179,252806542,1085.188,838.438,2.527810900,252790264.188,2.527821752,13698033099981401532,333344,333344,13698033099981401532
16,16,hash,all,4,1,16,41668,150,100000000,100003200,12192,248388960,248404800,990.000,762.000,2.483810118,248389950.000,2.483820018,13698033099981401532,333344,333344,13698033099981401532
16,32,aho_corasick,all,0,1,8,83334,150,100000000,100000800,1046372,213646135,214702345,132026.250,130796.500,2.136444258,213778161.250,2.137764510,5849350037674922969,333336,333336,5849350037674922969
16,32,aho_corasick,all,1,1,8,83334,150,100000000,100000800,1238420,221500889,222754017,156641.000,154802.500,2.214991170,221657530.000,2.216557568,5849350037674922969,333336,333336,5849350037674922969
16,32,aho_corasick,all,2,1,8,83334,150,100000000,100000800,978525,219828204,220820445,124030.125,122315.625,2.198264454,219952234.125,2.199504745,5849350037674922969,333336,333336,5849350037674922969
16,32,aho_corasick,all,3,1,8,83334,150,100000000,100000800,1014232,212844299,213885772,130184.125,126779.000,2.128425963,212974483.125,2.129727793,5849350037674922969,333336,333336,5849350037674922969
16,32,aho_corasick,all,4,1,8,83334,150,100000000,100000800,997381,215009404,216022494,126636.250,124672.625,2.150076839,215136040.250,2.151343192,5849350037674922969,333336,333336,5849350037674922969
16,32,bndmq,all,0,1,8,83334,150,100000000,100000800,136414,712437241,712598532,20161.375,17051.750,7.124315415,712457402.375,7.124517028,5849350037674922969,333336,333336,5849350037674922969
16,32,bndmq,all,1,1,8,83334,150,100000000,100000800,78857,729154980,729255878,12612.250,9857.125,7.291491468,729167592.250,7.291617590,5849350037674922969,333336,333336,5849350037674922969
16,32,bndmq,all,2,1,8,83334,150,100000000,100000800,66975,721090854,721183597,11592.875,8371.875,7.210850853,721102446.875,7.210966781,5849350037674922969,333336,333336,5849350037674922969
16,32,bndmq,all,3,1,8,83334,150,100000000,100000800,64771,714474197,714562763,11070.750,8096.375,7.144684813,714485267.750,7.144795519,5849350037674922969,333336,333336,5849350037674922969
16,32,bndmq,all,4,1,8,83334,150,100000000,100000800,66033,705012283,705100267,10998.000,8254.125,7.050066429,705023281.000,7.050176409,5849350037674922969,333336,333336,5849350037674922969
16,32,hash,all,0,1,8,83334,150,100000000,100000800,23954,246473937,246501588,3456.375,2994.250,2.464719652,246477393.375,2.464754216,5849350037674922969,333336,333336,5849350037674922969
16,32,hash,all,1,1,8,83334,150,100000000,100000800,14187,251507479,251525784,2288.125,1773.375,2.515054670,251509767.125,2.515077551,5849350037674922969,333336,333336,5849350037674922969
16,32,hash,all,2,1,8,83334,150,100000000,100000800,10870,249278570,249293537,1870.875,1358.750,2.492765758,249280440.875,2.492784466,5849350037674922969,333336,333336,5849350037674922969
16,32,hash,all,3,1,8,83334,150,100000000,100000800,14647,247303677,247321951,2284.250,1830.875,2.473016986,247305961.250,2.473039828,5849350037674922969,333336,333336,5849350037674922969
16,32,hash,all,4,1,8,83334,150,100000000,100000800,10690,246644163,246658489,1790.750,1336.250,2.466421899,246645953.750,2.466439806,5849350037674922969,333336,333336,5849350037674922969
16,64,hash,all,0,1,4,166668,150,100000000,100000800,13866,245309973,245326774,4200.250,3466.500,2.453080105,245314173.250,2.453122108,13729258801958302827,333336,333337,13729258801958302827
16,64,hash,all,1,1,4,166668,150,100000000,100000800,13405,239626486,239643146,4165.000,3351.250,2.396245690,239630651.000,2.396287340,13729258801958302827,333336,333337,13729258801958302827
16,64,hash,all,2,1,4,166668,150,100000000,100000800,7684,241509674,241521175,2875.250,1921.000,2.415077419,241512549.250,2.415106172,13729258801958302827,333336,333337,13729258801958302827
16,64,hash,all,3,1,4,166668,150,100000000,100000800,7393,244676418,244687608,2797.500,1848.250,2.446744606,244679215.500,2.446772581,13729258801958302827,333336,333337,13729258801958302827
16,64,hash,all,4,1,4,166668,150,100000000,100000800,7594,244885071,244895811,2685.000,1898.500,2.448831119,244887756.000,2.448857969,13729258801958302827,333336,333337,13729258801958302827
16,64,bndmq,all,0,1,4,166668,150,100000000,100000800,147014,1414288445,1414486586,49535.250,36753.500,14.142771308,1414337980.250,14.143266656,13729258801958302827,333336,333337,13729258801958302827
16,64,bndmq,all,1,1,4,166668,150,100000000,100000800,155490,1410890447,1411084198,48437.750,38872.500,14.108791600,1410938884.750,14.109275973,13729258801958302827,333336,333337,13729258801958302827
16,64,bndmq,all,2,1,4,166668,150,100000000,100000800,110496,1420090684,1420241485,37700.250,27624.000,14.200793234,1420128384.250,14.201170233,13729258801958302827,333336,333337,13729258801958302827
16,64,bndmq,all,3,1,4,166668,150,100000000,100000800,113692,1442718008,1442872856,38712.000,28423.000,14.427064663,1442756720.000,14.427451780,13729258801958302827,333336,333337,13729258801958302827
16,64,bndmq,all,4,1,4,166668,150,100000000,100000800,121307,1439134988,1439296210,40305.500,30326.750,14.391234750,1439175293.500,14.391637802,13729258801958302827,333336,333337,13729258801958302827
16,64,aho_corasick,all,0,1,4,166668,150,100000000,100000800,991689,227713909,228727900,253497.750,247922.250,2.277120873,227967406.750,2.279655830,13729258801958302827,333336,333337,13729258801958302827
16,64,aho_corasick,all,1,1,4,166668,150,100000000,100000800,1340611,225388548,226759104,342639.000,335152.750,2.253867449,225731187.000,2.257293812,13729258801958302827,333336,333337,13729258801958302827
16,64,aho_corasick,all,2,1,4,166668,150,100000000,100000800,911600,221303867,222249220,236338.250,227900.000,2.213020966,221540205.250,2.215384329,13729258801958302827,333336,333337,13729258801958302827
16,64,aho_corasick,all,3,1,4,166668,150,100000000,100000800,914817,220279626,221230981,237838.750,228704.250,2.202778638,220517464.750,2.205157006,13729258801958302827,333336,333337,13729258801958302827
16,64,aho_corasick,all,4,1,4,166668,150,100000000,100000800,912382,225058582,226004977,236598.750,228095.500,2.250567815,225295180.750,2.252933784,13729258801958302827,333336,333337,13729258801958302827
16,128,hash,all,0,1,2,333334,150,100000000,100000200,13816,243672130,243687919,7894.500,6908.000,2.436716427,243680024.500,2.436795371,13485987767547019027,333334,333337,13485987767547019027
16,128,hash,all,1,1,2,333334,150,100000000,100000200,11131,249529503,249542979,6738.000,5565.500,2.495290039,249536241.000,2.495357419,13485987767547019027,333334,333337,13485987767547019027
16,128,hash,all,2,1,2,333334,150,100000000,100000200,7715,246778323,246788873,5275.000,3857.500,2.467778294,246783598.000,2.467831044,13485987767547019027,333334,333337,13485987767547019027
16,128,hash,all,3,1,2,333334,150,100000000,100000200,7274,245912117,245922486,5184.500,3637.000,2.459116252,245917301.500,2.459168097,13485987767547019027,333334,333337,13485987767547019027
16,128,hash,all,4,1,2,333334,150,100000000,100000200,7404,246823818,246833856,5019.000,3702.000,2.468233244,246828837.000,2.468283433,13485987767547019027,333334,333337,13485987767547019027
16,128,aho_corasick,all,0,1,2,333334,150,100000000,100000200,937279,232078911,233046246,483667.500,468639.500,2.320784468,232562578.500,2.325621134,13485987767547019027,333334,333337,13485987767547019027
16,128,aho_corasick,all,1,1,2,333334,150,100000000,100000200,881505,233740469,234654685,457108.000,440752.500,2.337400015,234197577.000,2.341971086,13485987767547019027,333334,333337,13485987767547019027
16,128,aho_corasick,all,2,1,2,333334,150,100000000,100000200,896362,230292196,231219385,463594.500,448181.000,2.302917354,230755790.500,2.307553290,13485987767547019027,333334,333337,13485987767547019027
16,128,aho_corasick,all,3,1,2,333334,150,100000000,100000200,873069,228685268,229586259,450495.500,436534.500,2.286848106,229135763.500,2.291353052,13485987767547019027,333334,333337,13485987767547019027
16,128,aho_corasick,all,4,1,2,333334,150,100000000,100000200,889440,231896104,232821301,462598.500,444720.000,2.318956402,232358702.500,2.323582378,13485987767547019027,333334,333337,13485987767547019027
16,256,hash,all,0,1,1,666668,150,100000000,100000200,12433,251067514,251081900,14386.000,12433.000,2.510670119,251081900.000,2.510813978,6406158149811837791,333338,333339,6406158149811837791
16,256,hash,all,1,1,1,666668,150,100000000,100000200,13415,262898471,262913719,15248.000,13415.000,2.628979452,262913719.000,2.629131932,6406158149811837791,333338,333339,6406158149811837791
16,256,hash,all,2,1,1,666668,150,100000000,100000200,6421,249345095,249353502,8407.000,6421.000,2.493445963,249353502.000,2.493530033,6406158149811837791,333338,333339,6406158149811837791
16,256,hash,all,3,1,1,666668,150,100000000,100000200,6542,257861056,257869682,8626.000,6542.000,2.578605403,257869682.000,2.578691663,6406158149811837791,333338,333339,6406158149811837791
16,256,hash,all,4,1,1,666668,150,100000000,100000200,6212,253862929,253870974,8045.000,6212.000,2.538624213,253870974.000,2.538704663,6406158149811837791,333338,333339,6406158149811837791
16,256,aho_corasick,all,0,1,1,666668,150,100000000,100000200,935625,250632635,251596733,964098.000,935625.000,2.506321337,251596733.000,2.515962298,6406158149811837791,333338,333339,6406158149811837791
16,256,aho_corasick,all,1,1,1,666668,150,100000000,100000200,1044238,256608271,257657248,1048977.000,1044238.000,2.566077578,257657248.000,2.576567327,6406158149811837791,333338,333339,6406158149811837791
16,256,aho_corasick,all,2,1,1,666668,150,100000000,100000200,914586,256111038,257029390,918352.000,914586.000,2.561105258,257029390.000,2.570288759,6406158149811837791,333338,333339,6406158149811837791
16,256,aho_corasick,all,3,1,1,666668,150,100000000,100000200,959991,258507955,259471753,963798.000,959991.000,2.585074380,259471753.000,2.594712341,6406158149811837791,333338,333339,6406158149811837791
16,256,aho_corasick,all,4,1,1,666668,150,100000000,100000200,831922,255775367,256611637,836270.000,831922.000,2.557748555,256611637.000,2.566111238,6406158149811837791,333338,333339,6406158149811837791
16,1000,hash,all,0,1,1,666668,150,100000000,100000200,36388,243711238,243750992,39754.000,36388.000,2.437107506,243750992.000,2.437505045,15022177495301221169,333345,333356,15022177495301221169
16,1000,hash,all,1,1,1,666668,150,100000000,100000200,52477,246798779,246854383,55604.000,52477.000,2.467982854,246854383.000,2.468538893,15022177495301221169,333345,333356,15022177495301221169
16,1000,hash,all,2,1,1,666668,150,100000000,100000200,19086,244360557,244382718,22161.000,19086.000,2.443600683,244382718.000,2.443822292,15022177495301221169,333345,333356,15022177495301221169
16,1000,hash,all,3,1,1,666668,150,100000000,100000200,19106,244320293,244342024,21731.000,19106.000,2.443198044,244342024.000,2.443415353,15022177495301221169,333345,333356,15022177495301221169
16,1000,hash,all,4,1,1,666668,150,100000000,100000200,18294,254140053,254161453,21400.000,18294.000,2.541395447,254161453.000,2.541609447,15022177495301221169,333345,333356,15022177495301221169
16,1000,aho_corasick,all,0,1,1,666668,150,100000000,100000200,3809578,392470239,396334609,3864370.000,3809578.000,3.924694541,396334609.000,3.963338163,15022177495301221169,333345,333356,15022177495301221169
16,1000,aho_corasick,all,1,1,1,666668,150,100000000,100000200,4712769,418751516,423473763,4722247.000,4712769.000,4.187506785,423473763.000,4.234729161,15022177495301221169,333345,333356,15022177495301221169
16,1000,aho_corasick,all,2,1,1,666668,150,100000000,100000200,3347856,420790402,424150120,3359718.000,3347856.000,4.207895604,424150120.000,4.241492717,15022177495301221169,333345,333356,15022177495301221169
16,1000,aho_corasick,all,3,1,1,666668,150,100000000,100000200,3350732,413753478,417116883,3363405.000,3350732.000,4.137526505,417116883.000,4.171160488,15022177495301221169,333345,333356,15022177495301221169
16,1000,aho_corasick,all,4,1,1,666668,150,100000000,100000200,3554922,408859949,412426954,3567005.000,3554922.000,4.088591313,412426954.000,4.124261291,15022177495301221169,333345,333356,15022177495301221169
16,10000,hash,all,0,1,1,666668,150,100000000,100000200,341767,300249546,300659350,409804.000,341767.000,3.002489455,300659350.000,3.006587487,16288371205502686847,333436,333542,16288371205502686847
16,10000,hash,all,1,1,1,666668,150,100000000,100000200,395087,305874516,306284230,409714.000,395087.000,3.058739043,306284230.000,3.062836174,16288371205502686847,333436,333542,16288371205502686847
16,10000,hash,all,2,1,1,666668,150,100000000,100000200,170648,312405777,312592866,187089.000,170648.000,3.124051522,312592866.000,3.125922408,16288371205502686847,333436,333542,16288371205502686847
16,10000,hash,all,3,1,1,666668,150,100000000,100000200,173634,314636340,314823940,187600.000,173634.000,3.146357107,314823940.000,3.148233104,16288371205502686847,333436,333542,16288371205502686847
16,10000,hash,all,4,1,1,666668,150,100000000,100000200,171581,310745788,310931585,185797.000,171581.000,3.107451665,310931585.000,3.109309631,16288371205502686847,333436,333542,16288371205502686847
16,10000,aho_corasick,all,0,1,1,666668,150,100000000,100000200,42291409,944838936,987522989,42684053.000,42291409.000,9.448370463,987522989.000,9.875210140,16288371205502686847,333436,333542,16288371205502686847
16,10000,aho_corasick,all,1,1,1,666668,150,100000000,100000200,44070792,933128501,977290172,44161671.000,44070792.000,9.331266347,977290172.000,9.772882174,16288371205502686847,333436,333542,16288371205502686847
16,10000,aho_corasick,all,2,1,1,666668,150,100000000,100000200,42859676,917428743,960404025,42975282.000,42859676.000,9.174269081,960404025.000,9.604021042,16288371205502686847,333436,333542,16288371205502686847
16,10000,aho_corasick,all,3,1,1,666668,150,100000000,100000200,37548912,896162759,933828328,37665569.000,37548912.000,8.961609667,933828328.000,9.338264603,16288371205502686847,333436,333542,16288371205502686847
16,10000,aho_corasick,all,4,1,1,666668,150,100000000,100000200,38976556,886982491,926040880,39058389.000,38976556.000,8.869807170,926040880.000,9.260390279,16288371205502686847,333436,333542,16288371205502686847
16,100000,hash,all,0,1,1,666668,150,100000000,100000200,3338318,575053370,578790252,3736882.000,3338318.000,5.750522199,578790252.000,5.787890944,17853535051263512915,334326,335368,17853535051263512915
16,100000,hash,all,1,1,1,666668,150,100000000,100000200,3751259,581085120,584961733,3876613.000,3751259.000,5.810839578,584961733.000,5.849605631,17853535051263512915,334326,335368,17853535051263512915
16,100000,hash,all,2,1,1,666668,150,100000000,100000200,2204762,622838899,625164476,2325577.000,2204762.000,6.228376533,625164476.000,6.251632257,17853535051263512915,334326,335368,17853535051263512915
16,100000,hash,all,3,1,1,666668,150,100000000,100000200,2130775,539072433,541316138,2243705.000,2130775.000,5.390713549,541316138.000,5.413150554,17853535051263512915,334326,335368,17853535051263512915
16,100000,hash,all,4,1,1,666668,150,100000000,100000200,2019948,530387488,532518633,2131145.000,2019948.000,5.303864272,532518633.000,5.325175680,17853535051263512915,334326,335368,17853535051263512915
16,1000000,hash,all,0,1,1,666668,150,100000000,100000200,59693919,721375963,784601681,63225718.000,59693919.000,7.213745203,784601681.000,7.846001118,12798039341140352453,343543,353790,12798039341140352453
16,1000000,hash,all,1,1,1,666668,150,100000000,100000200,70459191,739304544,812941173,73636629.000,70459191.000,7.393030654,812941173.000,8.129395471,12798039341140352453,343543,353790,12798039341140352453
16,1000000,hash,all,2,1,1,666668,150,100000000,100000200,48244797,718075743,769275613,51199870.000,48244797.000,7.180743069,769275613.000,7.692740745,12798039341140352453,343543,353790,12798039341140352453
16,1000000,hash,all,3,1,1,666668,150,100000000,100000200,44700602,697291257,744848509,47557252.000,44700602.000,6.972898624,744848509.000,7.448470193,12798039341140352453,343543,353790,12798039341140352453
16,1000000,hash,all,4,1,1,666668,150,100000000,100000200,45461390,729267113,777533195,48266082.000,45461390.000,7.292656545,777533195.000,7.775316399,12798039341140352453,343543,353790,12798039341140352453
20,1,hash,first,0,1,64,10418,150,100000000,100012800,22643,132939832,132966322,413.906,353.797,1.329228179,132940245.906,1.329232317,10100110153867304471,333376,333376,10100110153867304471
20,1,hash,first,1,1,64,10418,150,100000000,100012800,25918,132970187,132999311,455.062,404.969,1.329531690,132970642.062,1.329536240,10100110153867304471,333376,333376,10100110153867304471
20,1,hash,first,2,1,64,10418,150,100000000,100012800,9668,133190787,133204654,216.672,151.062,1.331737408,133191003.672,1.331739574,10100110153867304471,333376,333376,10100110153867304471
20,1,hash,first,3,1,64,10418,150,100000000,100012800,9898,135185402,135198857,210.234,154.656,1.351681005,135185612.234,1.351683107,10100110153867304471,333376,333376,10100110153867304471
20,1,hash,first,4,1,64,10418,150,100000000,100012800,10880,135986231,136001650,240.922,170.000,1.359688270,135986471.922,1.359690679,10100110153867304471,333376,333376,10100110153867304471
20,1,bndmq,first,0,1,64,10418,150,100000000,100012800,61124,24392678,24469601,1201.922,955.062,0.243895561,24393879.922,0.243907579,10100110153867304471,333376,333376,10100110153867304471
20,1,bndmq,first,1,1,64,10418,150,100000000,100012800,27301,24535123,24581749,728.531,426.578,0.245319829,24535851.531,0.245327113,10100110153867304471,333376,333376,10100110153867304471
20,1,bndmq,first,2,1,64,10418,150,100000000,100012800,22021,24527420,24572574,705.531,344.078,0.245242809,24528125.531,0.245249863,10100110153867304471,333376,333376,10100110153867304471
20,1,bndmq,first,3,1,64,10418,150,100000000,100012800,25637,25420155,25466642,726.359,400.578,0.254169016,25420881.359,0.254176279,10100110153867304471,333376,333376,10100110153867304471
20,1,bndmq,first,4,1,64,10418,150,100000000,100012800,23514,24626094,24666860,636.969,367.406,0.246229423,24626730.969,0.246235792,10100110153867304471,333376,333376,10100110153867304471
20,1,aho_corasick,first,0,1,64,10418,150,100000000,100012800,831251,31317828,32179585,13464.953,12988.297,0.313138198,31331292.953,0.313272831,10100110153867304471,333376,333376,10100110153867304471
20,1,aho_corasick,first,1,1,64,10418,150,100000000,100012800,1084233,32273969,33406051,17688.781,16941.141,0.322698385,32291657.781,0.322875250,10100110153867304471,333376,333376,10100110153867304471
20,1,aho_corasick,first,2,1,64,10418,150,100000000,100012800,760779,31388537,32178431,12342.094,11887.172,0.313845198,31400879.094,0.313968603,10100110153867304471,333376,333376,10100110153867304471
20,1,aho_corasick,first,3,1,64,10418,150,100000000,100012800,773513,31006907,31811318,12568.922,12086.141,0.310029386,31019475.922,0.310155059,10100110153867304471,333376,333376,10100110153867304471
20,1,aho_corasick,first,4,1,64,10418,150,100000000,100012800,773904,33299173,34105297,12595.688,12092.250,0.332949113,33311768.688,0.333075053,10100110153867304471,333376,333376,10100110153867304471
20,2,aho_corasick,first,0,1,64,10418,150,100000000,100012800,1213434,424965624,426207470,19403.844,18959.906,4.249112354,424985027.844,4.249306367,10100110153867304471,333376,333376,10100110153867304471
20,2,aho_corasick,first,1,1,64,10418,150,100000000,100012800,1119429,437248432,438415089,18229.016,17491.078,4.371924714,437266661.016,4.372106980,10100110153867304471,333376,333376,10100110153867304471
20,2,aho_corasick,first,2,1,64,10418,150,100000000,100012800,1220126,443819586,445075479,19623.328,19064.469,4.437627844,443839209.328,4.437824052,10100110153867304471,333376,333376,10100110153867304471
20,2,aho_corasick,first,3,1,64,10418,150,100000000,100012800,1055890,421133378,422220937,16993.109,16498.281,4.210794798,421150371.109,4.210964708,10100110153867304471,333376,333376,10100110153867304471
20,2,aho_corasick,first,4,1,64,10418,150,100000000,100012800,1047123,429864243,430943936,16870.203,16361.297,4.298092274,429881113.203,4.298260955,10100110153867304471,333376,333376,10100110153867304471
20,2,hash,first,0,1,64,10418,150,100000000,100012800,20288,139509629,139535407,402.781,317.000,1.394917741,139510031.781,1.394921768,10100110153867304471,333376,333376,10100110153867304471
20,2,hash,first,1,1,64,10418,150,100000000,100012800,21951,136330865,136356753,404.500,342.984,1.363134169,136331269.500,1.363138213,10100110153867304471,333376,333376,10100110153867304471
20,2,hash,first,2,1,64,10418,150,100000000,100012800,15750,138197491,138217599,314.188,246.094,1.381798040,138197805.188,1.381801181,10100110153867304471,333376,333376,10100110153867304471
20,2,hash,first,3,1,64,10418,150,100000000,100012800,16010,139637977,139656922,296.016,250.156,1.396201056,139638273.016,1.396204016,10100110153867304471,333376,333376,10100110153867304471
20,2,hash,first,4,1,64,10418,150,100000000,100012800,15228,139028189,139046873,291.938,237.938,1.390103957,139028480.938,1.390106876,10100110153867304471,333376,333376,10100110153867304471
20,2,bndmq,first,0,1,64,10418,150,100000000,100012800,85620,37145495,37262614,1829.984,1337.812,0.371407410,37147324.984,0.371425707,10100110153867304471,333376,333376,10100110153867304471
20,2,bndmq,first,1,1,64,10418,150,100000000,100012800,55714,37471679,37559362,1370.047,870.531,0.374668832,37473049.047,0.374682531,10100110153867304471,333376,333376,10100110153867304471
20,2,bndmq,first,2,1,64,10418,150,100000000,100012800,55864,37483899,37573326,1397.297,872.875,0.374791017,37485296.297,0.374804988,10100110153867304471,333376,333376,10100110153867304471
20,2,bndmq,first,3,1,64,10418,150,100000000,100012800,62777,36991160,37090535,1552.734,980.891,0.369864257,36992712.734,0.369879783,10100110153867304471,333376,333376,10100110153867304471
20,2,bndmq,first,4,1,64,10418,150,100000000,100012800,54332,36936960,37021869,1326.703,848.938,0.369322327,36938286.703,0.369335592,10100110153867304471,333376,333376,10100110153867304471
20,4,hash,first,0,1,64,10418,150,100000000,100012800,35637,152094498,152135144,635.094,556.828,1.520750324,152095133.094,1.520756674,10100110153867304471,333376,333376,10100110153867304471
20,4,hash,first,1,1,64,10418,150,100000000,100012800,31228,150708385,150744432,563.234,487.938,1.506890968,150708948.234,1.506896600,10100110153867304471,333376,333376,10100110153867304471
20,4,hash,first,2,1,64,10418,150,100000000,100012800,25507,156976294,157005978,463.812,398.547,1.569562036,156976757.812,1.569566674,10100110153867304471,333376,333376,10100110153867304471
20,4,hash,first,3,1,64,10418,150,100000000,100012800,29274,153394772,153430879,564.172,457.406,1.533751400,153395336.172,1.533757041,10100110153867304471,333376,333376,10100110153867304471
20,4,hash,first,4,1,64,10418,150,100000000,100012800,21340,157564182,157591613,428.609,333.438,1.575440164,157564610.609,1.575444449,10100110153867304471,333376,333376,10100110153867304471
20,4,bndmq,first,0,1,64,10418,150,100000000,100012800,172643,67711186,67933631,3475.703,2697.547,0.677025201,67714661.703,0.677059953,10100110153867304471,333376,333376,10100110153867304471
20,4,bndmq,first,1,1,64,10418,150,100000000,100012800,145992,64678195,64877095,3107.812,2281.125,0.646699173,64681302.812,0.646730247,10100110153867304471,333376,333376,10100110153867304471
20,4,bndmq,first,2,1,64,10418,150,100000000,100012800,126066,64993944,65167799,2716.484,1969.781,0.649856258,64996660.484,0.649883420,10100110153867304471,333376,333376,10100110153867304471
20,4,bndmq,first,3,1,64,10418,150,100000000,100012800,131455,66239203,66414270,2735.422,2053.984,0.662307255,66241938.422,0.662334605,10100110153867304471,333376,333376,10100110153867304471
20,4,bndmq,first,4,1,64,10418,150,100000000,100012800,120565,62814208,62978295,2563.859,1883.828,0.628061688,62816771.859,0.628087323,10100110153867304471,333376,333376,10100110153867304471
20,4,aho_corasick,first,0,1,64,10418,150,100000000,100012800,1948274,159597563,161576634,30922.984,30441.781,1.595771371,159628485.984,1.596080562,10100110153867304471,333376,333376,10100110153867304471
20,4,aho_corasick,first,1,1,64,10418,150,100000000,100012800,1985257,163013038,165038551,31648.641,31019.641,1.629921750,163044686.641,1.630238196,10100110153867304471,333376,333376,10100110153867304471
20,4,aho_corasick,first,2,1,64,10418,150,100000000,100012800,1632155,158725805,160391753,26030.438,25502.422,1.587054907,158751835.438,1.587315178,10100110153867304471,333376,333376,10100110153867304471
20,4,aho_corasick,first,3,1,64,10418,150,100000000,100012800,1600406,163173607,164804400,25481.141,25006.344,1.631527235,163199088.141,1.631782013,10100110153867304471,333376,333376,10100110153867304471
20,4,aho_corasick,first,4,1,64,10418,150,100000000,100012800,1619000,158787625,160434807,25737.219,25296.875,1.587673028,158813362.219,1.587930367,10100110153867304471,333376,333376,10100110153867304471
20,8,aho_corasick,first,0,1,32,20834,150,100000000,100003200,1590837,159017772,160649064,50977.875,49713.656,1.590126836,159068749.875,1.590636598,10007957261559824023,333344,333344,10007957261559824023
20,8,aho_corasick,first,1,1,32,20834,150,100000000,100003200,2057007,162517213,164615757,65579.500,64281.469,1.625120126,162582792.500,1.625775900,10007957261559824023,333344,333344,10007957261559824023
20,8,aho_corasick,first,2,1,32,20834,150,100000000,100003200,1415932,155394663,156855699,45657.375,44247.875,1.553896905,155440320.375,1.554353464,10007957261559824023,333344,333344,10007957261559824023
20,8,aho_corasick,first,3,1,32,20834,150,100000000,100003200,1372349,154304310,155723688,44355.562,42885.906,1.542993724,154348665.562,1.543437266,10007957261559824023,333344,333344,10007957261559824023
20,8,aho_corasick,first,4,1,32,20834,150,100000000,100003200,1380075,156250539,157656282,43929.469,43127.344,1.562455391,156294468.469,1.562894672,10007957261559824023,333344,333344,10007957261559824023
20,8,hash,first,0,1,32,20834,150,100000000,100003200,29385,176263764,176298238,1077.312,918.281,1.762581237,176264841.312,1.762592010,10007957261559824023,333344,333344,10007957261559824023
20,8,hash,first,1,1,32,20834,150,100000000,100003200,22312,178568782,178594821,813.719,697.250,1.785630680,178569595.719,1.785638817,10007957261559824023,333344,333344,10007957261559824023
20,8,hash,first,2,1,32,20834,150,100000000,100003200,14146,183709456,183728681,600.781,442.062,1.837035775,183710056.781,1.837041782,10007957261559824023,333344,333344,10007957261559824023
20,8,hash,first,3,1,32,20834,150,100000000,100003200,15549,180399645,180420924,664.969,485.906,1.803938724,180400309.969,1.803945373,10007957261559824023,333344,333344,10007957261559824023
20,8,hash,first,4,1,32,20834,150,100000000,100003200,16050,178257834,178278763,654.031,501.562,1.782521299,178258488.031,1.782527839,10007957261559824023,333344,333344,10007957261559824023
20,8,bndmq,first,0,1,32,20834,150,100000000,100003200,153877,119197226,119394333,6159.594,4808.656,1.191934118,119203385.594,1.191995712,10007957261559824023,333344,333344,10007957261559824023
20,8,bndmq,first,1,1,32,20834,150,100000000,100003200,125124,119867127,120025272,4942.031,3910.125,1.198632914,119872069.031,1.198682332,10007957261559824023,333344,333344,10007957261559824023
20,8,bndmq,first,2,1,32,20834,150,100000000,100003200,103793,118273142,118407883,4210.656,3243.531,1.182693574,118277352.656,1.182735679,10007957261559824023,333344,333344,10007957261559824023
20,8,bndmq,first,3,1,32,20834,150,100000000,100003200,102141,119785379,119920161,4211.938,3191.906,1.197815460,119789590.938,1.197857578,10007957261559824023,333344,333344,10007957261559824023
20,8,bndmq,first,4,1,32,20834,150,100000000,100003200,104064,121990777,122133133,4448.625,3252.000,1.219868734,121995225.625,1.219913219,10007957261559824023,333344,333344,10007957261559824023
20,16,bndmq,first,0,1,16,41668,150,100000000,100003200,140612,217136420,217304833,10525.812,8788.250,2.171294719,217146945.812,2.171399973,8485451749250642310,333344,333344,8485451749250642310
20,16,bndmq,first,1,1,16,41668,150,100000000,100003200,157343,223083353,223270712,11709.938,9833.938,2.230762146,223095062.938,2.230879241,8485451749250642310,333344,333344,8485451749250642310
20,16,bndmq,first,2,1,16,41668,150,100000000,100003200,90569,218538337,218659303,7560.375,5660.562,2.185313440,218545897.375,2.185389041,8485451749250642310,333344,333344,8485451749250642310
20,16,bndmq,first,3,1,16,41668,150,100000000,100003200,90379,225946865,226066208,7458.938,5648.688,2.259396349,225954323.938,2.259470936,8485451749250642310,333344,333344,8485451749250642310
20,16,bndmq,first,4,1,16,41668,150,100000000,100003200,89768,218347579,218469527,7621.750,5610.500,2.183405921,218355200.750,2.183482136,8485451749250642310,333344,333344,8485451749250642310
20,16,aho_corasick,first,0,1,16,41668,150,100000000,100003200,1365618,160966055,162364193,87383.625,85351.125,1.609609043,161053438.625,1.610482851,8485451749250642310,333344,333344,8485451749250642310
20,16,aho_corasick,first,1,1,16,41668,150,100000000,100003200,1677051,153452862,155162884,106876.375,104815.688,1.534479517,153559738.375,1.535548246,8485451749250642310,333344,333344,8485451749250642310
20,16,aho_corasick,first,2,1,16,41668,150,100000000,100003200,1273757,157062847,158376267,82088.750,79609.812,1.570578211,157144935.750,1.571399073,8485451749250642310,333344,333344,8485451749250642310
20,16,aho_corasick,first,3,1,16,41668,150,100000000,100003200,1368714,155255492,156666715,88201.438,85544.625,1.552505240,155343693.438,1.553387226,8485451749250642310,333344,333344,8485451749250642310
20,16,aho_corasick,first,4,1,16,41668,150,100000000,100003200,1247236,156413703,157694692,80061.812,77952.250,1.564086979,156493764.812,1.564887572,8485451749250642310,333344,333344,8485451749250642310
20,16,hash,first,0,1,16,41668,150,100000000,100003200,24586,179217479,179246513,1814.625,1536.625,1.792117442,179219293.625,1.792135588,8485451749250642310,333344,333344,8485451749250642310
20,16,hash,first,1,1,16,41668,150,100000000,100003200,21259,179158305,179183601,1581.000,1328.688,1.791525721,179159886.000,1.791541531,8485451749250642310,333344,333344,8485451749250642310
20,16,hash,first,2,1,16,41668,150,100000000,100003200,14497,183147751,183166957,1200.375,906.062,1.831418905,183148951.375,1.831430908,8485451749250642310,333344,333344,8485451749250642310
20,16,hash,first,3,1,16,41668,150,100000000,100003200,21139,179981971,180007659,1605.500,1321.188,1.799762118,179983576.500,1.799778172,8485451749250642310,333344,333344,8485451749250642310
20,16,hash,first,4,1,16,41668,150,100000000,100003200,13786,179696865,179715019,1134.625,861.625,1.796911149,179697999.625,1.796922495,8485451749250642310,333344,333344,8485451749250642310
20,32,aho_corasick,first,0,1,8,83334,150,100000000,100000800,1298041,167061589,168394215,166578.250,162255.125,1.670602525,167228167.250,1.672268294,14545882975625201301,333336,333336,14545882975625201301
20,32,aho_corasick,first,1,1,8,83334,150,100000000,100000800,1502346,166030928,167561798,191358.750,187793.250,1.660295998,166222286.750,1.662209570,14545882975625201301,333336,333336,14545882975625201301
20,32,aho_corasick,first,2,1,8,83334,150,100000000,100000800,1167748,165885032,167068669,147954.625,145968.500,1.658837049,166032986.625,1.660316584,14545882975625201301,333336,333336,14545882975625201301
20,32,aho_corasick,first,3,1,8,83334,150,100000000,100000800,1164613,166698133,167878836,147587.875,145576.625,1.666967994,166845720.875,1.668443861,14545882975625201301,333336,333336,14545882975625201301
20,32,aho_corasick,first,4,1,8,83334,150,100000000,100000800,1176135,161415337,162605849,148814.000,147016.875,1.614140457,161564151.000,1.615628585,14545882975625201301,333336,333336,14545882975625201301
20,32,bndmq,first,0,1,8,83334,150,100000000,100000800,159187,425102478,425286562,23010.500,19898.375,4.250990772,425125488.500,4.251220875,14545882975625201301,333336,333336,14545882975625201301
20,32,bndmq,first,1,1,8,83334,150,100000000,100000800,98233,437940801,438057098,14537.125,12279.125,4.379372975,437955338.125,4.379518345,14545882975625201301,333336,333336,14545882975625201301
20,32,bndmq,first,2,1,8,83334,150,100000000,100000800,78326,432075468,432181716,13281.000,9790.750,4.320720114,432088749.000,4.320852923,14545882975625201301,333336,333336,14545882975625201301
20,32,bndmq,first,3,1,8,83334,150,100000000,100000800,73417,428783349,428884868,12689.875,9177.125,4.287799188,428796038.875,4.287926085,14545882975625201301,333336,333336,14545882975625201301
20,32,bndmq,first,4,1,8,83334,150,100000000,100000800,74449,433925247,434025804,12569.625,9306.125,4.339217756,433937816.625,4.339343452,14545882975625201301,333336,333336,14545882975625201301
20,32,hash,first,0,1,8,83334,150,100000000,100000800,18224,175579848,175602060,2776.500,2278.000,1.755784434,175582624.500,1.755812199,14545882975625201301,333336,333336,14545882975625201301
20,32,hash,first,1,1,8,83334,150,100000000,100000800,16290,187540377,187560043,2458.250,2036.250,1.875388767,187542835.250,1.875413349,14545882975625201301,333336,333336,14545882975625201301
20,32,hash,first,2,1,8,83334,150,100000000,100000800,10750,179231311,179245808,1812.125,1343.750,1.792298772,179233123.125,1.792316893,14545882975625201301,333336,333336,14545882975625201301
20,32,hash,first,3,1,8,83334,150,100000000,100000800,11201,181129717,181143884,1770.875,1400.125,1.811282680,181131487.875,1.811300388,14545882975625201301,333336,333336,14545882975625201301
20,32,hash,first,4,1,8,83334,150,100000000,100000800,17262,186695588,186717018,2678.750,2157.750,1.866940944,186698266.750,1.866967732,14545882975625201301,333336,333336,14545882975625201301
20,64,bndmq,first,0,1,4,166668,150,100000000,100000800,165119,857378940,857595955,54253.750,41279.750,8.573720810,857433193.750,8.574263343,7920970377318854716,333336,333336,7920970377318854716
20,64,bndmq,first,1,1,4,166668,150,100000000,100000800,132858,831760111,831930199,42522.000,33214.500,8.317534570,831802633.000,8.317959786,7920970377318854716,333336,333336,7920970377318854716
20,64,bndmq,first,2,1,4,166668,150,100000000,100000800,107290,831769394,831924614,38805.000,26822.500,8.317627399,831808199.000,8.318015446,7920970377318854716,333336,333336,7920970377318854716
20,64,bndmq,first,3,1,4,166668,150,100000000,100000800,109915,831930936,832079874,37234.500,27478.750,8.319242806,831968170.500,8.319615148,7920970377318854716,333336,333336,7920970377318854716
20,64,bndmq,first,4,1,4,166668,150,100000000,100000800,107010,829376554,829523879,36831.250,26752.500,8.293699190,829413385.250,8.294067500,7920970377318854716,333336,333336,7920970377318854716
20,64,hash,first,0,1,4,166668,150,100000000,100000800,15168,187809887,187827940,4513.250,3792.000,1.878083845,187814400.250,1.878128977,7920970377318854716,333336,333336,7920970377318854716
20,64,hash,first,1,1,4,166668,150,100000000,100000800,15519,181774620,181793145,4631.250,3879.750,1.817731658,181779251.250,1.817777970,7920970377318854716,333336,333336,7920970377318854716
20,64,hash,first,2,1,4,166668,150,100000000,100000800,9127,188841560,188853993,3108.250,2281.750,1.888400493,188844668.250,1.888431575,7920970377318854716,333336,333336,7920970377318854716
20,64,hash,first,3,1,4,166668,150,100000000,100000800,8957,185892124,185905288,3291.000,2239.250,1.858906369,185895415.000,1.858939278,7920970377318854716,333336,333336,7920970377318854716
20,64,hash,first,4,1,4,166668,150,100000000,100000800,10550,180406763,180421401,3659.500,2637.500,1.804053198,180410422.500,1.804089792,7920970377318854716,333336,333336,7920970377318854716
20,64,aho_corasick,first,0,1,4,166668,150,100000000,100000800,1238551,169474020,170752575,319638.750,309637.750,1.694726642,169793658.750,1.697923004,7920970377318854716,333336,333336,7920970377318854716
20,64,aho_corasick,first,1,1,4,166668,150,100000000,100000800,1500770,172185295,173723264,384492.250,375192.500,1.721839175,172569787.250,1.725684067,7920970377318854716,333336,333336,7920970377318854716
20,64,aho_corasick,first,2,1,4,166668,150,100000000,100000800,1247948,171673315,172948995,318920.000,311987.000,1.716719416,171992235.000,1.719908591,7920970377318854716,333336,333336,7920970377318854716
20,64,aho_corasick,first,3,1,4,166668,150,100000000,100000800,1139876,174132483,175300271,291947.000,284969.000,1.741310900,174424430.000,1.744230346,7920970377318854716,333336,333336,7920970377318854716
20,64,aho_corasick,first,4,1,4,166668,150,100000000,100000800,1159002,168913827,170109457,298907.500,289750.500,1.689124757,169212734.500,1.692113808,7920970377318854716,333336,333336,7920970377318854716
20,128,aho_corasick,first,0,1,2,333334,150,100000000,100000200,1227000,175710464,176965897,627716.500,613500.000,1.757101126,176338180.500,1.763378278,17355991267112343030,333334,333334,17355991267112343030
20,128,aho_corasick,first,1,1,2,333334,150,100000000,100000200,1187936,177605047,178815916,605434.500,593968.000,1.776046918,178210481.500,1.782101251,17355991267112343030,333334,333334,17355991267112343030
20,128,aho_corasick,first,2,1,2,333334,150,100000000,100000200,1136791,173175935,174344545,584305.000,568395.500,1.731755886,173760240.000,1.737598925,17355991267112343030,333334,333334,17355991267112343030
20,128,aho_corasick,first,3,1,2,333334,150,100000000,100000200,1508778,175366627,176902315,767844.000,754389.000,1.753662763,176134471.000,1.761341187,17355991267112343030,333334,333334,17355991267112343030
20,128,aho_corasick,first,4,1,2,333334,150,100000000,100000200,1181103,177088361,178301143,606391.000,590551.500,1.770880068,177694752.000,1.776943966,17355991267112343030,333334,333334,17355991267112343030
20,128,hash,first,0,1,2,333334,150,100000000,100000200,13375,191018945,191034664,7859.500,6687.500,1.910185630,191026804.500,1.910264224,17355991267112343030,333334,333334,17355991267112343030
20,128,hash,first,1,1,2,333334,150,100000000,100000200,12573,187438314,187453933,7809.500,6286.500,1.874379391,187446123.500,1.874457486,17355991267112343030,333334,333334,17355991267112343030
20,128,hash,first,2,1,2,333334,150,100000000,100000200,6993,191104865,191115075,5105.000,3496.500,1.911044828,191109970.000,1.911095878,17355991267112343030,333334,333334,17355991267112343030
20,128,hash,first,3,1,2,333334,150,100000000,100000200,7274,188860987,188870906,4959.500,3637.000,1.888606093,188865946.500,1.888655688,17355991267112343030,333334,333334,17355991267112343030
20,128,hash,first,4,1,2,333334,150,100000000,100000200,9688,192952103,192964997,6447.000,4844.000,1.929517171,192958550.000,1.929581641,17355991267112343030,333334,333334,17355991267112343030
20,128,bndmq,first,0,1,2,333334,150,100000000,100000200,151653,1652716310,1652917585,100637.500,75826.500,16.527130046,1652816947.500,16.528136419,17355991267112343030,333334,333334,17355991267112343030
20,128,bndmq,first,1,1,2,333334,150,100000000,100000200,149970,1652648788,1652836218,93715.000,74985.000,16.526454827,1652742503.000,16.527391975,17355991267112343030,333334,333334,17355991267112343030
20,128,bndmq,first,2,1,2,333334,150,100000000,100000200,102080,1665437275,1665575011,68868.000,51040.000,16.654339441,1665506143.000,16.655028120,17355991267112343030,333334,333334,17355991267112343030
20,128,bndmq,first,3,1,2,333334,150,100000000,100000200,100077,1681713027,1681852578,69775.500,50038.500,16.817096636,1681782802.500,16.817794389,17355991267112343030,333334,333334,17355991267112343030
20,128,bndmq,first,4,1,2,333334,150,100000000,100000200,100909,1685188228,1685327949,69860.500,50454.500,16.851848576,1685258088.500,16.852547180,17355991267112343030,333334,333334,17355991267112343030
20,256,hash,first,0,1,1,666668,150,100000000,100000200,15499,181401223,181418895,17672.000,15499.000,1.814008602,181418895.000,1.814185322,10878890858135063043,333334,333334,10878890858135063043
20,256,hash,first,1,1,1,666668,150,100000000,100000200,16862,182646056,182664951,18895.000,16862.000,1.826456907,182664951.000,1.826645857,10878890858135063043,333334,333334,10878890858135063043
20,256,hash,first,2,1,1,666668,150,100000000,100000200,7444,187202114,187211582,9468.000,7444.000,1.872017396,187211582.000,1.872112076,10878890858135063043,333334,333334,10878890858135063043
20,256,hash,first,3,1,1,666668,150,100000000,100000200,6913,191850606,191859472,8866.000,6913.000,1.918502223,191859472.000,1.918590883,10878890858135063043,333334,333334,10878890858135063043
20,256,hash,first,4,1,1,666668,150,100000000,100000200,7294,193475626,193484963,9337.000,7294.000,1.934752390,193484963.000,1.934845760,10878890858135063043,333334,333334,10878890858135063043
20,256,aho_corasick,first,0,1,1,666668,150,100000000,100000200,1218263,207717863,208961312,1243449.000,1218263.000,2.077174476,208961312.000,2.089608941,10878890858135063043,333334,333334,10878890858135063043
20,256,aho_corasick,first,1,1,1,666668,150,100000000,100000200,1232388,202293078,203528944,1235866.000,1232388.000,2.022926734,203528944.000,2.035285369,10878890858135063043,333334,333334,10878890858135063043
20,256,aho_corasick,first,2,1,1,666668,150,100000000,100000200,1123396,208662206,209790451,1128245.000,1123396.000,2.086617887,209790451.000,2.097900314,10878890858135063043,333334,333334,10878890858135063043
20,256,aho_corasick,first,3,1,1,666668,150,100000000,100000200,1131461,208649230,209784187,1134957.000,1131461.000,2.086488127,209784187.000,2.097837674,10878890858135063043,333334,333334,10878890858135063043
20,256,aho_corasick,first,4,1,1,666668,150,100000000,100000200,1465332,218042137,219512569,1470432.000,1465332.000,2.180417009,219512569.000,2.195121300,10878890858135063043,333334,333334,10878890858135063043
20,1000,hash,first,0,1,1,666668,150,100000000,100000200,38221,189192928,189234726,41798.000,38221.000,1.891925496,189234726.000,1.892343475,10878890858135063043,333334,333334,10878890858135063043
20,1000,hash,first,1,1,1,666668,150,100000000,100000200,43461,192415208,192461804,46596.000,43461.000,1.924148232,192461804.000,1.924614191,10878890858135063043,333334,333334,10878890858135063043
20,1000,hash,first,2,1,1,666668,150,100000000,100000200,21670,183457530,183482296,24766.000,21670.000,1.834571631,183482296.000,1.834819290,10878890858135063043,333334,333334,10878890858135063043
20,1000,hash,first,3,1,1,666668,150,100000000,100000200,21951,192473809,192498835,25026.000,21951.000,1.924734241,192498835.000,1.924984500,10878890858135063043,333334,333334,10878890858135063043
20,1000,hash,first,4,1,1,666668,150,100000000,100000200,21290,184443598,184467943,24345.000,21290.000,1.844432291,184467943.000,1.844675741,10878890858135063043,333334,333334,10878890858135063043
20,1000,aho_corasick,first,0,1,1,666668,150,100000000,100000200,5842420,337520857,343433538,5912681.000,5842420.000,3.375201820,343433538.000,3.434328511,10878890858135063043,333334,333334,10878890858135063043
20,1000,aho_corasick,first,1,1,1,666668,150,100000000,100000200,4789886,289111436,293908767,4797331.000,4789886.000,2.891108578,293908767.000,2.939081792,10878890858135063043,333334,333334,10878890858135063043
20,1000,aho_corasick,first,2,1,1,666668,150,100000000,100000200,4699258,285019392,289725823,4706431.000,4699258.000,2.850188220,289725823.000,2.897252435,10878890858135063043,333334,333334,10878890858135063043
20,1000,aho_corasick,first,3,1,1,666668,150,100000000,100000200,4422551,279704903,284135970,4431067.000,4422551.000,2.797043436,284135970.000,2.841354017,10878890858135063043,333334,333334,10878890858135063043
20,1000,aho_corasick,first,4,1,1,666668,150,100000000,100000200,4800376,265673800,270481019,4807219.000,4800376.000,2.656732687,270481019.000,2.704804780,10878890858135063043,333334,333334,10878890858135063043
20,10000,hash,first,0,1,1,666668,150,100000000,100000200,462623,223571543,224174568,603025.000,462623.000,2.235710959,224174568.000,2.241741197,10878890858135063043,333334,333334,10878890858135063043
20,10000,hash,first,1,1,1,666668,150,100000000,100000200,416257,223461698,223892442,430744.000,416257.000,2.234612511,223892442.000,2.238919942,10878890858135063043,333334,333334,10878890858135063043
20,10000,hash,first,2,1,1,666668,150,100000000,100000200,214089,226728275,226956630,228355.000,214089.000,2.267278215,226956630.000,2.269561761,10878890858135063043,333334,333334,10878890858135063043
20,10000,hash,first,3,1,1,666668,150,100000000,100000200,201666,221133084,221348977,215893.000,201666.000,2.211326417,221348977.000,2.213485343,10878890858135063043,333334,333334,10878890858135063043
20,10000,hash,first,4,1,1,666668,150,100000000,100000200,201556,224488474,224704667,216193.000,201556.000,2.244880250,224704667.000,2.247042176,10878890858135063043,333334,333334,10878890858135063043
20,10000,aho_corasick,first,0,1,1,666668,150,100000000,100000200,58413895,753068159,811933967,58865808.000,58413895.000,7.530666529,811933967.000,8.119323431,10878890858135063043,333334,333334,10878890858135063043
20,10000,aho_corasick,first,1,1,1,666668,150,100000000,100000200,61676506,757536563,819295583,61759020.000,61676506.000,7.575350479,819295583.000,8.192939444,10878890858135063043,333334,333334,10878890858135063043
20,10000,aho_corasick,first,2,1,1,666668,150,100000000,100000200,56535405,898320140,955541675,57221535.000,56535405.000,8.983183434,955541675.000,9.555397639,10878890858135063043,333334,333334,10878890858135063043
20,10000,aho_corasick,first,3,1,1,666668,150,100000000,100000200,56634422,743300848,800384890,57084042.000,56634422.000,7.432993614,800384890.000,8.003832892,10878890858135063043,333334,333334,10878890858135063043
20,10000,aho_corasick,first,4,1,1,666668,150,100000000,100000200,57110855,748994880,806613362,57618482.000,57110855.000,7.489933820,806613362.000,8.066117488,10878890858135063043,333334,333334,10878890858135063043
20,100000,hash,first,0,1,1,666668,150,100000000,100000200,3872655,426255324,430469796,4214472.000,3872655.000,4.262544715,430469796.000,4.304689351,12740615284298262588,333338,333338,12740615284298262588
20,100000,hash,first,1,1,1,666668,150,100000000,100000200,3690385,484943123,488776164,3833041.000,3690385.000,4.849421531,488776164.000,4.887751864,12740615284298262588,333338,333338,12740615284298262588
20,100000,hash,first,2,1,1,666668,150,100000000,100000200,3184761,486042178,489363934,3321756.000,3184761.000,4.860412059,489363934.000,4.893629553,12740615284298262588,333338,333338,12740615284298262588
20,100000,hash,first,3,1,1,666668,150,100000000,100000200,2960804,473483307,476603429,3120122.000,2960804.000,4.734823600,476603429.000,4.766024758,12740615284298262588,333338,333338,12740615284298262588
20,100000,hash,first,4,1,1,666668,150,100000000,100000200,3059668,431873019,435065494,3192475.000,3059668.000,4.318721553,435065494.000,4.350646239,12740615284298262588,333338,333338,12740615284298262588
20,1000000,hash,first,0,1,1,666668,150,100000000,100000200,55287246,584856901,643674012,58817111.000,55287246.000,5.848557313,643674012.000,6.436727247,5608696466212210301,333383,333383,5608696466212210301
20,1000000,hash,first,1,1,1,666668,150,100000000,100000200,52025321,591252022,646284613,55032591.000,52025321.000,5.912508395,646284613.000,6.462833204,5608696466212210301,333383,333383,5608696466212210301
20,1000000,hash,first,2,1,1,666668,150,100000000,100000200,47126651,570331161,620393198,50062037.000,47126651.000,5.703300203,620393198.000,6.203919572,5608696466212210301,333383,333383,5608696466212210301
20,1000000,hash,first,3,1,1,666668,150,100000000,100000200,46254384,564069133,613293336,49224203.000,46254384.000,5.640680049,613293336.000,6.132921094,5608696466212210301,333383,333383,5608696466212210301
20,1000000,hash,first,4,1,1,666668,150,100000000,100000200,48152551,567844186,619021901,51177715.000,48152551.000,5.678430503,619021901.000,6.190206630,5608696466212210301,333383,333383,5608696466212210301
20,1,bndmq,all,0,1,64,10418,150,100000000,100012800,53700,27871460,27944657,1143.703,839.062,0.278678929,27872603.703,0.278690365,18296310579398042761,333376,333376,18296310579398042761
20,1,bndmq,all,1,1,64,10418,150,100000000,100012800,22432,27474470,27516419,655.453,350.500,0.274709537,27475125.453,0.274716091,18296310579398042761,333376,333376,18296310579398042761
20,1,bndmq,all,2,1,64,10418,150,100000000,100012800,21790,27355280,27400084,700.062,340.469,0.273517790,27355980.062,0.273524789,18296310579398042761,333376,333376,18296310579398042761
20,1,bndmq,all,3,1,64,10418,150,100000000,100012800,24396,29194807,29232307,585.938,381.188,0.291910705,29195392.938,0.291916564,18296310579398042761,333376,333376,18296310579398042761
20,1,bndmq,all,4,1,64,10418,150,100000000,100012800,18595,28919724,28960871,642.922,290.547,0.289160227,28920366.922,0.289166656,18296310579398042761,333376,333376,18296310579398042761
20,1,aho_corasick,all,0,1,64,10418,150,100000000,100012800,825049,59494514,60348587,13344.891,12891.391,0.594868997,59507858.891,0.595002429,18296310579398042761,333376,333376,18296310579398042761
20,1,aho_corasick,all,1,1,64,10418,150,100000000,100012800,1026198,60713555,61782472,16701.828,16034.344,0.607057847,60730256.828,0.607224844,18296310579398042761,333376,333376,18296310579398042761
20,1,aho_corasick,all,2,1,64,10418,150,100000000,100012800,761040,61937132,62721375,12253.797,11891.250,0.619292051,61949385.797,0.619414573,18296310579398042761,333376,333376,18296310579398042761
20,1,aho_corasick,all,3,1,64,10418,150,100000000,100012800,768614,59927037,60721610,12415.203,12009.594,0.599193673,59939452.203,0.599317809,18296310579398042761,333376,333376,18296310579398042761
20,1,aho_corasick,all,4,1,64,10418,150,100000000,100012800,834828,60192657,61052913,13441.500,13044.188,0.601849533,60206098.500,0.601983931,18296310579398042761,333376,333376,18296310579398042761
20,1,hash,all,0,1,64,10418,150,100000000,100012800,20609,188179254,188203740,382.594,322.016,1.881551701,188179636.594,1.881555527,18296310579398042761,333376,333376,18296310579398042761
20,1,hash,all,1,1,64,10418,150,100000000,100012800,14927,185793177,185811821,291.312,233.234,1.857693985,185793468.312,1.857696898,18296310579398042761,333376,333376,18296310579398042761
20,1,hash,all,2,1,64,10418,150,100000000,100012800,8926,189588303,189602239,217.750,139.469,1.895640388,189588520.750,1.895642565,18296310579398042761,333376,333376,18296310579398042761
20,1,hash,all,3,1,64,10418,150,100000000,100012800,9558,190896794,190909898,204.750,149.344,1.908723623,190896998.750,1.908725671,18296310579398042761,333376,333376,18296310579398042761
20,1,hash,all,4,1,64,10418,150,100000000,100012800,8677,188557991,188572088,220.266,135.578,1.885338587,188558211.266,1.885340789,18296310579398042761,333376,333376,18296310579398042761
20,2,aho_corasick,all,0,1,64,10418,150,100000000,100012800,1169863,577087047,578286835,18746.688,18279.109,5.770131893,577105793.688,5.770319336,12867426581539019635,333376,333376,12867426581539019635
20,2,aho_corasick,all,1,1,64,10418,150,100000000,100012800,1425610,586301670,587774208,23008.406,22275.156,5.862266330,586324678.406,5.862496385,12867426581539019635,333376,333376,12867426581539019635
20,2,aho_corasick,all,2,1,64,10418,150,100000000,100012800,1077961,670320281,671431634,17364.891,16843.141,6.702344910,670337645.891,6.702518537,12867426581539019635,333376,333376,12867426581539019635
20,2,aho_corasick,all,3,1,64,10418,150,100000000,100012800,1307663,567164474,568505059,20946.641,20432.234,5.670918862,567185420.641,5.671128302,12867426581539019635,333376,333376,12867426581539019635
20,2,aho_corasick,all,4,1,64,10418,150,100000000,100012800,1054978,588180736,589266512,16965.250,16484.031,5.881054585,588197701.250,5.881224216,12867426581539019635,333376,333376,12867426581539019635
20,2,hash,all,0,1,64,10418,150,100000000,100012800,25116,193393270,193423396,470.719,392.438,1.933685188,193393740.719,1.933689895,12867426581539019635,333376,333376,12867426581539019635
20,2,hash,all,1,1,64,10418,150,100000000,100012800,24886,199585164,199613867,448.484,388.844,1.995596204,199585612.484,1.995600688,12867426581539019635,333376,333376,12867426581539019635
20,2,hash,all,2,1,64,10418,150,100000000,100012800,16852,200397501,200419843,349.094,263.312,2.003718534,200397850.094,2.003722025,12867426581539019635,333376,333376,12867426581539019635
20,2,hash,all,3,1,64,10418,150,100000000,100012800,12924,197676756,197693196,256.875,201.938,1.976514566,197677012.875,1.976517135,12867426581539019635,333376,333376,12867426581539019635
20,2,hash,all,4,1,64,10418,150,100000000,100012800,16571,199907996,199929065,329.203,258.922,1.998824111,199908325.203,1.998827402,12867426581539019635,333376,333376,12867426581539019635
20,2,bndmq,all,0,1,64,10418,150,100000000,100012800,98264,46247961,46381371,2084.531,1535.375,0.462420420,46250045.531,0.462441263,12867426581539019635,333376,333376,12867426581539019635
20,2,bndmq,all,1,1,64,10418,150,100000000,100012800,54632,45284009,45372955,1389.781,853.625,0.452782134,45285398.781,0.452796030,12867426581539019635,333376,333376,12867426581539019635
20,2,bndmq,all,2,1,64,10418,150,100000000,100012800,54712,46030386,46119522,1392.750,854.875,0.460244949,46031778.750,0.460258874,12867426581539019635,333376,333376,12867426581539019635
20,2,bndmq,all,3,1,64,10418,150,100000000,100012800,67116,45888409,45990380,1593.297,1048.688,0.458825360,45890002.297,0.458841291,12867426581539019635,333376,333376,12867426581539019635
20,2,bndmq,all,4,1,64,10418,150,100000000,100012800,52808,47689318,47776501,1362.234,825.125,0.476832145,47690680.234,0.476845766,12867426581539019635,333376,333376,12867426581539019635
20,4,bndmq,all,0,1,64,10418,150,100000000,100012800,154779,80573867,80766757,3013.906,2418.422,0.805635549,80576880.906,0.805665684,7436384681491316151,333376,333376,7436384681491316151
20,4,bndmq,all,1,1,64,10418,150,100000000,100012800,144699,85532473,85712399,2811.344,2260.922,0.855215262,85535284.344,0.855243372,7436384681491316151,333376,333376,7436384681491316151
20,4,bndmq,all,2,1,64,10418,150,100000000,100012800,117580,81038826,81190159,2364.578,1837.188,0.810284544,81041190.578,0.810308186,7436384681491316151,333376,333376,7436384681491316151
20,4,bndmq,all,3,1,64,10418,150,100000000,100012800,118451,81034025,81185598,2368.328,1850.797,0.810236540,81036393.328,0.810260220,7436384681491316151,333376,333376,7436384681491316151
20,4,bndmq,all,4,1,64,10418,150,100000000,100012800,117248,81318085,81484505,2600.312,1832.000,0.813076776,81320685.312,0.813102776,7436384681491316151,333376,333376,7436384681491316151
20,4,aho_corasick,all,0,1,64,10418,150,100000000,100012800,1735388,211412188,213178784,27603.062,27115.438,2.113851307,211439791.062,2.114127302,7436384681491316151,333376,333376,7436384681491316151
20,4,aho_corasick,all,1,1,64,10418,150,100000000,100012800,1663263,216476301,218174158,26529.016,25988.484,2.164485956,216502830.016,2.164751212,7436384681491316151,333376,333376,7436384681491316151
20,4,aho_corasick,all,2,1,64,10418,150,100000000,100012800,1695293,221076749,222804903,27002.406,26488.953,2.210484548,221103751.406,2.210754537,7436384681491316151,333376,333376,7436384681491316151
20,4,aho_corasick,all,3,1,64,10418,150,100000000,100012800,1788657,217973420,219793645,28441.016,27947.766,2.179455230,218001861.016,2.179739603,7436384681491316151,333376,333376,7436384681491316151
20,4,aho_corasick,all,4,1,64,10418,150,100000000,100012800,1643266,219273865,220943360,26085.859,25676.031,2.192458015,219299950.859,2.192718841,7436384681491316151,333376,333376,7436384681491316151
20,4,hash,all,0,1,64,10418,150,100000000,100012800,38191,208914649,208956487,653.719,596.734,2.088879113,208915302.719,2.088885650,7436384681491316151,333376,333376,7436384681491316151
20,4,hash,all,1,1,64,10418,150,100000000,100012800,31018,211058128,211093674,555.406,484.656,2.110311160,211058683.406,2.110316714,7436384681491316151,333376,333376,7436384681491316151
20,4,hash,all,2,1,64,10418,150,100000000,100012800,22071,209689840,209717000,424.375,344.859,2.096630031,209690264.375,2.096634275,7436384681491316151,333376,333376,7436384681491316151
20,4,hash,all,3,1,64,10418,150,100000000,100012800,27321,216024756,216061485,573.891,426.891,2.159971084,216025329.891,2.159976822,7436384681491316151,333376,333376,7436384681491316151
20,4,hash,all,4,1,64,10418,150,100000000,100012800,28002,214532119,214564620,507.828,437.531,2.145046624,214532626.828,2.145051702,7436384681491316151,333376,333376,7436384681491316151
20,8,hash,all,0,1,32,20834,150,100000000,100003200,77625,247740884,247823629,2585.781,2425.781,2.477329565,247743469.781,2.477355422,10003896614252283572,333344,333344,10003896614252283572
20,8,hash,all,1,1,32,20834,150,100000000,100003200,67736,254529503,254603140,2301.156,2116.750,2.545213583,254531804.156,2.545236594,10003896614252283572,333344,333344,10003896614252283572
20,8,hash,all,2,1,32,20834,150,100000000,100003200,16251,254638798,254660079,665.031,507.844,2.546306498,254639463.031,2.546313148,10003896614252283572,333344,333344,10003896614252283572
20,8,hash,all,3,1,32,20834,150,100000000,100003200,15889,269128025,269148232,631.469,496.531,2.691194132,269128656.469,2.691200446,10003896614252283572,333344,333344,10003896614252283572
20,8,hash,all,4,1,32,20834,150,100000000,100003200,15840,258304903,258325652,648.406,495.000,2.582966375,258305551.406,2.582972859,10003896614252283572,333344,333344,10003896614252283572
20,8,aho_corasick,all,0,1,32,20834,150,100000000,100003200,2044593,216052518,218138357,65182.469,63893.531,2.160456045,216117700.469,2.161107849,10003896614252283572,333344,333344,10003896614252283572
20,8,aho_corasick,all,1,1,32,20834,150,100000000,100003200,1693409,216555263,218301892,54582.156,52919.031,2.165483335,216609845.156,2.166029139,10003896614252283572,333344,333344,10003896614252283572
20,8,aho_corasick,all,2,1,32,20834,150,100000000,100003200,1683150,210411558,212133040,53796.312,52598.438,2.104048250,210465354.312,2.104586196,10003896614252283572,333344,333344,10003896614252283572
20,8,aho_corasick,all,3,1,32,20834,150,100000000,100003200,1393670,210955735,212395681,44998.312,43552.188,2.109489846,211000733.312,2.109939815,10003896614252283572,333344,333344,10003896614252283572
20,8,aho_corasick,all,4,1,32,20834,150,100000000,100003200,1370096,213992294,215388629,43635.469,42815.500,2.139854465,214035929.469,2.140290805,10003896614252283572,333344,333344,10003896614252283572
20,8,bndmq,all,0,1,32,20834,150,100000000,100003200,141614,156871589,157037037,5170.250,4425.438,1.568665693,156876759.250,1.568717394,10003896614252283572,333344,333344,10003896614252283572
20,8,bndmq,all,1,1,32,20834,150,100000000,100003200,123761,154644704,154800865,4880.031,3867.531,1.546397555,154649584.031,1.546446354,10003896614252283572,333344,333344,10003896614252283572
20,8,bndmq,all,2,1,32,20834,150,100000000,100003200,106669,162164403,162315565,4723.812,3333.406,1.621592139,162169126.812,1.621639376,10003896614252283572,333344,333344,10003896614252283572
20,8,bndmq,all,3,1,32,20834,150,100000000,100003200,110937,160265131,160412346,4600.469,3466.781,1.602600027,160269731.469,1.602646030,10003896614252283572,333344,333344,10003896614252283572
20,8,bndmq,all,4,1,32,20834,150,100000000,100003200,122238,159019868,159179335,4983.344,3819.938,1.590147795,159024851.344,1.590197627,10003896614252283572,333344,333344,10003896614252283572
20,16,bndmq,all,0,1,16,41668,150,100000000,100003200,272579,285517004,285823476,19154.500,17036.188,2.855078677,285536158.500,2.855270216,14855287300256032111,333344,333344,14855287300256032111
20,16,bndmq,all,1,1,16,41668,150,100000000,100003200,102942,293086801,293232593,9112.000,6433.875,2.930774225,293095913.000,2.930865342,14855287300256032111,333344,333344,14855287300256032111
20,16,bndmq,all,2,1,16,41668,150,100000000,100003200,121316,295291356,295448820,9841.500,7582.250,2.952819070,295301197.500,2.952917482,14855287300256032111,333344,333344,14855287300256032111
20,16,bndmq,all,3,1,16,41668,150,100000000,100003200,93063,289556915,289690354,8339.938,5816.438,2.895476495,289565254.938,2.895559891,14855287300256032111,333344,333344,14855287300256032111
20,16,bndmq,all,4,1,16,41668,150,100000000,100003200,90649,286431384,286551800,7526.000,5665.562,2.864222185,286438910.000,2.864297442,14855287300256032111,333344,333344,14855287300256032111
20,16,hash,all,0,1,16,41668,150,100000000,100003200,20538,238171329,238195855,1532.875,1283.625,2.381637078,238172861.875,2.381652406,14855287300256032111,333344,333344,14855287300256032111
20,16,hash,all,1,1,16,41668,150,100000000,100003200,20849,238273562,238298679,1569.812,1303.062,2.382659375,238275131.812,2.382675073,14855287300256032111,333344,333344,14855287300256032111
20,16,hash,all,2,1,16,41668,150,100000000,100003200,12313,239081479,239098451,1060.750,769.562,2.390738286,239082539.750,2.390748894,14855287300256032111,333344,333344,14855287300256032111
20,16,hash,all,3,1,16,41668,150,100000000,100003200,21831,238458136,238485007,1679.438,1364.438,2.384505056,238459815.438,2.384521850,14855287300256032111,333344,333344,14855287300256032111
20,16,hash,all,4,1,16,41668,150,100000000,100003200,13305,239146214,239163797,1098.938,831.562,2.391385616,239147312.938,2.391396605,14855287300256032111,333344,333344,14855287300256032111
20,16,aho_corasick,all,0,1,16,41668,150,100000000,100003200,1550342,210686858,212267526,98791.750,96896.375,2.106801162,210785649.750,2.107789048,14855287300256032111,333344,333344,14855287300256032111
20,16,aho_corasick,all,1,1,16,41668,150,100000000,100003200,1374314,219883252,221295176,88245.250,85894.625,2.198762160,219971497.250,2.199644584,14855287300256032111,333344,333344,14855287300256032111
20,16,aho_corasick,all,2,1,16,41668,150,100000000,100003200,1237359,224667920,225937189,79329.312,77334.938,2.246607309,224747249.312,2.247400576,14855287300256032111,333344,333344,14855287300256032111
20,16,aho_corasick,all,3,1,16,41668,150,100000000,100003200,1384864,215741314,217164910,88974.750,86554.000,2.157344105,215830288.750,2.158233824,14855287300256032111,333344,333344,14855287300256032111
20,16,aho_corasick,all,4,1,16,41668,150,100000000,100003200,1241947,201457560,202735273,79857.062,77621.688,2.014511136,201537417.062,2.015309681,14855287300256032111,333344,333344,14855287300256032111
20,32,aho_corasick,all,0,1,8,83334,150,100000000,100000800,2346147,204769335,207146540,297150.625,293268.375,2.047676969,205066485.625,2.050648451,3306728534943059163,333336,333336,3306728534943059163
20,32,aho_corasick,all,1,1,8,83334,150,100000000,100000800,1556183,207606622,209188423,197725.125,194522.875,2.076049612,207804347.125,2.078026847,3306728534943059163,333336,333336,3306728534943059163
20,32,aho_corasick,all,2,1,8,83334,150,100000000,100000800,1279888,219325556,220617987,161553.875,159986.000,2.193238014,219487109.875,2.194853540,3306728534943059163,333336,333336,3306728534943059163
20,32,aho_corasick,all,3,1,8,83334,150,100000000,100000800,1246886,213965262,215226394,157641.500,155860.750,2.139635503,214122903.500,2.141211905,3306728534943059163,333336,333336,3306728534943059163
20,32,aho_corasick,all,4,1,8,83334,150,100000000,100000800,1346943,208245340,209607582,170280.250,168367.875,2.082436741,208415620.250,2.084139529,3306728534943059163,333336,333336,3306728534943059163
20,32,hash,all,0,1,8,83334,150,100000000,100000800,24515,237811810,237839562,3469.000,3064.375,2.378099075,237815279.000,2.378133765,3306728534943059163,333336,333336,3306728534943059163
20,32,hash,all,1,1,8,83334,150,100000000,100000800,17092,239826117,239847366,2656.125,2136.500,2.398241984,239828773.125,2.398268545,3306728534943059163,333336,333336,3306728534943059163
20,32,hash,all,2,1,8,83334,150,100000000,100000800,11442,237879322,237894311,1873.625,1430.250,2.378774190,237881195.625,2.378792926,3306728534943059163,333336,333336,3306728534943059163
20,32,hash,all,3,1,8,83334,150,100000000,100000800,11191,244909400,244925049,1956.125,1398.875,2.449074407,244911356.125,2.449093968,3306728534943059163,333336,333336,3306728534943059163
20,32,hash,all,4,1,8,83334,150,100000000,100000800,21591,246564008,246589076,3133.500,2698.875,2.465620355,246567141.500,2.465651690,3306728534943059163,333336,333336,3306728534943059163
20,32,bndmq,all,0,1,8,83334,150,100000000,100000800,380080,557720945,558129639,51086.750,47510.000,5.577164833,557772031.750,5.577675696,3306728534943059163,333336,333336,3306728534943059163
20,32,bndmq,all,1,1,8,83334,150,100000000,100000800,238625,567071130,567337206,33259.500,29828.125,5.670665935,567104389.500,5.670998527,3306728534943059163,333336,333336,3306728534943059163
20,32,bndmq,all,2,1,8,83334,150,100000000,100000800,68418,562367601,562459853,11531.500,8552.250,5.623631021,562379132.500,5.623746335,3306728534943059163,333336,333336,3306728534943059163
20,32,bndmq,all,3,1,8,83334,150,100000000,100000800,67807,556020822,556114768,11743.250,8475.875,5.560163739,556032565.250,5.560281170,3306728534943059163,333336,333336,3306728534943059163
20,32,bndmq,all,4,1,8,83334,150,100000000,100000800,65793,559961715,560052244,11316.125,8224.125,5.599572353,559973031.125,5.599685514,3306728534943059163,333336,333336,3306728534943059163
20,64,aho_corasick,all,0,1,4,166668,150,100000000,100000800,1209887,229546220,230786814,310148.500,302471.750,2.295443836,229856368.500,2.298545297,14002628176555493626,333336,333336,14002628176555493626
20,64,aho_corasick,all,1,1,4,166668,150,100000000,100000800,1460635,221190478,222685787,373827.250,365158.750,2.211887085,221564305.250,2.215625327,14002628176555493626,333336,333336,14002628176555493626
20,64,aho_corasick,all,2,1,4,166668,150,100000000,100000800,1157790,216829443,218012470,295756.750,289447.500,2.168277084,217125199.750,2.171234628,14002628176555493626,333336,333336,14002628176555493626
20,64,aho_corasick,all,3,1,4,166668,150,100000000,100000800,1133245,222440018,223599963,289986.250,283311.250,2.224382385,222730004.250,2.227282224,14002628176555493626,333336,333336,14002628176555493626
20,64,aho_corasick,all,4,1,4,166668,150,100000000,100000800,1460575,218907981,220403561,373895.000,365143.750,2.189062298,219281876.000,2.192801218,14002628176555493626,333336,333336,14002628176555493626
20,64,bndmq,all,0,1,4,166668,150,100000000,100000800,152114,1126089412,1126295677,51566.250,38028.500,11.260804034,1126140978.250,11.261319692,14002628176555493626,333336,333336,14002628176555493626
20,64,bndmq,all,1,1,4,166668,150,100000000,100000800,153937,1108237467,1108427922,47613.750,38484.250,11.082286012,1108285080.750,11.082762145,14002628176555493626,333336,333336,14002628176555493626
20,64,bndmq,all,2,1,4,166668,150,100000000,100000800,311121,1106311730,1106652296,85141.500,77780.250,11.063028796,1106396871.500,11.063880204,14002628176555493626,333336,333336,14002628176555493626
20,64,bndmq,all,3,1,4,166668,150,100000000,100000800,103894,1128671446,1128810866,34855.000,25973.500,11.286624167,1128706301.000,11.286972714,14002628176555493626,333336,333336,14002628176555493626
20,64,bndmq,all,4,1,4,166668,150,100000000,100000800,106649,1132798669,1132947897,37307.000,26662.250,11.327896067,1132835976.000,11.328269134,14002628176555493626,333336,333336,14002628176555493626
20,64,hash,all,0,1,4,166668,150,100000000,100000800,24125,243147242,243174362,6780.000,6031.250,2.431452968,243154022.000,2.431520768,14002628176555493626,333336,333336,14002628176555493626
20,64,hash,all,1,1,4,166668,150,100000000,100000800,16631,244793954,244813931,4994.250,4157.750,2.447919957,244798948.250,2.447969899,14002628176555493626,333336,333336,14002628176555493626
20,64,hash,all,2,1,4,166668,150,100000000,100000800,9428,246555833,246568397,3141.000,2357.000,2.465538606,246558974.000,2.465570015,14002628176555493626,333336,333336,14002628176555493626
20,64,hash,all,3,1,4,166668,150,100000000,100000800,9858,245198449,245211303,3213.500,2464.500,2.451964874,245201662.500,2.451997009,14002628176555493626,333336,333336,14002628176555493626
20,64,hash,all,4,1,4,166668,150,100000000,100000800,9367,250650340,250663013,3168.250,2341.750,2.506483348,250653508.250,2.506515030,14002628176555493626,333336,333336,14002628176555493626
20,128,hash,all,0,1,2,333334,150,100000000,100000200,12714,258626303,258641291,7494.000,6357.000,2.586257857,258633797.000,2.586332797,8399299959530908250,333334,333334,8399299959530908250
20,128,hash,all,1,1,2,333334,150,100000000,100000200,15719,261159059,261178416,9678.500,7859.500,2.611585367,261168737.500,2.611682152,8399299959530908250,333334,333334,8399299959530908250
20,128,hash,all,2,1,2,333334,150,100000000,100000200,7314,261415642,261425871,5114.500,3657.000,2.614151192,261420756.500,2.614202337,8399299959530908250,333334,333334,8399299959530908250
20,128,hash,all,3,1,2,333334,150,100000000,100000200,8235,257066310,257077400,5545.000,4117.500,2.570657959,257071855.000,2.570713409,8399299959530908250,333334,333334,8399299959530908250
20,128,hash,all,4,1,2,333334,150,100000000,100000200,7464,252692293,252702132,4919.500,3732.000,2.526917876,252697212.500,2.526967071,8399299959530908250,333334,333334,8399299959530908250
20,128,aho_corasick,all,0,1,2,333334,150,100000000,100000200,1388721,224236362,225669115,716376.500,694360.500,2.242359135,224952738.500,2.249522886,8399299959530908250,333334,333334,8399299959530908250
20,128,aho_corasick,all,1,1,2,333334,150,100000000,100000200,1362973,226837356,228228862,695753.000,681486.500,2.268369023,227533109.000,2.275326539,8399299959530908250,333334,333334,8399299959530908250
20,128,aho_corasick,all,2,1,2,333334,150,100000000,100000200,1115541,234256838,235410520,576841.000,557770.500,2.342563695,234833679.000,2.348332093,8399299959530908250,333334,333334,8399299959530908250
20,128,aho_corasick,all,3,1,2,333334,150,100000000,100000200,1438804,225994304,227474034,739865.000,719402.000,2.259938520,226734169.000,2.267337155,8399299959530908250,333334,333334,8399299959530908250
20,128,aho_corasick,all,4,1,2,333334,150,100000000,100000200,1381046,230464383,231883780,709698.500,690523.000,2.304639221,231174081.500,2.311736192,8399299959530908250,333334,333334,8399299959530908250
20,256,aho_corasick,all,0,1,1,666668,150,100000000,100000200,1307219,257455428,258784799,1329371.000,1307219.000,2.574549131,258784799.000,2.587842814,17812069813631269441,333334,333334,17812069813631269441
20,256,aho_corasick,all,1,1,1,666668,150,100000000,100000200,1418987,248449496,249871869,1422373.000,1418987.000,2.484489991,249871869.000,2.498713693,17812069813631269441,333334,333334,17812069813631269441
20,256,aho_corasick,all,2,1,1,666668,150,100000000,100000200,1091156,260192785,261289070,1096285.000,1091156.000,2.601922646,261289070.000,2.612885474,17812069813631269441,333334,333334,17812069813631269441
20,256,aho_corasick,all,3,1,1,666668,150,100000000,100000200,1091236,260386509,261480951,1094442.000,1091236.000,2.603859882,261480951.000,2.614804280,17812069813631269441,333334,333334,17812069813631269441
20,256,aho_corasick,all,4,1,1,666668,150,100000000,100000200,1175604,261465032,262645435,1180403.000,1175604.000,2.614645091,262645435.000,2.626449097,17812069813631269441,333334,333334,17812069813631269441
20,256,hash,all,0,1,1,666668,150,100000000,100000200,13435,240979911,240995430,15519.000,13435.000,2.409794290,240995430.000,2.409949480,17812069813631269441,333334,333334,17812069813631269441
20,256,hash,all,1,1,1,666668,150,100000000,100000200,16861,239917011,239935736,18725.000,16861.000,2.399165312,239935736.000,2.399352561,17812069813631269441,333334,333334,17812069813631269441
20,256,hash,all,2,1,1,666668,150,100000000,100000200,7153,240302733,240311810,9077.000,7153.000,2.403022524,240311810.000,2.403113294,17812069813631269441,333334,333334,17812069813631269441
20,256,hash,all,3,1,1,666668,150,100000000,100000200,7104,246746477,246755605,9128.000,7104.000,2.467459835,246755605.000,2.467551115,17812069813631269441,333334,333334,17812069813631269441
20,256,hash,all,4,1,1,666668,150,100000000,100000200,7334,240071853,240081150,9297.000,7334.000,2.400713729,240081150.000,2.400806698,17812069813631269441,333334,333334,17812069813631269441
20,1000,hash,all,0,1,1,666668,150,100000000,100000200,37029,253681904,253722098,40194.000,37029.000,2.536813966,253722098.000,2.537215906,7636461469237535973,333334,333334,7636461469237535973
20,1000,hash,all,1,1,1,666668,150,100000000,100000200,36278,248221511,248260984,39473.000,36278.000,2.482210146,248260984.000,2.482604875,7636461469237535973,333334,333334,7636461469237535973
20,1000,hash,all,2,1,1,666668,150,100000000,100000200,20868,254351286,254375693,24407.000,20868.000,2.543507773,254375693.000,2.543751842,7636461469237535973,333334,333334,7636461469237535973
20,1000,hash,all,3,1,1,666668,150,100000000,100000200,21009,255234925,255259040,24115.000,21009.000,2.552344145,255259040.000,2.552585295,7636461469237535973,333334,333334,7636461469237535973
20,1000,hash,all,4,1,1,666668,150,100000000,100000200,21270,250946946,250971291,24345.000,21270.000,2.509464441,250971291.000,2.509707891,7636461469237535973,333334,333334,7636461469237535973
20,1000,aho_corasick,all,0,1,1,666668,150,100000000,100000200,5712557,418049754,423832582,5782828.000,5712557.000,4.180489179,423832582.000,4.238317343,7636461469237535973,333334,333334,7636461469237535973
20,1000,aho_corasick,all,1,1,1,666668,150,100000000,100000200,5344354,431417920,436769206,5351286.000,5344354.000,4.314170572,436769206.000,4.367683325,7636461469237535973,333334,333334,7636461469237535973
20,1000,aho_corasick,all,2,1,1,666668,150,100000000,100000200,4455212,432656014,437118309,4462295.000,4455212.000,4.326551487,437118309.000,4.371174348,7636461469237535973,333334,333334,7636461469237535973
20,1000,aho_corasick,all,3,1,1,666668,150,100000000,100000200,4484346,431033262,435527145,4493883.000,4484346.000,4.310323999,435527145.000,4.355262739,7636461469237535973,333334,333334,7636461469237535973
20,1000,aho_corasick,all,4,1,1,666668,150,100000000,100000200,4482994,428782188,433272646,4490458.000,4482994.000,4.287813304,433272646.000,4.332717795,7636461469237535973,333334,333334,7636461469237535973
20,10000,hash,all,0,1,1,666668,150,100000000,100000200,469656,290294233,290835193,540960.000,469656.000,2.902936524,290835193.000,2.908346113,6457485700526248498,333334,333334,6457485700526248498
20,10000,hash,all,1,1,1,666668,150,100000000,100000200,339153,296041329,296425306,383977.000,339153.000,2.960407369,296425306.000,2.964247132,6457485700526248498,333334,333334,6457485700526248498
20,10000,hash,all,2,1,1,666668,150,100000000,100000200,442946,299691350,300149253,457903.000,442946.000,2.996907506,300149253.000,3.001486527,6457485700526248498,333334,333334,6457485700526248498
20,10000,hash,all,3,1,1,666668,150,100000000,100000200,243475,303501823,303759675,257852.000,243475.000,3.035012160,303759675.000,3.037590675,6457485700526248498,333334,333334,6457485700526248498
20,10000,hash,all,4,1,1,666668,150,100000000,100000200,203500,294488282,294706189,217907.000,203500.000,2.944876930,294706189.000,2.947055996,6457485700526248498,333334,333334,6457485700526248498
20,10000,aho_corasick,all,0,1,1,666668,150,100000000,100000200,56982246,1003834052,1061167273,57333221.000,56982246.000,10.038320443,1061167273.000,10.611651507,6457485700526248498,333334,333334,6457485700526248498
20,10000,aho_corasick,all,1,1,1,666668,150,100000000,100000200,60761771,1145067351,1205911786,60844435.000,60761771.000,11.450650609,1205911786.000,12.059093742,6457485700526248498,333334,333334,6457485700526248498
20,10000,aho_corasick,all,2,1,1,666668,150,100000000,100000200,55286021,1122247568,1178105206,55857638.000,55286021.000,11.222453235,1178105206.000,11.781028498,6457485700526248498,333334,333334,6457485700526248498
20,10000,aho_corasick,all,3,1,1,666668,150,100000000,100000200,56830443,927528165,985085033,57556868.000,56830443.000,9.275263099,985085033.000,9.850830628,6457485700526248498,333334,333334,6457485700526248498
20,10000,aho_corasick,all,4,1,1,666668,150,100000000,100000200,56124828,931918769,988613861,56695092.000,56124828.000,9.319169052,988613861.000,9.886118838,6457485700526248498,333334,333334,6457485700526248498
20,100000,hash,all,0,1,1,666668,150,100000000,100000200,5369206,583873615,589548703,5675088.000,5369206.000,5.838724473,589548703.000,5.895475239,556590592978559441,333338,333341,556590592978559441
20,100000,hash,all,1,1,1,666668,150,100000000,100000200,3591370,594984311,598739687,3755376.000,3591370.000,5.949831210,598739687.000,5.987384895,556590592978559441,333338,333341,556590592978559441
20,100000,hash,all,2,1,1,666668,150,100000000,100000200,2385630,568269783,570781849,2512066.000,2385630.000,5.682686465,570781849.000,5.707807074,556590592978559441,333338,333341,556590592978559441
20,100000,hash,all,3,1,1,666668,150,100000000,100000200,2293980,569849441,572264407,2414966.000,2293980.000,5.698483013,572264407.000,5.722632625,556590592978559441,333338,333341,556590592978559441
20,100000,hash,all,4,1,1,666668,150,100000000,100000200,2375452,556549398,559043361,2493963.000,2375452.000,5.565482849,559043361.000,5.590422429,556590592978559441,333338,333341,556590592978559441
20,1000000,hash,all,0,1,1,666668,150,100000000,100000200,69212352,692273264,765933353,73660089.000,69212352.000,6.922718795,765933353.000,7.659318211,8431023767262634821,333383,333415,8431023767262634821
20,1000000,hash,all,1,1,1,666668,150,100000000,100000200,55145591,730200131,788431647,58231516.000,55145591.000,7.301986706,788431647.000,7.884300701,8431023767262634821,333383,333415,8431023767262634821
20,1000000,hash,all,2,1,1,666668,150,100000000,100000200,48666643,699763007,751402768,51639761.000,48666643.000,6.997616075,751402768.000,7.514012652,8431023767262634821,333383,333415,8431023767262634821
20,1000000,hash,all,3,1,1,666668,150,100000000,100000200,45536781,698688974,747112230,48423256.000,45536781.000,6.986875766,747112230.000,7.471107358,8431023767262634821,333383,333415,8431023767262634821
20,1000000,hash,all,4,1,1,666668,150,100000000,100000200,47734726,685214121,735858354,50644233.000,47734726.000,6.852127506,735858354.000,7.358568823,8431023767262634821,333383,333415,8431023767262634821
24,1,hash,first,0,1,64,10418,150,100000000,100012800,15719,133309124,133328720,306.188,245.609,1.332920626,133309430.188,1.332923688,10100110153867304471,333376,333376,10100110153867304471
24,1,hash,first,1,1,64,10418,150,100000000,100012800,17372,130454215,130475114,326.547,271.438,1.304375190,130454541.547,1.304378455,10100110153867304471,333376,333376,10100110153867304471
24,1,hash,first,2,1,64,10418,150,100000000,100012800,9548,139782839,139797616,230.891,149.188,1.397649491,139783069.891,1.397651799,10100110153867304471,333376,333376,10100110153867304471
24,1,hash,first,3,1,64,10418,150,100000000,100012800,9448,137907420,137920655,206.797,147.625,1.378897701,137907626.797,1.378899769,10100110153867304471,333376,333376,10100110153867304471
24,1,hash,first,4,1,64,10418,150,100000000,100012800,9979,134033274,134047481,221.984,155.922,1.340161199,134033495.984,1.340163419,10100110153867304471,333376,333376,10100110153867304471
24,1,bndmq,first,0,1,64,10418,150,100000000,100012800,51185,23192980,23264142,1111.906,799.766,0.231900117,23194091.906,0.231911234,10100110153867304471,333376,333376,10100110153867304471
24,1,bndmq,first,1,1,64,10418,150,100000000,100012800,24807,24226878,24264799,592.516,387.609,0.242237774,24227470.516,0.242243698,10100110153867304471,333376,333376,10100110153867304471
24,1,bndmq,first,2,1,64,10418,150,100000000,100012800,18875,26075944,26130275,848.922,294.922,0.260726067,26076792.922,0.260734555,10100110153867304471,333376,333376,10100110153867304471
24,1,bndmq,first,3,1,64,10418,150,100000000,100012800,36779,26402067,26465636,993.266,574.672,0.263986880,26403060.266,0.263996811,10100110153867304471,333376,333376,10100110153867304471
24,1,bndmq,first,4,1,64,10418,150,100000000,100012800,33833,24432492,24490330,903.719,528.641,0.244293650,24433395.719,0.244302686,10100110153867304471,333376,333376,10100110153867304471
24,1,aho_corasick,first,0,1,64,10418,150,100000000,100012800,884089,29874554,30787819,14269.766,13813.891,0.298707305,29888823.766,0.298849985,10100110153867304471,333376,333376,10100110153867304471
24,1,aho_corasick,first,1,1,64,10418,150,100000000,100012800,951335,30608009,31591383,15365.219,14864.609,0.306040917,30623374.219,0.306194549,10100110153867304471,333376,333376,10100110153867304471
24,1,aho_corasick,first,2,1,64,10418,150,100000000,100012800,828686,29300153,30152734,13321.578,12948.219,0.292964031,29313474.578,0.293097229,10100110153867304471,333376,333376,10100110153867304471
24,1,aho_corasick,first,3,1,64,10418,150,100000000,100012800,807967,28785213,29617866,13010.203,12624.484,0.287815290,28798223.203,0.287945375,10100110153867304471,333376,333376,10100110153867304471
24,1,aho_corasick,first,4,1,64,10418,150,100000000,100012800,808729,29005984,29837977,12999.891,12636.391,0.290022717,29018983.891,0.290152699,10100110153867304471,333376,333376,10100110153867304471
24,2,aho_corasick,first,0,1,64,10418,150,100000000,100012800,1304343,420127638,421475291,21057.078,20380.359,4.200738685,420148695.078,4.200949229,10100110153867304471,333376,333376,10100110153867304471
24,2,aho_corasick,first,1,1,64,10418,150,100000000,100012800,1477580,428149826,429661259,23616.141,23087.188,4.280950298,428173442.141,4.281186430,10100110153867304471,333376,333376,10100110153867304471
24,2,aho_corasick,first,2,1,64,10418,150,100000000,100012800,1163981,416670640,417866932,18692.062,18187.203,4.166173130,416689332.062,4.166360027,10100110153867304471,333376,333376,10100110153867304471
24,2,aho_corasick,first,3,1,64,10418,150,100000000,100012800,1403839,420231904,421673754,22528.906,21934.984,4.201781212,420254432.906,4.202006472,10100110153867304471,333376,333376,10100110153867304471
24,2,aho_corasick,first,4,1,64,10418,150,100000000,100012800,1155276,417980674,419166778,18532.875,18051.188,4.179271793,417999206.875,4.179457098,10100110153867304471,333376,333376,10100110153867304471
24,2,hash,first,0,1,64,10418,150,100000000,100012800,23874,137781335,137808535,425.000,373.031,1.377637012,137781760.000,1.377641262,10100110153867304471,333376,333376,10100110153867304471
24,2,hash,first,1,1,64,10418,150,100000000,100012800,29936,143358470,143392664,534.281,467.750,1.433401225,143359004.281,1.433406567,10100110153867304471,333376,333376,10100110153867304471
24,2,hash,first,2,1,64,10418,150,100000000,100012800,17653,137111492,137133763,347.984,275.828,1.370939440,137111839.984,1.370942919,10100110153867304471,333376,333376,10100110153867304471
24,2,hash,first,3,1,64,10418,150,100000000,100012800,20869,137409555,137434993,397.469,326.078,1.373919688,137409952.469,1.373923662,10100110153867304471,333376,333376,10100110153867304471
24,2,hash,first,4,1,64,10418,150,100000000,100012800,17242,137591009,137612560,336.734,269.406,1.375733996,137591345.734,1.375737363,10100110153867304471,333376,333376,10100110153867304471
24,2,bndmq,first,0,1,64,10418,150,100000000,100012800,93514,35734007,35870350,2130.359,1461.156,0.357294336,35736137.359,0.357315637,10100110153867304471,333376,333376,10100110153867304471
24,2,bndmq,first,1,1,64,10418,150,100000000,100012800,55634,35913989,35995912,1280.047,869.281,0.359093926,35915269.047,0.359106725,10100110153867304471,333376,333376,10100110153867304471
24,2,bndmq,first,2,1,64,10418,150,100000000,100012800,53761,35556324,35636314,1249.844,840.016,0.355517734,35557573.844,0.355530231,10100110153867304471,333376,333376,10100110153867304471
24,2,bndmq,first,3,1,64,10418,150,100000000,100012800,52187,35840616,35919783,1236.984,815.422,0.358360290,35841852.984,0.358372658,10100110153867304471,333376,333376,10100110153867304471
24,2,bndmq,first,4,1,64,10418,150,100000000,100012800,58239,36306985,36381404,1162.797,909.984,0.363023383,36308147.797,0.363035009,10100110153867304471,333376,333376,10100110153867304471
24,4,aho_corasick,first,0,1,64,10418,150,100000000,100012800,1946941,161805684,163781188,30867.250,30420.953,1.617849755,161836551.250,1.618158388,10100110153867304471,333376,333376,10100110153867304471
24,4,aho_corasick,first,1,1,64,10418,150,100000000,100012800,1948355,162538122,164528916,31106.156,30443.047,1.625173198,162569228.156,1.625484220,10100110153867304471,333376,333376,10100110153867304471
24,4,aho_corasick,first,2,1,64,10418,150,100000000,100012800,2037761,163640699,165725618,32576.859,31840.016,1.636197557,163673275.859,1.636523284,10100110153867304471,333376,333376,10100110153867304471
24,4,aho_corasick,first,3,1,64,10418,150,100000000,100012800,2173886,161017844,163224952,34486.062,33966.969,1.609972364,161052330.062,1.610317180,10100110153867304471,333376,333376,10100110153867304471
24,4,aho_corasick,first,4,1,64,10418,150,100000000,100012800,1803324,163387544,165227496,28749.250,28176.938,1.633666331,163416293.250,1.633953786,10100110153867304471,333376,333376,10100110153867304471
24,4,hash,first,0,1,64,10418,150,100000000,100012800,37550,148683404,148724972,649.500,586.719,1.486643750,148684053.500,1.486650244,10100110153867304471,333376,333376,10100110153867304471
24,4,hash,first,1,1,64,10418,150,100000000,100012800,30086,151368003,151402887,545.062,470.094,1.513486304,151368548.062,1.513491754,10100110153867304471,333376,333376,10100110153867304471
24,4,hash,first,2,1,64,10418,150,100000000,100012800,23083,148279270,148306972,432.844,360.672,1.482602927,148279702.844,1.482607255,10100110153867304471,333376,333376,10100110153867304471
24,4,hash,first,3,1,64,10418,150,100000000,100012800,20128,149465949,149491828,404.359,314.500,1.494468198,149466353.359,1.494472241,10100110153867304471,333376,333376,10100110153867304471
24,4,hash,first,4,1,64,10418,150,100000000,100012800,22252,154348142,154375503,427.516,347.688,1.543283880,154348569.516,1.543288154,10100110153867304471,333376,333376,10100110153867304471
24,4,bndmq,first,0,1,64,10418,150,100000000,100012800,168795,58072682,58281131,3257.016,2637.422,0.580652496,58075939.016,0.580685062,10100110153867304471,333376,333376,10100110153867304471
24,4,bndmq,first,1,1,64,10418,150,100000000,100012800,141834,56957241,57137967,2823.844,2216.156,0.569499514,56960064.844,0.569527749,10100110153867304471,333376,333376,10100110153867304471
24,4,bndmq,first,2,1,64,10418,150,100000000,100012800,124483,54730036,54883893,2404.016,1945.047,0.547230315,54732440.016,0.547254352,10100110153867304471,333376,333376,10100110153867304471
24,4,bndmq,first,3,1,64,10418,150,100000000,100012800,139159,56837784,57013812,2750.438,2174.359,0.568305097,56840534.438,0.568332598,10100110153867304471,333376,333376,10100110153867304471
24,4,bndmq,first,4,1,64,10418,150,100000000,100012800,119212,58738164,58897120,2483.688,1862.688,0.587306465,58740647.688,0.587331298,10100110153867304471,333376,333376,10100110153867304471
24,8,bndmq,first,0,1,32,20834,150,100000000,100003200,166240,96438654,96640151,6296.781,5195.000,0.964355681,96444950.781,0.964418646,10007957261559824023,333344,333344,10007957261559824023
24,8,bndmq,first,1,1,32,20834,150,100000000,100003200,121747,95335798,95485457,4676.844,3804.594,0.953327474,95340474.844,0.953374240,10007957261559824023,333344,333344,10007957261559824023
24,8,bndmq,first,2,1,32,20834,150,100000000,100003200,100437,97696091,97833266,4286.719,3138.656,0.976929648,97700377.719,0.976972514,10007957261559824023,333344,333344,10007957261559824023
24,8,bndmq,first,3,1,32,20834,150,100000000,100003200,106188,96265265,96408623,4479.938,3318.375,0.962621846,96269744.938,0.962666644,10007957261559824023,333344,333344,10007957261559824023
24,8,bndmq,first,4,1,32,20834,150,100000000,100003200,114875,97586706,97740033,4791.469,3589.844,0.975835833,97591497.469,0.975883746,10007957261559824023,333344,333344,10007957261559824023
24,8,aho_corasick,first,0,1,32,20834,150,100000000,100003200,1747490,163423499,165193020,55297.531,54609.062,1.634182696,163478796.531,1.634735654,10007957261559824023,333344,333344,10007957261559824023
24,8,aho_corasick,first,1,1,32,20834,150,100000000,100003200,1951772,159849085,161826845,61805.000,60992.875,1.598439700,159910890.000,1.599057730,10007957261559824023,333344,333344,10007957261559824023
24,8,aho_corasick,first,2,1,32,20834,150,100000000,100003200,1573546,155769163,157370171,50031.500,49173.312,1.557641785,155819194.500,1.558142084,10007957261559824023,333344,333344,10007957261559824023
24,8,aho_corasick,first,3,1,32,20834,150,100000000,100003200,1604514,155979315,157613555,51070.000,50141.062,1.559743238,156030385.000,1.560253922,10007957261559824023,333344,333344,10007957261559824023
24,8,aho_corasick,first,4,1,32,20834,150,100000000,100003200,1651601,158047781,159731551,52617.812,51612.531,1.580427236,158100398.812,1.580953398,10007957261559824023,333344,333344,10007957261559824023
24,8,hash,first,0,1,32,20834,150,100000000,100003200,32701,168773825,168811906,1190.031,1021.906,1.687684244,168775015.031,1.687696144,10007957261559824023,333344,333344,10007957261559824023
24,8,hash,first,1,1,32,20834,150,100000000,100003200,27451,172795209,172828521,1041.000,857.844,1.727896797,172796250.000,1.727907207,10007957261559824023,333344,333344,10007957261559824023
24,8,hash,first,2,1,32,20834,150,100000000,100003200,21841,176907626,176934376,835.938,682.531,1.769019651,176908461.938,1.769028010,10007957261559824023,333344,333344,10007957261559824023
24,8,hash,first,3,1,32,20834,150,100000000,100003200,24776,171258770,171288845,939.844,774.250,1.712532899,171259709.844,1.712542297,10007957261559824023,333344,333344,10007957261559824023
24,8,hash,first,4,1,32,20834,150,100000000,100003200,19006,176809855,176841885,1000.938,593.938,1.768041973,176810855.938,1.768051982,10007957261559824023,333344,333344,10007957261559824023
24,16,bndmq,first,0,1,16,41668,150,100000000,100003200,146012,176047526,176236478,11809.500,9125.750,1.760418927,176059335.500,1.760537018,8485451749250642310,333344,333344,8485451749250642310
24,16,bndmq,first,1,1,16,41668,150,100000000,100003200,107160,177763758,177906133,8898.438,6697.500,1.777580697,177772656.438,1.777669679,8485451749250642310,333344,333344,8485451749250642310
24,16,bndmq,first,2,1,16,41668,150,100000000,100003200,94697,181236662,181365623,8060.062,5918.562,1.812308626,181244722.062,1.812389224,8485451749250642310,333344,333344,8485451749250642310
24,16,bndmq,first,3,1,16,41668,150,100000000,100003200,92192,180055693,180182791,7943.625,5762.000,1.800499314,180063636.625,1.800578748,8485451749250642310,333344,333344,8485451749250642310
24,16,bndmq,first,4,1,16,41668,150,100000000,100003200,94777,184752140,184881842,8106.375,5923.562,1.847462281,184760246.375,1.847543342,8485451749250642310,333344,333344,8485451749250642310
24,16,hash,first,0,1,16,41668,150,100000000,100003200,24626,171062926,171091359,1777.062,1539.125,1.710574522,171064703.062,1.710592292,8485451749250642310,333344,333344,8485451749250642310
24,16,hash,first,1,1,16,41668,150,100000000,100003200,21390,170506948,170532656,1606.750,1336.875,1.705014920,170508554.750,1.705030987,8485451749250642310,333344,333344,8485451749250642310
24,16,hash,first,2,1,16,41668,150,100000000,100003200,12824,172619607,172636729,1070.125,801.500,1.726140833,172620677.125,1.726151534,8485451749250642310,333344,333344,8485451749250642310
24,16,hash,first,3,1,16,41668,150,100000000,100003200,12594,170481992,170499074,1067.625,787.125,1.704765368,170483059.625,1.704776043,8485451749250642310,333344,333344,8485451749250642310
24,16,hash,first,4,1,16,41668,150,100000000,100003200,13796,174249908,174268202,1143.375,862.250,1.742443322,174251051.375,1.742454755,8485451749250642310,333344,333344,8485451749250642310
24,16,aho_corasick,first,0,1,16,41668,150,100000000,100003200,1663583,166214301,168083226,116807.812,103973.938,1.662089823,166331108.812,1.663257864,8485451749250642310,333344,333344,8485451749250642310
24,16,aho_corasick,first,1,1,16,41668,150,100000000,100003200,1855362,169068545,170963160,118413.438,115960.125,1.690631350,169186958.438,1.691815446,8485451749250642310,333344,333344,8485451749250642310
24,16,aho_corasick,first,2,1,16,41668,150,100000000,100003200,2076264,162784417,164897059,132040.125,129766.500,1.627792081,162916457.125,1.629112440,8485451749250642310,333344,333344,8485451749250642310
24,16,aho_corasick,first,3,1,16,41668,150,100000000,100003200,1522951,164190735,165750865,97508.125,95184.438,1.641854811,164288243.125,1.642829861,8485451749250642310,333344,333344,8485451749250642310
24,16,aho_corasick,first,4,1,16,41668,150,100000000,100003200,1458501,163601712,165116518,94675.375,91156.312,1.635964769,163696387.375,1.636911493,8485451749250642310,333344,333344,8485451749250642310
24,32,aho_corasick,first,0,1,8,83334,150,100000000,100000800,1507122,164577201,166107085,191235.500,188390.250,1.645758844,164768436.500,1.647671184,14545882975625201301,333336,333336,14545882975625201301
24,32,aho_corasick,first,1,1,8,83334,150,100000000,100000800,1837298,170912675,172772976,232537.625,229662.250,1.709113077,171145212.625,1.711438435,14545882975625201301,333336,333336,14545882975625201301
24,32,aho_corasick,first,2,1,8,83334,150,100000000,100000800,1431059,169551947,171012913,182620.750,178882.375,1.695505906,169734567.750,1.697332099,14545882975625201301,333336,333336,14545882975625201301
24,32,aho_corasick,first,3,1,8,83334,150,100000000,100000800,1390905,166386998,167791899,175612.625,173863.125,1.663856669,166562610.625,1.665612781,14545882975625201301,333336,333336,14545882975625201301
24,32,aho_corasick,first,4,1,8,83334,150,100000000,100000800,1472678,161017545,162520629,187885.500,184084.750,1.610162569,161205430.500,1.612041409,14545882975625201301,333336,333336,14545882975625201301
24,32,bndmq,first,0,1,8,83334,150,100000000,100000800,289410,335196520,335518621,40262.625,36176.250,3.351938384,335236782.625,3.352341008,14545882975625201301,333336,333336,14545882975625201301
24,32,bndmq,first,1,1,8,83334,150,100000000,100000800,125094,339148686,339301090,19050.500,15636.750,3.391459728,339167736.500,3.391650232,14545882975625201301,333336,333336,14545882975625201301
24,32,bndmq,first,2,1,8,83334,150,100000000,100000800,70992,346680998,346780222,12403.000,8874.000,3.466782246,346693401.000,3.466906275,14545882975625201301,333336,333336,14545882975625201301
24,32,bndmq,first,3,1,8,83334,150,100000000,100000800,69270,335870427,335966777,12043.750,8658.750,3.358677401,335882470.750,3.358797837,14545882975625201301,333336,333336,14545882975625201301
24,32,bndmq,first,4,1,8,83334,150,100000000,100000800,71484,333749229,333846912,12210.375,8935.500,3.337465590,333761439.375,3.337587693,14545882975625201301,333336,333336,14545882975625201301
24,32,hash,first,0,1,8,83334,150,100000000,100000800,19146,170536434,170559086,2831.500,2393.250,1.705350697,170539265.500,1.705379012,14545882975625201301,333336,333336,14545882975625201301
24,32,hash,first,1,1,8,83334,150,100000000,100000800,17402,168788862,168809500,2579.750,2175.250,1.687875117,168791441.750,1.687900914,14545882975625201301,333336,333336,14545882975625201301
24,32,hash,first,2,1,8,83334,150,100000000,100000800,11963,171096245,171111795,1943.750,1495.375,1.710948762,171098188.750,1.710968200,14545882975625201301,333336,333336,14545882975625201301
24,32,hash,first,3,1,8,83334,150,100000000,100000800,11461,170224662,170239740,1884.750,1432.625,1.702233002,170226546.750,1.702251849,14545882975625201301,333336,333336,14545882975625201301
24,32,hash,first,4,1,8,83334,150,100000000,100000800,12142,170323102,170338530,1928.500,1517.750,1.703217394,170325030.500,1.703236679,14545882975625201301,333336,333336,14545882975625201301
24,64,bndmq,first,0,1,4,166668,150,100000000,100000800,173564,669905825,670132868,56760.750,43391.000,6.699004658,669962585.750,6.699572261,7920970377318854716,333336,333336,7920970377318854716
24,64,bndmq,first,1,1,4,166668,150,100000000,100000800,394145,673575312,674009671,108589.750,98536.250,6.735699234,673683901.750,6.736785123,7920970377318854716,333336,333336,7920970377318854716
24,64,bndmq,first,2,1,4,166668,150,100000000,100000800,111057,664313367,664459269,36475.500,27764.250,6.643080525,664349842.500,6.643445277,7920970377318854716,333336,333336,7920970377318854716
24,64,bndmq,first,3,1,4,166668,150,100000000,100000800,107120,665812990,665958822,36458.000,26780.000,6.658076635,665849448.000,6.658441212,7920970377318854716,333336,333336,7920970377318854716
24,64,bndmq,first,4,1,4,166668,150,100000000,100000800,110015,663715156,663862630,36868.500,27503.750,6.637098463,663752024.500,6.637467145,7920970377318854716,333336,333336,7920970377318854716
24,64,aho_corasick,first,0,1,4,166668,150,100000000,100000800,1515558,174917006,176479381,390593.750,378889.500,1.749156067,175307599.750,1.753061973,7920970377318854716,333336,333336,7920970377318854716
24,64,aho_corasick,first,1,1,4,166668,150,100000000,100000800,1442681,172621374,174105031,370914.250,360670.250,1.726199930,172992288.250,1.729909043,7920970377318854716,333336,333336,7920970377318854716
24,64,aho_corasick,first,2,1,4,166668,150,100000000,100000800,1419389,175881932,177341726,364948.500,354847.250,1.758805250,176246880.500,1.762454705,7920970377318854716,333336,333336,7920970377318854716
24,64,aho_corasick,first,3,1,4,166668,150,100000000,100000800,1878054,179834611,181757699,480772.000,469513.500,1.798331723,180315383.000,1.803139405,7920970377318854716,333336,333336,7920970377318854716
24,64,aho_corasick,first,4,1,4,166668,150,100000000,100000800,1432763,169673028,171149673,369161.250,358190.750,1.696716706,170042189.250,1.700408289,7920970377318854716,333336,333336,7920970377318854716
24,64,hash,first,0,1,4,166668,150,100000000,100000800,15769,182317303,182335957,4663.500,3942.250,1.823158445,182321966.500,1.823205079,7920970377318854716,333336,333336,7920970377318854716
24,64,hash,first,1,1,4,166668,150,100000000,100000800,17432,183458798,183480197,5349.750,4358.000,1.834573303,183464147.750,1.834626800,7920970377318854716,333336,333336,7920970377318854716
24,64,hash,first,2,1,4,166668,150,100000000,100000800,10530,190077869,190091485,3404.000,2632.500,1.900763484,190081273.000,1.900797524,7920970377318854716,333336,333336,7920970377318854716
24,64,hash,first,3,1,4,166668,150,100000000,100000800,9898,184571806,184585531,3431.250,2474.500,1.845703294,184575237.250,1.845737607,7920970377318854716,333336,333336,7920970377318854716
24,64,hash,first,4,1,4,166668,150,100000000,100000800,9808,188384056,188397352,3324.000,2452.000,1.883825489,188387380.000,1.883858729,7920970377318854716,333336,333336,7920970377318854716
24,128,hash,first,0,1,2,333334,150,100000000,100000200,13685,173146253,173162503,8125.000,6842.500,1.731459067,173154378.000,1.731540317,17355991267112343030,333334,333334,17355991267112343030
24,128,hash,first,1,1,2,333334,150,100000000,100000200,12072,170510103,170525371,7634.000,6036.000,1.705097620,170517737.000,1.705173960,17355991267112343030,333334,333334,17355991267112343030
24,128,hash,first,2,1,2,333334,150,100000000,100000200,9237,179274503,179286806,6151.500,4618.500,1.792741445,179280654.500,1.792802959,17355991267112343030,333334,333334,17355991267112343030
24,128,hash,first,3,1,2,333334,150,100000000,100000200,9658,184062504,184074156,5826.000,4829.000,1.840621359,184068330.000,1.840679619,17355991267112343030,333334,333334,17355991267112343030
24,128,hash,first,4,1,2,333334,150,100000000,100000200,8566,177119716,177131087,5685.500,4283.000,1.771193618,177125401.500,1.771250472,17355991267112343030,333334,333334,17355991267112343030
24,128,aho_corasick,first,0,1,2,333334,150,100000000,100000200,1553177,178224884,179832111,803613.500,776588.500,1.782245276,179028497.500,1.790281394,17355991267112343030,333334,333334,17355991267112343030
24,128,aho_corasick,first,1,1,2,333334,150,100000000,100000200,1867188,174933086,176839499,953206.500,933594.000,1.749327361,175886292.500,1.758859407,17355991267112343030,333334,333334,17355991267112343030
24,128,aho_corasick,first,2,1,2,333334,150,100000000,100000200,1446599,179991417,181480665,744624.000,723299.500,1.799910570,180736041.000,1.807356795,17355991267112343030,333334,333334,17355991267112343030
24,128,aho_corasick,first,3,1,2,333334,150,100000000,100000200,1514645,180546200,182114566,784183.000,757322.500,1.805458389,181330383.000,1.813300203,17355991267112343030,333334,333334,17355991267112343030
24,128,aho_corasick,first,4,1,2,333334,150,100000000,100000200,1674905,179306060,181024386,859163.000,837452.500,1.793057014,180165223.000,1.801648627,17355991267112343030,333334,333334,17355991267112343030
24,128,bndmq,first,0,1,2,333334,150,100000000,100000200,111868,1352734516,1352871902,68693.000,55934.000,13.527318105,1352803209.000,13.528005034,17355991267112343030,333334,333334,17355991267112343030
24,128,bndmq,first,1,1,2,333334,150,100000000,100000200,159357,1349660843,1349854444,96800.500,79678.500,13.496581437,1349757643.500,13.497549440,17355991267112343030,333334,333334,17355991267112343030
24,128,bndmq,first,2,1,2,333334,150,100000000,100000200,99545,1356385411,1356522185,68387.000,49772.500,13.563826982,1356453798.000,13.564510851,17355991267112343030,333334,333334,17355991267112343030
24,128,bndmq,first,3,1,2,333334,150,100000000,100000200,153987,1346160372,1346349014,94321.000,76993.500,13.461576797,1346254693.000,13.462520005,17355991267112343030,333334,333334,17355991267112343030
24,128,bndmq,first,4,1,2,333334,150,100000000,100000200,102461,1380468581,1380598794,65106.500,51230.500,13.804658201,1380533687.500,13.805309264,17355991267112343030,333334,333334,17355991267112343030
24,256,aho_corasick,first,0,1,1,666668,150,100000000,100000200,2179526,226055006,228257606,2202600.000,2179526.000,2.260545539,228257606.000,2.282571495,10878890858135063043,333334,333334,10878890858135063043
24,256,aho_corasick,first,1,1,1,666668,150,100000000,100000200,1727583,232497139,234228318,1731179.000,1727583.000,2.324966740,234228318.000,2.342278495,10878890858135063043,333334,333334,10878890858135063043
24,256,aho_corasick,first,2,1,1,666668,150,100000000,100000200,1853749,227905368,229763816,1858448.000,1853749.000,2.279049122,229763816.000,2.297633565,10878890858135063043,333334,333334,10878890858135063043
24,256,aho_corasick,first,3,1,1,666668,150,100000000,100000200,2119243,233712172,235834933,2122761.000,2119243.000,2.337117046,235834933.000,2.358344613,10878890858135063043,333334,333334,10878890858135063043
24,256,aho_corasick,first,4,1,1,666668,150,100000000,100000200,1542148,234311299,235857174,1545875.000,1542148.000,2.343108304,235857174.000,2.358567023,10878890858135063043,333334,333334,10878890858135063043
24,256,hash,first,0,1,1,666668,150,100000000,100000200,12493,184016842,184031199,14357.000,12493.000,1.840164740,184031199.000,1.840308309,10878890858135063043,333334,333334,10878890858135063043
24,256,hash,first,1,1,1,666668,150,100000000,100000200,13014,183815686,183830573,14887.000,13014.000,1.838153184,183830573.000,1.838302053,10878890858135063043,333334,333334,10878890858135063043
24,256,hash,first,2,1,1,666668,150,100000000,100000200,7694,184872908,184882646,9738.000,7694.000,1.848725383,184882646.000,1.848822762,10878890858135063043,333334,333334,10878890858135063043
24,256,hash,first,3,1,1,666668,150,100000000,100000200,8195,181198984,181209294,10310.000,8195.000,1.811986216,181209294.000,1.812089316,10878890858135063043,333334,333334,10878890858135063043
24,256,hash,first,4,1,1,666668,150,100000000,100000200,17633,187276229,187295936,19707.000,17633.000,1.872758544,187295936.000,1.872955614,10878890858135063043,333334,333334,10878890858135063043
24,1000,aho_corasick,first,0,1,1,666668,150,100000000,100000200,6580497,340505955,347165950,6659995.000,6580497.000,3.405052740,347165950.000,3.471652557,10878890858135063043,333334,333334,10878890858135063043
24,1000,aho_corasick,first,1,1,1,666668,150,100000000,100000200,6585376,348482216,355074465,6592249.000,6585376.000,3.484815190,355074465.000,3.550737549,10878890858135063043,333334,333334,10878890858135063043
24,1000,aho_corasick,first,2,1,1,666668,150,100000000,100000200,6333896,362616317,368957657,6341340.000,6333896.000,3.626155918,368957657.000,3.689569191,10878890858135063043,333334,333334,10878890858135063043
24,1000,aho_corasick,first,3,1,1,666668,150,100000000,100000200,6341090,349955472,356409372,6453900.000,6341090.000,3.499547721,356409372.000,3.564086592,10878890858135063043,333334,333334,10878890858135063043
24,1000,aho_corasick,first,4,1,1,666668,150,100000000,100000200,6686474,342224788,349077782,6852994.000,6686474.000,3.422241036,349077782.000,3.490770838,10878890858135063043,333334,333334,10878890858135063043
24,1000,hash,first,0,1,1,666668,150,100000000,100000200,39694,194940107,194983067,42960.000,39694.000,1.949397171,194983067.000,1.949826770,10878890858135063043,333334,333334,10878890858135063043
24,1000,hash,first,1,1,1,666668,150,100000000,100000200,39544,194268959,194311528,42569.000,39544.000,1.942685705,194311528.000,1.943111394,10878890858135063043,333334,333334,10878890858135063043
24,1000,hash,first,2,1,1,666668,150,100000000,100000200,25177,191641084,191669387,28303.000,25177.000,1.916407007,191669387.000,1.916690037,10878890858135063043,333334,333334,10878890858135063043
24,1000,hash,first,3,1,1,666668,150,100000000,100000200,23874,189568886,189595356,26470.000,23874.000,1.895685069,189595356.000,1.895949768,10878890858135063043,333334,333334,10878890858135063043
24,1000,hash,first,4,1,1,666668,150,100000000,100000200,35206,195962856,196001047,38191.000,35206.000,1.959624641,196001047.000,1.960006550,10878890858135063043,333334,333334,10878890858135063043
24,10000,hash,first,0,1,1,666668,150,100000000,100000200,406529,211038541,211515792,477251.000,406529.000,2.110381189,211515792.000,2.115153690,10878890858135063043,333334,333334,10878890858135063043
24,10000,hash,first,1,1,1,666668,150,100000000,100000200,505943,213599560,214119469,519909.000,505943.000,2.135991328,214119469.000,2.141190408,10878890858135063043,333334,333334,10878890858135063043
24,10000,hash,first,2,1,1,666668,150,100000000,100000200,229759,214258126,214501670,243544.000,229759.000,2.142576975,214501670.000,2.145012410,10878890858135063043,333334,333334,10878890858135063043
24,10000,hash,first,3,1,1,666668,150,100000000,100000200,233406,216705335,216953649,248314.000,233406.000,2.167049016,216953649.000,2.169532151,10878890858135063043,333334,333334,10878890858135063043
24,10000,hash,first,4,1,1,666668,150,100000000,100000200,332247,221479928,221826312,346384.000,332247.000,2.214794850,221826312.000,2.218258683,10878890858135063043,333334,333334,10878890858135063043
24,10000,aho_corasick,first,0,1,1,666668,150,100000000,100000200,73040094,789882879,863277925,73395046.000,73040094.000,7.898812992,863277925.000,8.632761984,10878890858135063043,333334,333334,10878890858135063043
24,10000,aho_corasick,first,1,1,1,666668,150,100000000,100000200,74383058,809470299,883933638,74463339.000,74383058.000,8.094686801,883933638.000,8.839318701,10878890858135063043,333334,333334,10878890858135063043
24,10000,aho_corasick,first,2,1,1,666668,150,100000000,100000200,69834542,762260656,832178755,69918099.000,69834542.000,7.622591315,832178755.000,8.321770906,10878890858135063043,333334,333334,10878890858135063043
24,10000,aho_corasick,first,3,1,1,666668,150,100000000,100000200,69286048,777807010,847176854,69369844.000,69286048.000,7.778054544,847176854.000,8.471751596,10878890858135063043,333334,333334,10878890858135063043
24,10000,aho_corasick,first,4,1,1,666668,150,100000000,100000200,67070243,781863067,849012980,67149913.000,67070243.000,7.818615033,849012980.000,8.490112820,10878890858135063043,333334,333334,10878890858135063043
24,100000,hash,first,0,1,1,666668,150,100000000,100000200,4171041,407167537,411685866,4518329.000,4171041.000,4.071667227,411685866.000,4.116850426,10878890858135063043,333334,333334,10878890858135063043
24,100000,hash,first,1,1,1,666668,150,100000000,100000200,4114196,419102197,423331898,4229701.000,4114196.000,4.191013588,423331898.000,4.233310513,10878890858135063043,333334,333334,10878890858135063043
24,100000,hash,first,2,1,1,666668,150,100000000,100000200,2743007,443515209,446413706,2898497.000,2743007.000,4.435143220,446413706.000,4.464128132,10878890858135063043,333334,333334,10878890858135063043
24,100000,hash,first,3,1,1,666668,150,100000000,100000200,2563863,589470379,592189171,2718792.000,2563863.000,5.894692001,592189171.000,5.921879866,10878890858135063043,333334,333334,10878890858135063043
24,100000,hash,first,4,1,1,666668,150,100000000,100000200,2755491,418077879,420949577,2871698.000,2755491.000,4.180770428,420949577.000,4.209487351,10878890858135063043,333334,333334,10878890858135063043
24,1000000,hash,first,0,1,1,666668,150,100000000,100000200,73787306,592729607,670254666,77525059.000,73787306.000,5.927284215,670254666.000,6.702533255,10878890858135063043,333334,333334,10878890858135063043
24,1000000,hash,first,1,1,1,666668,150,100000000,100000200,61204701,621151300,685924778,64773478.000,61204701.000,6.211500577,685924778.000,6.859234062,10878890858135063043,333334,333334,10878890858135063043
24,1000000,hash,first,2,1,1,666668,150,100000000,100000200,51487327,585160321,639625063,54464742.000,51487327.000,5.851591507,639625063.000,6.396237838,10878890858135063043,333334,333334,10878890858135063043
24,1000000,hash,first,3,1,1,666668,150,100000000,100000200,52985911,573330167,629431223,56101056.000,52985911.000,5.733290203,629431223.000,6.294299641,10878890858135063043,333334,333334,10878890858135063043
24,1000000,hash,first,4,1,1,666668,150,100000000,100000200,52973018,583816298,639902344,56086046.000,52973018.000,5.838151304,639902344.000,6.399010642,10878890858135063043,333334,333334,10878890858135063043
24,1,bndmq,all,0,1,64,10418,150,100000000,100012800,96887,31657152,31771801,1791.391,1513.859,0.316531004,31658943.391,0.316548916,8605267776366496616,333376,333376,8605267776366496616
24,1,bndmq,all,1,1,64,10418,150,100000000,100012800,57277,28016498,28106917,1412.797,894.953,0.280129123,28017910.797,0.280143250,8605267776366496616,333376,333376,8605267776366496616
24,1,bndmq,all,2,1,64,10418,150,100000000,100012800,28002,26647495,26698019,789.438,437.531,0.266440846,26648284.438,0.266448739,8605267776366496616,333376,333376,8605267776366496616
24,1,bndmq,all,3,1,64,10418,150,100000000,100012800,19987,26362374,26408710,724.000,312.297,0.263590000,26363098.000,0.263597240,8605267776366496616,333376,333376,8605267776366496616
24,1,bndmq,all,4,1,64,10418,150,100000000,100012800,21830,26189604,26235289,713.828,341.094,0.261862522,26190317.828,0.261869659,8605267776366496616,333376,333376,8605267776366496616
24,1,aho_corasick,all,0,1,64,10418,150,100000000,100012800,886333,58606588,59519110,14258.156,13848.953,0.585990873,58620846.156,0.586133436,8605267776366496616,333376,333376,8605267776366496616
24,1,aho_corasick,all,1,1,64,10418,150,100000000,100012800,1142055,59263229,60429369,18220.938,17844.609,0.592556443,59281449.938,0.592738629,8605267776366496616,333376,333376,8605267776366496616
24,1,aho_corasick,all,2,1,64,10418,150,100000000,100012800,828595,59230468,60082176,13307.938,12946.797,0.592228875,59243775.938,0.592361937,8605267776366496616,333376,333376,8605267776366496616
24,1,aho_corasick,all,3,1,64,10418,150,100000000,100012800,920938,59097524,60041515,14749.859,14389.656,0.590899605,59112273.859,0.591047085,8605267776366496616,333376,333376,8605267776366496616
24,1,aho_corasick,all,4,1,64,10418,150,100000000,100012800,817485,59768680,60612274,13181.156,12773.203,0.597610306,59781861.156,0.597742101,8605267776366496616,333376,333376,8605267776366496616
24,1,hash,all,0,1,64,10418,150,100000000,100012800,16030,186890905,186911583,323.094,250.469,1.868669860,186891228.094,1.868673091,8605267776366496616,333376,333376,8605267776366496616
24,1,hash,all,1,1,64,10418,150,100000000,100012800,17202,194291521,194312470,327.328,268.781,1.942666549,194291848.328,1.942669822,8605267776366496616,333376,333376,8605267776366496616
24,1,hash,all,2,1,64,10418,150,100000000,100012800,8776,192798747,192813083,224.000,137.125,1.927740719,192798971.000,1.927742959,8605267776366496616,333376,333376,8605267776366496616
24,1,hash,all,3,1,64,10418,150,100000000,100012800,10810,197499212,197514451,238.109,168.906,1.974739353,197499450.109,1.974741734,8605267776366496616,333376,333376,8605267776366496616
24,1,hash,all,4,1,64,10418,150,100000000,100012800,10048,203232865,203248874,250.141,157.000,2.032068545,203233115.141,2.032071046,8605267776366496616,333376,333376,8605267776366496616
24,2,aho_corasick,all,0,1,64,10418,150,100000000,100012800,1293543,556971777,558306977,20862.500,20211.609,5.569004937,556992639.500,5.569213536,13798126954470592998,333376,333376,13798126954470592998
24,2,aho_corasick,all,1,1,64,10418,150,100000000,100012800,1324291,564419158,565776190,21203.625,20692.047,5.643469216,564440361.625,5.643681225,13798126954470592998,333376,333376,13798126954470592998
24,2,aho_corasick,all,2,1,64,10418,150,100000000,100012800,1314071,563697963,565044214,21035.172,20532.359,5.636258189,563718998.172,5.636468514,13798126954470592998,333376,333376,13798126954470592998
24,2,aho_corasick,all,3,1,64,10418,150,100000000,100012800,1172528,580765767,581982347,19009.062,18320.750,5.806914385,580784776.062,5.807104451,13798126954470592998,333376,333376,13798126954470592998
24,2,aho_corasick,all,4,1,64,10418,150,100000000,100012800,1232499,624042702,625321708,19984.469,19257.797,6.239628348,624062686.469,6.239828167,13798126954470592998,333376,333376,13798126954470592998
24,2,bndmq,all,0,1,64,10418,150,100000000,100012800,87774,51252989,51382271,2020.031,1371.469,0.512464295,51255009.031,0.512484492,13798126954470592998,333376,333376,13798126954470592998
24,2,bndmq,all,1,1,64,10418,150,100000000,100012800,67366,50257247,50358917,1588.594,1052.594,0.502508149,50258835.594,0.502524033,13798126954470592998,333376,333376,13798126954470592998
24,2,bndmq,all,2,1,64,10418,150,100000000,100012800,58258,47293181,47395953,1605.812,910.281,0.472871282,47294786.812,0.472887339,13798126954470592998,333376,333376,13798126954470592998
24,2,bndmq,all,3,1,64,10418,150,100000000,100012800,101716,46815175,46960083,2264.188,1589.312,0.468091834,46817439.188,0.468114473,13798126954470592998,333376,333376,13798126954470592998
24,2,bndmq,all,4,1,64,10418,150,100000000,100012800,77976,47737135,47849094,1749.359,1218.375,0.477310254,47738884.359,0.477327746,13798126954470592998,333376,333376,13798126954470592998
24,2,hash,all,0,1,64,10418,150,100000000,100012800,22051,201071260,201097069,403.266,344.547,2.010455262,201071663.266,2.010459294,13798126954470592998,333376,333376,13798126954470592998
24,2,hash,all,1,1,64,10418,150,100000000,100012800,28763,198245665,198285238,618.328,449.422,1.982202928,198246283.328,1.982209111,13798126954470592998,333376,333376,13798126954470592998
24,2,hash,all,2,1,64,10418,150,100000000,100012800,18765,204167919,204193717,403.094,293.203,2.041417889,204168322.094,2.041421919,13798126954470592998,333376,333376,13798126954470592998
24,2,hash,all,3,1,64,10418,150,100000000,100012800,19787,217910670,217935587,389.328,309.172,2.178827810,217911059.328,2.178831703,13798126954470592998,333376,333376,13798126954470592998
24,2,hash,all,4,1,64,10418,150,100000000,100012800,17022,204562043,204584204,346.266,265.969,2.045358624,204562389.266,2.045362086,13798126954470592998,333376,333376,13798126954470592998
24,4,bndmq,all,0,1,64,10418,150,100000000,100012800,171760,70234660,70458537,3498.078,2683.750,0.702256711,70238158.078,0.702291687,15045750796465651819,333376,333376,15045750796465651819
24,4,bndmq,all,1,1,64,10418,150,100000000,100012800,171991,72604106,72815260,3299.281,2687.359,0.725948139,72607405.281,0.725981127,15045750796465651819,333376,333376,15045750796465651819
24,4,bndmq,all,2,1,64,10418,150,100000000,100012800,121868,70943795,71107721,2561.344,1904.188,0.709347154,70946356.344,0.709372764,15045750796465651819,333376,333376,15045750796465651819
24,4,bndmq,all,3,1,64,10418,150,100000000,100012800,126636,70730765,70890563,2496.844,1978.688,0.707217126,70733261.844,0.707242091,15045750796465651819,333376,333376,15045750796465651819
24,4,bndmq,all,4,1,64,10418,150,100000000,100012800,117459,72081366,72236785,2428.422,1835.297,0.720721408,72083794.422,0.720745689,15045750796465651819,333376,333376,15045750796465651819
24,4,aho_corasick,all,0,1,64,10418,150,100000000,100012800,1963554,209358760,211351899,31142.797,30680.531,2.093319655,209389902.797,2.093631043,15045750796465651819,333376,333376,15045750796465651819
24,4,aho_corasick,all,1,1,64,10418,150,100000000,100012800,2138301,221204978,223381380,34006.281,33410.953,2.211766674,221238984.281,2.212106693,15045750796465651819,333376,333376,15045750796465651819
24,4,aho_corasick,all,2,1,64,10418,150,100000000,100012800,1835625,213241159,215113843,29260.688,28681.641,2.132138676,213270419.688,2.132431246,15045750796465651819,333376,333376,15045750796465651819
24,4,aho_corasick,all,3,1,64,10418,150,100000000,100012800,1959255,211708085,213713616,31336.422,30613.359,2.116809898,211739421.422,2.117123222,15045750796465651819,333376,333376,15045750796465651819
24,4,aho_corasick,all,4,1,64,10418,150,100000000,100012800,2061206,206318195,208414516,32755.016,32206.344,2.062917897,206350950.016,2.063245405,15045750796465651819,333376,333376,15045750796465651819
24,4,hash,all,0,1,64,10418,150,100000000,100012800,35837,209793569,209834345,637.125,559.953,2.097667189,209794206.125,2.097673559,15045750796465651819,333376,333376,15045750796465651819
24,4,hash,all,1,1,64,10418,150,100000000,100012800,31189,210814488,210850025,555.266,487.328,2.107875072,210815043.266,2.107880624,15045750796465651819,333376,333376,15045750796465651819
24,4,hash,all,2,1,64,10418,150,100000000,100012800,37189,213957657,213999325,651.062,581.078,2.139302739,213958308.062,2.139309249,15045750796465651819,333376,333376,15045750796465651819
24,4,hash,all,3,1,64,10418,150,100000000,100012800,21480,213122792,213151165,443.328,335.625,2.130955158,213123235.328,2.130959590,15045750796465651819,333376,333376,15045750796465651819
24,4,hash,all,4,1,64,10418,150,100000000,100012800,21751,215485249,215512781,430.188,339.859,2.154576704,215485679.188,2.154581006,15045750796465651819,333376,333376,15045750796465651819
24,8,aho_corasick,all,0,1,32,20834,150,100000000,100003200,1815126,210861826,212704533,57584.594,56722.688,2.108550786,210919410.594,2.109126614,6225071055033242237,333344,333344,6225071055033242237
24,8,aho_corasick,all,1,1,32,20834,150,100000000,100003200,1817914,220949169,222800846,57864.906,56809.812,2.209420989,221007033.906,2.209999619,6225071055033242237,333344,333344,6225071055033242237
24,8,aho_corasick,all,2,1,32,20834,150,100000000,100003200,1602359,210260432,211890132,50928.125,50073.719,2.102537039,210311360.125,2.103046304,6225071055033242237,333344,333344,6225071055033242237
24,8,aho_corasick,all,3,1,32,20834,150,100000000,100003200,1901318,214777905,216711103,60412.438,59416.188,2.147710323,214838317.438,2.148314428,6225071055033242237,333344,333344,6225071055033242237
24,8,aho_corasick,all,4,1,32,20834,150,100000000,100003200,2040188,215701653,217770335,64646.312,63755.875,2.156947508,215766299.312,2.157593950,6225071055033242237,333344,333344,6225071055033242237
24,8,hash,all,0,1,32,20834,150,100000000,100003200,36218,233361868,233404598,1335.312,1131.812,2.333544007,233363203.312,2.333557359,6225071055033242237,333344,333344,6225071055033242237
24,8,hash,all,1,1,32,20834,150,100000000,100003200,23794,249166144,249194847,896.969,743.562,2.491581709,249167040.969,2.491590679,6225071055033242237,333344,333344,6225071055033242237
24,8,hash,all,2,1,32,20834,150,100000000,100003200,18184,239776566,239799478,716.000,568.250,2.397688934,239777282.000,2.397696094,6225071055033242237,333344,333344,6225071055033242237
24,8,hash,all,3,1,32,20834,150,100000000,100003200,25267,235539723,235570591,964.625,789.594,2.355321860,235540687.625,2.355331506,6225071055033242237,333344,333344,6225071055033242237
24,8,hash,all,4,1,32,20834,150,100000000,100003200,21860,235214914,235241553,832.469,683.125,2.352073874,235215746.469,2.352082198,6225071055033242237,333344,333344,6225071055033242237
24,8,bndmq,all,0,1,32,20834,150,100000000,100003200,158856,124548988,124747208,6194.375,4964.250,1.245450026,124555182.375,1.245511967,6225071055033242237,333344,333344,6225071055033242237
24,8,bndmq,all,1,1,32,20834,150,100000000,100003200,122779,123942306,124105040,5085.438,3836.844,1.239383400,123947391.438,1.239434252,6225071055033242237,333344,333344,6225071055033242237
24,8,bndmq,all,2,1,32,20834,150,100000000,100003200,171510,127910630,128113999,6355.281,5359.688,1.279065370,127916985.281,1.279128921,6225071055033242237,333344,333344,6225071055033242237
24,8,bndmq,all,3,1,32,20834,150,100000000,100003200,112329,128637967,128787435,4670.875,3510.281,1.286338507,128642637.875,1.286385214,6225071055033242237,333344,333344,6225071055033242237
24,8,bndmq,all,4,1,32,20834,150,100000000,100003200,107861,127333794,127484214,4700.625,3370.656,1.273297194,127338494.625,1.273344199,6225071055033242237,333344,333344,6225071055033242237
24,16,hash,all,0,1,16,41668,150,100000000,100003200,25708,248258459,248289047,1911.750,1606.750,2.482505150,248260370.750,2.482524267,11341044759421659505,333344,333344,11341044759421659505
24,16,hash,all,1,1,16,41668,150,100000000,100003200,24716,245603723,245633168,1840.312,1544.750,2.455958639,245605563.312,2.455977042,11341044759421659505,333344,333344,11341044759421659505
24,16,hash,all,2,1,16,41668,150,100000000,100003200,13796,247382564,247400868,1144.000,862.250,2.473746480,247383708.000,2.473757920,11341044759421659505,333344,333344,11341044759421659505
24,16,hash,all,3,1,16,41668,150,100000000,100003200,13375,242639517,242657441,1120.250,835.938,2.426317528,242640637.250,2.426328730,11341044759421659505,333344,333344,11341044759421659505
24,16,hash,all,4,1,16,41668,150,100000000,100003200,14106,241045503,241064298,1174.688,881.625,2.410377898,241046677.688,2.410389644,11341044759421659505,333344,333344,11341044759421659505
24,16,bndmq,all,0,1,16,41668,150,100000000,100003200,133108,236909076,237073904,10301.750,8319.250,2.369014952,236919377.750,2.369117966,11341044759421659505,333344,333344,11341044759421659505
24,16,bndmq,all,1,1,16,41668,150,100000000,100003200,104144,240693260,240829263,8500.188,6509.000,2.406855581,240701760.188,2.406940580,11341044759421659505,333344,333344,11341044759421659505
24,16,bndmq,all,2,1,16,41668,150,100000000,100003200,100587,237181253,237312148,8180.938,6286.688,2.371736634,237189433.938,2.371818441,11341044759421659505,333344,333344,11341044759421659505
24,16,bndmq,all,3,1,16,41668,150,100000000,100003200,91141,244369200,244494394,7824.625,5696.312,2.443613804,244377024.625,2.443692048,11341044759421659505,333344,333344,11341044759421659505
24,16,bndmq,all,4,1,16,41668,150,100000000,100003200,160290,244767079,244952917,11614.875,10018.125,2.447592467,244778693.875,2.447708612,11341044759421659505,333344,333344,11341044759421659505
24,16,aho_corasick,all,0,1,16,41668,150,100000000,100003200,1793384,216404514,218253241,115545.438,112086.500,2.163975893,216520059.438,2.165131310,11341044759421659505,333344,333344,11341044759421659505
24,16,aho_corasick,all,1,1,16,41668,150,100000000,100003200,1914721,212706593,214665078,122405.312,119670.062,2.126997866,212828998.312,2.128221880,11341044759421659505,333344,333344,11341044759421659505
24,16,aho_corasick,all,2,1,16,41668,150,100000000,100003200,1481333,210625996,212147384,95086.750,92583.312,2.106192562,210721082.750,2.107143399,11341044759421659505,333344,333344,11341044759421659505
24,16,aho_corasick,all,3,1,16,41668,150,100000000,100003200,1703207,214861394,216602682,108830.500,106450.438,2.148545187,214970224.500,2.149633457,11341044759421659505,333344,333344,11341044759421659505
24,16,aho_corasick,all,4,1,16,41668,150,100000000,100003200,1462488,213533697,215040698,94187.562,91405.500,2.135268641,213627884.562,2.136210487,11341044759421659505,333344,333344,11341044759421659505
24,32,hash,all,0,1,8,83334,150,100000000,100000800,28764,232560554,232592684,4016.250,3595.500,2.325586935,232564570.250,2.325627097,18180055916804393328,333336,333336,18180055916804393328
24,32,hash,all,1,1,8,83334,150,100000000,100000800,16911,237609692,237630090,2549.750,2113.875,2.376077911,237612241.750,2.376103409,18180055916804393328,333336,333336,18180055916804393328
24,32,hash,all,2,1,8,83334,150,100000000,100000800,12894,232888335,232905257,2115.250,1611.750,2.328864719,232890450.250,2.328885871,18180055916804393328,333336,333336,18180055916804393328
24,32,hash,all,3,1,8,83334,150,100000000,100000800,11962,236163916,236180076,2020.000,1495.250,2.361620267,236165936.000,2.361640467,18180055916804393328,333336,333336,18180055916804393328
24,32,hash,all,4,1,8,83334,150,100000000,100000800,11361,235041542,235056981,1929.875,1420.125,2.350396617,235043471.875,2.350415915,18180055916804393328,333336,333336,18180055916804393328
24,32,bndmq,all,0,1,8,83334,150,100000000,100000800,148908,456498120,456669008,21361.000,18613.500,4.564944680,456519481.000,4.565158289,18180055916804393328,333336,333336,18180055916804393328
24,32,bndmq,all,1,1,8,83334,150,100000000,100000800,83787,487093449,487208264,14351.875,10473.375,4.870895523,487107800.875,4.871039040,18180055916804393328,333336,333336,18180055916804393328
24,32,bndmq,all,2,1,8,83334,150,100000000,100000800,156191,477563290,477748435,23143.125,19523.875,4.775594695,477586433.125,4.775826125,18180055916804393328,333336,333336,18180055916804393328
24,32,bndmq,all,3,1,8,83334,150,100000000,100000800,113081,458680020,458818097,17259.625,14135.125,4.586763506,458697279.625,4.586936101,18180055916804393328,333336,333336,18180055916804393328
24,32,bndmq,all,4,1,8,83334,150,100000000,100000800,69229,454471944,454568444,12062.500,8653.625,4.544683083,454484006.500,4.544803707,18180055916804393328,333336,333336,18180055916804393328
24,32,aho_corasick,all,0,1,8,83334,150,100000000,100000800,1492014,220373667,221886980,189164.125,186501.750,2.203719040,220562831.125,2.205610666,18180055916804393328,333336,333336,18180055916804393328
24,32,aho_corasick,all,1,1,8,83334,150,100000000,100000800,1437972,226627426,228078152,181340.750,179746.500,2.266256130,226808766.750,2.268069523,18180055916804393328,333336,333336,18180055916804393328
24,32,aho_corasick,all,2,1,8,83334,150,100000000,100000800,1394100,221358011,222763714,175712.875,174262.500,2.213562402,221533723.875,2.215319516,18180055916804393328,333336,333336,18180055916804393328
24,32,aho_corasick,all,3,1,8,83334,150,100000000,100000800,1375867,224592198,225980448,173531.250,171983.375,2.245904013,224765729.250,2.247639311,18180055916804393328,333336,333336,18180055916804393328
24,32,aho_corasick,all,4,1,8,83334,150,100000000,100000800,1392388,218786035,220212276,178280.125,174048.500,2.187842847,218964315.125,2.189625634,18180055916804393328,333336,333336,18180055916804393328
24,64,hash,all,0,1,4,166668,150,100000000,100000800,14036,250164883,250182556,4418.250,3509.000,2.501628817,250169301.250,2.501672999,9205149538253261061,333336,333336,9205149538253261061
24,64,hash,all,1,1,4,166668,150,100000000,100000800,16992,255241240,255261478,5059.500,4248.000,2.552391981,255246299.500,2.552442575,9205149538253261061,333336,333336,9205149538253261061
24,64,hash,all,2,1,4,166668,150,100000000,100000800,9577,253762999,253775693,3173.500,2394.250,2.537609689,253766172.500,2.537641424,9205149538253261061,333336,333336,9205149538253261061
24,64,hash,all,3,1,4,166668,150,100000000,100000800,9187,252216113,252228737,3156.000,2296.750,2.522140953,252219269.000,2.522172513,9205149538253261061,333336,333336,9205149538253261061
24,64,hash,all,4,1,4,166668,150,100000000,100000800,9147,246031185,246043638,3113.250,2286.750,2.460292168,246034298.250,2.460323300,9205149538253261061,333336,333336,9205149538253261061
24,64,bndmq,all,0,1,4,166668,150,100000000,100000800,264213,941776553,942074148,74398.750,66053.250,9.417690188,941850951.750,9.418434170,9205149538253261061,333336,333336,9205149538253261061
24,64,bndmq,all,1,1,4,166668,150,100000000,100000800,133249,942333657,942491251,39398.500,33312.250,9.423261184,942373055.500,9.423655166,9205149538253261061,333336,333336,9205149538253261061
24,64,bndmq,all,2,1,4,166668,150,100000000,100000800,92944,924686803,924805796,29748.250,23236.000,9.246794056,924716551.250,9.247091536,9205149538253261061,333336,333336,9205149538253261061
24,64,bndmq,all,3,1,4,166668,150,100000000,100000800,95158,942143549,942261469,29480.000,23789.500,9.421360119,942173029.000,9.421654917,9205149538253261061,333336,333336,9205149538253261061
24,64,bndmq,all,4,1,4,166668,150,100000000,100000800,93083,918781063,918899094,29507.750,23270.750,9.187737128,918810570.750,9.188032203,9205149538253261061,333336,333336,9205149538253261061
24,64,aho_corasick,all,0,1,4,166668,150,100000000,100000800,1486783,228100914,229610851,377484.250,371695.750,2.280990892,228478398.250,2.284765704,9205149538253261061,333336,333336,9205149538253261061
24,64,aho_corasick,all,1,1,4,166668,150,100000000,100000800,1997868,227692692,229721778,507271.500,499467.000,2.276908705,228199963.500,2.281981379,9205149538253261061,333336,333336,9205149538253261061
24,64,aho_corasick,all,2,1,4,166668,150,100000000,100000800,1374023,222222527,223627698,351292.750,343505.750,2.222207492,222573819.750,2.225720392,9205149538253261061,333336,333336,9205149538253261061
24,64,aho_corasick,all,3,1,4,166668,150,100000000,100000800,1418146,226753631,228200380,361687.250,354536.500,2.267518170,227115318.250,2.271135013,9205149538253261061,333336,333336,9205149538253261061
24,64,aho_corasick,all,4,1,4,166668,150,100000000,100000800,1675089,219074073,220781782,426927.250,418772.250,2.190723204,219501000.250,2.194992443,9205149538253261061,333336,333336,9205149538253261061
24,128,hash,all,0,1,2,333334,150,100000000,100000200,13295,239140599,239156359,7880.000,6647.500,2.391401207,239148479.000,2.391480007,15489977143796524771,333334,333334,15489977143796524771
24,128,hash,all,1,1,2,333334,150,100000000,100000200,12394,239399061,239413639,7289.000,6197.000,2.393985822,239406350.000,2.394058712,15489977143796524771,333334,333334,15489977143796524771
24,128,hash,all,2,1,2,333334,150,100000000,100000200,7935,245013185,245024136,5475.500,3967.500,2.450126950,245018660.500,2.450181705,15489977143796524771,333334,333334,15489977143796524771
24,128,hash,all,3,1,2,333334,150,100000000,100000200,9948,245469777,245482552,6387.500,4974.000,2.454692861,245476164.500,2.454756735,15489977143796524771,333334,333334,15489977143796524771
24,128,hash,all,4,1,2,333334,150,100000000,100000200,7795,234862438,234872788,5175.000,3897.500,2.348619683,234867613.000,2.348671433,15489977143796524771,333334,333334,15489977143796524771
24,128,bndmq,all,0,1,2,333334,150,100000000,100000200,113542,1792881393,1793021535,70071.000,56771.000,17.928778072,1792951464.000,17.929478781,15489977143796524771,333334,333334,15489977143796524771
24,128,bndmq,all,1,1,2,333334,150,100000000,100000200,114744,1802172708,1802317197,72244.500,57372.000,18.021691037,1802244952.500,18.022413480,15489977143796524771,333334,333334,15489977143796524771
24,128,bndmq,all,2,1,2,333334,150,100000000,100000200,95809,1789396312,1789519732,61710.000,47904.500,17.893927332,1789458022.000,17.894544431,15489977143796524771,333334,333334,15489977143796524771
24,128,bndmq,all,3,1,2,333334,150,100000000,100000200,94096,1826928809,1827048102,59646.500,47048.000,18.269251551,1826988455.500,18.269848015,15489977143796524771,333334,333334,15489977143796524771
24,128,bndmq,all,4,1,2,333334,150,100000000,100000200,92323,1835388652,1835508777,60062.500,46161.500,18.353849812,1835448714.500,18.354450436,15489977143796524771,333334,333334,15489977143796524771
24,128,aho_corasick,all,0,1,2,333334,150,100000000,100000200,1406443,237251264,238686493,717614.500,703221.500,2.372507895,237968878.500,2.379684026,15489977143796524771,333334,333334,15489977143796524771
24,128,aho_corasick,all,1,1,2,333334,150,100000000,100000200,2596865,236598977,239228303,1314663.000,1298432.500,2.365985038,237913640.000,2.379131642,15489977143796524771,333334,333334,15489977143796524771
24,128,aho_corasick,all,2,1,2,333334,150,100000000,100000200,1647594,235860991,237537429,838219.000,823797.000,2.358605193,236699210.000,2.366987366,15489977143796524771,333334,333334,15489977143796524771
24,128,aho_corasick,all,3,1,2,333334,150,100000000,100000200,1378442,239985275,241395416,705070.500,689221.000,2.399847950,240690345.500,2.406898641,15489977143796524771,333334,333334,15489977143796524771
24,128,aho_corasick,all,4,1,2,333334,150,100000000,100000200,1611576,242253227,243897634,822203.500,805788.000,2.422527425,243075430.500,2.430749444,15489977143796524771,333334,333334,15489977143796524771
24,256,aho_corasick,all,0,1,1,666668,150,100000000,100000200,1488898,272037693,273551407,1513714.000,1488898.000,2.720371489,273551407.000,2.735508599,10994304665760693409,333334,333334,10994304665760693409
24,256,aho_corasick,all,1,1,1,666668,150,100000000,100000200,1462138,262498697,263965073,1466376.000,1462138.000,2.624981720,263965073.000,2.639645451,10994304665760693409,333334,333334,10994304665760693409
24,256,aho_corasick,all,2,1,1,666668,150,100000000,100000200,1339970,266143392,267487760,1344368.000,1339970.000,2.661428597,267487760.000,2.674872250,10994304665760693409,333334,333334,10994304665760693409
24,256,aho_corasick,all,3,1,1,666668,150,100000000,100000200,1299213,258288742,259591463,1302721.000,1299213.000,2.582882254,259591463.000,2.595909438,10994304665760693409,333334,333334,10994304665760693409
24,256,aho_corasick,all,4,1,1,666668,150,100000000,100000200,1288013,257255685,258547175,1291490.000,1288013.000,2.572551705,258547175.000,2.585466579,10994304665760693409,333334,333334,10994304665760693409
24,256,hash,all,0,1,1,666668,150,100000000,100000200,12183,243270102,243284629,14527.000,12183.000,2.432696155,243284629.000,2.432841424,10994304665760693409,333334,333334,10994304665760693409
24,256,hash,all,1,1,1,666668,150,100000000,100000200,15879,248915815,248933738,17923.000,15879.000,2.489153172,248933738.000,2.489332401,10994304665760693409,333334,333334,10994304665760693409
24,256,hash,all,2,1,1,666668,150,100000000,100000200,7685,256771963,256782002,10039.000,7685.000,2.567714495,256782002.000,2.567814884,10994304665760693409,333334,333334,10994304665760693409
24,256,hash,all,3,1,1,666668,150,100000000,100000200,7895,252444772,252454560,9788.000,7895.000,2.524442671,252454560.000,2.524540551,10994304665760693409,333334,333334,10994304665760693409
24,256,hash,all,4,1,1,666668,150,100000000,100000200,7774,247794323,247804070,9747.000,7774.000,2.477938274,247804070.000,2.478035744,10994304665760693409,333334,333334,10994304665760693409
24,1000,hash,all,0,1,1,666668,150,100000000,100000200,54101,261134802,261192380,57578.000,54101.000,2.611342797,261192380.000,2.611918576,11794014041793462505,333334,333334,11794014041793462505
24,1000,hash,all,1,1,1,666668,150,100000000,100000200,95939,269247090,269346837,99747.000,95939.000,2.692465515,269346837.000,2.693462983,11794014041793462505,333334,333334,11794014041793462505
24,1000,hash,all,2,1,1,666668,150,100000000,100000200,29886,268536122,268569154,33032.000,29886.000,2.685355849,268569154.000,2.685686169,11794014041793462505,333334,333334,11794014041793462505
24,1000,hash,all,3,1,1,666668,150,100000000,100000200,24225,270191156,270218368,27212.000,24225.000,2.701906156,270218368.000,2.702178276,11794014041793462505,333334,333334,11794014041793462505
24,1000,hash,all,4,1,1,666668,150,100000000,100000200,24816,263681153,263708975,27822.000,24816.000,2.636806256,263708975.000,2.637084476,11794014041793462505,333334,333334,11794014041793462505
24,1000,aho_corasick,all,0,1,1,666668,150,100000000,100000200,6058363,406031101,412139557,6108456.000,6058363.000,4.060302889,412139557.000,4.121387327,11794014041793462505,333334,333334,11794014041793462505
24,1000,aho_corasick,all,1,1,1,666668,150,100000000,100000200,6805827,412106522,418919963,6813441.000,6805827.000,4.121056978,418919963.000,4.189191252,11794014041793462505,333334,333334,11794014041793462505
24,1000,aho_corasick,all,2,1,1,666668,150,100000000,100000200,5742924,417479590,423229687,5750097.000,5742924.000,4.174787550,423229687.000,4.232288405,11794014041793462505,333334,333334,11794014041793462505
24,1000,aho_corasick,all,3,1,1,666668,150,100000000,100000200,6500438,439603009,446177435,6574426.000,6500438.000,4.396021298,446177435.000,4.461765426,11794014041793462505,333334,333334,11794014041793462505
24,1000,aho_corasick,all,4,1,1,666668,150,100000000,100000200,6300584,469551833,475917419,6365586.000,6300584.000,4.695508939,475917419.000,4.759164672,11794014041793462505,333334,333334,11794014041793462505
24,10000,aho_corasick,all,0,1,1,666668,150,100000000,100000200,73295328,938744498,1012182050,73437552.000,73295328.000,9.387426205,1012182050.000,10.121800256,2237862444634875502,333334,333334,2237862444634875502
24,10000,aho_corasick,all,1,1,1,666668,150,100000000,100000200,71200921,972236910,1043519533,71282623.000,71200921.000,9.722349655,1043519533.000,10.435174460,2237862444634875502,333334,333334,2237862444634875502
24,10000,aho_corasick,all,2,1,1,666668,150,100000000,100000200,71354221,938299876,1009731241,71431365.000,71354221.000,9.382979994,1009731241.000,10.097292215,2237862444634875502,333334,333334,2237862444634875502
24,10000,aho_corasick,all,3,1,1,666668,150,100000000,100000200,67993887,945658820,1013757112,68098292.000,67993887.000,9.456569287,1013757112.000,10.137550845,2237862444634875502,333334,333334,2237862444634875502
24,10000,aho_corasick,all,4,1,1,666668,150,100000000,100000200,66908332,941635680,1008627478,66991798.000,66908332.000,9.416337967,1008627478.000,10.086254607,2237862444634875502,333334,333334,2237862444634875502
24,10000,hash,all,0,1,1,666668,150,100000000,100000200,354311,275109434,275516854,407420.000,354311.000,2.751088838,275516854.000,2.755163030,2237862444634875502,333334,333334,2237862444634875502
24,10000,hash,all,1,1,1,666668,150,100000000,100000200,426375,277581790,278025367,443577.000,426375.000,2.775812348,278025367.000,2.780248110,2237862444634875502,333334,333334,2237862444634875502
24,10000,hash,all,2,1,1,666668,150,100000000,100000200,275715,289623588,289913419,289831.000,275715.000,2.896230088,289913419.000,2.899128392,2237862444634875502,333334,333334,2237862444634875502
24,10000,hash,all,3,1,1,666668,150,100000000,100000200,224348,282699595,282937718,238123.000,224348.000,2.826990296,282937718.000,2.829371521,2237862444634875502,333334,333334,2237862444634875502
24,10000,hash,all,4,1,1,666668,150,100000000,100000200,239276,279190157,279443520,253363.000,239276.000,2.791895986,279443520.000,2.794429611,2237862444634875502,333334,333334,2237862444634875502
24,100000,hash,all,0,1,1,666668,150,100000000,100000200,4981895,546837629,552053992,5216363.000,4981895.000,5.468365353,552053992.000,5.520528879,9020524788092315976,333334,333334,9020524788092315976
24,100000,hash,all,1,1,1,666668,150,100000000,100000200,3940311,550029781,554096728,4066947.000,3940311.000,5.500286809,554096728.000,5.540956198,9020524788092315976,333334,333334,9020524788092315976
24,100000,hash,all,2,1,1,666668,150,100000000,100000200,2684528,544679686,547481262,2801576.000,2684528.000,5.446785966,547481262.000,5.474801670,9020524788092315976,333334,333334,9020524788092315976
24,100000,hash,all,3,1,1,666668,150,100000000,100000200,2773825,545122183,548015501,2893318.000,2773825.000,5.451210928,548015501.000,5.480144050,9020524788092315976,333334,333334,9020524788092315976
24,100000,hash,all,4,1,1,666668,150,100000000,100000200,2564274,555952792,558631920,2679128.000,2564274.000,5.559516801,558631920.000,5.586308027,9020524788092315976,333334,333334,9020524788092315976
24,1000000,hash,all,0,1,1,666668,150,100000000,100000200,60511067,703110502,767153159,64042657.000,60511067.000,7.031090958,767153159.000,7.671516247,696643297736504639,333334,333335,696643297736504639
24,1000000,hash,all,1,1,1,666668,150,100000000,100000200,64954129,700630041,768877434,68247393.000,64954129.000,7.006286397,768877434.000,7.688758962,696643297736504639,333334,333335,696643297736504639
24,1000000,hash,all,2,1,1,666668,150,100000000,100000200,49249632,686002526,738544859,52542333.000,49249632.000,6.860011540,738544859.000,7.385433819,696643297736504639,333334,333335,696643297736504639
24,1000000,hash,all,3,1,1,666668,150,100000000,100000200,53480641,688597058,744897680,56300622.000,53480641.000,6.885956808,744897680.000,7.448961902,696643297736504639,333334,333335,696643297736504639
24,1000000,hash,all,4,1,1,666668,150,100000000,100000200,51212137,671392369,725624800,54232431.000,51212137.000,6.713910262,725624800.000,7.256233488,696643297736504639,333334,333335,696643297736504639
31,1,bndmq,first,0,1,64,10418,150,100000000,100012800,46757,23549184,23615577,1037.391,730.578,0.235461701,23550221.391,0.235472073,10100110153867304471,333376,333376,10100110153867304471
31,1,bndmq,first,1,1,64,10418,150,100000000,100012800,30738,25027271,25080772,835.953,480.281,0.250240679,25028106.953,0.250249038,10100110153867304471,333376,333376,10100110153867304471
31,1,bndmq,first,2,1,64,10418,150,100000000,100012800,25197,25135624,25180778,705.531,393.703,0.251324071,25136329.531,0.251331125,10100110153867304471,333376,333376,10100110153867304471
31,1,bndmq,first,3,1,64,10418,150,100000000,100012800,23424,23667615,23709994,662.172,366.000,0.236645859,23668277.172,0.236652480,10100110153867304471,333376,333376,10100110153867304471
31,1,bndmq,first,4,1,64,10418,150,100000000,100012800,22482,23560150,23596779,572.328,351.281,0.235571347,23560722.328,0.235577069,10100110153867304471,333376,333376,10100110153867304471
31,1,hash,first,0,1,64,10418,150,100000000,100012800,17783,133176393,133198044,338.297,277.859,1.331593486,133176731.297,1.331596869,10100110153867304471,333376,333376,10100110153867304471
31,1,hash,first,1,1,64,10418,150,100000000,100012800,19246,152451824,152475769,374.141,300.719,1.524323127,152452198.141,1.524326868,10100110153867304471,333376,333376,10100110153867304471
31,1,hash,first,2,1,64,10418,150,100000000,100012800,11451,150797388,150813858,257.344,178.922,1.507780884,150797645.344,1.507783457,10100110153867304471,333376,333376,10100110153867304471
31,1,hash,first,3,1,64,10418,150,100000000,100012800,11571,154310051,154326541,257.656,180.797,1.542903018,154310308.656,1.542905595,10100110153867304471,333376,333376,10100110153867304471
31,1,hash,first,4,1,64,10418,150,100000000,100012800,13656,154254203,154272759,289.938,213.375,1.542344610,154254492.938,1.542347509,10100110153867304471,333376,333376,10100110153867304471
31,1,aho_corasick,first,0,1,64,10418,150,100000000,100012800,971372,32101740,33104050,15661.094,15177.688,0.320976315,32117401.094,0.321132906,10100110153867304471,333376,333376,10100110153867304471
31,1,aho_corasick,first,1,1,64,10418,150,100000000,100012800,1177470,32909402,34112029,18791.047,18397.969,0.329051901,32928193.047,0.329239788,10100110153867304471,333376,333376,10100110153867304471
31,1,aho_corasick,first,2,1,64,10418,150,100000000,100012800,903986,30092291,31021084,14512.391,14124.781,0.300884397,30106803.391,0.301029502,10100110153867304471,333376,333376,10100110153867304471
31,1,aho_corasick,first,3,1,64,10418,150,100000000,100012800,939042,29510646,30505912,15551.031,14672.531,0.295068691,29526197.031,0.295224182,10100110153867304471,333376,333376,10100110153867304471
31,1,aho_corasick,first,4,1,64,10418,150,100000000,100012800,988153,29424465,30443215,15917.969,15439.891,0.294206992,29440382.969,0.294366151,10100110153867304471,333376,333376,10100110153867304471
31,2,hash,first,0,1,64,10418,150,100000000,100012800,22903,135534079,135560138,407.172,357.859,1.355167329,135534486.172,1.355171400,10100110153867304471,333376,333376,10100110153867304471
31,2,hash,first,1,1,64,10418,150,100000000,100012800,65292,144859730,144928348,1072.156,1020.188,1.448411903,144860802.156,1.448422623,10100110153867304471,333376,333376,10100110153867304471
31,2,hash,first,2,1,64,10418,150,100000000,100012800,17994,141177821,141212376,539.922,281.156,1.411597526,141178360.922,1.411602924,10100110153867304471,333376,333376,10100110153867304471
31,2,hash,first,3,1,64,10418,150,100000000,100012800,20418,151395624,151419649,375.391,319.031,1.513762478,151395999.391,1.513766232,10100110153867304471,333376,333376,10100110153867304471
31,2,hash,first,4,1,64,10418,150,100000000,100012800,18364,156898696,156921328,353.625,286.938,1.568786155,156899049.625,1.568789691,10100110153867304471,333376,333376,10100110153867304471
31,2,aho_corasick,first,0,1,64,10418,150,100000000,100012800,1513484,441354318,442896706,24099.812,23648.188,4.412978319,441378417.812,4.413219286,10100110153867304471,333376,333376,10100110153867304471
31,2,aho_corasick,first,1,1,64,10418,150,100000000,100012800,1392567,448173535,449593434,22185.922,21758.859,4.481161761,448195720.922,4.481383592,10100110153867304471,333376,333376,10100110153867304471
31,2,aho_corasick,first,2,1,64,10418,150,100000000,100012800,2075119,433639083,435735642,32758.734,32423.734,4.335835843,433671841.734,4.336163388,10100110153867304471,333376,333376,10100110153867304471
31,2,aho_corasick,first,3,1,64,10418,150,100000000,100012800,1357062,422377878,423761299,21615.953,21204.094,4.223238206,422399493.953,4.223454337,10100110153867304471,333376,333376,10100110153867304471
31,2,aho_corasick,first,4,1,64,10418,150,100000000,100012800,1410562,418234535,419684210,22651.172,22040.031,4.181810078,418257186.172,4.182036561,10100110153867304471,333376,333376,10100110153867304471
31,2,bndmq,first,0,1,64,10418,150,100000000,100012800,135113,32484075,32644304,2503.578,2111.141,0.324799176,32486578.578,0.324824208,10100110153867304471,333376,333376,10100110153867304471
31,2,bndmq,first,1,1,64,10418,150,100000000,100012800,55814,32810260,32890359,1251.547,872.094,0.328060608,32811511.547,0.328073122,10100110153867304471,333376,333376,10100110153867304471
31,2,bndmq,first,2,1,64,10418,150,100000000,100012800,54802,33476864,33558135,1269.859,856.281,0.334725795,33478133.859,0.334738492,10100110153867304471,333376,333376,10100110153867304471
31,2,bndmq,first,3,1,64,10418,150,100000000,100012800,59721,32421709,32512989,1426.250,933.141,0.324175596,32423135.250,0.324189856,10100110153867304471,333376,333376,10100110153867304471
31,2,bndmq,first,4,1,64,10418,150,100000000,100012800,53880,32430731,32503187,1132.125,841.875,0.324265804,32431863.125,0.324277124,10100110153867304471,333376,333376,10100110153867304471
31,4,aho_corasick,first,0,1,64,10418,150,100000000,100012800,2709547,161182161,163945128,43171.359,42336.672,1.611615323,161225332.359,1.612046982,10100110153867304471,333376,333376,10100110153867304471
31,4,aho_corasick,first,1,1,64,10418,150,100000000,100012800,2432148,163611843,166086430,38665.422,38002.312,1.635909034,163650508.422,1.636295638,10100110153867304471,333376,333376,10100110153867304471
31,4,aho_corasick,first,2,1,64,10418,150,100000000,100012800,2661946,160522587,163229517,42295.781,41592.906,1.605020427,160564882.781,1.605443331,10100110153867304471,333376,333376,10100110153867304471
31,4,aho_corasick,first,3,1,64,10418,150,100000000,100012800,2162674,161443801,163654755,34546.156,33791.781,1.614231388,161478347.156,1.614576806,10100110153867304471,333376,333376,10100110153867304471
31,4,aho_corasick,first,4,1,64,10418,150,100000000,100012800,2153858,160724338,162926827,34413.891,33654.031,1.607037679,160758751.891,1.607381774,10100110153867304471,333376,333376,10100110153867304471
31,4,hash,first,0,1,64,10418,150,100000000,100012800,32100,147731888,147768947,579.047,501.562,1.477129807,147732467.047,1.477135597,10100110153867304471,333376,333376,10100110153867304471
31,4,hash,first,1,1,64,10418,150,100000000,100012800,31589,148627230,148662916,557.594,493.578,1.486082081,148627787.594,1.486087657,10100110153867304471,333376,333376,10100110153867304471
31,4,hash,first,2,1,64,10418,150,100000000,100012800,22993,147818260,147846122,435.344,359.266,1.477993417,147818695.344,1.477997770,10100110153867304471,333376,333376,10100110153867304471
31,4,hash,first,3,1,64,10418,150,100000000,100012800,23353,149447391,149475223,434.875,364.891,1.494282642,149447825.875,1.494286990,10100110153867304471,333376,333376,10100110153867304471
31,4,hash,first,4,1,64,10418,150,100000000,100012800,22762,150616667,150643667,421.875,355.656,1.505973905,150617088.875,1.505978124,10100110153867304471,333376,333376,10100110153867304471
31,4,bndmq,first,0,1,64,10418,150,100000000,100012800,303867,48971131,49300765,5150.531,4747.922,0.489648635,48976281.531,0.489700134,10100110153867304471,333376,333376,10100110153867304471
31,4,bndmq,first,1,1,64,10418,150,100000000,100012800,143738,48710221,48879276,2641.484,2245.906,0.487039869,48712862.484,0.487066280,10100110153867304471,333376,333376,10100110153867304471
31,4,bndmq,first,2,1,64,10418,150,100000000,100012800,113431,47962058,48100305,2160.109,1772.359,0.479559196,47964218.109,0.479580795,10100110153867304471,333376,333376,10100110153867304471
31,4,bndmq,first,3,1,64,10418,150,100000000,100012800,113261,48837785,48976624,2169.359,1769.703,0.488315346,48839954.359,0.488337036,10100110153867304471,333376,333376,10100110153867304471
31,4,bndmq,first,4,1,64,10418,150,100000000,100012800,113131,49038965,49181981,2234.625,1767.672,0.490326888,49041199.625,0.490349232,10100110153867304471,333376,333376,10100110153867304471
31,8,aho_corasick,first,0,1,32,20834,150,100000000,100003200,2160781,159008536,161206067,68672.844,67524.406,1.590034479,159077208.844,1.590721185,10007957261559824023,333344,333344,10007957261559824023
31,8,aho_corasick,first,1,1,32,20834,150,100000000,100003200,2354433,161963766,164337375,74175.281,73576.031,1.619585833,162037941.281,1.620327562,10007957261559824023,333344,333344,10007957261559824023
31,8,aho_corasick,first,2,1,32,20834,150,100000000,100003200,1942224,164624754,166587957,61350.094,60694.500,1.646194862,164686104.094,1.646808343,10007957261559824023,333344,333344,10007957261559824023
31,8,aho_corasick,first,3,1,32,20834,150,100000000,100003200,1935310,165314399,167270919,61141.250,60478.438,1.653091091,165375540.250,1.653702484,10007957261559824023,333344,333344,10007957261559824023
31,8,aho_corasick,first,4,1,32,20834,150,100000000,100003200,1944527,158486903,160453541,61457.438,60766.469,1.584818316,158548360.438,1.585432871,10007957261559824023,333344,333344,10007957261559824023
31,8,bndmq,first,0,1,32,20834,150,100000000,100003200,152505,80389833,80573126,5727.906,4765.781,0.803872606,80395560.906,0.803929883,10007957261559824023,333344,333344,10007957261559824023
31,8,bndmq,first,1,1,32,20834,150,100000000,100003200,116938,82071014,82214131,4472.406,3654.312,0.820683878,82075486.406,0.820728601,10007957261559824023,333344,333344,10007957261559824023
31,8,bndmq,first,2,1,32,20834,150,100000000,100003200,101659,82850855,82978002,3973.344,3176.844,0.828482039,82854828.344,0.828521771,10007957261559824023,333344,333344,10007957261559824023
31,8,bndmq,first,3,1,32,20834,150,100000000,100003200,101119,84804149,84932479,4010.312,3159.969,0.848014354,84808159.312,0.848054455,10007957261559824023,333344,333344,10007957261559824023
31,8,bndmq,first,4,1,32,20834,150,100000000,100003200,103453,84396743,84529711,4155.250,3232.906,0.843940424,84400898.250,0.843981975,10007957261559824023,333344,333344,10007957261559824023
31,8,hash,first,0,1,32,20834,150,100000000,100003200,32089,170085500,170122519,1156.844,1002.781,1.700800574,170086656.844,1.700812142,10007957261559824023,333344,333344,10007957261559824023
31,8,hash,first,1,1,32,20834,150,100000000,100003200,34534,180901040,180939132,1190.375,1079.188,1.808952514,180902230.375,1.808964417,10007957261559824023,333344,333344,10007957261559824023
31,8,hash,first,2,1,32,20834,150,100000000,100003200,17533,170776768,170797787,656.844,547.906,1.707713033,170777424.844,1.707719601,10007957261559824023,333344,333344,10007957261559824023
31,8,hash,first,3,1,32,20834,150,100000000,100003200,17703,172610684,172632414,679.062,553.219,1.726051606,172611363.062,1.726058397,10007957261559824023,333344,333344,10007957261559824023
31,8,hash,first,4,1,32,20834,150,100000000,100003200,17262,171456506,171480560,751.688,539.438,1.714510196,171457257.688,1.714517712,10007957261559824023,333344,333344,10007957261559824023
31,16,aho_corasick,first,0,1,16,41668,150,100000000,100003200,1976016,159451783,161441466,124355.188,123501.000,1.594466807,159576138.188,1.595710319,8485451749250642310,333344,333344,8485451749250642310
31,16,aho_corasick,first,1,1,16,41668,150,100000000,100003200,2147235,161564972,163738917,135871.562,134202.188,1.615598021,161700843.562,1.616956693,8485451749250642310,333344,333344,8485451749250642310
31,16,aho_corasick,first,2,1,16,41668,150,100000000,100003200,1857786,160252919,162148485,118472.875,116111.625,1.602477911,160371391.875,1.603662602,8485451749250642310,333344,333344,8485451749250642310
31,16,aho_corasick,first,3,1,16,41668,150,100000000,100003200,1860632,160814075,162702669,118037.125,116289.500,1.608089291,160932112.125,1.609269625,8485451749250642310,333344,333344,8485451749250642310
31,16,aho_corasick,first,4,1,16,41668,150,100000000,100003200,1849380,162564286,164454392,118131.625,115586.250,1.625590841,162682417.625,1.626772120,8485451749250642310,333344,333344,8485451749250642310
31,16,hash,first,0,1,16,41668,150,100000000,100003200,21901,169911257,169937205,1621.750,1368.812,1.699058200,169912878.750,1.699074417,8485451749250642310,333344,333344,8485451749250642310
31,16,hash,first,1,1,16,41668,150,100000000,100003200,20769,169849959,169874444,1530.312,1298.062,1.698445240,169851489.312,1.698460542,8485451749250642310,333344,333344,8485451749250642310
31,16,hash,first,2,1,16,41668,150,100000000,100003200,13675,167126813,167144245,1089.500,854.688,1.671214651,167127902.500,1.671225546,8485451749250642310,333344,333344,8485451749250642310
31,16,hash,first,3,1,16,41668,150,100000000,100003200,13806,169816127,169833890,1110.188,862.875,1.698106931,169817237.188,1.698118032,8485451749250642310,333344,333344,8485451749250642310
31,16,hash,first,4,1,16,41668,150,100000000,100003200,20469,168181368,168206475,1569.188,1279.312,1.681759864,168182937.188,1.681775555,8485451749250642310,333344,333344,8485451749250642310
31,16,bndmq,first,0,1,16,41668,150,100000000,100003200,207648,142415861,142645550,14355.562,12978.000,1.424113038,142430216.562,1.424256589,8485451749250642310,333344,333344,8485451749250642310
31,16,bndmq,first,1,1,16,41668,150,100000000,100003200,138118,145684816,145847249,10152.062,8632.375,1.456801542,145694968.062,1.456903060,8485451749250642310,333344,333344,8485451749250642310
31,16,bndmq,first,2,1,16,41668,150,100000000,100003200,83596,144252538,144367753,7200.938,5224.750,1.442479221,144259738.938,1.442551228,8485451749250642310,333344,333344,8485451749250642310
31,16,bndmq,first,3,1,16,41668,150,100000000,100003200,91651,144659918,144776155,7264.812,5728.188,1.446552890,144667182.812,1.446625536,8485451749250642310,333344,333344,8485451749250642310
31,16,bndmq,first,4,1,16,41668,150,100000000,100003200,85029,142581951,142693109,6947.375,5314.312,1.425773885,142588898.375,1.425843357,8485451749250642310,333344,333344,8485451749250642310
31,32,hash,first,0,1,8,83334,150,100000000,100000800,24516,172110656,172138418,3470.250,3064.500,1.721092791,172114126.250,1.721127493,14545882975625201301,333336,333336,14545882975625201301
31,32,hash,first,1,1,8,83334,150,100000000,100000800,20318,168543628,168567102,2934.250,2539.750,1.685422797,168546562.250,1.685452139,14545882975625201301,333336,333336,14545882975625201301
31,32,hash,first,2,1,8,83334,150,100000000,100000800,12804,169356346,169372035,1961.125,1600.500,1.693549912,169358307.125,1.693569523,14545882975625201301,333336,333336,14545882975625201301
31,32,hash,first,3,1,8,83334,150,100000000,100000800,12533,173826853,173842622,1971.125,1566.625,1.738254624,173828824.125,1.738274335,14545882975625201301,333336,333336,14545882975625201301
31,32,hash,first,4,1,8,83334,150,100000000,100000800,13095,171072263,171089235,2121.500,1636.875,1.710708944,171074384.500,1.710730159,14545882975625201301,333336,333336,14545882975625201301
31,32,aho_corasick,first,0,1,8,83334,150,100000000,100000800,2040788,161876247,163940027,257972.500,255098.500,1.618749520,162134219.500,1.621329224,14545882975625201301,333336,333336,14545882975625201301
31,32,aho_corasick,first,1,1,8,83334,150,100000000,100000800,2024486,164237512,166290982,256683.750,253060.750,1.642361981,164494195.750,1.644928798,14545882975625201301,333336,333336,14545882975625201301
31,32,aho_corasick,first,2,1,8,83334,150,100000000,100000800,1768830,167800668,169601116,225056.000,221103.750,1.677993256,168025724.000,1.680243798,14545882975625201301,333336,333336,14545882975625201301
31,32,aho_corasick,first,3,1,8,83334,150,100000000,100000800,1899734,165521796,167451596,241225.000,237466.750,1.655204718,165763021.000,1.657616949,14545882975625201301,333336,333336,14545882975625201301
31,32,aho_corasick,first,4,1,8,83334,150,100000000,100000800,1791452,163396793,165216979,227523.250,223931.500,1.633954858,163624316.250,1.636230073,14545882975625201301,333336,333336,14545882975625201301
31,32,bndmq,first,0,1,8,83334,150,100000000,100000800,113843,277390599,277525912,16914.125,14230.375,2.773883799,277407513.125,2.774052939,14545882975625201301,333336,333336,14545882975625201301
31,32,bndmq,first,1,1,8,83334,150,100000000,100000800,76242,270853362,270949661,12037.375,9530.250,2.708511952,270865399.375,2.708632325,14545882975625201301,333336,333336,14545882975625201301
31,32,bndmq,first,2,1,8,83334,150,100000000,100000800,62156,282456016,282541385,10671.125,7769.500,2.824537564,282466687.125,2.824644274,14545882975625201301,333336,333336,14545882975625201301
31,32,bndmq,first,3,1,8,83334,150,100000000,100000800,62486,274752928,274837857,10616.125,7810.750,2.747507300,274763544.125,2.747613460,14545882975625201301,333336,333336,14545882975625201301
31,32,bndmq,first,4,1,8,83334,150,100000000,100000800,63638,276460775,276548158,10922.875,7954.750,2.764585633,276471697.875,2.764694861,14545882975625201301,333336,333336,14545882975625201301
31,64,hash,first,0,1,4,166668,150,100000000,100000800,15549,167082757,167101804,4761.750,3887.250,1.670814203,167087518.750,1.670861821,7920970377318854716,333336,333336,7920970377318854716
31,64,hash,first,1,1,4,166668,150,100000000,100000800,14276,167996415,168014028,4403.250,3569.000,1.679950710,168000818.250,1.679994743,7920970377318854716,333336,333336,7920970377318854716
31,64,hash,first,2,1,4,166668,150,100000000,100000800,10399,173455205,173469271,3516.500,2599.750,1.734538174,173458721.500,1.734573338,7920970377318854716,333336,333336,7920970377318854716
31,64,hash,first,3,1,4,166668,150,100000000,100000800,15549,173562890,173581665,4693.750,3887.250,1.735615015,173567583.750,1.735661952,7920970377318854716,333336,333336,7920970377318854716
31,64,hash,first,4,1,4,166668,150,100000000,100000800,10429,171448070,171461575,3376.250,2607.250,1.714466984,171451446.250,1.714500746,7920970377318854716,333336,333336,7920970377318854716
31,64,bndmq,first,0,1,4,166668,150,100000000,100000800,242302,532284374,532559829,68863.750,60575.500,5.322801158,532353237.750,5.323489790,7920970377318854716,333336,333336,7920970377318854716
31,64,bndmq,first,1,1,4,166668,150,100000000,100000800,134391,549066073,549228015,40485.500,33597.750,5.490616805,549106558.500,5.491021657,7920970377318854716,333336,333336,7920970377318854716
31,64,bndmq,first,2,1,4,166668,150,100000000,100000800,99095,535301514,535424343,30707.250,24773.750,5.352972316,535332221.250,5.353279386,7920970377318854716,333336,333336,7920970377318854716
31,64,bndmq,first,3,1,4,166668,150,100000000,100000800,98033,538728597,538856816,32054.750,24508.250,5.387242872,538760651.750,5.387563417,7920970377318854716,333336,333336,7920970377318854716
31,64,bndmq,first,4,1,4,166668,150,100000000,100000800,101349,536787731,536919266,32883.750,25337.250,5.367834367,536820614.750,5.368163202,7920970377318854716,333336,333336,7920970377318854716
31,64,aho_corasick,first,0,1,4,166668,150,100000000,100000800,2359602,166325566,168706929,595340.750,589900.500,1.663242354,166920906.750,1.669195714,7920970377318854716,333336,333336,7920970377318854716
31,64,aho_corasick,first,1,1,4,166668,150,100000000,100000800,2007245,164930211,166966009,508949.500,501811.250,1.649288916,165439160.500,1.654378370,7920970377318854716,333336,333336,7920970377318854716
31,64,aho_corasick,first,2,1,4,166668,150,100000000,100000800,1740968,164162492,165932925,442608.250,435242.000,1.641611787,164605100.250,1.646037834,7920970377318854716,333336,333336,7920970377318854716
31,64,aho_corasick,first,3,1,4,166668,150,100000000,100000800,1731821,166252547,168013402,440213.750,432955.250,1.662512170,166692760.750,1.666914272,7920970377318854716,333336,333336,7920970377318854716
31,64,aho_corasick,first,4,1,4,166668,150,100000000,100000800,1843709,165997216,167870991,468443.750,460927.250,1.659958880,166465659.750,1.664643280,7920970377318854716,333336,333336,7920970377318854716
31,128,aho_corasick,first,0,1,2,333334,150,100000000,100000200,2003658,182714391,184746743,1016176.000,1001829.000,1.827140256,183730567.000,1.837301995,17355991267112343030,333334,333334,17355991267112343030
31,128,aho_corasick,first,1,1,2,333334,150,100000000,100000200,1856353,189106415,190996440,945012.500,928176.500,1.891060368,190051427.500,1.900510474,17355991267112343030,333334,333334,17355991267112343030
31,128,aho_corasick,first,2,1,2,333334,150,100000000,100000200,2160170,187079823,189269869,1095023.000,1080085.000,1.870794488,188174846.000,1.881744697,17355991267112343030,333334,333334,17355991267112343030
31,128,aho_corasick,first,3,1,2,333334,150,100000000,100000200,1973281,194504248,196509440,1002596.000,986640.500,1.945038590,195506844.000,1.955064530,17355991267112343030,333334,333334,17355991267112343030
31,128,aho_corasick,first,4,1,2,333334,150,100000000,100000200,1784499,195430565,197245691,907563.000,892249.500,1.954301741,196338128.000,1.963377353,17355991267112343030,333334,333334,17355991267112343030
31,128,bndmq,first,0,1,2,333334,150,100000000,100000200,245268,1069269310,1069542390,136540.000,122634.000,10.692671715,1069405850.000,10.694037112,17355991267112343030,333334,333334,17355991267112343030
31,128,bndmq,first,1,1,2,333334,150,100000000,100000200,134421,1090215867,1090376377,80255.000,67210.500,10.902136866,1090296122.000,10.902939414,17355991267112343030,333334,333334,17355991267112343030
31,128,bndmq,first,2,1,2,333334,150,100000000,100000200,92763,1061458763,1061577314,59275.500,46381.500,10.614566401,1061518038.500,10.615159155,17355991267112343030,333334,333334,17355991267112343030
31,128,bndmq,first,3,1,2,333334,150,100000000,100000200,89737,1059259747,1059372407,56330.000,44868.500,10.592576285,1059316077.000,10.593139584,17355991267112343030,333334,333334,17355991267112343030
31,128,bndmq,first,4,1,2,333334,150,100000000,100000200,90949,1070405054,1070520288,57617.000,45474.500,10.704029132,1070462671.000,10.704605301,17355991267112343030,333334,333334,17355991267112343030
31,128,hash,first,0,1,2,333334,150,100000000,100000200,20739,181227014,181250147,11566.500,10369.500,1.812266515,181238580.500,1.812382180,17355991267112343030,333334,333334,17355991267112343030
31,128,hash,first,1,1,2,333334,150,100000000,100000200,14076,178958097,178974508,8205.500,7038.000,1.789577391,178966302.500,1.789659446,17355991267112343030,333334,333334,17355991267112343030
31,128,hash,first,2,1,2,333334,150,100000000,100000200,10009,184503214,184516219,6502.500,5004.500,1.845028450,184509716.500,1.845093475,17355991267112343030,333334,333334,17355991267112343030
31,128,hash,first,3,1,2,333334,150,100000000,100000200,11111,190795331,190808807,6738.000,5555.500,1.907949494,190802069.000,1.908016874,17355991267112343030,333334,333334,17355991267112343030
31,128,hash,first,4,1,2,333334,150,100000000,100000200,10078,186319754,186332718,6482.000,5039.000,1.863193814,186326236.000,1.863258633,17355991267112343030,333334,333334,17355991267112343030
31,256,hash,first,0,1,1,666668,150,100000000,100000200,13165,164849770,164864888,15118.000,13165.000,1.648494403,164864888.000,1.648645583,10878890858135063043,333334,333334,10878890858135063043
31,256,hash,first,1,1,1,666668,150,100000000,100000200,16331,168255999,168274203,18204.000,16331.000,1.682556625,168274203.000,1.682738665,10878890858135063043,333334,333334,10878890858135063043
31,256,hash,first,2,1,1,666668,150,100000000,100000200,8877,170561960,170572770,10810.000,8877.000,1.705616189,170572770.000,1.705724289,10878890858135063043,333334,333334,10878890858135063043
31,256,hash,first,3,1,1,666668,150,100000000,100000200,8716,172068479,172079449,10970.000,8716.000,1.720681349,172079449.000,1.720791048,10878890858135063043,333334,333334,10878890858135063043
31,256,hash,first,4,1,1,666668,150,100000000,100000200,13555,174568316,174583875,15559.000,13555.000,1.745679669,174583875.000,1.745835258,10878890858135063043,333334,333334,10878890858135063043
31,256,aho_corasick,first,0,1,1,666668,150,100000000,100000200,2413322,203877321,206317874,2440553.000,2413322.000,2.038769132,206317874.000,2.063174614,10878890858135063043,333334,333334,10878890858135063043
31,256,aho_corasick,first,1,1,1,666668,150,100000000,100000200,2245039,232451029,234699574,2248545.000,2245039.000,2.324505641,234699574.000,2.346991046,10878890858135063043,333334,333334,10878890858135063043
31,256,aho_corasick,first,2,1,1,666668,150,100000000,100000200,1721863,228246815,229973858,1727043.000,1721863.000,2.282463585,229973858.000,2.299733981,10878890858135063043,333334,333334,10878890858135063043
31,256,aho_corasick,first,3,1,1,666668,150,100000000,100000200,1694682,248172501,249873705,1701204.000,1694682.000,2.481720047,249873705.000,2.498732053,10878890858135063043,333334,333334,10878890858135063043
31,256,aho_corasick,first,4,1,1,666668,150,100000000,100000200,1908509,288677799,290590486,1912687.000,1908509.000,2.886772216,290590486.000,2.905899048,10878890858135063043,333334,333334,10878890858135063043
31,1000,aho_corasick,first,0,1,1,666668,150,100000000,100000200,9042861,343966249,353057540,9091291.000,9042861.000,3.439655611,353057540.000,3.530568339,10878890858135063043,333334,333334,10878890858135063043
31,1000,aho_corasick,first,1,1,1,666668,150,100000000,100000200,9384492,348817433,358209239,9391806.000,9384492.000,3.488167354,358209239.000,3.582085226,10878890858135063043,333334,333334,10878890858135063043
31,1000,aho_corasick,first,2,1,1,666668,150,100000000,100000200,7841279,355763441,363611843,7848402.000,7841279.000,3.557627295,363611843.000,3.636111158,10878890858135063043,333334,333334,10878890858135063043
31,1000,aho_corasick,first,3,1,1,666668,150,100000000,100000200,8386225,332588516,340991863,8403347.000,8386225.000,3.325878508,340991863.000,3.409911810,10878890858135063043,333334,333334,10878890858135063043
31,1000,aho_corasick,first,4,1,1,666668,150,100000000,100000200,7923431,331199184,339133326,7934142.000,7923431.000,3.311985216,339133326.000,3.391326477,10878890858135063043,333334,333334,10878890858135063043
31,1000,hash,first,0,1,1,666668,150,100000000,100000200,46587,172326489,172375921,49432.000,46587.000,1.723261443,172375921.000,1.723755762,10878890858135063043,333334,333334,10878890858135063043
31,1000,hash,first,1,1,1,666668,150,100000000,100000200,44853,169115563,169163472,47909.000,44853.000,1.691152248,169163472.000,1.691631337,10878890858135063043,333334,333334,10878890858135063043
31,1000,hash,first,2,1,1,666668,150,100000000,100000200,29084,166995285,167027625,32340.000,29084.000,1.669949510,167027625.000,1.670272909,10878890858135063043,333334,333334,10878890858135063043
31,1000,hash,first,3,1,1,666668,150,100000000,100000200,29134,167444794,167476883,32089.000,29134.000,1.674444591,167476883.000,1.674765480,10878890858135063043,333334,333334,10878890858135063043
31,1000,hash,first,4,1,1,666668,150,100000000,100000200,30106,167673463,167706204,32741.000,30106.000,1.676731277,167706204.000,1.677058686,10878890858135063043,333334,333334,10878890858135063043
31,10000,aho_corasick,first,0,1,1,666668,150,100000000,100000200,98388482,743931285,842487310,98556025.000,98388482.000,7.439297971,842487310.000,8.424856250,10878890858135063043,333334,333334,10878890858135063043
31,10000,aho_corasick,first,1,1,1,666668,150,100000000,100000200,115045268,746900226,862024691,115124465.000,115045268.000,7.468987322,862024691.000,8.620229670,10878890858135063043,333334,333334,10878890858135063043
31,10000,aho_corasick,first,2,1,1,666668,150,100000000,100000200,106924305,914023662,1021069344,107045682.000,106924305.000,9.140218340,1021069344.000,10.210673019,10878890858135063043,333334,333334,10878890858135063043
31,10000,aho_corasick,first,3,1,1,666668,150,100000000,100000200,93734279,729376461,823194807,93818346.000,93734279.000,7.293750022,823194807.000,8.231931606,10878890858135063043,333334,333334,10878890858135063043
31,10000,aho_corasick,first,4,1,1,666668,150,100000000,100000200,91801111,724124409,816007062,91882653.000,91801111.000,7.241229608,816007062.000,8.160054300,10878890858135063043,333334,333334,10878890858135063043
31,10000,hash,first,0,1,1,666668,150,100000000,100000200,427147,199152977,199634365,481388.000,427147.000,1.991525787,199634365.000,1.996339657,10878890858135063043,333334,333334,10878890858135063043
31,10000,hash,first,1,1,1,666668,150,100000000,100000200,515471,197936653,198466151,529498.000,515471.000,1.979362571,198466151.000,1.984657541,10878890858135063043,333334,333334,10878890858135063043
31,10000,hash,first,2,1,1,666668,150,100000000,100000200,318173,201606159,201938358,332199.000,318173.000,2.016057558,201938358.000,2.019379541,10878890858135063043,333334,333334,10878890858135063043
31,10000,hash,first,3,1,1,666668,150,100000000,100000200,294600,201858114,202166640,308526.000,294600.000,2.018577103,202166640.000,2.021662357,10878890858135063043,333334,333334,10878890858135063043
31,10000,hash,first,4,1,1,666668,150,100000000,100000200,286875,208389746,208690567,300821.000,286875.000,2.083893292,208690567.000,2.086901496,10878890858135063043,333334,333334,10878890858135063043
31,100000,hash,first,0,1,1,666668,150,100000000,100000200,4570346,413336512,418156846,4820334.000,4570346.000,4.133356853,418156846.000,4.181560097,10878890858135063043,333334,333334,10878890858135063043
31,100000,hash,first,1,1,1,666668,150,100000000,100000200,6112353,432964711,439204672,6239961.000,6112353.000,4.329638451,439204672.000,4.392037936,10878890858135063043,333334,333334,10878890858135063043
31,100000,hash,first,2,1,1,666668,150,100000000,100000200,3654868,427102141,430870101,3767960.000,3654868.000,4.271012868,430870101.000,4.308692393,10878890858135063043,333334,333334,10878890858135063043
31,100000,hash,first,3,1,1,666668,150,100000000,100000200,3384073,400660412,404169448,3509036.000,3384073.000,4.006596107,404169448.000,4.041686397,10878890858135063043,333334,333334,10878890858135063043
31,100000,hash,first,4,1,1,666668,150,100000000,100000200,3253770,405678848,409061539,3382691.000,3253770.000,4.056780366,409061539.000,4.090607209,10878890858135063043,333334,333334,10878890858135063043
31,1000000,hash,first,0,1,1,666668,150,100000000,100000200,72280554,589594511,665671367,76076856.000,72280554.000,5.895933318,665671367.000,6.656700357,10878890858135063043,333334,333334,10878890858135063043
31,1000000,hash,first,1,1,1,666668,150,100000000,100000200,65129964,607136528,675258384,68121856.000,65129964.000,6.071353137,675258384.000,6.752570335,10878890858135063043,333334,333334,10878890858135063043
31,1000000,hash,first,2,1,1,666668,150,100000000,100000200,63132096,588875699,655508637,66632938.000,63132096.000,5.888745213,655508637.000,6.555073260,10878890858135063043,333334,333334,10878890858135063043
31,1000000,hash,first,3,1,1,666668,150,100000000,100000200,56905490,555458932,615305337,59846405.000,56905490.000,5.554578211,615305337.000,6.153041064,10878890858135063043,333334,333334,10878890858135063043
31,1000000,hash,first,4,1,1,666668,150,100000000,100000200,58027704,566498645,627662960,61164315.000,58027704.000,5.664975120,627662960.000,6.276617047,10878890858135063043,333334,333334,10878890858135063043
31,1,bndmq,all,0,1,64,10418,150,100000000,100012800,43441,24913930,24974904,952.719,678.766,0.249107414,24914882.719,0.249116940,14472504008750392886,333376,333376,14472504008750392886
31,1,bndmq,all,1,1,64,10418,150,100000000,100012800,26339,25180665,25226590,717.578,411.547,0.251774423,25181382.578,0.251781598,14472504008750392886,333376,333376,14472504008750392886
31,1,bndmq,all,2,1,64,10418,150,100000000,100012800,23113,24512221,24554710,663.891,361.141,0.245090838,24512884.891,0.245097476,14472504008750392886,333376,333376,14472504008750392886
31,1,bndmq,all,3,1,64,10418,150,100000000,100012800,25147,25374972,25420347,708.984,392.922,0.253717244,25375680.984,0.253724333,14472504008750392886,333376,333376,14472504008750392886
31,1,bndmq,all,4,1,64,10418,150,100000000,100012800,25137,25560191,25603562,677.672,392.766,0.255569197,25560868.672,0.255575973,14472504008750392886,333376,333376,14472504008750392886
31,1,aho_corasick,all,0,1,64,10418,150,100000000,100012800,1016306,67209494,68249904,16256.406,15879.781,0.672008923,67225750.406,0.672171466,14472504008750392886,333376,333376,14472504008750392886
31,1,aho_corasick,all,1,1,64,10418,150,100000000,100012800,1135328,69442039,70602565,18133.219,17739.500,0.694331516,69460172.219,0.694512825,14472504008750392886,333376,333376,14472504008750392886
31,1,aho_corasick,all,2,1,64,10418,150,100000000,100012800,1141288,65026302,66190033,18183.297,17832.625,0.650179797,65044485.297,0.650361607,14472504008750392886,333376,333376,14472504008750392886
31,1,aho_corasick,all,3,1,64,10418,150,100000000,100012800,933661,66456360,67419346,15046.656,14588.453,0.664478547,66471406.656,0.664628994,14472504008750392886,333376,333376,14472504008750392886
31,1,aho_corasick,all,4,1,64,10418,150,100000000,100012800,989756,65244161,66265546,15959.141,15464.938,0.652358108,65260120.141,0.652517679,14472504008750392886,333376,333376,14472504008750392886
31,1,hash,all,0,1,64,10418,150,100000000,100012800,20308,188278715,188303121,381.344,317.312,1.882546184,188279096.344,1.882549997,14472504008750392886,333376,333376,14472504008750392886
31,1,hash,all,1,1,64,10418,150,100000000,100012800,22332,187470863,187496571,401.688,348.938,1.874468698,187471264.688,1.874472714,14472504008750392886,333376,333376,14472504008750392886
31,1,hash,all,2,1,64,10418,150,100000000,100012800,11762,189978256,189994717,257.203,183.781,1.899539419,189978513.203,1.899541991,14472504008750392886,333376,333376,14472504008750392886
31,1,hash,all,3,1,64,10418,150,100000000,100012800,12483,198215777,198232157,255.938,195.047,1.981904086,198216032.938,1.981906645,14472504008750392886,333376,333376,14472504008750392886
31,1,hash,all,4,1,64,10418,150,100000000,100012800,13565,194323946,194342049,282.859,211.953,1.942990757,194324228.859,1.942993585,14472504008750392886,333376,333376,14472504008750392886
31,2,hash,all,0,1,64,10418,150,100000000,100012800,25899,190543388,190572503,454.922,404.672,1.905190016,190543842.922,1.905194564,17103241552815017476,333376,333376,17103241552815017476
31,2,hash,all,1,1,64,10418,150,100000000,100012800,29064,191625319,191657409,501.406,454.125,1.916007941,191625820.406,1.916012954,17103241552815017476,333376,333376,17103241552815017476
31,2,hash,all,2,1,64,10418,150,100000000,100012800,18484,195599317,195621899,352.844,288.812,1.955742835,195599669.844,1.955746363,17103241552815017476,333376,333376,17103241552815017476
31,2,hash,all,3,1,64,10418,150,100000000,100012800,18305,194405668,194427479,340.797,286.016,1.943807873,194406008.797,1.943811280,17103241552815017476,333376,333376,17103241552815017476
31,2,hash,all,4,1,64,10418,150,100000000,100012800,18154,193741085,193763617,352.062,283.656,1.937162893,193741437.062,1.937166413,17103241552815017476,333376,333376,17103241552815017476
31,2,aho_corasick,all,0,1,64,10418,150,100000000,100012800,1534262,567783724,569348633,24451.703,23972.844,5.677110570,567808175.703,5.677355056,17103241552815017476,333376,333376,17103241552815017476
31,2,aho_corasick,all,1,1,64,10418,150,100000000,100012800,1759063,575638664,577423264,27884.375,27485.359,5.755649917,575666548.375,5.755928725,17103241552815017476,333376,333376,17103241552815017476
31,2,aho_corasick,all,2,1,64,10418,150,100000000,100012800,1596541,568351321,569972969,25338.250,24945.953,5.682785813,568376659.250,5.683039163,17103241552815017476,333376,333376,17103241552815017476
31,2,aho_corasick,all,3,1,64,10418,150,100000000,100012800,1382580,561134264,562569792,22430.125,21602.812,5.610624480,561156694.125,5.610848753,17103241552815017476,333376,333376,17103241552815017476
31,2,aho_corasick,all,4,1,64,10418,150,100000000,100012800,1678091,564409643,566126436,26824.891,26220.172,5.643374078,564436467.891,5.643642293,17103241552815017476,333376,333376,17103241552815017476
31,2,bndmq,all,0,1,64,10418,150,100000000,100012800,86091,38852266,38966209,1780.359,1345.172,0.388472935,38854046.359,0.388490737,17103241552815017476,333376,333376,17103241552815017476
31,2,bndmq,all,1,1,64,10418,150,100000000,100012800,56635,37147834,37226320,1226.344,884.922,0.371430797,37149060.344,0.371443059,17103241552815017476,333376,333376,17103241552815017476
31,2,bndmq,all,2,1,64,10418,150,100000000,100012800,53660,38495184,38573300,1220.562,838.438,0.384902572,38496404.562,0.384914777,17103241552815017476,333376,333376,17103241552815017476
31,2,bndmq,all,3,1,64,10418,150,100000000,100012800,53500,38168799,38246273,1210.531,835.938,0.381639140,38170009.531,0.381651244,17103241552815017476,333376,333376,17103241552815017476
31,2,bndmq,all,4,1,64,10418,150,100000000,100012800,54261,37814168,37893505,1239.641,847.828,0.378093284,37815407.641,0.378105679,17103241552815017476,333376,333376,17103241552815017476
31,4,hash,all,0,1,64,10418,150,100000000,100012800,31509,210551574,210587962,568.562,492.328,2.105246268,210552142.562,2.105251953,11861714628489757865,333376,333376,11861714628489757865
31,4,hash,all,1,1,64,10418,150,100000000,100012800,33633,208981634,209021969,630.234,525.516,2.089548878,208982264.234,2.089555179,11861714628489757865,333376,333376,11861714628489757865
31,4,hash,all,2,1,64,10418,150,100000000,100012800,26830,212964831,212998814,530.984,419.219,2.129375750,212965361.984,2.129381059,11861714628489757865,333376,333376,11861714628489757865
31,4,hash,all,3,1,64,10418,150,100000000,100012800,26930,213155321,213186429,486.062,420.781,2.131280406,213155807.062,2.131285266,11861714628489757865,333376,333376,11861714628489757865
31,4,hash,all,4,1,64,10418,150,100000000,100012800,23003,211184734,211212746,437.688,359.422,2.111577058,211185171.688,2.111581434,11861714628489757865,333376,333376,11861714628489757865
31,4,aho_corasick,all,0,1,64,10418,150,100000000,100012800,2800315,209236349,212090454,44595.391,43754.922,2.092095702,209280944.391,2.092541599,11861714628489757865,333376,333376,11861714628489757865
31,4,aho_corasick,all,1,1,64,10418,150,100000000,100012800,2695252,215238548,217983463,42889.297,42113.312,2.152110010,215281437.297,2.152538848,11861714628489757865,333376,333376,11861714628489757865
31,4,aho_corasick,all,2,1,64,10418,150,100000000,100012800,2176660,213805649,216032733,34798.188,34010.312,2.137782854,213840447.188,2.138130791,11861714628489757865,333376,333376,11861714628489757865
31,4,aho_corasick,all,3,1,64,10418,150,100000000,100012800,2160190,204339283,206545008,34464.453,33752.969,2.043131309,204373747.453,2.043475910,11861714628489757865,333376,333376,11861714628489757865
31,4,aho_corasick,all,4,1,64,10418,150,100000000,100012800,2151935,208850840,211045584,34292.875,33623.984,2.088241105,208885132.875,2.088583990,11861714628489757865,333376,333376,11861714628489757865
31,4,bndmq,all,0,1,64,10418,150,100000000,100012800,141554,63347753,63519284,2680.172,2211.781,0.633396455,63350433.172,0.633423254,11861714628489757865,333376,333376,11861714628489757865
31,4,bndmq,all,1,1,64,10418,150,100000000,100012800,136225,63576316,63738409,2532.703,2128.516,0.635681793,63578848.703,0.635707117,11861714628489757865,333376,333376,11861714628489757865
31,4,bndmq,all,2,1,64,10418,150,100000000,100012800,116166,63828436,63978205,2340.141,1815.094,0.638202670,63830776.141,0.638226068,11861714628489757865,333376,333376,11861714628489757865
31,4,bndmq,all,3,1,64,10418,150,100000000,100012800,114123,63703563,63843564,2187.516,1783.172,0.636954100,63705750.516,0.636975972,11861714628489757865,333376,333376,11861714628489757865
31,4,bndmq,all,4,1,64,10418,150,100000000,100012800,114133,62863973,63007541,2243.250,1783.328,0.628559274,62866216.250,0.628581704,11861714628489757865,333376,333376,11861714628489757865
31,8,aho_corasick,all,0,1,32,20834,150,100000000,100003200,2239017,215295233,217572461,71163.375,69969.281,2.152883438,215366396.375,2.153595049,5123303163188557598,333344,333344,5123303163188557598
31,8,aho_corasick,all,1,1,32,20834,150,100000000,100003200,2311463,211341967,213676423,72951.750,72233.219,2.113352043,211414918.750,2.114081537,5123303163188557598,333344,333344,5123303163188557598
31,8,aho_corasick,all,2,1,32,20834,150,100000000,100003200,2139422,207233799,209397757,67623.688,66856.938,2.072271677,207301422.688,2.072947893,5123303163188557598,333344,333344,5123303163188557598
31,8,aho_corasick,all,3,1,32,20834,150,100000000,100003200,2178394,200708479,202911198,68834.969,68074.812,2.007020565,200777313.969,2.007708893,5123303163188557598,333344,333344,5123303163188557598
31,8,aho_corasick,all,4,1,32,20834,150,100000000,100003200,2181089,208299842,210504525,68896.344,68159.031,2.082931766,208368738.344,2.083620708,5123303163188557598,333344,333344,5123303163188557598
31,8,bndmq,all,0,1,32,20834,150,100000000,100003200,198150,111529549,111756292,7085.719,6192.188,1.115259802,111536634.719,1.115330657,5123303163188557598,333344,333344,5123303163188557598
31,8,bndmq,all,1,1,32,20834,150,100000000,100003200,121156,115468116,115619790,4739.812,3786.125,1.154644211,115472855.812,1.154691608,5123303163188557598,333344,333344,5123303163188557598
31,8,bndmq,all,2,1,32,20834,150,100000000,100003200,135312,115164350,115324589,5007.469,4228.500,1.151606649,115169357.469,1.151656722,5123303163188557598,333344,333344,5123303163188557598
31,8,bndmq,all,3,1,32,20834,150,100000000,100003200,101951,114044295,114185089,4399.812,3185.969,1.140406457,114048694.812,1.140450454,5123303163188557598,333344,333344,5123303163188557598
31,8,bndmq,all,4,1,32,20834,150,100000000,100003200,112580,116221905,116361806,4371.906,3518.125,1.162181860,116226276.906,1.162225578,5123303163188557598,333344,333344,5123303163188557598
31,8,hash,all,0,1,32,20834,150,100000000,100003200,24485,243004896,243035081,943.281,765.156,2.429971201,243005839.281,2.429980633,5123303163188557598,333344,333344,5123303163188557598
31,8,hash,all,1,1,32,20834,150,100000000,100003200,28714,238920194,238954829,1082.344,897.312,2.389125488,238921276.344,2.389136311,5123303163188557598,333344,333344,5123303163188557598
31,8,hash,all,2,1,32,20834,150,100000000,100003200,18525,237954717,237978010,727.906,578.906,2.379471027,237955444.906,2.379478306,5123303163188557598,333344,333344,5123303163188557598
31,8,hash,all,3,1,32,20834,150,100000000,100003200,18204,248717542,248741336,743.562,568.875,2.487095833,248718285.562,2.487103268,5123303163188557598,333344,333344,5123303163188557598
31,8,hash,all,4,1,32,20834,150,100000000,100003200,19316,235388015,235411669,739.188,603.625,2.353804828,235388754.188,2.353812220,5123303163188557598,333344,333344,5123303163188557598
31,16,bndmq,all,0,1,16,41668,150,100000000,100003200,232203,202583905,202844912,16312.938,14512.688,2.025774225,202600217.938,2.025937349,15299351074429060356,333344,333344,15299351074429060356
31,16,bndmq,all,1,1,16,41668,150,100000000,100003200,98473,199422994,199550793,7987.438,6154.562,1.994166127,199430981.438,1.994245999,15299351074429060356,333344,333344,15299351074429060356
31,16,bndmq,all,2,1,16,41668,150,100000000,100003200,110997,199478284,199619637,8834.562,6937.312,1.994719009,199487118.562,1.994807352,15299351074429060356,333344,333344,15299351074429060356
31,16,bndmq,all,3,1,16,41668,150,100000000,100003200,88055,199018734,199130814,7005.000,5503.438,1.990123656,199025739.000,1.990193704,15299351074429060356,333344,333344,15299351074429060356
31,16,bndmq,all,4,1,16,41668,150,100000000,100003200,84498,202126344,202226531,6261.688,5281.125,2.021198762,202132605.688,2.021261377,15299351074429060356,333344,333344,15299351074429060356
31,16,hash,all,0,1,16,41668,150,100000000,100003200,21961,237154781,237181320,1658.688,1372.562,2.371471923,237156439.688,2.371488509,15299351074429060356,333344,333344,15299351074429060356
31,16,hash,all,1,1,16,41668,150,100000000,100003200,21150,240629827,240655345,1594.875,1321.875,2.406221271,240631421.875,2.406237219,15299351074429060356,333344,333344,15299351074429060356
31,16,hash,all,2,1,16,41668,150,100000000,100003200,13505,240970510,240987751,1077.562,844.062,2.409627992,240971587.562,2.409638767,15299351074429060356,333344,333344,15299351074429060356
31,16,hash,all,3,1,16,41668,150,100000000,100003200,13104,239076686,239093527,1052.562,819.000,2.390690358,239077738.562,2.390700883,15299351074429060356,333344,333344,15299351074429060356
31,16,hash,all,4,1,16,41668,150,100000000,100003200,22142,236697682,236723771,1630.562,1383.875,2.366901079,236699312.562,2.366917384,15299351074429060356,333344,333344,15299351074429060356
31,16,aho_corasick,all,0,1,16,41668,150,100000000,100003200,2302405,223090867,225407450,144786.438,143900.312,2.230837283,223235653.438,2.232285101,15299351074429060356,333344,333344,15299351074429060356
31,16,aho_corasick,all,1,1,16,41668,150,100000000,100003200,2053965,223361971,225446743,130298.250,128372.812,2.233548236,223492269.250,2.234851177,15299351074429060356,333344,333344,15299351074429060356
31,16,aho_corasick,all,2,1,16,41668,150,100000000,100003200,2011132,222711817,224755009,127699.500,125695.750,2.227046904,222839516.500,2.228323859,15299351074429060356,333344,333344,15299351074429060356
31,16,aho_corasick,all,3,1,16,41668,150,100000000,100003200,1818973,224781180,226627144,115372.750,113685.812,2.247739872,224896552.750,2.248893563,15299351074429060356,333344,333344,15299351074429060356
31,16,aho_corasick,all,4,1,16,41668,150,100000000,100003200,2280863,217403875,219717739,144616.500,142553.938,2.173969183,217548491.500,2.175415302,15299351074429060356,333344,333344,15299351074429060356
31,32,hash,all,0,1,8,83334,150,100000000,100000800,19627,241031775,241054598,2852.875,2453.375,2.410298468,241034627.875,2.410326996,3701892286443208303,333336,333336,3701892286443208303
31,32,hash,all,1,1,8,83334,150,100000000,100000800,20489,251302107,251326543,3054.500,2561.125,2.513000966,251305161.500,2.513031511,3701892286443208303,333336,333336,3701892286443208303
31,32,hash,all,2,1,8,83334,150,100000000,100000800,13696,256564713,256582306,2199.125,1712.000,2.565626605,256566912.125,2.565648596,3701892286443208303,333336,333336,3701892286443208303
31,32,hash,all,3,1,8,83334,150,100000000,100000800,22502,266053207,266080308,3387.625,2812.750,2.660510786,266056594.625,2.660544662,3701892286443208303,333336,333336,3701892286443208303
31,32,hash,all,4,1,8,83334,150,100000000,100000800,14557,254128897,254147211,2289.250,1819.625,2.541268640,254131186.250,2.541291532,3701892286443208303,333336,333336,3701892286443208303
31,32,aho_corasick,all,0,1,8,83334,150,100000000,100000800,2070643,221687654,223785237,262197.875,258830.375,2.216858805,221949851.875,2.219480763,3701892286443208303,333336,333336,3701892286443208303
31,32,aho_corasick,all,1,1,8,83334,150,100000000,100000800,2689846,223719029,226444731,340712.750,336230.750,2.237172393,224059741.750,2.240579493,3701892286443208303,333336,333336,3701892286443208303
31,32,aho_corasick,all,2,1,8,83334,150,100000000,100000800,1812632,213677440,215521420,230497.500,226579.000,2.136757306,213907937.500,2.139062263,3701892286443208303,333336,333336,3701892286443208303
31,32,aho_corasick,all,3,1,8,83334,150,100000000,100000800,1998529,214497334,216526831,253687.125,249816.125,2.144956180,214751021.125,2.147493031,3701892286443208303,333336,333336,3701892286443208303
31,32,aho_corasick,all,4,1,8,83334,150,100000000,100000800,1817901,219569106,221419538,231304.000,227237.625,2.195673495,219800410.000,2.197986516,3701892286443208303,333336,333336,3701892286443208303
31,32,bndmq,all,0,1,8,83334,150,100000000,100000800,122549,388320183,388462378,17774.375,15318.625,3.883170765,388337957.375,3.883348507,3701892286443208303,333336,333336,3701892286443208303
31,32,bndmq,all,1,1,8,83334,150,100000000,100000800,71754,392706377,392801895,11939.750,8969.250,3.927032354,392718316.750,3.927151750,3701892286443208303,333336,333336,3701892286443208303
31,32,bndmq,all,2,1,8,83334,150,100000000,100000800,62687,388342206,388441992,12473.250,7835.875,3.883390993,388354679.250,3.883515724,3701892286443208303,333336,333336,3701892286443208303
31,32,bndmq,all,3,1,8,83334,150,100000000,100000800,73217,385539033,385633790,11844.625,9152.125,3.855359487,385550877.625,3.855477932,3701892286443208303,333336,333336,3701892286443208303
31,32,bndmq,all,4,1,8,83334,150,100000000,100000800,59822,386800007,386882661,10331.750,7477.750,3.867969126,386810338.750,3.868072443,3701892286443208303,333336,333336,3701892286443208303
31,64,bndmq,all,0,1,4,166668,150,100000000,100000800,121637,762235831,762392714,39220.750,30409.250,7.622297332,762275051.750,7.622689536,1891536899756661842,333336,333336,1891536899756661842
31,64,bndmq,all,1,1,4,166668,150,100000000,100000800,139340,768514400,768686792,43098.000,34835.000,7.685082519,768557498.000,7.685513496,1891536899756661842,333336,333336,1891536899756661842
31,64,bndmq,all,2,1,4,166668,150,100000000,100000800,117810,760248174,760394698,36631.000,29452.500,7.602420921,760284805.000,7.602787228,1891536899756661842,333336,333336,1891536899756661842
31,64,bndmq,all,3,1,4,166668,150,100000000,100000800,93565,746026413,746147479,30266.500,23391.250,7.460204448,746056679.500,7.460507111,1891536899756661842,333336,333336,1891536899756661842
31,64,bndmq,all,4,1,4,166668,150,100000000,100000800,183021,750767376,750977337,52490.250,45755.250,7.507613699,750819866.250,7.508138597,1891536899756661842,333336,333336,1891536899756661842
31,64,aho_corasick,all,0,1,4,166668,150,100000000,100000800,2051227,222866062,224940062,518500.000,512806.750,2.228642791,223384562.000,2.233827749,1891536899756661842,333336,333336,1891536899756661842
31,64,aho_corasick,all,1,1,4,166668,150,100000000,100000800,2093801,227188992,229311978,530746.500,523450.250,2.271871745,227719738.500,2.277179168,1891536899756661842,333336,333336,1891536899756661842
31,64,aho_corasick,all,2,1,4,166668,150,100000000,100000800,1734416,226221210,227981674,440116.000,433604.000,2.262194002,226661326.000,2.266595127,1891536899756661842,333336,333336,1891536899756661842
31,64,aho_corasick,all,3,1,4,166668,150,100000000,100000800,1783307,228888960,230705709,454187.250,445826.750,2.288871289,229343147.250,2.293413125,1891536899756661842,333336,333336,1891536899756661842
31,64,aho_corasick,all,4,1,4,166668,150,100000000,100000800,2480156,220178963,222690930,627991.750,620039.000,2.201772016,220806954.750,2.208051883,1891536899756661842,333336,333336,1891536899756661842
31,64,hash,all,0,1,4,166668,150,100000000,100000800,29735,236455210,236488101,8222.750,7433.750,2.364533184,236463432.750,2.364615411,1891536899756661842,333336,333336,1891536899756661842
31,64,hash,all,1,1,4,166668,150,100000000,100000800,16871,243859753,243879840,5021.750,4217.750,2.438578021,243864774.750,2.438628238,1891536899756661842,333336,333336,1891536899756661842
31,64,hash,all,2,1,4,166668,150,100000000,100000800,10760,245785031,245798857,3456.500,2690.000,2.457830647,245788487.500,2.457865212,1891536899756661842,333336,333336,1891536899756661842
31,64,hash,all,3,1,4,166668,150,100000000,100000800,10810,241578894,241593301,3601.750,2702.500,2.415769614,241582495.750,2.415805631,1891536899756661842,333336,333336,1891536899756661842
31,64,hash,all,4,1,4,166668,150,100000000,100000800,10569,243772062,243785827,3441.250,2642.250,2.437701118,243775503.250,2.437735531,1891536899756661842,333336,333336,1891536899756661842
31,128,aho_corasick,all,0,1,2,333334,150,100000000,100000200,1913079,237098425,239047822,974698.500,956539.500,2.370979508,238073123.500,2.380726474,6528906369759261754,333334,333334,6528906369759261754
31,128,aho_corasick,all,1,1,2,333334,150,100000000,100000200,1796913,239327411,241155212,913900.500,898456.500,2.393269323,240241311.500,2.402408310,6528906369759261754,333334,333334,6528906369759261754
31,128,aho_corasick,all,2,1,2,333334,150,100000000,100000200,1785881,235889795,237706473,908339.000,892940.500,2.358893232,236798134.000,2.367976604,6528906369759261754,333334,333334,6528906369759261754
31,128,aho_corasick,all,3,1,2,333334,150,100000000,100000200,1839912,229481467,231361464,939998.500,919956.000,2.294810080,230421465.500,2.304210047,6528906369759261754,333334,333334,6528906369759261754
31,128,aho_corasick,all,4,1,2,333334,150,100000000,100000200,1888082,235324376,237247363,961493.500,944041.000,2.353239054,236285869.500,2.362853969,6528906369759261754,333334,333334,6528906369759261754
31,128,bndmq,all,0,1,2,333334,150,100000000,100000200,171290,1516370297,1516572645,101174.000,85645.000,15.163672643,1516471471.000,15.164684381,6528906369759261754,333334,333334,6528906369759261754
31,128,bndmq,all,1,1,2,333334,150,100000000,100000200,135483,1447010576,1447172428,80926.000,67741.500,14.470076820,1447091502.000,14.470886078,6528906369759261754,333334,333334,6528906369759261754
31,128,bndmq,all,2,1,2,333334,150,100000000,100000200,93244,1444128010,1444240239,56114.500,46622.000,14.441251217,1444184124.500,14.441812361,6528906369759261754,333334,333334,6528906369759261754
31,128,bndmq,all,3,1,2,333334,150,100000000,100000200,89737,1464099177,1464215975,58399.000,44868.500,14.640962488,1464157576.000,14.641546477,6528906369759261754,333334,333334,6528906369759261754
31,128,bndmq,all,4,1,2,333334,150,100000000,100000200,103613,1450122035,1450249031,63498.000,51806.500,14.501191348,1450185533.000,14.501826326,6528906369759261754,333334,333334,6528906369759261754
31,128,hash,all,0,1,2,333334,150,100000000,100000200,14327,237754411,237770982,8285.500,7163.500,2.377539355,237762696.500,2.377622210,6528906369759261754,333334,333334,6528906369759261754
31,128,hash,all,1,1,2,333334,150,100000000,100000200,15589,252979616,252997839,9111.500,7794.500,2.529791100,252988727.500,2.529882215,6528906369759261754,333334,333334,6528906369759261754
31,128,hash,all,2,1,2,333334,150,100000000,100000200,10360,244982447,244995442,6497.500,5180.000,2.449819570,244988944.500,2.449884545,6528906369759261754,333334,333334,6528906369759261754
31,128,hash,all,3,1,2,333334,150,100000000,100000200,9187,244929747,244941078,5665.500,4593.500,2.449292571,244935412.500,2.449349226,6528906369759261754,333334,333334,6528906369759261754
31,128,hash,all,4,1,2,333334,150,100000000,100000200,9428,243813553,243825275,5861.000,4714.000,2.438130654,243819414.000,2.438189264,6528906369759261754,333334,333334,6528906369759261754
31,256,hash,all,0,1,1,666668,150,100000000,100000200,13275,238986671,239001609,14938.000,13275.000,2.389861930,239001609.000,2.390011310,2276200081735078379,333334,333334,2276200081735078379
31,256,hash,all,1,1,1,666668,150,100000000,100000200,31058,233490953,233523914,32961.000,31058.000,2.334904860,233523914.000,2.335234470,2276200081735078379,333334,333334,2276200081735078379
31,256,hash,all,2,1,1,666668,150,100000000,100000200,8877,252045743,252056644,10901.000,8877.000,2.520452389,252056644.000,2.520561399,2276200081735078379,333334,333334,2276200081735078379
31,256,hash,all,3,1,1,666668,150,100000000,100000200,9006,239800148,239811088,10940.000,9006.000,2.397996684,239811088.000,2.398106084,2276200081735078379,333334,333334,2276200081735078379
31,256,hash,all,4,1,1,666668,150,100000000,100000200,8957,244217541,244228321,10780.000,8957.000,2.442170526,244228321.000,2.442278325,2276200081735078379,333334,333334,2276200081735078379
31,256,aho_corasick,all,0,1,1,666668,150,100000000,100000200,1956660,257254501,259238782,1984281.000,1956660.000,2.572539865,259238782.000,2.592382635,2276200081735078379,333334,333334,2276200081735078379
31,256,aho_corasick,all,1,1,1,666668,150,100000000,100000200,2239098,285331262,287574828,2243566.000,2239098.000,2.853306913,287574828.000,2.875742529,2276200081735078379,333334,333334,2276200081735078379
31,256,aho_corasick,all,2,1,1,666668,150,100000000,100000200,2169708,282031756,284206984,2175228.000,2169708.000,2.820311919,284206984.000,2.842064156,2276200081735078379,333334,333334,2276200081735078379
31,256,aho_corasick,all,3,1,1,666668,150,100000000,100000200,2436205,283014083,285457161,2443078.000,2436205.000,2.830135170,285457161.000,2.854565901,2276200081735078379,333334,333334,2276200081735078379
31,256,aho_corasick,all,4,1,1,666668,150,100000000,100000200,2008207,283088988,285100812,2011824.000,2008207.000,2.830884218,285100812.000,2.851002418,2276200081735078379,333334,333334,2276200081735078379
31,1000,hash,all,0,1,1,666668,150,100000000,100000200,45786,228830715,228879416,48701.000,45786.000,2.288302573,228879416.000,2.288789582,7167007009331856885,333334,333334,7167007009331856885
31,1000,hash,all,1,1,1,666668,150,100000000,100000200,53009,229203350,229259645,56295.000,53009.000,2.292028916,229259645.000,2.292591865,7167007009331856885,333334,333334,7167007009331856885
31,1000,hash,all,2,1,1,666668,150,100000000,100000200,29294,235016715,235049064,32349.000,29294.000,2.350162450,235049064.000,2.350485939,7167007009331856885,333334,333334,7167007009331856885
31,1000,hash,all,3,1,1,666668,150,100000000,100000200,29635,235339687,235372358,32671.000,29635.000,2.353392163,235372358.000,2.353718873,7167007009331856885,333334,333334,7167007009331856885
31,1000,hash,all,4,1,1,666668,150,100000000,100000200,29565,236398472,236431153,32681.000,29565.000,2.363979992,236431153.000,2.364306801,7167007009331856885,333334,333334,7167007009331856885
31,1000,aho_corasick,all,0,1,1,666668,150,100000000,100000200,9550958,450506710,460186639,9679929.000,9550958.000,4.505058090,460186639.000,4.601857186,7167007009331856885,333334,333334,7167007009331856885
31,1000,aho_corasick,all,1,1,1,666668,150,100000000,100000200,8234723,443894359,452135895,8241536.000,8234723.000,4.438934712,452135895.000,4.521349907,7167007009331856885,333334,333334,7167007009331856885
31,1000,aho_corasick,all,2,1,1,666668,150,100000000,100000200,7506455,413679142,421192771,7513629.000,7506455.000,4.136783146,421192771.000,4.211919286,7167007009331856885,333334,333334,7167007009331856885
31,1000,aho_corasick,all,3,1,1,666668,150,100000000,100000200,7693914,431459334,439163738,7704404.000,7693914.000,4.314584711,439163738.000,4.391628597,7167007009331856885,333334,333334,7167007009331856885
31,1000,aho_corasick,all,4,1,1,666668,150,100000000,100000200,7923762,435422517,443356429,7933912.000,7923762.000,4.354216462,443356429.000,4.433555423,7167007009331856885,333334,333334,7167007009331856885
31,10000,hash,all,0,1,1,666668,150,100000000,100000200,441714,281123843,281634846,511003.000,441714.000,2.811232808,281634846.000,2.816342827,7061977344338554058,333334,333334,7061977344338554058
31,10000,hash,all,1,1,1,666668,150,100000000,100000200,425223,290995881,291434980,439099.000,425223.000,2.909952990,291434980.000,2.914343971,7061977344338554058,333334,333334,7061977344338554058
31,10000,hash,all,2,1,1,666668,150,100000000,100000200,291083,276315402,276620873,305471.000,291083.000,2.763148494,276620873.000,2.766203198,7061977344338554058,333334,333334,7061977344338554058
31,10000,hash,all,3,1,1,666668,150,100000000,100000200,301272,293471435,293788887,317452.000,301272.000,2.934708481,293788887.000,2.937882994,7061977344338554058,333334,333334,7061977344338554058
31,10000,hash,all,4,1,1,666668,150,100000000,100000200,407741,280647054,281068991,421937.000,407741.000,2.806464927,281068991.000,2.810684289,7061977344338554058,333334,333334,7061977344338554058
31,10000,aho_corasick,all,0,1,1,666668,150,100000000,100000200,105541682,963050236,1068773147,105722911.000,105541682.000,9.630483099,1068773147.000,10.687710095,7061977344338554058,333334,333334,7061977344338554058
31,10000,aho_corasick,all,1,1,1,666668,150,100000000,100000200,98755101,1033430295,1132264874,98834579.000,98755101.000,10.334282281,1132264874.000,11.322626095,7061977344338554058,333334,333334,7061977344338554058
31,10000,aho_corasick,all,2,1,1,666668,150,100000000,100000200,93763879,1016626696,1110473660,93846964.000,93763879.000,10.166246628,1110473660.000,11.104714391,7061977344338554058,333334,333334,7061977344338554058
31,10000,aho_corasick,all,3,1,1,666668,150,100000000,100000200,92887469,992151890,1085124669,92972779.000,92887469.000,9.921499057,1085124669.000,10.851224988,7061977344338554058,333334,333334,7061977344338554058
31,10000,aho_corasick,all,4,1,1,666668,150,100000000,100000200,93756593,1023786673,1117630880,93844207.000,93756593.000,10.237846254,1117630880.000,11.176286447,7061977344338554058,333334,333334,7061977344338554058
31,100000,hash,all,0,1,1,666668,150,100000000,100000200,4567772,503518363,508430597,4912234.000,4567772.000,5.035173560,508430597.000,5.084295801,3131980623925119029,333334,333334,3131980623925119029
31,100000,hash,all,1,1,1,666668,150,100000000,100000200,5284332,536367140,541792615,5425475.000,5284332.000,5.363660673,541792615.000,5.417915314,3131980623925119029,333334,333334,3131980623925119029
31,100000,hash,all,2,1,1,666668,150,100000000,100000200,3305778,527914045,531334767,3420722.000,3305778.000,5.279129892,531334767.000,5.313337043,3131980623925119029,333334,333334,3131980623925119029
31,100000,hash,all,3,1,1,666668,150,100000000,100000200,3470942,524712286,528294806,3582520.000,3470942.000,5.247112366,528294806.000,5.282937494,3131980623925119029,333334,333334,3131980623925119029
31,100000,hash,all,4,1,1,666668,150,100000000,100000200,3280280,512056105,515447412,3391307.000,3280280.000,5.120550809,515447412.000,5.154463811,3131980623925119029,333334,333334,3131980623925119029
31,1000000,hash,all,0,1,1,666668,150,100000000,100000200,70890516,660343155,734977215,74634060.000,70890516.000,6.603418343,734977215.000,7.349757450,1132927272894858221,333334,333334,1132927272894858221
31,1000000,hash,all,1,1,1,666668,150,100000000,100000200,64242164,675676033,743171707,67495674.000,64242164.000,6.756746817,743171707.000,7.431702207,1132927272894858221,333334,333334,1132927272894858221
31,1000000,hash,all,2,1,1,666668,150,100000000,100000200,57608981,658388232,719060788,60672556.000,57608981.000,6.583869152,719060788.000,7.190593499,1132927272894858221,333334,333334,1132927272894858221
31,1000000,hash,all,3,1,1,666668,150,100000000,100000200,58447928,650487863,711866118,61378255.000,58447928.000,6.504865620,711866118.000,7.118646943,1132927272894858221,333334,333334,1132927272894858221
31,1000000,hash,all,4,1,1,666668,150,100000000,100000200,56825165,662277373,722087187,59809814.000,56825165.000,6.622760484,722087187.000,7.220857428,1132927272894858221,333334,333334,1132927272894858221
40,1,bndmq,first,0,1,64,10418,150,100000000,100012800,51537,27580765,27652289,1117.562,805.266,0.275772351,27581882.562,0.275783525,10100110153867304471,333376,333376,10100110153867304471
40,1,bndmq,first,1,1,64,10418,150,100000000,100012800,27341,26888290,26934466,721.500,427.203,0.268848487,26889011.500,0.268855701,10100110153867304471,333376,333376,10100110153867304471
40,1,bndmq,first,2,1,64,10418,150,100000000,100012800,24556,24572654,24610825,596.422,383.688,0.245695091,24573250.422,0.245701054,10100110153867304471,333376,333376,10100110153867304471
40,1,bndmq,first,3,1,64,10418,150,100000000,100012800,20949,24775552,24807983,506.734,327.328,0.247723811,24776058.734,0.247728878,10100110153867304471,333376,333376,10100110153867304471
40,1,bndmq,first,4,1,64,10418,150,100000000,100012800,19707,25976312,26012780,569.812,307.922,0.259729875,25976881.812,0.259735572,10100110153867304471,333376,333376,10100110153867304471
40,1,aho_corasick,first,0,1,64,10418,150,100000000,100012800,1132603,54234803,55424831,18594.188,17696.922,0.542278618,54253397.188,0.542464536,10100110153867304471,333376,333376,10100110153867304471
40,1,aho_corasick,first,1,1,64,10418,150,100000000,100012800,1247120,54708785,55997542,20136.828,19486.250,0.547017832,54728921.828,0.547219174,10100110153867304471,333376,333376,10100110153867304471
40,1,aho_corasick,first,2,1,64,10418,150,100000000,100012800,1023871,53591011,54645900,16482.641,15997.984,0.535841522,53607493.641,0.536006328,10100110153867304471,333376,333376,10100110153867304471
40,1,aho_corasick,first,3,1,64,10418,150,100000000,100012800,1029170,53621730,54682820,16579.531,16080.781,0.536148673,53638309.531,0.536314447,10100110153867304471,333376,333376,10100110153867304471
40,1,aho_corasick,first,4,1,64,10418,150,100000000,100012800,1249384,54256552,55534220,19963.562,19521.625,0.542496081,54276515.562,0.542695691,10100110153867304471,333376,333376,10100110153867304471
40,1,hash,first,0,1,64,10418,150,100000000,100012800,20008,135373362,135397397,375.547,312.625,1.353560364,135373737.547,1.353564119,10100110153867304471,333376,333376,10100110153867304471
40,1,hash,first,1,1,64,10418,150,100000000,100012800,24977,129417791,129446505,448.656,390.266,1.294012276,129418239.656,1.294016762,10100110153867304471,333376,333376,10100110153867304471
40,1,hash,first,2,1,64,10418,150,100000000,100012800,12824,129154400,129171232,263.000,200.375,1.291378704,129154663.000,1.291381333,10100110153867304471,333376,333376,10100110153867304471
40,1,hash,first,3,1,64,10418,150,100000000,100012800,12253,130034643,130050412,246.391,191.453,1.300180007,130034889.391,1.300182471,10100110153867304471,333376,333376,10100110153867304471
40,1,hash,first,4,1,64,10418,150,100000000,100012800,12323,130788135,130804415,254.375,192.547,1.307713963,130788389.375,1.307716506,10100110153867304471,333376,333376,10100110153867304471
40,2,bndmq,first,0,1,64,10418,150,100000000,100012800,85810,33133054,33248330,1801.188,1340.781,0.331288135,33134855.188,0.331306145,10100110153867304471,333376,333376,10100110153867304471
40,2,bndmq,first,1,1,64,10418,150,100000000,100012800,56595,32487059,32572107,1328.875,884.297,0.324829012,32488387.875,0.324842299,10100110153867304471,333376,333376,10100110153867304471
40,2,bndmq,first,2,1,64,10418,150,100000000,100012800,56545,34056717,34144020,1364.109,883.516,0.340523583,34058081.109,0.340537222,10100110153867304471,333376,333376,10100110153867304471
40,2,bndmq,first,3,1,64,10418,150,100000000,100012800,64590,31870955,31962936,1437.203,1009.219,0.318668760,31872392.203,0.318683131,10100110153867304471,333376,333376,10100110153867304471
40,2,bndmq,first,4,1,64,10418,150,100000000,100012800,55784,31038707,31123034,1317.609,871.625,0.310347346,31040024.609,0.310360520,10100110153867304471,333376,333376,10100110153867304471
40,2,aho_corasick,first,0,1,64,10418,150,100000000,100012800,2275054,433077370,435396265,36232.734,35547.719,4.330219432,433113602.734,4.330581713,10100110153867304471,333376,333376,10100110153867304471
40,2,aho_corasick,first,1,1,64,10418,150,100000000,100012800,2842843,442641463,445526225,45074.406,44419.422,4.425848121,442686537.406,4.426298808,10100110153867304471,333376,333376,10100110153867304471
40,2,aho_corasick,first,2,1,64,10418,150,100000000,100012800,1609232,431760403,433392748,25505.391,25144.250,4.317051447,431785908.391,4.317306469,10100110153867304471,333376,333376,10100110153867304471
40,2,aho_corasick,first,3,1,64,10418,150,100000000,100012800,1667400,418728480,420447015,26852.109,26053.125,4.186748896,418755332.109,4.187017383,10100110153867304471,333376,333376,10100110153867304471
40,2,aho_corasick,first,4,1,64,10418,150,100000000,100012800,1588123,430076952,431693628,25260.562,24814.422,4.300219092,430102212.562,4.300471665,10100110153867304471,333376,333376,10100110153867304471
40,2,hash,first,0,1,64,10418,150,100000000,100012800,42539,137930913,137976759,716.344,664.672,1.379132601,137931629.344,1.379139764,10100110153867304471,333376,333376,10100110153867304471
40,2,hash,first,1,1,64,10418,150,100000000,100012800,29235,140070936,140103597,510.328,456.797,1.400530092,140071446.328,1.400535195,10100110153867304471,333376,333376,10100110153867304471
40,2,hash,first,2,1,64,10418,150,100000000,100012800,19797,135921585,135946331,386.656,309.328,1.359041893,135921971.656,1.359045759,10100110153867304471,333376,333376,10100110153867304471
40,2,hash,first,3,1,64,10418,150,100000000,100012800,21209,140543138,140567673,383.359,331.391,1.405251508,140543521.359,1.405255341,10100110153867304471,333376,333376,10100110153867304471
40,2,hash,first,4,1,64,10418,150,100000000,100012800,20829,141767711,141793710,406.234,325.453,1.417495671,141768117.234,1.417499732,10100110153867304471,333376,333376,10100110153867304471
40,4,aho_corasick,first,0,1,64,10418,150,100000000,100012800,3672161,166044071,169767688,58181.516,57377.516,1.660228201,166102252.516,1.660809941,10100110153867304471,333376,333376,10100110153867304471
40,4,aho_corasick,first,1,1,64,10418,150,100000000,100012800,2668759,163166303,165888061,42527.469,41699.359,1.631454204,163208830.469,1.631879424,10100110153867304471,333376,333376,10100110153867304471
40,4,aho_corasick,first,2,1,64,10418,150,100000000,100012800,2984309,164434107,167471926,47465.922,46629.828,1.644130621,164481572.922,1.644605220,10100110153867304471,333376,333376,10100110153867304471
40,4,aho_corasick,first,3,1,64,10418,150,100000000,100012800,2624847,165126731,167797945,41737.719,41013.234,1.651055975,165168468.719,1.651473299,10100110153867304471,333376,333376,10100110153867304471
40,4,aho_corasick,first,4,1,64,10418,150,100000000,100012800,2756993,166339612,169166665,44172.703,43078.016,1.663183233,166383784.703,1.663624903,10100110153867304471,333376,333376,10100110153867304471
40,4,bndmq,first,0,1,64,10418,150,100000000,100012800,142987,44189571,44367533,2780.656,2234.172,0.441839155,44192351.656,0.441866958,10100110153867304471,333376,333376,10100110153867304471
40,4,bndmq,first,1,1,64,10418,150,100000000,100012800,136374,46369860,46537812,2624.250,2130.844,0.463639254,46372484.250,0.463665493,10100110153867304471,333376,333376,10100110153867304471
40,4,bndmq,first,2,1,64,10418,150,100000000,100012800,115927,44051462,44197074,2275.188,1811.359,0.440458241,44053737.188,0.440480990,10100110153867304471,333376,333376,10100110153867304471
40,4,bndmq,first,3,1,64,10418,150,100000000,100012800,112490,44381278,44527270,2281.125,1757.656,0.443755979,44383559.125,0.443778788,10100110153867304471,333376,333376,10100110153867304471
40,4,bndmq,first,4,1,64,10418,150,100000000,100012800,134181,45563312,45729864,2602.375,2096.578,0.455574806,45565914.375,0.455600827,10100110153867304471,333376,333376,10100110153867304471
40,4,hash,first,0,1,64,10418,150,100000000,100012800,48981,148441233,148495263,844.219,765.328,1.484222350,148442077.219,1.484230791,10100110153867304471,333376,333376,10100110153867304471
40,4,hash,first,1,1,64,10418,150,100000000,100012800,33763,146293445,146331066,587.828,527.547,1.462747218,146294032.828,1.462753096,10100110153867304471,333376,333376,10100110153867304471
40,4,hash,first,2,1,64,10418,150,100000000,100012800,24916,150827506,150856440,452.094,389.312,1.508082026,150827958.094,1.508086546,10100110153867304471,333376,333376,10100110153867304471
40,4,hash,first,3,1,64,10418,150,100000000,100012800,35326,158224282,158264457,627.734,551.969,1.582040319,158224909.734,1.582046595,10100110153867304471,333376,333376,10100110153867304471
40,4,hash,first,4,1,64,10418,150,100000000,100012800,25999,156269111,156298887,465.250,406.234,1.562491111,156269576.250,1.562495763,10100110153867304471,333376,333376,10100110153867304471
40,8,aho_corasick,first,0,1,32,20834,150,100000000,100003200,2629545,166360143,169042026,83808.844,82173.281,1.663548196,166443951.844,1.664386258,10007957261559824023,333344,333344,10007957261559824023
40,8,aho_corasick,first,1,1,32,20834,150,100000000,100003200,2634696,167826618,170511377,83898.719,82334.250,1.678212477,167910516.719,1.679051438,10007957261559824023,333344,333344,10007957261559824023
40,8,aho_corasick,first,2,1,32,20834,150,100000000,100003200,2437297,174086157,176567666,77547.156,76165.531,1.740805864,174163704.156,1.741581311,10007957261559824023,333344,333344,10007957261559824023
40,8,aho_corasick,first,3,1,32,20834,150,100000000,100003200,3271834,171752312,175070633,103697.531,102244.812,1.717468161,171856009.531,1.718505103,10007957261559824023,333344,333344,10007957261559824023
40,8,aho_corasick,first,4,1,32,20834,150,100000000,100003200,2476831,180654306,183175650,78792.000,77400.969,1.806485252,180733098.000,1.807273147,10007957261559824023,333344,333344,10007957261559824023
40,8,bndmq,first,0,1,32,20834,150,100000000,100003200,263762,73851680,74150437,9336.156,8242.562,0.738493168,73861016.156,0.738586527,10007957261559824023,333344,333344,10007957261559824023
40,8,bndmq,first,1,1,32,20834,150,100000000,100003200,127668,72431426,72586977,4860.969,3989.625,0.724291083,72436286.969,0.724339691,10007957261559824023,333344,333344,10007957261559824023
40,8,bndmq,first,2,1,32,20834,150,100000000,100003200,100768,76664598,76796694,4128.000,3149.000,0.766621448,76668726.000,0.766662727,10007957261559824023,333344,333344,10007957261559824023
40,8,bndmq,first,3,1,32,20834,150,100000000,100003200,103342,76350169,76482856,4146.469,3229.438,0.763477259,76354315.469,0.763518722,10007957261559824023,333344,333344,10007957261559824023
40,8,bndmq,first,4,1,32,20834,150,100000000,100003200,99676,75655085,75783314,4007.156,3114.875,0.756526641,75659092.156,0.756566711,10007957261559824023,333344,333344,10007957261559824023
40,8,hash,first,0,1,32,20834,150,100000000,100003200,26519,195547953,195580493,1016.875,828.719,1.955416957,195548969.875,1.955427125,10007957261559824023,333344,333344,10007957261559824023
40,8,hash,first,1,1,32,20834,150,100000000,100003200,29625,168453969,168487742,1055.406,925.781,1.684485786,168455024.406,1.684496340,10007957261559824023,333344,333344,10007957261559824023
40,8,hash,first,2,1,32,20834,150,100000000,100003200,25648,167455997,167486875,964.938,801.500,1.674506386,167456961.938,1.674516035,10007957261559824023,333344,333344,10007957261559824023
40,8,hash,first,3,1,32,20834,150,100000000,100003200,19977,172050789,172074924,754.219,624.281,1.720452836,172051543.219,1.720460377,10007957261559824023,333344,333344,10007957261559824023
40,8,hash,first,4,1,32,20834,150,100000000,100003200,19817,173262415,173286460,751.406,619.281,1.732568708,173263166.406,1.732576222,10007957261559824023,333344,333344,10007957261559824023
40,16,hash,first,0,1,16,41668,150,100000000,100003200,27251,163235996,163267174,1948.625,1703.188,1.632307726,163237944.625,1.632327212,8485451749250642310,333344,333344,8485451749250642310
40,16,hash,first,1,1,16,41668,150,100000000,100003200,21890,164718210,164743707,1593.562,1368.125,1.647129392,164719803.562,1.647145327,8485451749250642310,333344,333344,8485451749250642310
40,16,hash,first,2,1,16,41668,150,100000000,100003200,17022,166130033,166150872,1302.438,1063.875,1.661247170,166131335.438,1.661260194,8485451749250642310,333344,333344,8485451749250642310
40,16,hash,first,3,1,16,41668,150,100000000,100003200,15960,164838263,164858070,1237.938,997.500,1.648329883,164839500.938,1.648342262,8485451749250642310,333344,333344,8485451749250642310
40,16,hash,first,4,1,16,41668,150,100000000,100003200,16942,162803797,162824516,1294.938,1058.875,1.627985874,162805091.938,1.627998823,8485451749250642310,333344,333344,8485451749250642310
40,16,aho_corasick,first,0,1,16,41668,150,100000000,100003200,2937079,171198859,174170513,185728.375,183567.438,1.711933808,171384587.375,1.713791032,8485451749250642310,333344,333344,8485451749250642310
40,16,aho_corasick,first,1,1,16,41668,150,100000000,100003200,2736359,163358282,166131439,173322.312,171022.438,1.633530547,163531604.312,1.635263715,8485451749250642310,333344,333344,8485451749250642310
40,16,aho_corasick,first,2,1,16,41668,150,100000000,100003200,2552542,164824107,167424648,162533.812,159533.875,1.648188328,164986640.812,1.649813614,8485451749250642310,333344,333344,8485451749250642310
40,16,aho_corasick,first,3,1,16,41668,150,100000000,100003200,2388537,164427552,166897808,154391.000,149283.562,1.644222905,164581943.000,1.645766765,8485451749250642310,333344,333344,8485451749250642310
40,16,aho_corasick,first,4,1,16,41668,150,100000000,100003200,2765102,164503498,167306561,175191.438,172818.875,1.644982341,164678689.438,1.646734199,8485451749250642310,333344,333344,8485451749250642310
40,16,bndmq,first,0,1,16,41668,150,100000000,100003200,270665,123443210,123739703,18530.812,16916.562,1.234392599,123461740.812,1.234577902,8485451749250642310,333344,333344,8485451749250642310
40,16,bndmq,first,1,1,16,41668,150,100000000,100003200,97933,122845730,122965764,7502.125,6120.812,1.228417991,122853232.125,1.228493009,8485451749250642310,333344,333344,8485451749250642310
40,16,bndmq,first,2,1,16,41668,150,100000000,100003200,80710,124805790,124910815,6564.062,5044.375,1.248017963,124812354.062,1.248083602,8485451749250642310,333344,333344,8485451749250642310
40,16,bndmq,first,3,1,16,41668,150,100000000,100003200,81302,130223645,130336295,7040.625,5081.375,1.302194780,130230685.625,1.302265184,8485451749250642310,333344,333344,8485451749250642310
40,16,bndmq,first,4,1,16,41668,150,100000000,100003200,92142,127179203,127298656,7465.812,5758.875,1.271751334,127186668.812,1.271825990,8485451749250642310,333344,333344,8485451749250642310
40,32,aho_corasick,first,0,1,8,83334,150,100000000,100000800,2563649,166960859,169554062,324150.375,320456.125,1.669595233,167285009.375,1.672836711,14545882975625201301,333336,333336,14545882975625201301
40,32,aho_corasick,first,1,1,8,83334,150,100000000,100000800,2547703,166918364,169494219,321981.875,318462.875,1.669170287,167240345.875,1.672390080,14545882975625201301,333336,333336,14545882975625201301
40,32,aho_corasick,first,2,1,8,83334,150,100000000,100000800,2349634,169070068,171456270,298275.250,293704.250,1.690687155,169368343.250,1.693669883,14545882975625201301,333336,333336,14545882975625201301
40,32,aho_corasick,first,3,1,8,83334,150,100000000,100000800,2308998,166267500,168615881,293547.625,288624.750,1.662661699,166561047.625,1.665597151,14545882975625201301,333336,333336,14545882975625201301
40,32,aho_corasick,first,4,1,8,83334,150,100000000,100000800,3069687,166863011,169969647,388329.500,383710.875,1.668616761,167251340.500,1.672500025,14545882975625201301,333336,333336,14545882975625201301
40,32,hash,first,0,1,8,83334,150,100000000,100000800,22842,169130937,169157537,3325.000,2855.250,1.691295840,169134262.000,1.691329089,14545882975625201301,333336,333336,14545882975625201301
40,32,hash,first,1,1,8,83334,150,100000000,100000800,23113,165855701,165882521,3352.500,2889.125,1.658543742,165859053.500,1.658577266,14545882975625201301,333336,333336,14545882975625201301
40,32,hash,first,2,1,8,83334,150,100000000,100000800,14537,174352794,174370877,2260.375,1817.125,1.743513992,174355054.375,1.743536595,14545882975625201301,333336,333336,14545882975625201301
40,32,hash,first,3,1,8,83334,150,100000000,100000800,15418,176184097,176203583,2435.750,1927.250,1.761826875,176186532.750,1.761851233,14545882975625201301,333336,333336,14545882975625201301
40,32,hash,first,4,1,8,83334,150,100000000,100000800,16291,177197574,177217292,2464.750,2036.375,1.771961564,177200038.750,1.771986212,14545882975625201301,333336,333336,14545882975625201301
40,32,bndmq,first,0,1,8,83334,150,100000000,100000800,178283,237612580,237814557,25247.125,22285.375,2.376106791,237637827.125,2.376359260,14545882975625201301,333336,333336,14545882975625201301
40,32,bndmq,first,1,1,8,83334,150,100000000,100000800,67856,247934969,248026961,11499.000,8482.000,2.479329855,247946468.000,2.479444844,14545882975625201301,333336,333336,14545882975625201301
40,32,bndmq,first,2,1,8,83334,150,100000000,100000800,65052,234709101,234798078,11122.125,8131.500,2.347072233,234720223.125,2.347183454,14545882975625201301,333336,333336,14545882975625201301
40,32,bndmq,first,3,1,8,83334,150,100000000,100000800,62206,235892050,235982168,11264.750,7775.750,2.358901629,235903314.750,2.359014275,14545882975625201301,333336,333336,14545882975625201301
40,32,bndmq,first,4,1,8,83334,150,100000000,100000800,70722,240018782,240115913,12141.375,8840.250,2.400168619,240030923.375,2.400290031,14545882975625201301,333336,333336,14545882975625201301
40,64,aho_corasick,first,0,1,4,166668,150,100000000,100000800,2506065,174602029,177283321,670323.000,626516.250,1.746006322,175272352.000,1.752709498,7920970377318854716,333336,333336,7920970377318854716
40,64,aho_corasick,first,1,1,4,166668,150,100000000,100000800,2547623,177139192,179725337,646536.250,636905.750,1.771377749,177785728.250,1.777843060,7920970377318854716,333336,333336,7920970377318854716
40,64,aho_corasick,first,2,1,4,166668,150,100000000,100000800,2356516,181997111,184391858,598686.750,589129.000,1.819956550,182595797.750,1.825943370,7920970377318854716,333336,333336,7920970377318854716
40,64,aho_corasick,first,3,1,4,166668,150,100000000,100000800,2804412,181223282,184066606,710831.000,701103.000,1.812218322,181934113.000,1.819326575,7920970377318854716,333336,333336,7920970377318854716
40,64,aho_corasick,first,4,1,4,166668,150,100000000,100000800,2372857,176791012,179213061,605512.250,593214.250,1.767895977,177396524.250,1.773951051,7920970377318854716,333336,333336,7920970377318854716
40,64,hash,first,0,1,4,166668,150,100000000,100000800,20559,167360418,167383883,5866.250,5139.750,1.673590791,167366284.250,1.673649453,7920970377318854716,333336,333336,7920970377318854716
40,64,hash,first,1,1,4,166668,150,100000000,100000800,20148,171799473,171822296,5705.750,5037.000,1.717980986,171805178.750,1.718038043,7920970377318854716,333336,333336,7920970377318854716
40,64,hash,first,2,1,4,166668,150,100000000,100000800,13756,171008001,171025113,4278.000,3439.000,1.710066329,171012279.000,1.710109109,7920970377318854716,333336,333336,7920970377318854716
40,64,hash,first,3,1,4,166668,150,100000000,100000800,12603,175325807,175341517,3927.500,3150.750,1.753244044,175329734.500,1.753283319,7920970377318854716,333336,333336,7920970377318854716
40,64,hash,first,4,1,4,166668,150,100000000,100000800,13144,173435432,173451071,3909.750,3286.000,1.734340445,173439341.750,1.734379542,7920970377318854716,333336,333336,7920970377318854716
40,64,bndmq,first,0,1,4,166668,150,100000000,100000800,119583,442190100,442350440,40085.000,29895.750,4.421865625,442230185.000,4.422266472,7920970377318854716,333336,333336,7920970377318854716
40,64,bndmq,first,1,1,4,166668,150,100000000,100000800,134992,453843663,454004473,40202.500,33748.000,4.538400323,453883865.500,4.538802345,7920970377318854716,333336,333336,7920970377318854716
40,64,bndmq,first,2,1,4,166668,150,100000000,100000800,98423,449457777,449582249,31118.000,24605.750,4.494541814,449488895.000,4.494852991,7920970377318854716,333336,333336,7920970377318854716
40,64,bndmq,first,3,1,4,166668,150,100000000,100000800,96801,437671531,437796214,31170.750,24200.250,4.376680297,437702701.750,4.376992002,7920970377318854716,333336,333336,7920970377318854716
40,64,bndmq,first,4,1,4,166668,150,100000000,100000800,98414,449228323,449354949,31656.500,24603.500,4.492247292,449259979.500,4.492563854,7920970377318854716,333336,333336,7920970377318854716
40,128,hash,first,0,1,2,333334,150,100000000,100000200,17903,183495078,183515435,10178.500,8951.500,1.834947110,183505256.500,1.835048895,17355991267112343030,333334,333334,17355991267112343030
40,128,hash,first,1,1,2,333334,150,100000000,100000200,19226,180957376,180980519,11571.500,9613.000,1.809570141,180968947.500,1.809685856,17355991267112343030,333334,333334,17355991267112343030
40,128,hash,first,2,1,2,333334,150,100000000,100000200,17884,195465562,195486582,10510.000,8942.000,1.954651711,195476072.000,1.954756810,17355991267112343030,333334,333334,17355991267112343030
40,128,hash,first,3,1,2,333334,150,100000000,100000200,15238,209828664,209847930,9633.000,7619.000,2.098282443,209838297.000,2.098378773,17355991267112343030,333334,333334,17355991267112343030
40,128,hash,first,4,1,2,333334,150,100000000,100000200,17623,185935034,185955212,10089.000,8811.500,1.859346621,185945123.000,1.859447511,17355991267112343030,333334,333334,17355991267112343030
40,128,aho_corasick,first,0,1,2,333334,150,100000000,100000200,2512898,198279205,200825676,1273235.500,1256449.000,1.982788084,199552440.500,1.995520414,17355991267112343030,333334,333334,17355991267112343030
40,128,aho_corasick,first,1,1,2,333334,150,100000000,100000200,2375411,191357298,193768466,1205584.000,1187705.500,1.913569153,192562882.000,1.925624969,17355991267112343030,333334,333334,17355991267112343030
40,128,aho_corasick,first,2,1,2,333334,150,100000000,100000200,2384850,197471247,199909587,1219170.000,1192425.000,1.974708521,198690417.000,1.986900196,17355991267112343030,333334,333334,17355991267112343030
40,128,aho_corasick,first,3,1,2,333334,150,100000000,100000200,2417320,197282642,199762379,1239868.500,1208660.000,1.972822474,198522510.500,1.985221135,17355991267112343030,333334,333334,17355991267112343030
40,128,aho_corasick,first,4,1,2,333334,150,100000000,100000200,2743148,201206139,203990554,1392207.500,1371574.000,2.012057366,202598346.500,2.025979413,17355991267112343030,333334,333334,17355991267112343030
40,128,bndmq,first,0,1,2,333334,150,100000000,100000200,126456,888591195,888748989,78897.000,63228.000,8.885894178,888670092.000,8.886683147,17355991267112343030,333334,333334,17355991267112343030
40,128,bndmq,first,1,1,2,333334,150,100000000,100000200,115986,889283840,889429100,72630.000,57993.000,8.892820614,889356470.000,8.893546913,17355991267112343030,333334,333334,17355991267112343030
40,128,bndmq,first,2,1,2,333334,150,100000000,100000200,96230,884919262,885041350,61044.000,48115.000,8.849174922,884980306.000,8.849785360,17355991267112343030,333334,333334,17355991267112343030
40,128,bndmq,first,3,1,2,333334,150,100000000,100000200,93615,889568799,889689665,60433.000,46807.500,8.895670199,889629232.000,8.896274527,17355991267112343030,333334,333334,17355991267112343030
40,128,bndmq,first,4,1,2,333334,150,100000000,100000200,119704,901908397,902055432,73517.500,59852.000,9.019065932,901981914.500,9.019801105,17355991267112343030,333334,333334,17355991267112343030
40,256,aho_corasick,first,0,1,1,666668,150,100000000,100000200,2459408,243443766,245930184,2486418.000,2459408.000,2.434432791,245930184.000,2.459296921,10878890858135063043,333334,333334,10878890858135063043
40,256,aho_corasick,first,1,1,1,666668,150,100000000,100000200,2665513,240911163,243618674,2707511.000,2665513.000,2.409106812,243618674.000,2.436181868,10878890858135063043,333334,333334,10878890858135063043
40,256,aho_corasick,first,2,1,1,666668,150,100000000,100000200,2433770,250482762,252958590,2475828.000,2433770.000,2.504822610,252958590.000,2.529580841,10878890858135063043,333334,333334,10878890858135063043
40,256,aho_corasick,first,3,1,1,666668,150,100000000,100000200,2513840,253358272,255915022,2556750.000,2513840.000,2.533577653,255915022.000,2.559145102,10878890858135063043,333334,333334,10878890858135063043
40,256,aho_corasick,first,4,1,1,666668,150,100000000,100000200,2439592,235378305,237861167,2482862.000,2439592.000,2.353778342,237861167.000,2.378606913,10878890858135063043,333334,333334,10878890858135063043
40,256,hash,first,0,1,1,666668,150,100000000,100000200,20398,166418257,166440698,22441.000,20398.000,1.664179242,166440698.000,1.664403651,10878890858135063043,333334,333334,10878890858135063043
40,256,hash,first,1,1,1,666668,150,100000000,100000200,16621,165661438,165680003,18565.000,16621.000,1.656611067,165680003.000,1.656796716,10878890858135063043,333334,333334,10878890858135063043
40,256,hash,first,2,1,1,666668,150,100000000,100000200,11421,173047078,173061955,14877.000,11421.000,1.730467319,173061955.000,1.730616089,10878890858135063043,333334,333334,10878890858135063043
40,256,hash,first,3,1,1,666668,150,100000000,100000200,15810,175204871,175222394,17523.000,15810.000,1.752045206,175222394.000,1.752220436,10878890858135063043,333334,333334,10878890858135063043
40,256,hash,first,4,1,1,666668,150,100000000,100000200,11461,168444750,168458124,13374.000,11461.000,1.684444131,168458124.000,1.684577871,10878890858135063043,333334,333334,10878890858135063043
40,256,bndmq,first,0,1,1,666668,150,100000000,100000200,113101,1717545249,1717684990,139741.000,113101.000,17.175418139,1717684990.000,17.176815546,10878890858135063043,333334,333334,10878890858135063043
40,256,bndmq,first,1,1,1,666668,150,100000000,100000200,110166,1718828023,1718940122,112099.000,110166.000,17.188245854,1718940122.000,17.189366841,10878890858135063043,333334,333334,10878890858135063043
40,256,bndmq,first,2,1,1,666668,150,100000000,100000200,35586,1720159148,1720196188,37040.000,35586.000,17.201557077,1720196188.000,17.201927476,10878890858135063043,333334,333334,10878890858135063043
40,256,bndmq,first,3,1,1,666668,150,100000000,100000200,29275,1694929566,1694960424,30858.000,29275.000,16.949261761,1694960424.000,16.949570341,10878890858135063043,333334,333334,10878890858135063043
40,256,bndmq,first,4,1,1,666668,150,100000000,100000200,28814,1737542967,1737573183,30216.000,28814.000,17.375394919,1737573183.000,17.375697079,10878890858135063043,333334,333334,10878890858135063043
40,1000,aho_corasick,first,0,1,1,666668,150,100000000,100000200,11155522,343286162,354505924,11219762.000,11155522.000,3.432854754,354505924.000,3.545052150,10878890858135063043,333334,333334,10878890858135063043
40,1000,aho_corasick,first,1,1,1,666668,150,100000000,100000200,12446481,342811678,355265462,12453784.000,12446481.000,3.428109924,355265462.000,3.552647515,10878890858135063043,333334,333334,10878890858135063043
40,1000,aho_corasick,first,2,1,1,666668,150,100000000,100000200,11448187,354138793,365594214,11455421.000,11448187.000,3.541380847,365594214.000,3.655934828,10878890858135063043,333334,333334,10878890858135063043
40,1000,aho_corasick,first,3,1,1,666668,150,100000000,100000200,11265006,344610032,356003809,11393777.000,11265006.000,3.446093428,356003809.000,3.560030970,10878890858135063043,333334,333334,10878890858135063043
40,1000,aho_corasick,first,4,1,1,666668,150,100000000,100000200,11313738,343766828,355228532,11461704.000,11313738.000,3.437661405,355228532.000,3.552278215,10878890858135063043,333334,333334,10878890858135063043
40,1000,hash,first,0,1,1,666668,150,100000000,100000200,58549,177549938,177611813,61875.000,58549.000,1.775495829,177611813.000,1.776114578,10878890858135063043,333334,333334,10878890858135063043
40,1000,hash,first,1,1,1,666668,150,100000000,100000200,57197,174855280,174929268,73988.000,57197.000,1.748549303,174929268.000,1.749289181,10878890858135063043,333334,333334,10878890858135063043
40,1000,hash,first,2,1,1,666668,150,100000000,100000200,39384,172614126,172657087,42961.000,39384.000,1.726137808,172657087.000,1.726567417,10878890858135063043,333334,333334,10878890858135063043
40,1000,hash,first,3,1,1,666668,150,100000000,100000200,39804,171556307,171599226,42919.000,39804.000,1.715559639,171599226.000,1.715988828,10878890858135063043,333334,333334,10878890858135063043
40,1000,hash,first,4,1,1,666668,150,100000000,100000200,39423,176474803,176517342,42539.000,39423.000,1.764744501,176517342.000,1.765169890,10878890858135063043,333334,333334,10878890858135063043
40,10000,hash,first,0,1,1,666668,150,100000000,100000200,536741,201749578,202343596,594018.000,536741.000,2.017491745,202343596.000,2.023431913,10878890858135063043,333334,333334,10878890858135063043
40,10000,hash,first,1,1,1,666668,150,100000000,100000200,672024,202972757,203658937,686180.000,672024.000,2.029723511,203658937.000,2.036585297,10878890858135063043,333334,333334,10878890858135063043
40,10000,hash,first,2,1,1,666668,150,100000000,100000200,372174,214341107,214727298,386191.000,372174.000,2.143406783,214727298.000,2.147268685,10878890858135063043,333334,333334,10878890858135063043
40,10000,hash,first,3,1,1,666668,150,100000000,100000200,374459,212942243,213330617,388374.000,374459.000,2.129418171,213330617.000,2.133301903,10878890858135063043,333334,333334,10878890858135063043
40,10000,hash,first,4,1,1,666668,150,100000000,100000200,377084,223651056,224042236,391180.000,377084.000,2.236506087,224042236.000,2.240417879,10878890858135063043,333334,333334,10878890858135063043
40,10000,aho_corasick,first,0,1,1,666668,150,100000000,100000200,154849277,847987622,1003056358,155068736.000,154849277.000,8.479859260,1003056358.000,10.030543519,10878890858135063043,333334,333334,10878890858135063043
40,10000,aho_corasick,first,1,1,1,666668,150,100000000,100000200,141173563,813906643,955158984,141252341.000,141173563.000,8.139050152,955158984.000,9.551570737,10878890858135063043,333334,333334,10878890858135063043
40,10000,aho_corasick,first,2,1,1,666668,150,100000000,100000200,126931333,810680044,937689622,127009578.000,126931333.000,8.106784226,937689622.000,9.376877466,10878890858135063043,333334,333334,10878890858135063043
40,10000,aho_corasick,first,3,1,1,666668,150,100000000,100000200,129273473,818445230,947800696,129355466.000,129273473.000,8.184435931,947800696.000,9.477988004,10878890858135063043,333334,333334,10878890858135063043
40,10000,aho_corasick,first,4,1,1,666668,150,100000000,100000200,132734198,769113739,901927625,132813886.000,132734198.000,7.691122008,901927625.000,9.019258211,10878890858135063043,333334,333334,10878890858135063043
40,100000,hash,first,0,1,1,666668,150,100000000,100000200,5937248,378600256,384835481,6235225.000,5937248.000,3.785994988,384835481.000,3.848347113,10878890858135063043,333334,333334,10878890858135063043
40,100000,hash,first,1,1,1,666668,150,100000000,100000200,5637231,404962415,410734768,5772353.000,5637231.000,4.049616051,410734768.000,4.107339465,10878890858135063043,333334,333334,10878890858135063043
40,100000,hash,first,2,1,1,666668,150,100000000,100000200,5134209,424061952,429339839,5277887.000,5134209.000,4.240611039,429339839.000,4.293389803,10878890858135063043,333334,333334,10878890858135063043
40,100000,hash,first,3,1,1,666668,150,100000000,100000200,4130195,405408380,409671713,4263333.000,4130195.000,4.054075692,409671713.000,4.096708937,10878890858135063043,333334,333334,10878890858135063043
40,100000,hash,first,4,1,1,666668,150,100000000,100000200,4269535,410819252,415223268,4404016.000,4269535.000,4.108184304,415223268.000,4.152224376,10878890858135063043,333334,333334,10878890858135063043
40,1000000,hash,first,0,1,1,666668,150,100000000,100000200,79038823,540120208,622751653,82631445.000,79038823.000,5.401191278,622751653.000,6.227504075,10878890858135063043,333334,333334,10878890858135063043
40,1000000,hash,first,1,1,1,666668,150,100000000,100000200,69595566,549522919,622808048,73285129.000,69595566.000,5.495218200,622808048.000,6.228068024,10878890858135063043,333334,333334,10878890858135063043
40,1000000,hash,first,2,1,1,666668,150,100000000,100000200,69986408,560023777,633424714,73400937.000,69986408.000,5.600226570,633424714.000,6.334234472,10878890858135063043,333334,333334,10878890858135063043
40,1000000,hash,first,3,1,1,666668,150,100000000,100000200,67799782,536389347,607650556,71261209.000,67799782.000,5.363882742,607650556.000,6.076493407,10878890858135063043,333334,333334,10878890858135063043
40,1000000,hash,first,4,1,1,666668,150,100000000,100000200,68356814,539520366,611918781,72398415.000,68356814.000,5.395192870,611918781.000,6.119175572,10878890858135063043,333334,333334,10878890858135063043
40,1,aho_corasick,all,0,1,64,10418,150,100000000,100012800,1105643,92350287,93478903,17634.625,17275.672,0.923384677,92367921.625,0.923561000,3223715703581539356,333376,333376,3223715703581539356
40,1,aho_corasick,all,1,1,64,10418,150,100000000,100012800,1046252,94256458,95339759,16926.578,16347.688,0.942443947,94273384.578,0.942613191,3223715703581539356,333376,333376,3223715703581539356
40,1,aho_corasick,all,2,1,64,10418,150,100000000,100012800,1026485,92973560,94021384,16372.250,16038.828,0.929616609,92989932.250,0.929780311,3223715703581539356,333376,333376,3223715703581539356
40,1,aho_corasick,all,3,1,64,10418,150,100000000,100012800,1022898,93680889,94726941,16344.562,15982.781,0.936688994,93697233.562,0.936852419,3223715703581539356,333376,333376,3223715703581539356
40,1,aho_corasick,all,4,1,64,10418,150,100000000,100012800,1018611,94555655,95605564,16404.828,15915.797,0.945435534,94572059.828,0.945599562,3223715703581539356,333376,333376,3223715703581539356
40,1,hash,all,0,1,64,10418,150,100000000,100012800,27351,184469277,184500806,492.641,427.359,1.844456680,184469769.641,1.844461605,3223715703581539356,333376,333376,3223715703581539356
40,1,hash,all,1,1,64,10418,150,100000000,100012800,23494,187931400,187959161,433.766,367.094,1.879073479,187931833.766,1.879077816,3223715703581539356,333376,333376,3223715703581539356
40,1,hash,all,2,1,64,10418,150,100000000,100012800,15939,189568706,189589485,324.672,249.047,1.895444443,189569030.672,1.895447689,3223715703581539356,333376,333376,3223715703581539356
40,1,hash,all,3,1,64,10418,150,100000000,100012800,16251,184011894,184032202,317.312,253.922,1.839883435,184012211.312,1.839886608,3223715703581539356,333376,333376,3223715703581539356
40,1,hash,all,4,1,64,10418,150,100000000,100012800,15259,182685445,182705382,311.516,238.422,1.826620643,182685756.516,1.826623757,3223715703581539356,333376,333376,3223715703581539356
40,1,bndmq,all,0,1,64,10418,150,100000000,100012800,50014,23645243,23714853,1087.656,781.469,0.236422168,23646330.656,0.236433043,3223715703581539356,333376,333376,3223715703581539356
40,1,bndmq,all,1,1,64,10418,150,100000000,100012800,28834,24563156,24619812,885.250,450.531,0.245600123,24564041.250,0.245608975,3223715703581539356,333376,333376,3223715703581539356
40,1,bndmq,all,2,1,64,10418,150,100000000,100012800,36068,24616194,24678792,978.094,563.562,0.246130435,24617172.094,0.246140215,3223715703581539356,333376,333376,3223715703581539356
40,1,bndmq,all,3,1,64,10418,150,100000000,100012800,24485,24787615,24836025,756.406,382.578,0.247844426,24788371.406,0.247851989,3223715703581539356,333376,333376,3223715703581539356
40,1,bndmq,all,4,1,64,10418,150,100000000,100012800,26078,23852776,23904442,807.281,407.469,0.238497232,23853583.281,0.238505304,3223715703581539356,333376,333376,3223715703581539356
40,2,hash,all,0,1,64,10418,150,100000000,100012800,33563,182904598,182941777,580.922,524.422,1.828811892,182905178.922,1.828817701,10451078316082687531,333376,333376,10451078316082687531
40,2,hash,all,1,1,64,10418,150,100000000,100012800,30748,186403948,186438834,545.094,480.438,1.863800913,186404493.094,1.863806364,10451078316082687531,333376,333376,10451078316082687531
40,2,hash,all,2,1,64,10418,150,100000000,100012800,20579,181703200,181728338,392.781,321.547,1.816799450,181703592.781,1.816803377,10451078316082687531,333376,333376,10451078316082687531
40,2,hash,all,3,1,64,10418,150,100000000,100012800,21841,184176301,184202039,402.156,341.266,1.841527295,184176703.156,1.841531316,10451078316082687531,333376,333376,10451078316082687531
40,2,hash,all,4,1,64,10418,150,100000000,100012800,20308,185301035,185327334,410.922,317.312,1.852773195,185301445.922,1.852777304,10451078316082687531,333376,333376,10451078316082687531
40,2,bndmq,all,0,1,64,10418,150,100000000,100012800,106038,34284712,34420075,2115.047,1656.844,0.342803241,34286827.047,0.342824389,10451078316082687531,333376,333376,10451078316082687531
40,2,bndmq,all,1,1,64,10418,150,100000000,100012800,62266,33406003,33495871,1404.188,972.906,0.334017276,33407407.188,0.334031316,10451078316082687531,333376,333376,10451078316082687531
40,2,bndmq,all,2,1,64,10418,150,100000000,100012800,56506,33776344,33860081,1308.391,882.906,0.337720212,33777652.391,0.337733294,10451078316082687531,333376,333376,10451078316082687531
40,2,bndmq,all,3,1,64,10418,150,100000000,100012800,55464,33836913,33919397,1288.812,866.625,0.338325824,33838201.812,0.338338711,10451078316082687531,333376,333376,10451078316082687531
40,2,bndmq,all,4,1,64,10418,150,100000000,100012800,54151,34442808,34519431,1197.234,846.109,0.344383999,34444005.234,0.344395970,10451078316082687531,333376,333376,10451078316082687531
40,2,aho_corasick,all,0,1,64,10418,150,100000000,100012800,1811900,548926717,550780125,28959.500,28310.938,5.488564634,548955676.500,5.488854192,10451078316082687531,333376,333376,10451078316082687531
40,2,aho_corasick,all,1,1,64,10418,150,100000000,100012800,1779790,551161907,552984768,28482.203,27809.219,5.510913673,551190389.203,5.511198459,10451078316082687531,333376,333376,10451078316082687531
40,2,aho_corasick,all,2,1,64,10418,150,100000000,100012800,1573065,549364013,550961263,24957.031,24579.141,5.492937034,549388970.031,5.493186572,10451078316082687531,333376,333376,10451078316082687531
40,2,aho_corasick,all,3,1,64,10418,150,100000000,100012800,1591790,547082747,548713951,25487.562,24871.719,5.470127294,547108234.562,5.470382137,10451078316082687531,333376,333376,10451078316082687531
40,2,aho_corasick,all,4,1,64,10418,150,100000000,100012800,1566332,545806211,547399243,24891.125,24473.938,5.457363567,545831102.125,5.457612447,10451078316082687531,333376,333376,10451078316082687531
40,4,aho_corasick,all,0,1,64,10418,150,100000000,100012800,3189089,215322108,218567392,50707.562,49829.516,2.152945503,215372815.562,2.153452514,17375019431986916648,333376,333376,17375019431986916648
40,4,aho_corasick,all,1,1,64,10418,150,100000000,100012800,2674350,213556517,216283425,42607.938,41786.719,2.135291853,213599124.938,2.135717877,17375019431986916648,333376,333376,17375019431986916648
40,4,aho_corasick,all,2,1,64,10418,150,100000000,100012800,2627963,206703107,209383057,41874.219,41061.922,2.066766524,206744981.219,2.067185212,17375019431986916648,333376,333376,17375019431986916648
40,4,aho_corasick,all,3,1,64,10418,150,100000000,100012800,2812917,205405203,208267642,44725.609,43951.828,2.053789145,205449928.609,2.054236344,17375019431986916648,333376,333376,17375019431986916648
40,4,aho_corasick,all,4,1,64,10418,150,100000000,100012800,3312079,214809376,218172771,52553.047,51751.234,2.147818839,214861929.047,2.148344302,17375019431986916648,333376,333376,17375019431986916648
40,4,bndmq,all,0,1,64,10418,150,100000000,100012800,140031,51927548,52102905,2739.953,2187.984,0.519209021,51930287.953,0.519236417,17375019431986916648,333376,333376,17375019431986916648
40,4,bndmq,all,1,1,64,10418,150,100000000,100012800,119713,52529867,52689835,2499.500,1870.516,0.525231440,52532366.500,0.525256432,17375019431986916648,333376,333376,17375019431986916648
40,4,bndmq,all,2,1,64,10418,150,100000000,100012800,134792,52811006,52972628,2525.344,2106.125,0.528042471,52813531.344,0.528067721,17375019431986916648,333376,333376,17375019431986916648
40,4,bndmq,all,3,1,64,10418,150,100000000,100012800,116858,52094189,52238598,2256.391,1825.906,0.520875218,52096445.391,0.520897779,17375019431986916648,333376,333376,17375019431986916648
40,4,bndmq,all,4,1,64,10418,150,100000000,100012800,116337,52159015,52301962,2233.547,1817.766,0.521523395,52161248.547,0.521545728,17375019431986916648,333376,333376,17375019431986916648
40,4,hash,all,0,1,64,10418,150,100000000,100012800,36258,206469431,206510699,644.812,566.531,2.064430063,206470075.812,2.064436510,17375019431986916648,333376,333376,17375019431986916648
40,4,hash,all,1,1,64,10418,150,100000000,100012800,31438,211616179,211652708,570.766,491.219,2.115890956,211616749.766,2.115896663,17375019431986916648,333376,333376,17375019431986916648
40,4,hash,all,2,1,64,10418,150,100000000,100012800,26188,207487301,207518959,494.656,409.188,2.074607460,207487795.656,2.074612406,17375019431986916648,333376,333376,17375019431986916648
40,4,hash,all,3,1,64,10418,150,100000000,100012800,32831,205489844,205527574,589.531,512.984,2.054635447,205490433.531,2.054641341,17375019431986916648,333376,333376,17375019431986916648
40,4,hash,all,4,1,64,10418,150,100000000,100012800,25958,207508975,207538941,468.219,405.594,2.074824173,207509443.219,2.074828854,17375019431986916648,333376,333376,17375019431986916648
40,8,bndmq,all,0,1,32,20834,150,100000000,100003200,195164,91315912,91539138,6975.812,6098.875,0.913129900,91322887.812,0.913199656,11801018241232540025,333344,333344,11801018241232540025
40,8,bndmq,all,1,1,32,20834,150,100000000,100003200,124062,92672368,92822999,4707.219,3876.938,0.926694026,92677075.219,0.926741096,11801018241232540025,333344,333344,11801018241232540025
40,8,bndmq,all,2,1,32,20834,150,100000000,100003200,101199,89391882,89518419,3954.281,3162.469,0.893890216,89395836.281,0.893929757,11801018241232540025,333344,333344,11801018241232540025
40,8,bndmq,all,3,1,32,20834,150,100000000,100003200,104074,91770239,91901545,4103.312,3252.312,0.917673024,91774342.312,0.917714056,11801018241232540025,333344,333344,11801018241232540025
40,8,bndmq,all,4,1,32,20834,150,100000000,100003200,101249,89590318,89725640,4228.812,3164.031,0.895874512,89594546.812,0.895916799,11801018241232540025,333344,333344,11801018241232540025
40,8,hash,all,0,1,32,20834,150,100000000,100003200,32120,218646399,218684109,1178.438,1003.750,2.186394025,218647577.438,2.186405809,11801018241232540025,333344,333344,11801018241232540025
40,8,hash,all,1,1,32,20834,150,100000000,100003200,28634,217364421,217397843,1044.438,894.812,2.173574656,217365465.438,2.173585100,11801018241232540025,333344,333344,11801018241232540025
40,8,hash,all,2,1,32,20834,150,100000000,100003200,27561,224284067,224316778,1022.219,861.281,2.242768901,224285089.219,2.242779123,11801018241232540025,333344,333344,11801018241232540025
40,8,hash,all,3,1,32,20834,150,100000000,100003200,19376,222217466,222241140,739.812,605.500,2.222103553,222218205.812,2.222110951,11801018241232540025,333344,333344,11801018241232540025
40,8,hash,all,4,1,32,20834,150,100000000,100003200,20969,220440877,220465934,783.031,655.281,2.204338231,220441660.031,2.204346061,11801018241232540025,333344,333344,11801018241232540025
40,8,aho_corasick,all,0,1,32,20834,150,100000000,100003200,2931990,206800994,209786945,93310.969,91624.688,2.067943766,206894304.969,2.068876846,11801018241232540025,333344,333344,11801018241232540025
40,8,aho_corasick,all,1,1,32,20834,150,100000000,100003200,2952231,199943377,202942104,93710.219,92257.219,1.999369790,200037087.219,2.000306862,11801018241232540025,333344,333344,11801018241232540025
40,8,aho_corasick,all,2,1,32,20834,150,100000000,100003200,2467885,216134262,218644376,78441.062,77121.406,2.161273459,216212703.062,2.162057845,11801018241232540025,333344,333344,11801018241232540025
40,8,aho_corasick,all,3,1,32,20834,150,100000000,100003200,2947609,194274420,197266863,93513.844,92112.781,1.942682034,194367933.844,1.943617143,11801018241232540025,333344,333344,11801018241232540025
40,8,aho_corasick,all,4,1,32,20834,150,100000000,100003200,2491338,214674243,217211837,79299.812,77854.312,2.146673736,214753542.812,2.147466709,11801018241232540025,333344,333344,11801018241232540025
40,16,aho_corasick,all,0,1,16,41668,150,100000000,100003200,2567129,221638562,224240455,162618.312,160445.562,2.216314698,221801180.312,2.217940829,4464015921151995800,333344,333344,4464015921151995800
40,16,aho_corasick,all,1,1,16,41668,150,100000000,100003200,2874483,219515941,222424878,181808.562,179655.188,2.195089167,219697749.562,2.196907195,4464015921151995800,333344,333344,4464015921151995800
40,16,aho_corasick,all,2,1,16,41668,150,100000000,100003200,2427359,210506708,212975123,154275.938,151709.938,2.104999720,210660983.938,2.106542430,4464015921151995800,333344,333344,4464015921151995800
40,16,aho_corasick,all,3,1,16,41668,150,100000000,100003200,2834197,215136181,218014400,179888.688,177137.312,2.151292969,215316069.688,2.153091798,4464015921151995800,333344,333344,4464015921151995800
40,16,aho_corasick,all,4,1,16,41668,150,100000000,100003200,2703734,209804122,212548262,171508.750,168983.375,2.097974085,209975630.750,2.099689117,4464015921151995800,333344,333344,4464015921151995800
40,16,hash,all,0,1,16,41668,150,100000000,100003200,29074,220247256,220280368,2069.500,1817.125,2.202402083,220249325.500,2.202422777,4464015921151995800,333344,333344,4464015921151995800
40,16,hash,all,1,1,16,41668,150,100000000,100003200,24907,217966641,217995546,1806.562,1556.688,2.179596663,217968447.562,2.179614728,4464015921151995800,333344,333344,4464015921151995800
40,16,hash,all,2,1,16,41668,150,100000000,100003200,16711,219973425,219994475,1315.625,1044.438,2.199663861,219974740.625,2.199677017,4464015921151995800,333344,333344,4464015921151995800
40,16,hash,all,3,1,16,41668,150,100000000,100003200,16521,219921648,219943098,1340.625,1032.562,2.199146107,219922988.625,2.199159513,4464015921151995800,333344,333344,4464015921151995800
40,16,hash,all,4,1,16,41668,150,100000000,100003200,16761,225408900,225430370,1341.875,1047.562,2.254016871,225410241.875,2.254030290,4464015921151995800,333344,333344,4464015921151995800
40,16,bndmq,all,0,1,16,41668,150,100000000,100003200,120104,160970281,161113919,8977.375,7506.500,1.609651301,160979258.375,1.609741072,4464015921151995800,333344,333344,4464015921151995800
40,16,bndmq,all,1,1,16,41668,150,100000000,100003200,133309,158370627,158523492,9554.062,8331.812,1.583655593,158380181.062,1.583751131,4464015921151995800,333344,333344,4464015921151995800
40,16,bndmq,all,2,1,16,41668,150,100000000,100003200,84117,159717309,159827265,6872.250,5257.312,1.597121982,159724181.250,1.597190702,4464015921151995800,333344,333344,4464015921151995800
40,16,bndmq,all,3,1,16,41668,150,100000000,100003200,84769,161439366,161551145,6986.188,5298.062,1.614342001,161446352.188,1.614411861,4464015921151995800,333344,333344,4464015921151995800
40,16,bndmq,all,4,1,16,41668,150,100000000,100003200,88014,163457998,163571650,7103.250,5500.875,1.634527675,163465101.250,1.634598705,4464015921151995800,333344,333344,4464015921151995800
40,32,hash,all,0,1,8,83334,150,100000000,100000800,22632,216214412,216240240,3228.500,2829.000,2.162126823,216217640.500,2.162159108,11731958735463122949,333336,333336,11731958735463122949
40,32,hash,all,1,1,8,83334,150,100000000,100000800,19246,220653183,220676046,2857.875,2405.750,2.206514178,220656040.875,2.206542756,11731958735463122949,333336,333336,11731958735463122949
40,32,hash,all,2,1,8,83334,150,100000000,100000800,15138,226260324,226279209,2360.625,1892.250,2.262585139,226262684.625,2.262608745,11731958735463122949,333336,333336,11731958735463122949
40,32,hash,all,3,1,8,83334,150,100000000,100000800,15710,240851808,240871044,2404.500,1963.750,2.408498812,240854212.500,2.408522857,11731958735463122949,333336,333336,11731958735463122949
40,32,hash,all,4,1,8,83334,150,100000000,100000800,18405,222918713,222940645,2741.500,2300.625,2.229169297,222921454.500,2.229196711,11731958735463122949,333336,333336,11731958735463122949
40,32,aho_corasick,all,0,1,8,83334,150,100000000,100000800,2692854,223902254,226633510,341407.000,336606.750,2.239004628,224243661.000,2.242418671,11731958735463122949,333336,333336,11731958735463122949
40,32,aho_corasick,all,1,1,8,83334,150,100000000,100000800,2726316,217204523,219961596,344634.125,340789.500,2.172027854,217549157.125,2.175474167,11731958735463122949,333336,333336,11731958735463122949
40,32,aho_corasick,all,2,1,8,83334,150,100000000,100000800,2607875,212717153,215355425,329784.000,325984.375,2.127154513,213046937.000,2.130452326,11731958735463122949,333336,333336,11731958735463122949
40,32,aho_corasick,all,3,1,8,83334,150,100000000,100000800,2359191,221156502,223550147,299205.625,294898.875,2.211547328,221455707.625,2.214539360,11731958735463122949,333336,333336,11731958735463122949
40,32,aho_corasick,all,4,1,8,83334,150,100000000,100000800,2297056,222213098,224544959,291482.625,287132.000,2.222113203,222504580.625,2.225028006,11731958735463122949,333336,333336,11731958735463122949
40,32,bndmq,all,0,1,8,83334,150,100000000,100000800,116487,296463061,296598685,16953.000,14560.875,2.964606893,296480014.000,2.964776422,11731958735463122949,333336,333336,11731958735463122949
40,32,bndmq,all,1,1,8,83334,150,100000000,100000800,63869,298221649,298308701,10881.500,7983.625,2.982192632,298232530.500,2.982301447,11731958735463122949,333336,333336,11731958735463122949
40,32,bndmq,all,2,1,8,83334,150,100000000,100000800,60923,294491875,294576472,10574.625,7615.375,2.944895191,294502449.625,2.945000936,11731958735463122949,333336,333336,11731958735463122949
40,32,bndmq,all,3,1,8,83334,150,100000000,100000800,64981,297593752,297702234,13560.250,8122.625,2.975913713,297607312.250,2.976049314,11731958735463122949,333336,333336,11731958735463122949
40,32,bndmq,all,4,1,8,83334,150,100000000,100000800,92042,300302671,300418948,14534.625,11505.250,3.003002686,300317205.625,3.003148031,11731958735463122949,333336,333336,11731958735463122949
40,64,bndmq,all,0,1,4,166668,150,100000000,100000800,119063,579013728,579169750,39005.500,29765.750,5.790090959,579052733.500,5.790481011,9312386529460759553,333336,333336,9312386529460759553
40,64,bndmq,all,1,1,4,166668,150,100000000,100000800,135473,589521468,589688049,41645.250,33868.250,5.895167519,589563113.250,5.895583968,9312386529460759553,333336,333336,9312386529460759553
40,64,bndmq,all,2,1,4,166668,150,100000000,100000800,172001,578557227,578760646,50854.750,43000.250,5.785525986,578608081.750,5.786034529,9312386529460759553,333336,333336,9312386529460759553
40,64,bndmq,all,3,1,4,166668,150,100000000,100000800,96380,576739445,576867063,31904.500,24095.000,5.767348311,576771349.500,5.767667354,9312386529460759553,333336,333336,9312386529460759553
40,64,bndmq,all,4,1,4,166668,150,100000000,100000800,95879,576147506,576264635,29282.250,23969.750,5.761428969,576176788.250,5.761721789,9312386529460759553,333336,333336,9312386529460759553
40,64,hash,all,0,1,4,166668,150,100000000,100000800,18785,226285431,226307271,5460.000,4696.250,2.262836207,226290891.000,2.262890807,9312386529460759553,333336,333336,9312386529460759553
40,64,hash,all,1,1,4,166668,150,100000000,100000800,20138,228664931,228687864,5733.250,5034.500,2.286631017,228670664.250,2.286688349,9312386529460759553,333336,333336,9312386529460759553
40,64,hash,all,2,1,4,166668,150,100000000,100000800,12403,223499539,223515288,3937.250,3100.750,2.234977510,223503476.250,2.235016882,9312386529460759553,333336,333336,9312386529460759553
40,64,hash,all,3,1,4,166668,150,100000000,100000800,13075,220782019,220799121,4275.500,3268.750,2.207802528,220786294.500,2.207845282,9312386529460759553,333336,333336,9312386529460759553
40,64,hash,all,4,1,4,166668,150,100000000,100000800,13516,231768780,231785131,4087.750,3379.000,2.317669259,231772867.750,2.317710136,9312386529460759553,333336,333336,9312386529460759553
40,64,aho_corasick,all,0,1,4,166668,150,100000000,100000800,2469347,222777872,225289668,627949.000,617336.750,2.227760898,223405821.000,2.234040338,9312386529460759553,333336,333336,9312386529460759553
40,64,aho_corasick,all,1,1,4,166668,150,100000000,100000800,2798200,227585357,230422681,709331.000,699550.000,2.275835363,228294688.000,2.282928617,9312386529460759553,333336,333336,9312386529460759553
40,64,aho_corasick,all,2,1,4,166668,150,100000000,100000800,2345766,227190228,229583412,598296.000,586441.500,2.271884105,227788524.000,2.277867017,9312386529460759553,333336,333336,9312386529460759553
40,64,aho_corasick,all,3,1,4,166668,150,100000000,100000800,2416858,225655656,228112539,614220.750,604214.500,2.256538508,226269876.750,2.262680666,9312386529460759553,333336,333336,9312386529460759553
40,64,aho_corasick,all,4,1,4,166668,150,100000000,100000800,2385361,220070136,222498758,607155.500,596340.250,2.200683755,220677291.500,2.206755261,9312386529460759553,333336,333336,9312386529460759553
40,128,aho_corasick,all,0,1,2,333334,150,100000000,100000200,2437337,247141099,249609635,1234268.000,1218668.500,2.471406047,248375367.000,2.483748703,8647452096198533021,333334,333334,8647452096198533021
40,128,aho_corasick,all,1,1,2,333334,150,100000000,100000200,2826756,243296468,246160864,1432198.000,1413378.000,2.432959814,244728666.000,2.447281765,8647452096198533021,333334,333334,8647452096198533021
40,128,aho_corasick,all,2,1,2,333334,150,100000000,100000200,2864594,237805400,240709086,1451843.000,1432297.000,2.378049244,239257243.000,2.392567645,8647452096198533021,333334,333334,8647452096198533021
40,128,aho_corasick,all,3,1,2,333334,150,100000000,100000200,2838656,239568849,242446668,1438909.500,1419328.000,2.395683699,241007758.500,2.410072765,8647452096198533021,333334,333334,8647452096198533021
40,128,aho_corasick,all,4,1,2,333334,150,100000000,100000200,2634275,239384838,242060851,1338006.500,1317137.500,2.393843592,240722844.500,2.407223631,8647452096198533021,333334,333334,8647452096198533021
40,128,hash,all,0,1,2,333334,150,100000000,100000200,17593,233714412,233734439,10013.500,8796.500,2.337139446,233724425.500,2.337239581,8647452096198533021,333334,333334,8647452096198533021
40,128,hash,all,1,1,2,333334,150,100000000,100000200,20338,242688159,242711743,11792.000,10169.000,2.426876736,242699951.000,2.426994656,8647452096198533021,333334,333334,8647452096198533021
40,128,hash,all,2,1,2,333334,150,100000000,100000200,15129,236681443,236698956,8756.500,7564.500,2.366809696,236690199.500,2.366897261,8647452096198533021,333334,333334,8647452096198533021
40,128,hash,all,3,1,2,333334,150,100000000,100000200,12723,235448596,235463845,7624.500,6361.500,2.354481251,235456220.500,2.354557496,8647452096198533021,333334,333334,8647452096198533021
40,128,hash,all,4,1,2,333334,150,100000000,100000200,12723,233517530,233533149,7809.500,6361.500,2.335170630,233525339.500,2.335248725,8647452096198533021,333334,333334,8647452096198533021
40,128,bndmq,all,0,1,2,333334,150,100000000,100000200,314908,1198585174,1198938404,176615.000,157454.000,11.985827768,1198761789.000,11.987593915,8647452096198533021,333334,333334,8647452096198533021
40,128,bndmq,all,1,1,2,333334,150,100000000,100000200,117078,1153623212,1153766138,71463.000,58539.000,11.536209048,1153694675.000,11.536923676,8647452096198533021,333334,333334,8647452096198533021
40,128,bndmq,all,2,1,2,333334,150,100000000,100000200,93765,1152372345,1152493501,60578.000,46882.500,11.523700403,1152432923.000,11.524306181,8647452096198533021,333334,333334,8647452096198533021
40,128,bndmq,all,3,1,2,333334,150,100000000,100000200,100087,1170855314,1170984615,64650.500,50043.500,11.708529723,1170919964.500,11.709176227,8647452096198533021,333334,333334,8647452096198533021
40,128,bndmq,all,4,1,2,333334,150,100000000,100000200,95889,1186241385,1186358704,58659.500,47944.500,11.862390125,1186300044.500,11.862976719,8647452096198533021,333334,333334,8647452096198533021
40,256,hash,all,0,1,1,666668,150,100000000,100000200,16922,231098506,231117021,18515.000,16922.000,2.310980438,231117021.000,2.311165588,853422876469500801,333334,333334,853422876469500801
40,256,hash,all,1,1,1,666668,150,100000000,100000200,16541,236260544,236279439,18895.000,16541.000,2.362600715,236279439.000,2.362789664,853422876469500801,333334,333334,853422876469500801
40,256,hash,all,2,1,1,666668,150,100000000,100000200,13926,235672401,235688541,16140.000,13926.000,2.356719297,235688541.000,2.356880696,853422876469500801,333334,333334,853422876469500801
40,256,hash,all,3,1,1,666668,150,100000000,100000200,11051,233502388,233515193,12805.000,11051.000,2.335019210,233515193.000,2.335147260,853422876469500801,333334,333334,853422876469500801
40,256,hash,all,4,1,1,666668,150,100000000,100000200,11481,233410339,233423743,13404.000,11481.000,2.334098722,233423743.000,2.334232762,853422876469500801,333334,333334,853422876469500801
40,256,aho_corasick,all,0,1,1,666668,150,100000000,100000200,2517427,275208627,277759326,2550699.000,2517427.000,2.752080766,277759326.000,2.777587705,853422876469500801,333334,333334,853422876469500801
40,256,aho_corasick,all,1,1,1,666668,150,100000000,100000200,2997434,295776204,298814785,3038581.000,2997434.000,2.957756124,298814785.000,2.988141874,853422876469500801,333334,333334,853422876469500801
40,256,aho_corasick,all,2,1,1,666668,150,100000000,100000200,3041204,305285161,308375016,3089855.000,3041204.000,3.052845504,308375016.000,3.083743993,853422876469500801,333334,333334,853422876469500801
40,256,aho_corasick,all,3,1,1,666668,150,100000000,100000200,2486339,307561603,310096322,2534719.000,2486339.000,3.075609879,310096322.000,3.100957018,853422876469500801,333334,333334,853422876469500801
40,256,aho_corasick,all,4,1,1,666668,150,100000000,100000200,2641578,301434268,304117113,2682845.000,2641578.000,3.014336651,304117113.000,3.041165048,853422876469500801,333334,333334,853422876469500801
40,1000,aho_corasick,all,0,1,1,666668,150,100000000,100000200,11344355,435280059,446704262,11424203.000,11344355.000,4.352791884,446704262.000,4.467033686,9471581826310324694,333334,333334,9471581826310324694
40,1000,aho_corasick,all,1,1,1,666668,150,100000000,100000200,12185016,436216634,448412340,12195706.000,12185016.000,4.362157616,448412340.000,4.484114432,9471581826310324694,333334,333334,9471581826310324694
40,1000,aho_corasick,all,2,1,1,666668,150,100000000,100000200,11365204,430156293,441528290,11371997.000,11365204.000,4.301554327,441528290.000,4.415274069,9471581826310324694,333334,333334,9471581826310324694
40,1000,aho_corasick,all,3,1,1,666668,150,100000000,100000200,11614749,434687022,446434649,11747627.000,11614749.000,4.346861526,446434649.000,4.464337561,9471581826310324694,333334,333334,9471581826310324694
40,1000,aho_corasick,all,4,1,1,666668,150,100000000,100000200,11199985,439833421,451170532,11337111.000,11199985.000,4.398325413,451170532.000,4.511696297,9471581826310324694,333334,333334,9471581826310324694
40,1000,hash,all,0,1,1,666668,150,100000000,100000200,71663,225684355,225759274,74919.000,71663.000,2.256839036,225759274.000,2.257588225,9471581826310324694,333334,333334,9471581826310324694
40,1000,hash,all,1,1,1,666668,150,100000000,100000200,69930,235286169,235374664,88495.000,69930.000,2.352856984,235374664.000,2.353741933,9471581826310324694,333334,333334,9471581826310324694
40,1000,hash,all,2,1,1,666668,150,100000000,100000200,49062,236327772,236379840,52068.000,49062.000,2.363272993,236379840.000,2.363793672,9471581826310324694,333334,333334,9471581826310324694
40,1000,hash,all,3,1,1,666668,150,100000000,100000200,39193,231846825,231889184,42359.000,39193.000,2.318463613,231889184.000,2.318887202,9471581826310324694,333334,333334,9471581826310324694
40,1000,hash,all,4,1,1,666668,150,100000000,100000200,47409,230552128,230602723,50595.000,47409.000,2.305516669,230602723.000,2.306022618,9471581826310324694,333334,333334,9471581826310324694
40,10000,aho_corasick,all,0,1,1,666668,150,100000000,100000200,143451300,1033263503,1177041032,143777529.000,143451300.000,10.332614365,1177041032.000,11.770386779,17816652361235853743,333334,333334,17816652361235853743
40,10000,aho_corasick,all,1,1,1,666668,150,100000000,100000200,138166907,1041819766,1180060961,138241195.000,138166907.000,10.418176824,1180060961.000,11.800586009,17816652361235853743,333334,333334,17816652361235853743
40,10000,aho_corasick,all,2,1,1,666668,150,100000000,100000200,129538213,1043544351,1173184444,129640093.000,129538213.000,10.435422639,1173184444.000,11.731820976,17816652361235853743,333334,333334,17816652361235853743
40,10000,aho_corasick,all,3,1,1,666668,150,100000000,100000200,125446923,1111055871,1236600246,125544375.000,125446923.000,11.110536489,1236600246.000,12.365977728,17816652361235853743,333334,333334,17816652361235853743
40,10000,aho_corasick,all,4,1,1,666668,150,100000000,100000200,142036433,1128557550,1270668652,142111102.000,142036433.000,11.285552929,1270668652.000,12.706661107,17816652361235853743,333334,333334,17816652361235853743
40,10000,hash,all,0,1,1,666668,150,100000000,100000200,1163991,280252549,281472915,1220366.000,1163991.000,2.802519885,281472915.000,2.814723521,17816652361235853743,333334,333334,17816652361235853743
40,10000,hash,all,1,1,1,666668,150,100000000,100000200,526161,292890479,293430366,539887.000,526161.000,2.928898932,293430366.000,2.934297791,17816652361235853743,333334,333334,17816652361235853743
40,10000,hash,all,2,1,1,666668,150,100000000,100000200,518788,283466233,283998937,532704.000,518788.000,2.834656661,283998937.000,2.839983690,17816652361235853743,333334,333334,17816652361235853743
40,10000,hash,all,3,1,1,666668,150,100000000,100000200,405988,289894928,290314952,420024.000,405988.000,2.898943482,290314952.000,2.903143714,17816652361235853743,333334,333334,17816652361235853743
40,10000,hash,all,4,1,1,666668,150,100000000,100000200,381492,285437532,285832880,395348.000,381492.000,2.854369611,285832880.000,2.858323083,17816652361235853743,333334,333334,17816652361235853743
40,100000,hash,all,0,1,1,666668,150,100000000,100000200,5948468,513653711,519889514,6235803.000,5948468.000,5.136526837,519889514.000,5.198884742,5068311538075975345,333334,333334,5068311538075975345
40,100000,hash,all,1,1,1,666668,150,100000000,100000200,6631743,573911159,580678294,6767135.000,6631743.000,5.739100112,580678294.000,5.806771326,5068311538075975345,333334,333334,5068311538075975345
40,100000,hash,all,2,1,1,666668,150,100000000,100000200,4820886,519606314,524542184,4935870.000,4820886.000,5.196052748,524542184.000,5.245411349,5068311538075975345,333334,333334,5068311538075975345
40,100000,hash,all,3,1,1,666668,150,100000000,100000200,4143901,509908386,514166580,4258194.000,4143901.000,5.099073662,514166580.000,5.141655517,5068311538075975345,333334,333334,5068311538075975345
40,100000,hash,all,4,1,1,666668,150,100000000,100000200,4185849,511375309,515678637,4303328.000,4185849.000,5.113742863,515678637.000,5.156776056,5068311538075975345,333334,333334,5068311538075975345
40,1000000,hash,all,0,1,1,666668,150,100000000,100000200,101133566,679741895,785057803,105315908.000,101133566.000,6.797405355,785057803.000,7.850562329,4807802995802832388,333334,333334,4807802995802832388
40,1000000,hash,all,1,1,1,666668,150,100000000,100000200,76090495,667712786,747211779,79498993.000,76090495.000,6.677114506,747211779.000,7.472102846,4807802995802832388,333334,333334,4807802995802832388
40,1000000,hash,all,2,1,1,666668,150,100000000,100000200,73001488,650659884,726875698,76215814.000,73001488.000,6.506585827,726875698.000,7.268742443,4807802995802832388,333334,333334,4807802995802832388
40,1000000,hash,all,3,1,1,666668,150,100000000,100000200,69730126,650150419,723042685,72892266.000,69730126.000,6.501491187,723042685.000,7.230412389,4807802995802832388,333334,333334,4807802995802832388
40,1000000,hash,all,4,1,1,666668,150,100000000,100000200,72039501,628986945,704334729,75347784.000,72039501.000,6.289856870,704334729.000,7.043333203,4807802995802832388,333334,333334,4807802995802832388
48,1,bndmq,first,0,1,64,10418,150,100000000,100012800,47208,29429763,29495486,1026.922,737.625,0.294259965,29430789.922,0.294270233,10100110153867304471,333376,333376,10100110153867304471
48,1,bndmq,first,1,1,64,10418,150,100000000,100012800,30237,29669902,29720046,783.500,472.453,0.296661047,29670685.500,0.296668881,10100110153867304471,333376,333376,10100110153867304471
48,1,bndmq,first,2,1,64,10418,150,100000000,100012800,26610,29439633,29484217,696.625,415.781,0.294358652,29440329.625,0.294365617,10100110153867304471,333376,333376,10100110153867304471
48,1,bndmq,first,3,1,64,10418,150,100000000,100012800,24265,29914580,29958361,684.078,379.141,0.299107514,29915264.078,0.299114354,10100110153867304471,333376,333376,10100110153867304471
48,1,bndmq,first,4,1,64,10418,150,100000000,100012800,26339,29513932,29560148,722.125,411.547,0.295101547,29514654.125,0.295108767,10100110153867304471,333376,333376,10100110153867304471
48,1,aho_corasick,first,0,1,64,10418,150,100000000,100012800,1224925,55480171,56747716,19805.391,19139.453,0.554730704,55499976.391,0.554928733,10100110153867304471,333376,333376,10100110153867304471
48,1,aho_corasick,first,1,1,64,10418,150,100000000,100012800,1368086,55993052,57389962,21826.719,21376.344,0.559858858,56014878.719,0.560077097,10100110153867304471,333376,333376,10100110153867304471
48,1,aho_corasick,first,2,1,64,10418,150,100000000,100012800,1706706,54143840,55878788,27108.562,26667.281,0.541369105,54170948.562,0.541640156,10100110153867304471,333376,333376,10100110153867304471
48,1,aho_corasick,first,3,1,64,10418,150,100000000,100012800,1124357,53355030,54510234,18050.062,17568.078,0.533482014,53373080.062,0.533662492,10100110153867304471,333376,333376,10100110153867304471
48,1,aho_corasick,first,4,1,64,10418,150,100000000,100012800,1426028,56985614,58441258,22744.438,22281.688,0.569783208,57008358.438,0.570010623,10100110153867304471,333376,333376,10100110153867304471
48,1,hash,first,0,1,64,10418,150,100000000,100012800,27472,132572247,132603015,480.750,429.250,1.325552799,132572727.750,1.325557606,10100110153867304471,333376,333376,10100110153867304471
48,1,hash,first,1,1,64,10418,150,100000000,100012800,24225,133449002,133476774,433.938,378.516,1.334319227,133449435.938,1.334323566,10100110153867304471,333376,333376,10100110153867304471
48,1,hash,first,2,1,64,10418,150,100000000,100012800,15759,130749156,130771116,343.125,246.234,1.307324222,130749499.125,1.307327653,10100110153867304471,333376,333376,10100110153867304471
48,1,hash,first,3,1,64,10418,150,100000000,100012800,17332,142536376,142559809,366.141,270.812,1.425181337,142536742.141,1.425184998,10100110153867304471,333376,333376,10100110153867304471
48,1,hash,first,4,1,64,10418,150,100000000,100012800,20759,136213169,136238256,391.984,324.359,1.361957359,136213560.984,1.361961279,10100110153867304471,333376,333376,10100110153867304471
48,2,hash,first,0,1,64,10418,150,100000000,100012800,25468,142083052,142112637,462.266,397.938,1.420648677,142083514.266,1.420653299,10100110153867304471,333376,333376,10100110153867304471
48,2,hash,first,1,1,64,10418,150,100000000,100012800,28864,141616114,141648535,506.578,451.000,1.415979895,141616620.578,1.415984960,10100110153867304471,333376,333376,10100110153867304471
48,2,hash,first,2,1,64,10418,150,100000000,100012800,20188,141457964,141482079,376.797,315.438,1.414398597,141458340.797,1.414402364,10100110153867304471,333376,333376,10100110153867304471
48,2,hash,first,3,1,64,10418,150,100000000,100012800,18434,140614709,140637391,354.406,288.031,1.405967126,140615063.406,1.405970670,10100110153867304471,333376,333376,10100110153867304471
48,2,hash,first,4,1,64,10418,150,100000000,100012800,19075,141412109,141435973,372.875,298.047,1.413940106,141412481.875,1.413943834,10100110153867304471,333376,333376,10100110153867304471
48,2,bndmq,first,0,1,64,10418,150,100000000,100012800,84798,34181908,34292595,1729.484,1324.969,0.341775333,34183637.484,0.341792625,10100110153867304471,333376,333376,10100110153867304471
48,2,bndmq,first,1,1,64,10418,150,100000000,100012800,72706,32922755,33018975,1503.438,1136.031,0.329185414,32924258.438,0.329200447,10100110153867304471,333376,333376,10100110153867304471
48,2,bndmq,first,2,1,64,10418,150,100000000,100012800,61114,34302836,34388175,1333.422,954.906,0.342984458,34304169.422,0.342997791,10100110153867304471,333376,333376,10100110153867304471
48,2,bndmq,first,3,1,64,10418,150,100000000,100012800,62417,33533218,33619750,1352.062,975.266,0.335289263,33534570.062,0.335302782,10100110153867304471,333376,333376,10100110153867304471
48,2,bndmq,first,4,1,64,10418,150,100000000,100012800,58770,34151802,34230640,1231.844,918.281,0.341474311,34153033.844,0.341486628,10100110153867304471,333376,333376,10100110153867304471
48,2,aho_corasick,first,0,1,64,10418,150,100000000,100012800,2006733,437763955,439804071,31876.812,31355.203,4.377079284,437795831.812,4.377398011,10100110153867304471,333376,333376,10100110153867304471
48,2,aho_corasick,first,1,1,64,10418,150,100000000,100012800,1857816,482392799,484290039,29644.375,29028.375,4.823310606,482422443.375,4.823607012,10100110153867304471,333376,333376,10100110153867304471
48,2,aho_corasick,first,2,1,64,10418,150,100000000,100012800,2873513,617628130,620535847,45433.078,44898.641,6.175490837,617673563.078,6.175945110,10100110153867304471,333376,333376,10100110153867304471
48,2,aho_corasick,first,3,1,64,10418,150,100000000,100012800,3133717,555722946,558884845,49404.672,48964.328,5.556518226,555772350.672,5.557012209,10100110153867304471,333376,333376,10100110153867304471
48,2,aho_corasick,first,4,1,64,10418,150,100000000,100012800,2332782,459226535,461611554,37265.922,36449.719,4.591677615,459263800.922,4.592050227,10100110153867304471,333376,333376,10100110153867304471
48,4,hash,first,0,1,64,10418,150,100000000,100012800,61385,159390622,159457557,1045.859,959.141,1.593702226,159391667.859,1.593712683,10100110153867304471,333376,333376,10100110153867304471
48,4,hash,first,1,1,64,10418,150,100000000,100012800,56616,150226423,150287437,953.344,884.625,1.502071965,150227376.344,1.502081497,10100110153867304471,333376,333376,10100110153867304471
48,4,hash,first,2,1,64,10418,150,100000000,100012800,29135,154018268,154053114,544.469,455.234,1.539985562,154018812.469,1.539991006,10100110153867304471,333376,333376,10100110153867304471
48,4,hash,first,3,1,64,10418,150,100000000,100012800,30818,154179187,154216076,576.391,481.531,1.541594546,154179763.391,1.541600309,10100110153867304471,333376,333376,10100110153867304471
48,4,hash,first,4,1,64,10418,150,100000000,100012800,31068,149374199,149409535,552.125,485.438,1.493550815,149374751.125,1.493556336,10100110153867304471,333376,333376,10100110153867304471
48,4,bndmq,first,0,1,64,10418,150,100000000,100012800,576385,46423812,47037687,9591.797,9006.016,0.464178705,46433403.797,0.464274611,10100110153867304471,333376,333376,10100110153867304471
48,4,bndmq,first,1,1,64,10418,150,100000000,100012800,145752,45107484,45317236,3277.375,2277.375,0.451017110,45110761.375,0.451049879,10100110153867304471,333376,333376,10100110153867304471
48,4,bndmq,first,2,1,64,10418,150,100000000,100012800,117249,44638534,44785128,2290.531,1832.016,0.446328210,44640824.531,0.446351112,10100110153867304471,333376,333376,10100110153867304471
48,4,bndmq,first,3,1,64,10418,150,100000000,100012800,134521,43831043,43996021,2577.781,2101.891,0.438254333,43833620.781,0.438280108,10100110153867304471,333376,333376,10100110153867304471
48,4,bndmq,first,4,1,64,10418,150,100000000,100012800,137216,43693806,43857321,2554.922,2144.000,0.436882139,43696360.922,0.436907685,10100110153867304471,333376,333376,10100110153867304471
48,4,aho_corasick,first,0,1,64,10418,150,100000000,100012800,4483954,165552546,170094188,70963.156,70061.781,1.655313580,165623509.156,1.656023121,10100110153867304471,333376,333376,10100110153867304471
48,4,aho_corasick,first,1,1,64,10418,150,100000000,100012800,3277555,164245988,167576001,52031.453,51211.797,1.642249672,164298019.453,1.642769920,10100110153867304471,333376,333376,10100110153867304471
48,4,aho_corasick,first,2,1,64,10418,150,100000000,100012800,3166648,164978787,168203333,50383.531,49478.875,1.649576724,165029170.531,1.650080495,10100110153867304471,333376,333376,10100110153867304471
48,4,aho_corasick,first,3,1,64,10418,150,100000000,100012800,3097709,165364699,168518663,49280.688,48401.703,1.653435350,165413979.688,1.653928094,10100110153867304471,333376,333376,10100110153867304471
48,4,aho_corasick,first,4,1,64,10418,150,100000000,100012800,3037807,165915463,168998605,48174.094,47465.734,1.658942285,165963637.094,1.659423965,10100110153867304471,333376,333376,10100110153867304471
48,8,bndmq,first,0,1,32,20834,150,100000000,100003200,141494,65427520,65598559,5344.969,4421.688,0.654254264,65432864.969,0.654307712,10007957261559824023,333344,333344,10007957261559824023
48,8,bndmq,first,1,1,32,20834,150,100000000,100003200,109945,65393109,65531036,4310.219,3435.781,0.653910165,65397419.219,0.653953266,10007957261559824023,333344,333344,10007957261559824023
48,8,bndmq,first,2,1,32,20834,150,100000000,100003200,101109,65454740,65581797,3970.531,3159.656,0.654526455,65458710.531,0.654566159,10007957261559824023,333344,333344,10007957261559824023
48,8,bndmq,first,3,1,32,20834,150,100000000,100003200,101289,67473340,67601750,4012.812,3165.281,0.674711809,67477352.812,0.674751936,10007957261559824023,333344,333344,10007957261559824023
48,8,bndmq,first,4,1,32,20834,150,100000000,100003200,102641,66301903,66432957,4095.438,3207.531,0.662997814,66305998.438,0.663038767,10007957261559824023,333344,333344,10007957261559824023
48,8,hash,first,0,1,32,20834,150,100000000,100003200,30968,165780751,165817720,1155.281,967.750,1.657754462,165781906.281,1.657766014,10007957261559824023,333344,333344,10007957261559824023
48,8,hash,first,1,1,32,20834,150,100000000,100003200,30697,182777874,182816556,1208.812,959.281,1.827720253,182779082.812,1.827732341,10007957261559824023,333344,333344,10007957261559824023
48,8,hash,first,2,1,32,20834,150,100000000,100003200,22722,196680222,196708254,876.000,710.062,1.966739284,196681098.000,1.966748044,10007957261559824023,333344,333344,10007957261559824023
48,8,hash,first,3,1,32,20834,150,100000000,100003200,22492,195227478,195257484,937.688,702.875,1.952212309,195228415.688,1.952221686,10007957261559824023,333344,333344,10007957261559824023
48,8,hash,first,4,1,32,20834,150,100000000,100003200,30747,193511673,193548361,1146.500,960.844,1.935054808,193512819.500,1.935066273,10007957261559824023,333344,333344,10007957261559824023
48,8,aho_corasick,first,0,1,32,20834,150,100000000,100003200,3238051,167289965,170551099,101910.438,101189.094,1.672846119,167391875.438,1.673865191,10007957261559824023,333344,333344,10007957261559824023
48,8,aho_corasick,first,1,1,32,20834,150,100000000,100003200,3071510,172142608,175250446,97119.938,95984.688,1.721370996,172239727.938,1.722342164,10007957261559824023,333344,333344,10007957261559824023
48,8,aho_corasick,first,2,1,32,20834,150,100000000,100003200,2983416,170125495,173132876,93980.656,93231.750,1.701200512,170219475.656,1.702140288,10007957261559824023,333344,333344,10007957261559824023
48,8,aho_corasick,first,3,1,32,20834,150,100000000,100003200,3055280,172731319,175810243,96216.375,95477.500,1.727257918,172827535.375,1.728220051,10007957261559824023,333344,333344,10007957261559824023
48,8,aho_corasick,first,4,1,32,20834,150,100000000,100003200,3038158,165689829,168751932,95690.719,94942.438,1.656845271,165785519.719,1.657802148,10007957261559824023,333344,333344,10007957261559824023
48,16,aho_corasick,first,0,1,16,41668,150,100000000,100003200,2986372,171593454,174617926,189029.500,186648.250,1.715879632,171782483.500,1.717769866,8485451749250642310,333344,333344,8485451749250642310
48,16,aho_corasick,first,1,1,16,41668,150,100000000,100003200,3427564,168621891,172090513,216788.875,214222.750,1.686164953,168838679.875,1.688332772,8485451749250642310,333344,333344,8485451749250642310
48,16,aho_corasick,first,2,1,16,41668,150,100000000,100003200,3081829,172428920,175591249,197645.562,192614.312,1.724234025,172626565.562,1.726210417,8485451749250642310,333344,333344,8485451749250642310
48,16,aho_corasick,first,3,1,16,41668,150,100000000,100003200,2895462,175909357,178844894,183471.062,180966.375,1.759037281,176092828.062,1.760871933,8485451749250642310,333344,333344,8485451749250642310
48,16,aho_corasick,first,4,1,16,41668,150,100000000,100003200,2949072,173530710,176520298,186849.250,184317.000,1.735251572,173717559.250,1.737120005,8485451749250642310,333344,333344,8485451749250642310
48,16,hash,first,0,1,16,41668,150,100000000,100003200,26930,161709646,161742287,2040.062,1683.125,1.617044715,161711686.062,1.617065115,8485451749250642310,333344,333344,8485451749250642310
48,16,hash,first,1,1,16,41668,150,100000000,100003200,26349,162220099,162250505,1900.375,1646.812,1.622149081,162221999.375,1.622168084,8485451749250642310,333344,333344,8485451749250642310
48,16,hash,first,2,1,16,41668,150,100000000,100003200,18855,163090925,163113607,1417.625,1178.438,1.630857063,163092342.625,1.630871238,8485451749250642310,333344,333344,8485451749250642310
48,16,hash,first,3,1,16,41668,150,100000000,100003200,17382,163079348,163100266,1307.375,1086.375,1.630741296,163080655.375,1.630754370,8485451749250642310,333344,333344,8485451749250642310
48,16,hash,first,4,1,16,41668,150,100000000,100003200,26059,164071662,164101087,1839.062,1628.688,1.640664119,164073501.062,1.640682509,8485451749250642310,333344,333344,8485451749250642310
48,16,bndmq,first,0,1,16,41668,150,100000000,100003200,543574,108457876,109030264,35774.250,33973.375,1.084544055,108493650.250,1.084901786,8485451749250642310,333344,333344,8485451749250642310
48,16,bndmq,first,1,1,16,41668,150,100000000,100003200,192219,109537445,109754610,13572.812,12013.688,1.095339399,109551017.812,1.095475123,8485451749250642310,333344,333344,8485451749250642310
48,16,bndmq,first,2,1,16,41668,150,100000000,100003200,98905,107879823,108003855,7752.000,6181.562,1.078763710,107887575.000,1.078841227,8485451749250642310,333344,333344,8485451749250642310
48,16,bndmq,first,3,1,16,41668,150,100000000,100003200,85679,108629546,108737808,6766.375,5354.938,1.086260700,108636312.375,1.086328361,8485451749250642310,333344,333344,8485451749250642310
48,16,bndmq,first,4,1,16,41668,150,100000000,100003200,102151,113211887,113341459,8098.250,6384.438,1.132082643,113219985.250,1.132163623,8485451749250642310,333344,333344,8485451749250642310
48,32,aho_corasick,first,0,1,8,83334,150,100000000,100000800,3963865,178156309,182153888,499697.375,495483.125,1.781548838,178656006.375,1.786545771,14545882975625201301,333336,333336,14545882975625201301
48,32,aho_corasick,first,1,1,8,83334,150,100000000,100000800,3593548,180299894,183925552,453207.250,449193.500,1.802984516,180753101.250,1.807516552,14545882975625201301,333336,333336,14545882975625201301
48,32,aho_corasick,first,2,1,8,83334,150,100000000,100000800,2908576,181428190,184373435,368155.625,363572.000,1.814267386,181796345.625,1.817948913,14545882975625201301,333336,333336,14545882975625201301
48,32,aho_corasick,first,3,1,8,83334,150,100000000,100000800,3238255,184033590,187307992,409300.250,404781.875,1.840321177,184442890.250,1.844414147,14545882975625201301,333336,333336,14545882975625201301
48,32,aho_corasick,first,4,1,8,83334,150,100000000,100000800,2776290,177840360,180653368,351626.000,347036.250,1.778389373,178191986.000,1.781905605,14545882975625201301,333336,333336,14545882975625201301
48,32,hash,first,0,1,8,83334,150,100000000,100000800,33112,165079743,165116772,4628.625,4139.000,1.650784224,165084371.625,1.650830510,14545882975625201301,333336,333336,14545882975625201301
48,32,hash,first,1,1,8,83334,150,100000000,100000800,26299,170540149,170570224,3759.375,3287.375,1.705387847,170543908.375,1.705425440,14545882975625201301,333336,333336,14545882975625201301
48,32,hash,first,2,1,8,83334,150,100000000,100000800,17773,171308875,171330445,2696.250,2221.625,1.713075045,171311571.250,1.713102008,14545882975625201301,333336,333336,14545882975625201301
48,32,hash,first,3,1,8,83334,150,100000000,100000800,21119,175020719,175046488,3221.125,2639.875,1.750193188,175023940.125,1.750225399,14545882975625201301,333336,333336,14545882975625201301
48,32,hash,first,4,1,8,83334,150,100000000,100000800,21931,170165438,170190826,3173.500,2741.375,1.701640767,170168611.500,1.701672502,14545882975625201301,333336,333336,14545882975625201301
48,32,bndmq,first,0,1,8,83334,150,100000000,100000800,550026,195767115,196339893,71597.250,68753.250,1.957655489,195838712.250,1.958371456,14545882975625201301,333336,333336,14545882975625201301
48,32,bndmq,first,1,1,8,83334,150,100000000,100000800,190476,203658745,203879627,27610.250,23809.500,2.036571157,203686355.250,2.036847258,14545882975625201301,333336,333336,14545882975625201301
48,32,bndmq,first,2,1,8,83334,150,100000000,100000800,83887,200125063,200232554,13436.375,10485.875,2.001234620,200138499.375,2.001368983,14545882975625201301,333336,333336,14545882975625201301
48,32,bndmq,first,3,1,8,83334,150,100000000,100000800,61906,197364963,197450473,10688.750,7738.250,1.973633841,197375651.750,1.973740728,14545882975625201301,333336,333336,14545882975625201301
48,32,bndmq,first,4,1,8,83334,150,100000000,100000800,62607,197097116,197184499,10922.875,7825.875,1.970955392,197108038.875,1.971064620,14545882975625201301,333336,333336,14545882975625201301
48,64,hash,first,0,1,4,166668,150,100000000,100000800,24736,165831697,165859839,7035.500,6184.000,1.658303704,165838732.500,1.658374058,7920970377318854716,333336,333336,7920970377318854716
48,64,hash,first,1,1,4,166668,150,100000000,100000800,35586,172882932,172921904,9743.000,8896.500,1.728815489,172892675.000,1.728912919,7920970377318854716,333336,333336,7920970377318854716
48,64,hash,first,2,1,4,166668,150,100000000,100000800,15649,168792528,168811724,4799.000,3912.250,1.687911777,168797327.000,1.687959766,7920970377318854716,333336,333336,7920970377318854716
48,64,hash,first,3,1,4,166668,150,100000000,100000800,16070,166409986,166428911,4731.250,4017.500,1.664086547,166414717.250,1.664133859,7920970377318854716,333336,333336,7920970377318854716
48,64,hash,first,4,1,4,166668,150,100000000,100000800,15309,171675980,171694665,4671.250,3827.250,1.716746066,171680651.250,1.716792778,7920970377318854716,333336,333336,7920970377318854716
48,64,aho_corasick,first,0,1,4,166668,150,100000000,100000800,3222952,179606414,182880083,818417.250,805738.000,1.796049772,180424831.250,1.804233879,7920970377318854716,333336,333336,7920970377318854716
48,64,aho_corasick,first,1,1,4,166668,150,100000000,100000800,3437223,176605043,180078934,868472.750,859305.750,1.766036302,177473515.750,1.774720960,7920970377318854716,333336,333336,7920970377318854716
48,64,aho_corasick,first,2,1,4,166668,150,100000000,100000800,2873371,186067978,188980502,728131.000,718342.750,1.860664895,186796109.000,1.867946146,7920970377318854716,333336,333336,7920970377318854716
48,64,aho_corasick,first,3,1,4,166668,150,100000000,100000800,3029221,186646715,189714519,766951.000,757305.250,1.866452218,187413666.000,1.874121667,7920970377318854716,333336,333336,7920970377318854716
48,64,aho_corasick,first,4,1,4,166668,150,100000000,100000800,3145087,188220476,191419443,799741.750,786271.750,1.882189702,189020217.750,1.890187056,7920970377318854716,333336,333336,7920970377318854716
48,64,bndmq,first,0,1,4,166668,150,100000000,100000800,147655,361422338,361607093,46188.750,36913.750,3.614194466,361468526.750,3.614656350,7920970377318854716,333336,333336,7920970377318854716
48,64,bndmq,first,1,1,4,166668,150,100000000,100000800,144650,367827611,368000544,43233.250,36162.500,3.678246684,367870844.250,3.678679013,7920970377318854716,333336,333336,7920970377318854716
48,64,bndmq,first,2,1,4,166668,150,100000000,100000800,119142,391652705,391800751,37011.500,29785.500,3.916495718,391689716.500,3.916865830,7920970377318854716,333336,333336,7920970377318854716
48,64,bndmq,first,3,1,4,166668,150,100000000,100000800,155650,383129274,383313457,46045.750,38912.500,3.831262090,383175319.750,3.831722544,7920970377318854716,333336,333336,7920970377318854716
48,64,bndmq,first,4,1,4,166668,150,100000000,100000800,99676,371616507,371743735,31807.000,24919.000,3.716135341,371648314.000,3.716453408,7920970377318854716,333336,333336,7920970377318854716
48,128,hash,first,0,1,2,333334,150,100000000,100000200,20969,174934900,174958203,11651.500,10484.500,1.749345501,174946551.500,1.749462016,17355991267112343030,333334,333334,17355991267112343030
48,128,hash,first,1,1,2,333334,150,100000000,100000200,24405,181328694,181355945,13625.500,12202.500,1.813283313,181342319.500,1.813419568,17355991267112343030,333334,333334,17355991267112343030
48,128,hash,first,2,1,2,333334,150,100000000,100000200,17202,180942922,180962598,9838.000,8601.000,1.809425601,180952760.000,1.809523981,17355991267112343030,333334,333334,17355991267112343030
48,128,hash,first,3,1,2,333334,150,100000000,100000200,13806,179834596,179850857,8130.500,6903.000,1.798342363,179842726.500,1.798423668,17355991267112343030,333334,333334,17355991267112343030
48,128,hash,first,4,1,2,333334,150,100000000,100000200,14867,181252085,181269558,8736.500,7433.500,1.812517225,181260821.500,1.812604590,17355991267112343030,333334,333334,17355991267112343030
48,128,bndmq,first,0,1,2,333334,150,100000000,100000200,117489,722923853,723100853,88500.000,58744.500,7.229224072,723012353.000,7.230109070,17355991267112343030,333334,333334,17355991267112343030
48,128,bndmq,first,1,1,2,333334,150,100000000,100000200,117810,805238627,805392314,76843.500,58905.000,8.052370165,805315470.500,8.053138599,17355991267112343030,333334,333334,17355991267112343030
48,128,bndmq,first,2,1,2,333334,150,100000000,100000200,99356,721589940,721726626,68343.000,49678.000,7.215884968,721658283.000,7.216568397,17355991267112343030,333334,333334,17355991267112343030
48,128,bndmq,first,3,1,2,333334,150,100000000,100000200,105396,699732138,699872600,70231.000,52698.000,6.997307385,699802369.000,6.998009694,17355991267112343030,333334,333334,17355991267112343030
48,128,bndmq,first,4,1,2,333334,150,100000000,100000200,112350,704649395,704791541,71073.000,56175.000,7.046479857,704720468.000,7.047190586,17355991267112343030,333334,333334,17355991267112343030
48,128,aho_corasick,first,0,1,2,333334,150,100000000,100000200,3114220,201681750,204823901,1571075.500,1557110.000,2.016813466,203252825.500,2.032524190,17355991267112343030,333334,333334,17355991267112343030
48,128,aho_corasick,first,1,1,2,333334,150,100000000,100000200,3190252,204432662,207662147,1614742.500,1595126.000,2.044322531,206047404.500,2.060469924,17355991267112343030,333334,333334,17355991267112343030
48,128,aho_corasick,first,2,1,2,333334,150,100000000,100000200,3049238,208868094,211958680,1545293.000,1524619.000,2.088676763,210413387.000,2.104129662,17355991267112343030,333334,333334,17355991267112343030
48,128,aho_corasick,first,3,1,2,333334,150,100000000,100000200,2936288,202040186,205015116,1487465.000,1468144.000,2.020397819,203527651.000,2.035272439,17355991267112343030,333334,333334,17355991267112343030
48,128,aho_corasick,first,4,1,2,333334,150,100000000,100000200,3118118,211308790,214470940,1581075.000,1559059.000,2.113083674,212889865.000,2.128894392,17355991267112343030,333334,333334,17355991267112343030
48,256,hash,first,0,1,1,666668,150,100000000,100000200,17973,162442814,162462410,19596.000,17973.000,1.624424891,162462410.000,1.624620851,10878890858135063043,333334,333334,10878890858135063043
48,256,hash,first,1,1,1,666668,150,100000000,100000200,23714,161826868,161852977,26109.000,23714.000,1.618265443,161852977.000,1.618526533,10878890858135063043,333334,333334,10878890858135063043
48,256,hash,first,2,1,1,666668,150,100000000,100000200,13686,163848238,163863918,15680.000,13686.000,1.638479103,163863918.000,1.638635903,10878890858135063043,333334,333334,10878890858135063043
48,256,hash,first,3,1,1,666668,150,100000000,100000200,14097,167363230,167379561,16331.000,14097.000,1.673628953,167379561.000,1.673792262,10878890858135063043,333334,333334,10878890858135063043
48,256,hash,first,4,1,1,666668,150,100000000,100000200,13876,167487753,167503623,15870.000,13876.000,1.674874180,167503623.000,1.675032880,10878890858135063043,333334,333334,10878890858135063043
48,256,aho_corasick,first,0,1,1,666668,150,100000000,100000200,3204068,258035597,261274289,3238692.000,3204068.000,2.580350809,261274289.000,2.612737665,10878890858135063043,333334,333334,10878890858135063043
48,256,aho_corasick,first,1,1,1,666668,150,100000000,100000200,3916851,267989020,271951486,3962466.000,3916851.000,2.679884840,271951486.000,2.719509421,10878890858135063043,333334,333334,10878890858135063043
48,256,aho_corasick,first,2,1,1,666668,150,100000000,100000200,2926560,261133873,264102662,2968789.000,2926560.000,2.611333507,264102662.000,2.641021338,10878890858135063043,333334,333334,10878890858135063043
48,256,aho_corasick,first,3,1,1,666668,150,100000000,100000200,2957788,262937669,265901197,2963528.000,2957788.000,2.629371431,265901197.000,2.659006652,10878890858135063043,333334,333334,10878890858135063043
48,256,aho_corasick,first,4,1,1,666668,150,100000000,100000200,3066901,253059888,256131317,3071429.000,3066901.000,2.530593819,256131317.000,2.561308047,10878890858135063043,333334,333334,10878890858135063043
48,256,bndmq,first,0,1,1,666668,150,100000000,100000200,120094,1362433844,1362581499,147655.000,120094.000,13.624311191,1362581499.000,13.625787738,10878890858135063043,333334,333334,10878890858135063043
48,256,bndmq,first,1,1,1,666668,150,100000000,100000200,137256,1443335542,1443482236,146694.000,137256.000,14.433326553,1443482236.000,14.434793490,10878890858135063043,333334,333334,10878890858135063043
48,256,bndmq,first,2,1,1,666668,150,100000000,100000200,38572,1368561842,1368601546,39704.000,38572.000,13.685591049,1368601546.000,13.685988088,10878890858135063043,333334,333334,10878890858135063043
48,256,bndmq,first,3,1,1,666668,150,100000000,100000200,32792,1346534712,1346569006,34294.000,32792.000,13.465320189,1346569006.000,13.465663129,10878890858135063043,333334,333334,10878890858135063043
48,256,bndmq,first,4,1,1,666668,150,100000000,100000200,30347,1363547847,1363579827,31980.000,30347.000,13.635451199,1363579827.000,13.635770998,10878890858135063043,333334,333334,10878890858135063043
48,1000,hash,first,0,1,1,666668,150,100000000,100000200,99375,168055364,168157736,102372.000,99375.000,1.680550279,168157736.000,1.681573997,10878890858135063043,333334,333334,10878890858135063043
48,1000,hash,first,1,1,1,666668,150,100000000,100000200,107691,167341539,167464248,122709.000,107691.000,1.673412043,167464248.000,1.674639131,10878890858135063043,333334,333334,10878890858135063043
48,1000,hash,first,2,1,1,666668,150,100000000,100000200,51216,178276764,178330945,54181.000,51216.000,1.782764074,178330945.000,1.783305883,10878890858135063043,333334,333334,10878890858135063043
48,1000,hash,first,3,1,1,666668,150,100000000,100000200,45866,179970875,180019897,49022.000,45866.000,1.799705151,180019897.000,1.800195370,10878890858135063043,333334,333334,10878890858135063043
48,1000,hash,first,4,1,1,666668,150,100000000,100000200,46056,185517643,185567366,49723.000,46056.000,1.855172720,185567366.000,1.855669949,10878890858135063043,333334,333334,10878890858135063043
48,1000,aho_corasick,first,0,1,1,666668,150,100000000,100000200,14221903,360082287,374432278,14349991.000,14221903.000,3.600815668,374432278.000,3.744315291,10878890858135063043,333334,333334,10878890858135063043
48,1000,aho_corasick,first,1,1,1,666668,150,100000000,100000200,16216785,355352903,371577162,16224259.000,16216785.000,3.553521923,371577162.000,3.715764188,10878890858135063043,333334,333334,10878890858135063043
48,1000,aho_corasick,first,2,1,1,666668,150,100000000,100000200,14265144,352673604,366946192,14272588.000,14265144.000,3.526728987,366946192.000,3.669454581,10878890858135063043,333334,333334,10878890858135063043
48,1000,aho_corasick,first,3,1,1,666668,150,100000000,100000200,15712805,360449822,376322044,15872222.000,15712805.000,3.604491011,376322044.000,3.763212914,10878890858135063043,333334,333334,10878890858135063043
48,1000,aho_corasick,first,4,1,1,666668,150,100000000,100000200,13733311,355641611,369542906,13901295.000,13733311.000,3.556408997,369542906.000,3.695421669,10878890858135063043,333334,333334,10878890858135063043
48,10000,hash,first,0,1,1,666668,150,100000000,100000200,760979,194948657,195769489,820832.000,760979.000,1.949482671,195769489.000,1.957690975,10878890858135063043,333334,333334,10878890858135063043
48,10000,hash,first,1,1,1,666668,150,100000000,100000200,762883,197857730,198673501,815771.000,762883.000,1.978573343,198673501.000,1.986731037,10878890858135063043,333334,333334,10878890858135063043
48,10000,hash,first,2,1,1,666668,150,100000000,100000200,574201,206459302,207088557,629255.000,574201.000,2.064588891,207088557.000,2.070881428,10878890858135063043,333334,333334,10878890858135063043
48,10000,hash,first,3,1,1,666668,150,100000000,100000200,587135,203026673,203671836,645163.000,587135.000,2.030262669,203671836.000,2.036714287,10878890858135063043,333334,333334,10878890858135063043
48,10000,hash,first,4,1,1,666668,150,100000000,100000200,583719,202278743,202934787,656044.000,583719.000,2.022783384,202934787.000,2.029343811,10878890858135063043,333334,333334,10878890858135063043
48,10000,aho_corasick,first,0,1,1,666668,150,100000000,100000200,185108650,822629294,1007957754,185328460.000,185108650.000,8.226276487,1007957754.000,10.079557381,10878890858135063043,333334,333334,10878890858135063043
48,10000,aho_corasick,first,1,1,1,666668,150,100000000,100000200,172077619,888959343,1061110941,172151598.000,172077619.000,8.889575651,1061110941.000,10.611088188,10878890858135063043,333334,333334,10878890858135063043
48,10000,aho_corasick,first,2,1,1,666668,150,100000000,100000200,165194190,813895004,979184943,165289939.000,165194190.000,8.138933762,979184943.000,9.791829846,10878890858135063043,333334,333334,10878890858135063043
48,10000,aho_corasick,first,3,1,1,666668,150,100000000,100000200,159052091,830133592,989264581,159130989.000,159052091.000,8.301319317,989264581.000,9.892626025,10878890858135063043,333334,333334,10878890858135063043
48,10000,aho_corasick,first,4,1,1,666668,150,100000000,100000200,164258223,894155400,1058493091,164337691.000,164258223.000,8.941536117,1058493091.000,10.584909740,10878890858135063043,333334,333334,10878890858135063043
48,100000,hash,first,0,1,1,666668,150,100000000,100000200,6979273,366826583,374096818,7270235.000,6979273.000,3.668258493,374096818.000,3.740960698,10878890858135063043,333334,333334,10878890858135063043
48,100000,hash,first,1,1,1,666668,150,100000000,100000200,7441283,401650212,409227729,7577517.000,7441283.000,4.016494087,409227729.000,4.092269105,10878890858135063043,333334,333334,10878890858135063043
48,100000,hash,first,2,1,1,666668,150,100000000,100000200,4946048,385898645,390957263,5058618.000,4946048.000,3.858978732,390957263.000,3.909564811,10878890858135063043,333334,333334,10878890858135063043
48,100000,hash,first,3,1,1,666668,150,100000000,100000200,4927393,368244291,373302558,5058267.000,4927393.000,3.682435545,373302558.000,3.733018114,10878890858135063043,333334,333334,10878890858135063043
48,100000,hash,first,4,1,1,666668,150,100000000,100000200,5412979,386606791,392158458,5551667.000,5412979.000,3.866060178,392158458.000,3.921576737,10878890858135063043,333334,333334,10878890858135063043
48,1000000,hash,first,0,1,1,666668,150,100000000,100000200,116737587,523036429,643245001,120208572.000,116737587.000,5.230353829,643245001.000,6.432437145,10878890858135063043,333334,333334,10878890858135063043
48,1000000,hash,first,1,1,1,666668,150,100000000,100000200,85721663,517808180,608004319,90196139.000,85721663.000,5.178071444,608004319.000,6.080031030,10878890858135063043,333334,333334,10878890858135063043
48,1000000,hash,first,2,1,1,666668,150,100000000,100000200,77513139,519491356,600304131,80812775.000,77513139.000,5.194903170,600304131.000,6.003029304,10878890858135063043,333334,333334,10878890858135063043
48,1000000,hash,first,3,1,1,666668,150,100000000,100000200,79693968,512839335,595736669,82897334.000,79693968.000,5.128383093,595736669.000,5.957354775,10878890858135063043,333334,333334,10878890858135063043
48,1000000,hash,first,4,1,1,666668,150,100000000,100000200,76375080,500219422,580063133,79843711.000,76375080.000,5.002184216,580063133.000,5.800619729,10878890858135063043,333334,333334,10878890858135063043
48,1,aho_corasick,all,0,1,64,10418,150,100000000,100012800,1206090,102394496,103638066,19430.781,18845.156,1.023813912,102413926.781,1.024008195,18423955876531418102,333376,333376,18423955876531418102
48,1,aho_corasick,all,1,1,64,10418,150,100000000,100012800,1157029,101991588,103175327,18495.922,18078.578,1.019785347,102010083.922,1.019970283,18423955876531418102,333376,333376,18423955876531418102
48,1,aho_corasick,all,2,1,64,10418,150,100000000,100012800,1155315,102143786,103327615,18497.328,18051.797,1.021307133,102162283.328,1.021492082,18423955876531418102,333376,333376,18423955876531418102
48,1,aho_corasick,all,3,1,64,10418,150,100000000,100012800,1136871,98984689,100151536,18231.984,17763.609,0.989720206,99002920.984,0.989902502,18423955876531418102,333376,333376,18423955876531418102
48,1,aho_corasick,all,4,1,64,10418,150,100000000,100012800,1314443,101785351,103126294,20952.234,20538.172,1.017723241,101806303.234,1.017932737,18423955876531418102,333376,333376,18423955876531418102
48,1,bndmq,all,0,1,64,10418,150,100000000,100012800,50384,26939981,27010221,1097.500,787.250,0.269365331,26941078.500,0.269376305,18423955876531418102,333376,333376,18423955876531418102
48,1,bndmq,all,1,1,64,10418,150,100000000,100012800,27050,26938017,26985956,749.047,422.656,0.269345694,26938766.047,0.269353183,18423955876531418102,333376,333376,18423955876531418102
48,1,bndmq,all,2,1,64,10418,150,100000000,100012800,26880,27432169,27477734,711.953,420.000,0.274286581,27432880.953,0.274293700,18423955876531418102,333376,333376,18423955876531418102
48,1,bndmq,all,3,1,64,10418,150,100000000,100012800,24255,26451770,26489991,597.203,378.984,0.264483846,26452367.203,0.264489817,18423955876531418102,333376,333376,18423955876531418102
48,1,bndmq,all,4,1,64,10418,150,100000000,100012800,21019,26228659,26264676,562.766,328.422,0.262253022,26229221.766,0.262258649,18423955876531418102,333376,333376,18423955876531418102
48,1,hash,all,0,1,64,10418,150,100000000,100012800,21430,183391406,183416683,394.953,334.844,1.833679349,183391800.953,1.833683298,18423955876531418102,333376,333376,18423955876531418102
48,1,hash,all,1,1,64,10418,150,100000000,100012800,22742,178879850,178906539,417.016,355.344,1.788569563,178880267.016,1.788573733,18423955876531418102,333376,333376,18423955876531418102
48,1,hash,all,2,1,64,10418,150,100000000,100012800,16711,180487937,180510219,348.156,261.109,1.804648375,180488285.156,1.804651856,18423955876531418102,333376,333376,18423955876531418102
48,1,hash,all,3,1,64,10418,150,100000000,100012800,16190,191173303,191194763,335.312,252.969,1.911488359,191173638.312,1.911491712,18423955876531418102,333376,333376,18423955876531418102
48,1,hash,all,4,1,64,10418,150,100000000,100012800,16791,187815850,187837451,337.516,262.359,1.877918126,187816187.516,1.877921501,18423955876531418102,333376,333376,18423955876531418102
48,2,aho_corasick,all,0,1,64,10418,150,100000000,100012800,1869198,574277332,576176055,29667.547,29206.219,5.742038339,574306999.547,5.742334977,13921555845827464700,333376,333376,13921555845827464700
48,2,aho_corasick,all,1,1,64,10418,150,100000000,100012800,1965266,589705606,591698072,31132.281,30707.281,5.896301333,589736738.281,5.896612616,13921555845827464700,333376,333376,13921555845827464700
48,2,aho_corasick,all,2,1,64,10418,150,100000000,100012800,1937464,583931934,585894094,30658.750,30272.875,5.838572003,583962592.750,5.838878551,13921555845827464700,333376,333376,13921555845827464700
48,2,aho_corasick,all,3,1,64,10418,150,100000000,100012800,1759883,581955238,583741751,27914.266,27498.172,5.818807573,581983152.266,5.819086680,13921555845827464700,333376,333376,13921555845827464700
48,2,aho_corasick,all,4,1,64,10418,150,100000000,100012800,1999190,576334628,578374414,31871.656,31237.344,5.762608666,576366499.656,5.762927342,13921555845827464700,333376,333376,13921555845827464700
48,2,hash,all,0,1,64,10418,150,100000000,100012800,30677,194190880,194225855,546.484,479.328,1.941660267,194191426.484,1.941665732,13921555845827464700,333376,333376,13921555845827464700
48,2,hash,all,1,1,64,10418,150,100000000,100012800,26480,189963427,189993804,474.641,413.750,1.899391148,189963901.641,1.899395894,13921555845827464700,333376,333376,13921555845827464700
48,2,hash,all,2,1,64,10418,150,100000000,100012800,16681,194439458,194460568,329.844,260.641,1.944145729,194439787.844,1.944149027,13921555845827464700,333376,333376,13921555845827464700
48,2,hash,all,3,1,64,10418,150,100000000,100012800,17483,193113810,193135000,331.094,273.172,1.930890946,193114141.094,1.930894256,13921555845827464700,333376,333376,13921555845827464700
48,2,hash,all,4,1,64,10418,150,100000000,100012800,17272,195892638,195913558,326.875,269.875,1.958675670,195892964.875,1.958678938,13921555845827464700,333376,333376,13921555845827464700
48,2,bndmq,all,0,1,64,10418,150,100000000,100012800,85149,35407788,35519496,1745.438,1330.453,0.354032564,35409533.438,0.354050016,13921555845827464700,333376,333376,13921555845827464700
48,2,bndmq,all,1,1,64,10418,150,100000000,100012800,67065,34378643,34468621,1405.906,1047.891,0.343742431,34380048.906,0.343756488,13921555845827464700,333376,333376,13921555845827464700
48,2,bndmq,all,2,1,64,10418,150,100000000,100012800,60513,34863523,34945716,1284.266,945.516,0.348590610,34864807.266,0.348603451,13921555845827464700,333376,333376,13921555845827464700
48,2,bndmq,all,3,1,64,10418,150,100000000,100012800,58309,35043498,35126393,1295.234,911.078,0.350390130,35044793.234,0.350403081,13921555845827464700,333376,333376,13921555845827464700
48,2,bndmq,all,4,1,64,10418,150,100000000,100012800,64811,34188554,34273672,1329.969,1012.672,0.341841784,34189883.969,0.341855082,13921555845827464700,333376,333376,13921555845827464700
48,4,hash,all,0,1,64,10418,150,100000000,100012800,39604,201675423,201720397,702.719,618.812,2.016496118,201676125.719,2.016503145,15917321033175551513,333376,333376,15917321033175551513
48,4,hash,all,1,1,64,10418,150,100000000,100012800,37660,192807756,192849654,654.656,588.438,1.927830798,192808410.656,1.927837343,15917321033175551513,333376,333376,15917321033175551513
48,4,hash,all,2,1,64,10418,150,100000000,100012800,27461,221368904,221401525,509.703,429.078,2.213405724,221369413.703,2.213410820,15917321033175551513,333376,333376,15917321033175551513
48,4,hash,all,3,1,64,10418,150,100000000,100012800,28262,206452628,206486722,532.719,441.594,2.064262054,206453160.719,2.064267381,15917321033175551513,333376,333376,15917321033175551513
48,4,hash,all,4,1,64,10418,150,100000000,100012800,30216,199622858,199657723,544.766,472.125,1.995973095,199623402.766,1.995978542,15917321033175551513,333376,333376,15917321033175551513
48,4,bndmq,all,0,1,64,10418,150,100000000,100012800,437987,50327959,50794419,7288.438,6843.547,0.503215178,50335247.438,0.503288054,15917321033175551513,333376,333376,15917321033175551513
48,4,bndmq,all,1,1,64,10418,150,100000000,100012800,138018,48034488,48199155,2572.922,2156.531,0.480283404,48037060.922,0.480309130,15917321033175551513,333376,333376,15917321033175551513
48,4,bndmq,all,2,1,64,10418,150,100000000,100012800,116598,51278597,51421243,2228.844,1821.844,0.512720342,51280825.844,0.512742627,15917321033175551513,333376,333376,15917321033175551513
48,4,bndmq,all,3,1,64,10418,150,100000000,100012800,114974,49516475,49656496,2187.828,1796.469,0.495101377,49518662.828,0.495123253,15917321033175551513,333376,333376,15917321033175551513
48,4,bndmq,all,4,1,64,10418,150,100000000,100012800,114494,50737287,50879041,2214.906,1788.969,0.507307935,50739501.906,0.507330081,15917321033175551513,333376,333376,15917321033175551513
48,4,aho_corasick,all,0,1,64,10418,150,100000000,100012800,4212989,209131914,213395258,66614.750,65827.953,2.091051485,209198528.750,2.091717548,15917321033175551513,333376,333376,15917321033175551513
48,4,aho_corasick,all,1,1,64,10418,150,100000000,100012800,3693429,202829566,206570774,58456.375,57709.828,2.028036071,202888022.375,2.028620560,15917321033175551513,333376,333376,15917321033175551513
48,4,aho_corasick,all,2,1,64,10418,150,100000000,100012800,3160637,208026086,211231987,50092.203,49384.953,2.079994621,208076178.203,2.080495479,15917321033175551513,333376,333376,15917321033175551513
48,4,aho_corasick,all,3,1,64,10418,150,100000000,100012800,3686999,209397079,213137527,58444.500,57609.359,2.093702796,209455523.500,2.094287166,15917321033175551513,333376,333376,15917321033175551513
48,4,aho_corasick,all,4,1,64,10418,150,100000000,100012800,3614496,204866399,208531699,57270.312,56476.500,2.048401795,204923669.312,2.048974424,15917321033175551513,333376,333376,15917321033175551513
48,8,aho_corasick,all,0,1,32,20834,150,100000000,100003200,3127335,219350498,222505655,98598.656,97729.219,2.193434790,219449096.656,2.194420745,4811463841969992082,333344,333344,4811463841969992082
48,8,aho_corasick,all,1,1,32,20834,150,100000000,100003200,3266926,218571986,221872915,103154.031,102091.438,2.185649919,218675140.031,2.186681427,4811463841969992082,333344,333344,4811463841969992082
48,8,aho_corasick,all,2,1,32,20834,150,100000000,100003200,2823287,216922404,219769565,88973.781,88227.719,2.169154627,217011377.781,2.170044336,4811463841969992082,333344,333344,4811463841969992082
48,8,aho_corasick,all,3,1,32,20834,150,100000000,100003200,3086196,209921047,213029535,97140.250,96443.625,2.099143297,210018187.250,2.100114669,4811463841969992082,333344,333344,4811463841969992082
48,8,aho_corasick,all,4,1,32,20834,150,100000000,100003200,3386608,202472931,205886158,106663.344,105831.500,2.024664521,202579594.344,2.025731120,4811463841969992082,333344,333344,4811463841969992082
48,8,hash,all,0,1,32,20834,150,100000000,100003200,30406,223070986,223106511,1110.156,950.188,2.230638480,223072096.156,2.230649581,4811463841969992082,333344,333344,4811463841969992082
48,8,hash,all,1,1,32,20834,150,100000000,100003200,25868,225701278,225732025,960.844,808.375,2.256940558,225702238.844,2.256950166,4811463841969992082,333344,333344,4811463841969992082
48,8,hash,all,2,1,32,20834,150,100000000,100003200,20108,227042398,227066253,745.469,628.375,2.270351329,227043143.469,2.270358783,4811463841969992082,333344,333344,4811463841969992082
48,8,hash,all,3,1,32,20834,150,100000000,100003200,20739,229561178,229587277,815.594,648.094,2.295538323,229561993.594,2.295546478,4811463841969992082,333344,333344,4811463841969992082
48,8,hash,all,4,1,32,20834,150,100000000,100003200,21039,221559713,221584208,765.469,657.469,2.215526233,221560478.469,2.215533888,4811463841969992082,333344,333344,4811463841969992082
48,8,bndmq,all,0,1,32,20834,150,100000000,100003200,283920,78532318,78842747,9700.906,8872.500,0.785298050,78542018.906,0.785395056,4811463841969992082,333344,333344,4811463841969992082
48,8,bndmq,all,1,1,32,20834,150,100000000,100003200,105968,78989132,79123383,4195.344,3311.500,0.789866044,78993327.344,0.789907996,4811463841969992082,333344,333344,4811463841969992082
48,8,bndmq,all,2,1,32,20834,150,100000000,100003200,107541,78541129,78674979,4182.812,3360.656,0.785386158,78545311.812,0.785427984,4811463841969992082,333344,333344,4811463841969992082
48,8,bndmq,all,3,1,32,20834,150,100000000,100003200,101669,75476385,75606537,4067.250,3177.156,0.754739698,75480452.250,0.754780370,4811463841969992082,333344,333344,4811463841969992082
48,8,bndmq,all,4,1,32,20834,150,100000000,100003200,102261,73692403,73819460,3970.531,3195.656,0.736900449,73696373.531,0.736940153,4811463841969992082,333344,333344,4811463841969992082
48,16,aho_corasick,all,0,1,16,41668,150,100000000,100003200,3264931,207382771,210694800,207001.812,204058.188,2.073761350,207589772.812,2.075831302,9406687664475738042,333344,333344,9406687664475738042
48,16,aho_corasick,all,1,1,16,41668,150,100000000,100003200,3275742,218800043,222124105,207753.875,204733.875,2.187930416,219007796.875,2.190007888,9406687664475738042,333344,333344,9406687664475738042
48,16,aho_corasick,all,2,1,16,41668,150,100000000,100003200,3227957,213435852,216706528,204417.250,201747.312,2.134290223,213640269.250,2.136334330,9406687664475738042,333344,333344,9406687664475738042
48,16,aho_corasick,all,3,1,16,41668,150,100000000,100003200,2769968,218379998,221189480,175592.625,173123.000,2.183730101,218555590.625,2.185485971,9406687664475738042,333344,333344,9406687664475738042
48,16,aho_corasick,all,4,1,16,41668,150,100000000,100003200,2835099,220380089,223256906,179801.062,177193.688,2.203730371,220559890.062,2.205528324,9406687664475738042,333344,333344,9406687664475738042
48,16,bndmq,all,0,1,16,41668,150,100000000,100003200,120715,127491267,127637570,9143.938,7544.688,1.274871874,127500410.938,1.274963311,9406687664475738042,333344,333344,9406687664475738042
48,16,bndmq,all,1,1,16,41668,150,100000000,100003200,99917,132053891,132179136,7827.812,6244.812,1.320496654,132061718.812,1.320574930,9406687664475738042,333344,333344,9406687664475738042
48,16,bndmq,all,2,1,16,41668,150,100000000,100003200,105748,132477658,132612059,8400.062,6609.250,1.324734189,132486058.062,1.324818186,9406687664475738042,333344,333344,9406687664475738042
48,16,bndmq,all,3,1,16,41668,150,100000000,100003200,90529,129718673,129835361,7293.000,5658.062,1.297145221,129725966.000,1.297218149,9406687664475738042,333344,333344,9406687664475738042
48,16,bndmq,all,4,1,16,41668,150,100000000,100003200,85459,129718373,129830351,6998.625,5341.188,1.297142221,129725371.625,1.297212205,9406687664475738042,333344,333344,9406687664475738042
48,16,hash,all,0,1,16,41668,150,100000000,100003200,28613,221984326,222018260,2120.875,1788.312,2.219772227,221986446.875,2.219793435,9406687664475738042,333344,333344,9406687664475738042
48,16,hash,all,1,1,16,41668,150,100000000,100003200,26820,213129803,213160781,1936.125,1676.250,2.131229831,213131739.125,2.131249191,9406687664475738042,333344,333344,9406687664475738042
48,16,hash,all,2,1,16,41668,150,100000000,100003200,18254,220620718,220643541,1426.438,1140.875,2.206136584,220622144.438,2.206150848,9406687664475738042,333344,333344,9406687664475738042
48,16,hash,all,3,1,16,41668,150,100000000,100003200,18585,213392577,213415340,1422.688,1161.562,2.133857487,213393999.688,2.133871713,9406687664475738042,333344,333344,9406687664475738042
48,16,hash,all,4,1,16,41668,150,100000000,100003200,31589,219910253,219945709,2216.000,1974.312,2.199032161,219912469.000,2.199054320,9406687664475738042,333344,333344,9406687664475738042
48,32,bndmq,all,0,1,8,83334,150,100000000,100000800,136064,240850457,241014914,20557.125,17008.000,2.408485302,240871014.125,2.408690872,2346951136871695259,333336,333336,2346951136871695259
48,32,bndmq,all,1,1,8,83334,150,100000000,100000800,99346,241521679,241647464,15723.125,12418.250,2.415197468,241537402.125,2.415354698,2346951136871695259,333336,333336,2346951136871695259
48,32,bndmq,all,2,1,8,83334,150,100000000,100000800,63579,234569816,234661398,11447.750,7947.375,2.345679395,234581263.750,2.345793871,2346951136871695259,333336,333336,2346951136871695259
48,32,bndmq,all,3,1,8,83334,150,100000000,100000800,63609,238261379,238359502,12265.375,7951.125,2.382594729,238273644.375,2.382717382,2346951136871695259,333336,333336,2346951136871695259
48,32,bndmq,all,4,1,8,83334,150,100000000,100000800,94456,234996768,235110862,14261.750,11807.000,2.349948880,235011029.750,2.350091497,2346951136871695259,333336,333336,2346951136871695259
48,32,aho_corasick,all,0,1,8,83334,150,100000000,100000800,3808495,217567103,221406165,479882.750,476061.875,2.175653625,218046985.750,2.180452414,2346951136871695259,333336,333336,2346951136871695259
48,32,aho_corasick,all,1,1,8,83334,150,100000000,100000800,3173234,213137368,216342151,400597.875,396654.250,2.131356629,213537965.875,2.135362576,2346951136871695259,333336,333336,2346951136871695259
48,32,aho_corasick,all,2,1,8,83334,150,100000000,100000800,2773925,214641752,217452165,351301.625,346740.625,2.146400349,214993053.625,2.149913337,2346951136871695259,333336,333336,2346951136871695259
48,32,aho_corasick,all,3,1,8,83334,150,100000000,100000800,2817777,213624117,216478683,356820.750,352222.125,2.136224080,213980937.750,2.139792259,2346951136871695259,333336,333336,2346951136871695259
48,32,aho_corasick,all,4,1,8,83334,150,100000000,100000800,3008643,212287209,215330988,380472.375,376080.375,2.122855107,212667681.375,2.126659800,2346951136871695259,333336,333336,2346951136871695259
48,32,hash,all,0,1,8,83334,150,100000000,100000800,23865,226123985,226151577,3449.000,2983.125,2.261221760,226127434.000,2.261256250,2346951136871695259,333336,333336,2346951136871695259
48,32,hash,all,1,1,8,83334,150,100000000,100000800,25317,213786247,213815823,3697.000,3164.625,2.137845367,213789944.000,2.137882337,2346951136871695259,333336,333336,2346951136871695259
48,32,hash,all,2,1,8,83334,150,100000000,100000800,20849,224867881,224892507,3078.250,2606.125,2.248660821,224870959.250,2.248691603,2346951136871695259,333336,333336,2346951136871695259
48,32,hash,all,3,1,8,83334,150,100000000,100000800,16841,214652925,214673773,2606.000,2105.125,2.146512078,214655531.000,2.146538138,2346951136871695259,333336,333336,2346951136871695259
48,32,hash,all,4,1,8,83334,150,100000000,100000800,17232,219805908,219827729,2727.625,2154.000,2.198041496,219808635.625,2.198068772,2346951136871695259,333336,333336,2346951136871695259
48,64,aho_corasick,all,0,1,4,166668,150,100000000,100000800,3179782,222959792,226182665,805718.250,794945.500,2.229580083,223765510.250,2.237637201,12561320944076838163,333336,333336,12561320944076838163
48,64,aho_corasick,all,1,1,4,166668,150,100000000,100000800,3244724,226267553,229553383,821457.500,811181.000,2.262657429,227089010.500,2.270871938,12561320944076838163,333336,333336,12561320944076838163
48,64,aho_corasick,all,2,1,4,166668,150,100000000,100000800,2872188,229818418,232730340,727980.500,718047.000,2.298165795,230546398.500,2.305445541,12561320944076838163,333336,333336,12561320944076838163
48,64,aho_corasick,all,3,1,4,166668,150,100000000,100000800,3578446,228801510,232419229,904429.750,894611.500,2.287996796,229705939.750,2.297041021,12561320944076838163,333336,333336,12561320944076838163
48,64,aho_corasick,all,4,1,4,166668,150,100000000,100000800,3214798,224369782,227626148,814091.500,803699.500,2.243679871,225183873.500,2.251820720,12561320944076838163,333336,333336,12561320944076838163
48,64,bndmq,all,0,1,4,166668,150,100000000,100000800,139010,454125602,454302462,44215.000,34752.500,4.541219690,454169817.000,4.541661837,12561320944076838163,333336,333336,12561320944076838163
48,64,bndmq,all,1,1,4,166668,150,100000000,100000800,128369,468602412,468759705,39323.250,32092.250,4.685986632,468641735.250,4.686379861,12561320944076838163,333336,333336,12561320944076838163
48,64,bndmq,all,2,1,4,166668,150,100000000,100000800,98384,449645856,449770629,31193.250,24596.000,4.496422589,449677049.250,4.496734519,12561320944076838163,333336,333336,12561320944076838163
48,64,bndmq,all,3,1,4,166668,150,100000000,100000800,98414,459401642,459529230,31897.000,24603.500,4.593979668,459433539.000,4.594298636,12561320944076838163,333336,333336,12561320944076838163
48,64,bndmq,all,4,1,4,166668,150,100000000,100000800,101218,450531137,450660909,32443.000,25304.500,4.505275328,450563580.000,4.505599755,12561320944076838163,333336,333336,12561320944076838163
48,64,hash,all,0,1,4,166668,150,100000000,100000800,20879,234306278,234330033,5938.750,5219.750,2.343044036,234312216.750,2.343103423,12561320944076838163,333336,333336,12561320944076838163
48,64,hash,all,1,1,4,166668,150,100000000,100000800,23233,216031861,216058270,6602.250,5808.250,2.160301328,216038463.250,2.160367350,12561320944076838163,333336,333336,12561320944076838163
48,64,hash,all,2,1,4,166668,150,100000000,100000800,14317,218087912,218106487,4643.750,3579.250,2.180861673,218092555.750,2.180908110,12561320944076838163,333336,333336,12561320944076838163
48,64,hash,all,3,1,4,166668,150,100000000,100000800,14577,226476152,226493815,4415.750,3644.250,2.264743402,226480567.750,2.264787559,12561320944076838163,333336,333336,12561320944076838163
48,64,hash,all,4,1,4,166668,150,100000000,100000800,14457,222679067,222696459,4348.000,3614.250,2.226772856,222683415.000,2.226816335,12561320944076838163,333336,333336,12561320944076838163
48,128,hash,all,0,1,2,333334,150,100000000,100000200,18925,226986224,227007163,10469.500,9462.500,2.269857700,226996693.500,2.269962395,17020468359659637756,333334,333334,17020468359659637756
48,128,hash,all,1,1,2,333334,150,100000000,100000200,21981,223629908,223654714,12403.000,10990.500,2.236294607,223642311.000,2.236418637,17020468359659637756,333334,333334,17020468359659637756
48,128,hash,all,2,1,2,333334,150,100000000,100000200,13745,228907614,228924284,8335.000,6872.500,2.289071562,228915949.000,2.289154912,17020468359659637756,333334,333334,17020468359659637756
48,128,hash,all,3,1,2,333334,150,100000000,100000200,14848,227700137,227717690,8776.500,7424.000,2.276996816,227708913.500,2.277084581,17020468359659637756,333334,333334,17020468359659637756
48,128,hash,all,4,1,2,333334,150,100000000,100000200,13785,232361254,232378115,8430.500,6892.500,2.323607893,232369684.500,2.323692198,17020468359659637756,333334,333334,17020468359659637756
48,128,aho_corasick,all,0,1,2,333334,150,100000000,100000200,3397659,243518670,246951905,1716617.500,1698829.500,2.435181830,245235287.500,2.452347970,17020468359659637756,333334,333334,17020468359659637756
48,128,aho_corasick,all,1,1,2,333334,150,100000000,100000200,3210967,258956546,262203872,1623663.000,1605483.500,2.589560281,260580209.000,2.605796878,17020468359659637756,333334,333334,17020468359659637756
48,128,aho_corasick,all,2,1,2,333334,150,100000000,100000200,3435740,247719466,251199348,1739941.000,1717870.000,2.477189706,249459407.000,2.494589081,17020468359659637756,333334,333334,17020468359659637756
48,128,aho_corasick,all,3,1,2,333334,150,100000000,100000200,3296922,253650539,256984850,1667155.500,1648461.000,2.536500317,255317694.500,2.553171839,17020468359659637756,333334,333334,17020468359659637756
48,128,aho_corasick,all,4,1,2,333334,150,100000000,100000200,3450997,249508987,253000219,1745616.000,1725498.500,2.495084880,251254603.000,2.512541005,17020468359659637756,333334,333334,17020468359659637756
48,128,bndmq,all,0,1,2,333334,150,100000000,100000200,116528,940438440,940596445,79002.500,58264.000,9.404365591,940517442.500,9.405155615,17020468359659637756,333334,333334,17020468359659637756
48,128,bndmq,all,1,1,2,333334,150,100000000,100000200,115476,940604731,940743871,69570.000,57738.000,9.406028498,940674301.000,9.406724197,17020468359659637756,333334,333334,17020468359659637756
48,128,bndmq,all,2,1,2,333334,150,100000000,100000200,93223,943505948,943628337,61194.500,46611.500,9.435040610,943567142.500,9.435652554,17020468359659637756,333334,333334,17020468359659637756
48,128,bndmq,all,3,1,2,333334,150,100000000,100000200,97642,938147867,938270766,61449.500,48821.000,9.381459907,938209316.500,9.382074401,17020468359659637756,333334,333334,17020468359659637756
48,128,bndmq,all,4,1,2,333334,150,100000000,100000200,92573,950873223,950992897,59837.000,46286.500,9.508713213,950933060.000,9.509311581,17020468359659637756,333334,333334,17020468359659637756
48,256,hash,all,0,1,1,666668,150,100000000,100000200,22532,230685846,230710762,24916.000,22532.000,2.306853846,230710762.000,2.307103006,18205002552743860326,333334,333334,18205002552743860326
48,256,hash,all,1,1,1,666668,150,100000000,100000200,17573,229662056,229681953,19897.000,17573.000,2.296615967,229681953.000,2.296814936,18205002552743860326,333334,333334,18205002552743860326
48,256,hash,all,2,1,1,666668,150,100000000,100000200,13535,224362213,224377230,15017.000,13535.000,2.243617643,224377230.000,2.243767812,18205002552743860326,333334,333334,18205002552743860326
48,256,hash,all,3,1,1,666668,150,100000000,100000200,13395,232026327,232041675,15348.000,13395.000,2.320258629,232041675.000,2.320412109,18205002552743860326,333334,333334,18205002552743860326
48,256,hash,all,4,1,1,666668,150,100000000,100000200,13616,236286675,236302425,15750.000,13616.000,2.362862024,236302425.000,2.363019524,18205002552743860326,333334,333334,18205002552743860326
48,256,aho_corasick,all,0,1,1,666668,150,100000000,100000200,3094873,274568004,277695118,3127114.000,3094873.000,2.745674549,277695118.000,2.776945626,18205002552743860326,333334,333334,18205002552743860326
48,256,aho_corasick,all,1,1,1,666668,150,100000000,100000200,3971940,306072586,310090051,4017465.000,3971940.000,3.060719739,310090051.000,3.100894308,18205002552743860326,333334,333334,18205002552743860326
48,256,aho_corasick,all,2,1,1,666668,150,100000000,100000200,3183970,292524023,295759479,3235456.000,3183970.000,2.925234380,295759479.000,2.957588875,18205002552743860326,333334,333334,18205002552743860326
48,256,aho_corasick,all,3,1,1,666668,150,100000000,100000200,3692729,311413541,315112632,3699091.000,3692729.000,3.114129182,315112632.000,3.151120018,18205002552743860326,333334,333334,18205002552743860326
48,256,aho_corasick,all,4,1,1,666668,150,100000000,100000200,4174236,308007961,312186605,4178644.000,4174236.000,3.080073450,312186605.000,3.121859806,18205002552743860326,333334,333334,18205002552743860326
48,256,bndmq,all,0,1,1,666668,150,100000000,100000200,115426,1933578067,1933719151,141084.000,115426.000,19.335741999,1933719151.000,19.337152836,18205002552743860326,333334,333334,18205002552743860326
48,256,bndmq,all,1,1,1,666668,150,100000000,100000200,131976,1913223504,1913356952,133448.000,131976.000,19.132196776,1913356952.000,19.133531253,18205002552743860326,333334,333334,18205002552743860326
48,256,bndmq,all,2,1,1,666668,150,100000000,100000200,33362,1917777510,1917812114,34604.000,33362.000,19.177736745,1917812114.000,19.178082784,18205002552743860326,333334,333334,18205002552743860326
48,256,bndmq,all,3,1,1,666668,150,100000000,100000200,32922,1917841277,1917875822,34545.000,32922.000,19.178374413,1917875822.000,19.178719863,18205002552743860326,333334,333334,18205002552743860326
48,256,bndmq,all,4,1,1,666668,150,100000000,100000200,32962,1937645789,1937680214,34425.000,32962.000,19.376419137,1937680214.000,19.376763386,18205002552743860326,333334,333334,18205002552743860326
48,1000,aho_corasick,all,0,1,1,666668,150,100000000,100000200,14183040,417879687,432155559,14275872.000,14183040.000,4.178788512,432155559.000,4.321546947,2241615595091425294,333334,333334,2241615595091425294
48,1000,aho_corasick,all,1,1,1,666668,150,100000000,100000200,13468587,424203924,437679986,13476062.000,13468587.000,4.242030756,437679986.000,4.376791106,2241615595091425294,333334,333334,2241615595091425294
48,1000,aho_corasick,all,2,1,1,666668,150,100000000,100000200,13491700,417055018,430554502,13499484.000,13491700.000,4.170541839,430554502.000,4.305536409,2241615595091425294,333334,333334,2241615595091425294
48,1000,aho_corasick,all,3,1,1,666668,150,100000000,100000200,13780319,426726946,440665080,13938134.000,13780319.000,4.267260925,440665080.000,4.406641987,2241615595091425294,333334,333334,2241615595091425294
48,1000,aho_corasick,all,4,1,1,666668,150,100000000,100000200,15160322,415856894,431172045,15315151.000,15160322.000,4.158560623,431172045.000,4.311711827,2241615595091425294,333334,333334,2241615595091425294
48,1000,hash,all,0,1,1,666668,150,100000000,100000200,67737,224321246,224392119,70873.000,67737.000,2.243207974,224392119.000,2.243916702,2241615595091425294,333334,333334,2241615595091425294
48,1000,hash,all,1,1,1,666668,150,100000000,100000200,81733,216082049,216177457,95408.000,81733.000,2.160816168,216177457.000,2.161770246,2241615595091425294,333334,333334,2241615595091425294
48,1000,hash,all,2,1,1,666668,150,100000000,100000200,45655,215440078,215488849,48771.000,45655.000,2.154396471,215488849.000,2.154884180,2241615595091425294,333334,333334,2241615595091425294
48,1000,hash,all,3,1,1,666668,150,100000000,100000200,45124,215256690,215305222,48532.000,45124.000,2.152562595,215305222.000,2.153047914,2241615595091425294,333334,333334,2241615595091425294
48,1000,hash,all,4,1,1,666668,150,100000000,100000200,46016,234703535,234752597,49062.000,46016.000,2.347030656,234752597.000,2.347521275,2241615595091425294,333334,333334,2241615595091425294
48,10000,aho_corasick,all,0,1,1,666668,150,100000000,100000200,179399128,977708738,1157336752,179628014.000,179399128.000,9.777067826,1157336752.000,11.573344373,17138269524638568780,333334,333334,17138269524638568780
48,10000,aho_corasick,all,1,1,1,666668,150,100000000,100000200,163769730,1047725529,1211574436,163848907.000,163769730.000,10.477234336,1211574436.000,12.115720129,17138269524638568780,333334,333334,17138269524638568780
48,10000,aho_corasick,all,2,1,1,666668,150,100000000,100000200,161905241,1012238122,1174245855,162007733.000,161905241.000,10.122360975,1174245855.000,11.742435065,17138269524638568780,333334,333334,17138269524638568780
48,10000,aho_corasick,all,3,1,1,666668,150,100000000,100000200,158623318,985060499,1143758286,158697787.000,158623318.000,9.850585289,1143758286.000,11.437559985,17138269524638568780,333334,333334,17138269524638568780
48,10000,aho_corasick,all,4,1,1,666668,150,100000000,100000200,157075721,1038738598,1195890671,157152073.000,157075721.000,10.387365205,1195890671.000,11.958882792,17138269524638568780,333334,333334,17138269524638568780
48,10000,hash,all,0,1,1,666668,150,100000000,100000200,788762,249739867,250585645,845778.000,788762.000,2.497393675,250585645.000,2.505851438,17138269524638568780,333334,333334,17138269524638568780
48,10000,hash,all,1,1,1,666668,150,100000000,100000200,810042,259060614,259924657,864043.000,810042.000,2.590600959,259924657.000,2.599241372,17138269524638568780,333334,333334,17138269524638568780
48,10000,hash,all,2,1,1,666668,150,100000000,100000200,585142,251458169,252100688,642519.000,585142.000,2.514576661,252100688.000,2.521001838,17138269524638568780,333334,333334,17138269524638568780
48,10000,hash,all,3,1,1,666668,150,100000000,100000200,581074,256852834,257489472,636638.000,581074.000,2.568523203,257489472.000,2.574889570,17138269524638568780,333334,333334,17138269524638568780
48,10000,hash,all,4,1,1,666668,150,100000000,100000200,590481,256245231,256891746,646515.000,590481.000,2.562447185,256891746.000,2.568912322,17138269524638568780,333334,333334,17138269524638568780
48,100000,hash,all,0,1,1,666668,150,100000000,100000200,6280668,493832225,500458448,6626223.000,6280668.000,4.938312373,500458448.000,5.004574471,3106514612376857247,333334,333334,3106514612376857247
48,100000,hash,all,1,1,1,666668,150,100000000,100000200,6632013,484852056,491615644,6763588.000,6632013.000,4.848510863,491615644.000,4.916146608,3106514612376857247,333334,333334,3106514612376857247
48,100000,hash,all,2,1,1,666668,150,100000000,100000200,4973940,465016717,470120058,5103341.000,4973940.000,4.650157870,470120058.000,4.701191178,3106514612376857247,333334,333334,3106514612376857247
48,100000,hash,all,3,1,1,666668,150,100000000,100000200,5216542,500713026,506098253,5385227.000,5216542.000,5.007120246,506098253.000,5.060972408,3106514612376857247,333334,333334,3106514612376857247
48,100000,hash,all,4,1,1,666668,150,100000000,100000200,6239260,584295112,590704900,6409788.000,6239260.000,5.842939434,590704900.000,5.907037186,3106514612376857247,333334,333334,3106514612376857247
48,1000000,hash,all,0,1,1,666668,150,100000000,100000200,94950622,613187509,712128867,98941358.000,94950622.000,6.131862826,712128867.000,7.121274427,5447038984014897269,333334,333334,5447038984014897269
48,1000000,hash,all,1,1,1,666668,150,100000000,100000200,100192047,600698079,704129039,103430960.000,100192047.000,6.006968776,704129039.000,7.041276307,5447038984014897269,333334,333334,5447038984014897269
48,1000000,hash,all,2,1,1,666668,150,100000000,100000200,82445102,582576173,668477763,85901590.000,82445102.000,5.825750078,668477763.000,6.684764260,5447038984014897269,333334,333334,5447038984014897269
48,1000000,hash,all,3,1,1,666668,150,100000000,100000200,74872127,597709795,676035186,78325391.000,74872127.000,5.977085996,676035186.000,6.760338339,5447038984014897269,333334,333334,5447038984014897269
48,1000000,hash,all,4,1,1,666668,150,100000000,100000200,76856944,585782953,666012038,80229085.000,76856944.000,5.857817814,666012038.000,6.660107060,5447038984014897269,333334,333334,5447038984014897269
64,1,bndmq,first,0,1,64,10418,150,100000000,100012800,91421,34785727,34895903,1721.500,1428.453,0.347812750,34787448.500,0.347829963,10100110153867304471,333376,333376,10100110153867304471
64,1,bndmq,first,1,1,64,10418,150,100000000,100012800,30727,31770077,31826662,884.141,480.109,0.317660110,31770961.141,0.317668950,10100110153867304471,333376,333376,10100110153867304471
64,1,bndmq,first,2,1,64,10418,150,100000000,100012800,30247,30863289,30921608,911.234,472.609,0.308593390,30864200.234,0.308602501,10100110153867304471,333376,333376,10100110153867304471
64,1,bndmq,first,3,1,64,10418,150,100000000,100012800,31790,29998666,30057456,918.594,496.719,0.299948267,29999584.594,0.299957451,10100110153867304471,333376,333376,10100110153867304471
64,1,bndmq,first,4,1,64,10418,150,100000000,100012800,29565,30437065,30492308,863.172,461.953,0.304331696,30437928.172,0.304340326,10100110153867304471,333376,333376,10100110153867304471
64,1,hash,first,0,1,64,10418,150,100000000,100012800,24897,141304036,141332861,450.391,389.016,1.412859514,141304486.391,1.412864017,10100110153867304471,333376,333376,10100110153867304471
64,1,hash,first,1,1,64,10418,150,100000000,100012800,30227,130295797,130329992,534.297,472.297,1.302791213,130296331.297,1.302796555,10100110153867304471,333376,333376,10100110153867304471
64,1,hash,first,2,1,64,10418,150,100000000,100012800,17633,129257204,129279515,348.609,275.516,1.292406612,129257552.609,1.292410098,10100110153867304471,333376,333376,10100110153867304471
64,1,hash,first,3,1,64,10418,150,100000000,100012800,18565,129639585,129663610,375.391,290.078,1.296229933,129639960.391,1.296233686,10100110153867304471,333376,333376,10100110153867304471
64,1,hash,first,4,1,64,10418,150,100000000,100012800,19967,135082730,135107136,381.344,311.984,1.350654416,135083111.344,1.350658229,10100110153867304471,333376,333376,10100110153867304471
64,1,aho_corasick,first,0,1,64,10418,150,100000000,100012800,1432362,50640416,52103586,22862.031,22380.656,0.506339349,50663278.031,0.506567940,10100110153867304471,333376,333376,10100110153867304471
64,1,aho_corasick,first,1,1,64,10418,150,100000000,100012800,1523943,50091067,51642922,24247.734,23811.609,0.500846562,50115314.734,0.501089008,10100110153867304471,333376,333376,10100110153867304471
64,1,aho_corasick,first,2,1,64,10418,150,100000000,100012800,1633630,52940706,54603039,25973.953,25525.469,0.529339305,52966679.953,0.529599011,10100110153867304471,333376,333376,10100110153867304471
64,1,aho_corasick,first,3,1,64,10418,150,100000000,100012800,1330833,51463909,52817985,21157.438,20794.266,0.514573225,51485066.438,0.514784772,10100110153867304471,333376,333376,10100110153867304471
64,1,aho_corasick,first,4,1,64,10418,150,100000000,100012800,1386998,50086693,51497997,22051.625,21671.844,0.500802827,50108744.625,0.501023315,10100110153867304471,333376,333376,10100110153867304471
64,2,hash,first,0,1,64,10418,150,100000000,100012800,29935,143766076,143800351,535.547,467.734,1.437476763,143766611.547,1.437482118,10100110153867304471,333376,333376,10100110153867304471
64,2,hash,first,1,1,64,10418,150,100000000,100012800,28573,143520159,143552969,512.656,446.453,1.435017908,143520671.656,1.435023034,10100110153867304471,333376,333376,10100110153867304471
64,2,hash,first,2,1,64,10418,150,100000000,100012800,23013,141435370,141463312,436.594,359.578,1.414172686,141435806.594,1.414177051,10100110153867304471,333376,333376,10100110153867304471
64,2,hash,first,3,1,64,10418,150,100000000,100012800,25518,147526997,147556883,466.969,398.719,1.475081160,147527463.969,1.475085829,10100110153867304471,333376,333376,10100110153867304471
64,2,hash,first,4,1,64,10418,150,100000000,100012800,21881,136570676,136596865,409.203,341.891,1.365531972,136571085.203,1.365536063,10100110153867304471,333376,333376,10100110153867304471
64,2,bndmq,first,0,1,64,10418,150,100000000,100012800,96480,36376636,36503743,1986.047,1507.500,0.363719804,36378622.047,0.363739662,10100110153867304471,333376,333376,10100110153867304471
64,2,bndmq,first,1,1,64,10418,150,100000000,100012800,79288,35396193,35499926,1620.828,1238.875,0.353916629,35397813.828,0.353932835,10100110153867304471,333376,333376,10100110153867304471
64,2,bndmq,first,2,1,64,10418,150,100000000,100012800,67015,35379657,35469725,1407.312,1047.109,0.353751290,35381064.312,0.353765361,10100110153867304471,333376,333376,10100110153867304471
64,2,bndmq,first,3,1,64,10418,150,100000000,100012800,63769,37266614,37354127,1367.391,996.391,0.372618445,37267981.391,0.372632117,10100110153867304471,333376,333376,10100110153867304471
64,2,bndmq,first,4,1,64,10418,150,100000000,100012800,66194,36387063,36478194,1423.922,1034.281,0.363824061,36388486.922,0.363838298,10100110153867304471,333376,333376,10100110153867304471
64,2,aho_corasick,first,0,1,64,10418,150,100000000,100012800,2456423,436923630,439432451,39200.328,38381.609,4.368677109,436962830.328,4.369069062,10100110153867304471,333376,333376,10100110153867304471
64,2,aho_corasick,first,1,1,64,10418,150,100000000,100012800,2870969,435794339,438725591,45800.812,44858.891,4.357385645,435840139.812,4.357843594,10100110153867304471,333376,333376,10100110153867304471
64,2,aho_corasick,first,2,1,64,10418,150,100000000,100012800,2840680,435407419,438307169,45308.594,44385.625,4.353516940,435452727.594,4.353969968,10100110153867304471,333376,333376,10100110153867304471
64,2,aho_corasick,first,3,1,64,10418,150,100000000,100012800,2201657,438956046,441209571,35211.328,34400.891,4.388998668,438991257.328,4.389350736,10100110153867304471,333376,333376,10100110153867304471
64,2,aho_corasick,first,4,1,64,10418,150,100000000,100012800,3107504,438617981,441783513,49461.438,48554.750,4.385618451,438667442.438,4.386113002,10100110153867304471,333376,333376,10100110153867304471
64,4,aho_corasick,first,0,1,64,10418,150,100000000,100012800,5099792,179990287,185142396,80501.703,79684.250,1.799672512,180070788.703,1.800477426,10100110153867304471,333376,333376,10100110153867304471
64,4,aho_corasick,first,1,1,64,10418,150,100000000,100012800,4540131,173472206,178045910,71464.125,70939.547,1.734500044,173543670.125,1.735214594,10100110153867304471,333376,333376,10100110153867304471
64,4,aho_corasick,first,2,1,64,10418,150,100000000,100012800,4115708,180377129,184523674,64789.766,64307.938,1.803540437,180441918.766,1.804188252,10100110153867304471,333376,333376,10100110153867304471
64,4,aho_corasick,first,3,1,64,10418,150,100000000,100012800,4045758,177973214,182083572,64224.344,63214.969,1.779504363,178037438.344,1.780146525,10100110153867304471,333376,333376,10100110153867304471
64,4,aho_corasick,first,4,1,64,10418,150,100000000,100012800,4294624,175474209,179831831,68087.844,67103.500,1.754517512,175542296.844,1.755198303,10100110153867304471,333376,333376,10100110153867304471
64,4,hash,first,0,1,64,10418,150,100000000,100012800,50324,149529624,149585819,878.047,786.312,1.495104867,149530502.047,1.495113646,10100110153867304471,333376,333376,10100110153867304471
64,4,hash,first,1,1,64,10418,150,100000000,100012800,44523,153597598,153648182,790.375,695.672,1.535779400,153598388.375,1.535787303,10100110153867304471,333376,333376,10100110153867304471
64,4,hash,first,2,1,64,10418,150,100000000,100012800,34835,150744746,150784279,617.703,544.297,1.507254531,150745363.703,1.507260708,10100110153867304471,333376,333376,10100110153867304471
64,4,hash,first,3,1,64,10418,150,100000000,100012800,34464,150914845,150954509,619.750,538.500,1.508955304,150915464.750,1.508961500,10100110153867304471,333376,333376,10100110153867304471
64,4,hash,first,4,1,64,10418,150,100000000,100012800,37570,154787149,154830119,671.406,587.031,1.547673388,154787820.406,1.547680101,10100110153867304471,333376,333376,10100110153867304471
64,4,bndmq,first,0,1,64,10418,150,100000000,100012800,326198,43101059,43460849,5621.719,5096.844,0.430955428,43106680.719,0.431011638,10100110153867304471,333376,333376,10100110153867304471
64,4,bndmq,first,1,1,64,10418,150,100000000,100012800,122098,44072822,44222571,2339.828,1907.781,0.440671814,44075161.828,0.440695209,10100110153867304471,333376,333376,10100110153867304471
64,4,bndmq,first,2,1,64,10418,150,100000000,100012800,118871,43344122,43490474,2286.750,1857.359,0.433385747,43346408.750,0.433408611,10100110153867304471,333376,333376,10100110153867304471
64,4,bndmq,first,3,1,64,10418,150,100000000,100012800,123611,44617129,44767700,2352.672,1931.422,0.446114187,44619481.672,0.446137711,10100110153867304471,333376,333376,10100110153867304471
64,4,bndmq,first,4,1,64,10418,150,100000000,100012800,120484,45786997,45931507,2257.969,1882.562,0.457811370,45789254.969,0.457833947,10100110153867304471,333376,333376,10100110153867304471
64,8,bndmq,first,0,1,32,20834,150,100000000,100003200,135102,58296193,58468325,5379.125,4221.938,0.582943276,58301572.125,0.582997065,10007957261559824023,333344,333344,10007957261559824023
64,8,bndmq,first,1,1,32,20834,150,100000000,100003200,120875,59510142,59667615,4921.031,3777.344,0.595082377,59515063.031,0.595131586,10007957261559824023,333344,333344,10007957261559824023
64,8,bndmq,first,2,1,32,20834,150,100000000,100003200,130974,58716237,58878369,5066.625,4092.938,0.587143581,58721303.625,0.587194246,10007957261559824023,333344,333344,10007957261559824023
64,8,bndmq,first,3,1,32,20834,150,100000000,100003200,105737,56882873,57018746,4246.031,3304.281,0.568810528,56887119.031,0.568852987,10007957261559824023,333344,333344,10007957261559824023
64,8,bndmq,first,4,1,32,20834,150,100000000,100003200,102601,58954385,59088695,4197.188,3206.281,0.589524985,58958582.188,0.589566956,10007957261559824023,333344,333344,10007957261559824023
64,8,hash,first,0,1,32,20834,150,100000000,100003200,40996,156874844,156921881,1469.906,1281.125,1.568698242,156876313.906,1.568712940,10007957261559824023,333344,333344,10007957261559824023
64,8,hash,first,1,1,32,20834,150,100000000,100003200,45104,156661383,156710846,1545.719,1409.500,1.566563700,156662928.719,1.566579157,10007957261559824023,333344,333344,10007957261559824023
64,8,hash,first,2,1,32,20834,150,100000000,100003200,25628,160276518,160307757,976.219,800.875,1.602713893,160277494.219,1.602723655,10007957261559824023,333344,333344,10007957261559824023
64,8,hash,first,3,1,32,20834,150,100000000,100003200,26770,166355630,166387138,984.625,836.562,1.663503068,166356614.625,1.663512914,10007957261559824023,333344,333344,10007957261559824023
64,8,hash,first,4,1,32,20834,150,100000000,100003200,26349,158617854,158649272,981.812,823.406,1.586127784,158618835.812,1.586137602,10007957261559824023,333344,333344,10007957261559824023
64,8,aho_corasick,first,0,1,32,20834,150,100000000,100003200,5029383,170431253,175509818,158705.156,157168.219,1.704257994,170589958.156,1.705844995,10007957261559824023,333344,333344,10007957261559824023
64,8,aho_corasick,first,1,1,32,20834,150,100000000,100003200,4425076,171741606,176213048,139732.562,138283.625,1.717361104,171881338.562,1.718758385,10007957261559824023,333344,333344,10007957261559824023
64,8,aho_corasick,first,2,1,32,20834,150,100000000,100003200,4053112,167281016,171360156,127473.125,126659.750,1.672756632,167408489.125,1.674031322,10007957261559824023,333344,333344,10007957261559824023
64,8,aho_corasick,first,3,1,32,20834,150,100000000,100003200,3711114,171199737,174933643,116684.562,115972.312,1.711942588,171316421.562,1.713109396,10007957261559824023,333344,333344,10007957261559824023
64,8,aho_corasick,first,4,1,32,20834,150,100000000,100003200,3804979,170937668,174779205,120048.031,118905.594,1.709321982,171057716.031,1.710522424,10007957261559824023,333344,333344,10007957261559824023
64,16,hash,first,0,1,16,41668,150,100000000,100003200,33793,156880863,156922811,2621.750,2112.062,1.568758430,156883484.750,1.568784646,8485451749250642310,333344,333344,8485451749250642310
64,16,hash,first,1,1,16,41668,150,100000000,100003200,28704,156696128,156729130,2062.625,1794.000,1.566911139,156698190.625,1.566931764,8485451749250642310,333344,333344,8485451749250642310
64,16,hash,first,2,1,16,41668,150,100000000,100003200,24005,155615174,155643327,1759.562,1500.312,1.556101945,155616933.562,1.556119540,8485451749250642310,333344,333344,8485451749250642310
64,16,hash,first,3,1,16,41668,150,100000000,100003200,22242,159811891,159839473,1723.875,1390.125,1.598067772,159813614.875,1.598085010,8485451749250642310,333344,333344,8485451749250642310
64,16,hash,first,4,1,16,41668,150,100000000,100003200,24596,161401469,161430593,1820.250,1537.250,1.613963043,161403289.250,1.613981245,8485451749250642310,333344,333344,8485451749250642310
64,16,aho_corasick,first,0,1,16,41668,150,100000000,100003200,4604461,172251809,176870467,288666.125,287778.812,1.722462971,172540475.125,1.725349540,8485451749250642310,333344,333344,8485451749250642310
64,16,aho_corasick,first,1,1,16,41668,150,100000000,100003200,3875871,172887447,176787553,243756.625,242241.938,1.728819148,173131203.625,1.731256636,8485451749250642310,333344,333344,8485451749250642310
64,16,aho_corasick,first,2,1,16,41668,150,100000000,100003200,3787356,171106076,174924350,238642.125,236709.750,1.711006008,171344718.125,1.713392353,8485451749250642310,333344,333344,8485451749250642310
64,16,aho_corasick,first,3,1,16,41668,150,100000000,100003200,3697578,174039132,177756357,232326.562,231098.625,1.740335629,174271458.562,1.742658821,8485451749250642310,333344,333344,8485451749250642310
64,16,aho_corasick,first,4,1,16,41668,150,100000000,100003200,3902361,171949071,175870467,245087.250,243897.562,1.719435688,172194158.250,1.721886482,8485451749250642310,333344,333344,8485451749250642310
64,16,bndmq,first,0,1,16,41668,150,100000000,100003200,255367,92620936,92907681,17921.562,15960.438,0.926179722,92638857.562,0.926358932,8485451749250642310,333344,333344,8485451749250642310
64,16,bndmq,first,1,1,16,41668,150,100000000,100003200,127819,91429720,91583637,9619.812,7988.688,0.914267943,91439339.812,0.914364138,8485451749250642310,333344,333344,8485451749250642310
64,16,bndmq,first,2,1,16,41668,150,100000000,100003200,94366,96279378,96399241,7491.438,5897.875,0.962762972,96286869.438,0.962837884,8485451749250642310,333344,333344,8485451749250642310
64,16,bndmq,first,3,1,16,41668,150,100000000,100003200,88245,88302756,88416789,7127.062,5515.312,0.882999304,88309883.062,0.883070572,8485451749250642310,333344,333344,8485451749250642310
64,16,bndmq,first,4,1,16,41668,150,100000000,100003200,88395,94105136,94218928,7112.000,5524.688,0.941021247,94112248.000,0.941092365,8485451749250642310,333344,333344,8485451749250642310
64,32,bndmq,first,0,1,8,83334,150,100000000,100000800,246470,161542372,161811995,33702.875,30808.750,1.615410797,161576074.875,1.615747823,14545882975625201301,333336,333336,14545882975625201301
64,32,bndmq,first,1,1,8,83334,150,100000000,100000800,127538,152097534,152247433,18737.375,15942.250,1.520963172,152116271.375,1.521150545,14545882975625201301,333336,333336,14545882975625201301
64,32,bndmq,first,2,1,8,83334,150,100000000,100000800,67857,155583362,155705571,15276.125,8482.125,1.555821173,155598638.125,1.555973933,14545882975625201301,333336,333336,14545882975625201301
64,32,bndmq,first,3,1,8,83334,150,100000000,100000800,77615,160476622,160581898,13159.500,9701.875,1.604753382,160489781.500,1.604884976,14545882975625201301,333336,333336,14545882975625201301
64,32,bndmq,first,4,1,8,83334,150,100000000,100000800,78446,160826071,160928753,12835.250,9805.750,1.608247844,160838906.250,1.608376195,14545882975625201301,333336,333336,14545882975625201301
64,32,aho_corasick,first,0,1,8,83334,150,100000000,100000800,4524980,179035811,183586749,568867.250,565622.500,1.790343787,179604678.250,1.796032414,14545882975625201301,333336,333336,14545882975625201301
64,32,aho_corasick,first,1,1,8,83334,150,100000000,100000800,3946403,173090155,177071633,497684.750,493300.375,1.730887703,173587839.750,1.735864511,14545882975625201301,333336,333336,14545882975625201301
64,32,aho_corasick,first,2,1,8,83334,150,100000000,100000800,4062119,175970500,180074466,512995.750,507764.875,1.759690922,176483495.750,1.764820839,14545882975625201301,333336,333336,14545882975625201301
64,32,aho_corasick,first,3,1,8,83334,150,100000000,100000800,4087365,177329515,181458367,516106.500,510920.625,1.773280964,177845621.500,1.778441987,14545882975625201301,333336,333336,14545882975625201301
64,32,aho_corasick,first,4,1,8,83334,150,100000000,100000800,4211998,176860983,181117304,532040.125,526499.750,1.768595681,177393023.125,1.773916040,14545882975625201301,333336,333336,14545882975625201301
64,32,hash,first,0,1,8,83334,150,100000000,100000800,51937,159676202,159731896,6961.750,6492.125,1.596749246,159683163.750,1.596818863,14545882975625201301,333336,333336,14545882975625201301
64,32,hash,first,1,1,8,83334,150,100000000,100000800,28253,157150118,157182328,4026.250,3531.625,1.571488608,157154144.250,1.571528870,14545882975625201301,333336,333336,14545882975625201301
64,32,hash,first,2,1,8,83334,150,100000000,100000800,21981,157515028,157540546,3189.750,2747.625,1.575137679,157518217.750,1.575169576,14545882975625201301,333336,333336,14545882975625201301
64,32,hash,first,3,1,8,83334,150,100000000,100000800,22352,160968854,160995414,3320.000,2794.000,1.609675663,160972174.000,1.609708862,14545882975625201301,333336,333336,14545882975625201301
64,32,hash,first,4,1,8,83334,150,100000000,100000800,22272,161502570,161528549,3247.375,2784.000,1.615012780,161505817.375,1.615045253,14545882975625201301,333336,333336,14545882975625201301
64,64,aho_corasick,first,0,1,4,166668,150,100000000,100000800,4567401,183157871,187770726,1153213.750,1141850.250,1.831564057,184311084.750,1.843096103,7920970377318854716,333336,333336,7920970377318854716
64,64,aho_corasick,first,1,1,4,166668,150,100000000,100000800,4148910,188315871,192497833,1045490.500,1037227.500,1.883143645,189361361.500,1.893598466,7920970377318854716,333336,333336,7920970377318854716
64,64,aho_corasick,first,2,1,4,166668,150,100000000,100000800,4128162,193050051,197215854,1041450.750,1032040.500,1.930485066,194091501.750,1.940899490,7920970377318854716,333336,333336,7920970377318854716
64,64,aho_corasick,first,3,1,4,166668,150,100000000,100000800,3706175,192773459,196519238,936444.750,926543.750,1.927719168,193709903.750,1.937083541,7920970377318854716,333336,333336,7920970377318854716
64,64,aho_corasick,first,4,1,4,166668,150,100000000,100000800,3823222,189543999,193412706,967176.750,955805.500,1.895424827,190511175.750,1.905096517,7920970377318854716,333336,333336,7920970377318854716
64,64,bndmq,first,0,1,4,166668,150,100000000,100000800,125314,261366765,261530992,41056.750,31328.500,2.613646741,261407821.750,2.614057305,7920970377318854716,333336,333336,7920970377318854716
64,64,bndmq,first,1,1,4,166668,150,100000000,100000800,162663,264129365,264320571,47801.500,40665.750,2.641272520,264177166.500,2.641750531,7920970377318854716,333336,333336,7920970377318854716
64,64,bndmq,first,2,1,4,166668,150,100000000,100000800,100387,273278749,273402840,31022.750,25096.750,2.732765628,273309771.750,2.733075853,7920970377318854716,333336,333336,7920970377318854716
64,64,bndmq,first,3,1,4,166668,150,100000000,100000800,98474,267831366,267959605,32059.750,24618.500,2.678292234,267863425.750,2.678612829,7920970377318854716,333336,333336,7920970377318854716
64,64,bndmq,first,4,1,4,166668,150,100000000,100000800,101109,265943379,266072641,32315.500,25277.250,2.659412515,265975694.500,2.659735667,7920970377318854716,333336,333336,7920970377318854716
64,64,hash,first,0,1,4,166668,150,100000000,100000800,28994,156352091,156383870,7944.750,7248.500,1.563508402,156360035.750,1.563587849,7920970377318854716,333336,333336,7920970377318854716
64,64,hash,first,1,1,4,166668,150,100000000,100000800,29866,157267549,157300510,8240.250,7466.500,1.572662909,157275789.250,1.572745311,7920970377318854716,333336,333336,7920970377318854716
64,64,hash,first,2,1,4,166668,150,100000000,100000800,19387,152408579,152431132,5638.250,4846.750,1.524073597,152414217.250,1.524129979,7920970377318854716,333336,333336,7920970377318854716
64,64,hash,first,3,1,4,166668,150,100000000,100000800,19767,160877814,160900657,5710.750,4941.750,1.608765270,160883524.750,1.608822377,7920970377318854716,333336,333336,7920970377318854716
64,64,hash,first,4,1,4,166668,150,100000000,100000800,19016,157608745,157631338,5648.250,4754.000,1.576074841,157614393.250,1.576131323,7920970377318854716,333336,333336,7920970377318854716
64,128,hash,first,0,1,2,333334,150,100000000,100000200,24796,154840611,154867711,13550.000,12398.000,1.548403013,154854161.000,1.548538513,17355991267112343030,333334,333334,17355991267112343030
64,128,hash,first,1,1,2,333334,150,100000000,100000200,28002,157450120,157480506,15193.000,14001.000,1.574498051,157465313.000,1.574649981,17355991267112343030,333334,333334,17355991267112343030
64,128,hash,first,2,1,2,333334,150,100000000,100000200,17723,156671011,156691450,10219.500,8861.500,1.566706977,156681230.500,1.566809171,17355991267112343030,333334,333334,17355991267112343030
64,128,hash,first,3,1,2,333334,150,100000000,100000200,19166,154966528,154988048,10760.000,9583.000,1.549662181,154977288.000,1.549769780,17355991267112343030,333334,333334,17355991267112343030
64,128,hash,first,4,1,2,333334,150,100000000,100000200,17994,158469800,158490068,10134.000,8997.000,1.584694831,158479934.000,1.584796170,17355991267112343030,333334,333334,17355991267112343030
64,128,bndmq,first,0,1,2,333334,150,100000000,100000200,204191,489581551,489816329,117389.000,102095.500,4.895805718,489698940.000,4.896979606,17355991267112343030,333334,333334,17355991267112343030
64,128,bndmq,first,1,1,2,333334,150,100000000,100000200,134661,496552136,496714288,81076.000,67330.500,4.965511429,496633212.000,4.966322187,17355991267112343030,333334,333334,17355991267112343030
64,128,bndmq,first,2,1,2,333334,150,100000000,100000200,93164,494973511,495090970,58729.500,46582.000,4.949725211,495032240.500,4.950312504,17355991267112343030,333334,333334,17355991267112343030
64,128,bndmq,first,3,1,2,333334,150,100000000,100000200,94046,488832443,488956936,62246.500,47023.000,4.888314653,488894689.500,4.888937117,17355991267112343030,333334,333334,17355991267112343030
64,128,bndmq,first,4,1,2,333334,150,100000000,100000200,94155,488472602,488588668,58033.000,47077.500,4.884716251,488530635.000,4.885296579,17355991267112343030,333334,333334,17355991267112343030
64,128,aho_corasick,first,0,1,2,333334,150,100000000,100000200,4147337,218217805,222406059,2094127.000,2073668.500,2.182173686,220311932.000,2.203114914,17355991267112343030,333334,333334,17355991267112343030
64,128,aho_corasick,first,1,1,2,333334,150,100000000,100000200,3971943,223972115,227988070,2007977.500,1985971.500,2.239716671,225980092.500,2.259796405,17355991267112343030,333334,333334,17355991267112343030
64,128,aho_corasick,first,2,1,2,333334,150,100000000,100000200,3971299,216920695,220928071,2003688.000,1985649.500,2.169202612,218924383.000,2.189239452,17355991267112343030,333334,333334,17355991267112343030
64,128,aho_corasick,first,3,1,2,333334,150,100000000,100000200,3945320,213716337,217702423,1993043.000,1972660.000,2.137159096,215709380.000,2.157089486,17355991267112343030,333334,333334,17355991267112343030
64,128,aho_corasick,first,4,1,2,333334,150,100000000,100000200,3931064,224549598,228527059,1988730.500,1965532.000,2.245491489,226538328.500,2.265378754,17355991267112343030,333334,333334,17355991267112343030
64,256,hash,first,0,1,1,666668,150,100000000,100000200,24546,154729433,154756063,26630.000,24546.000,1.547291235,154756063.000,1.547557535,10878890858135063043,333334,333334,10878890858135063043
64,256,hash,first,1,1,1,666668,150,100000000,100000200,28403,154535592,154565928,30336.000,28403.000,1.545352829,154565928.000,1.545656189,10878890858135063043,333334,333334,10878890858135063043
64,256,hash,first,2,1,1,666668,150,100000000,100000200,17984,156229758,156249595,19837.000,17984.000,1.562294455,156249595.000,1.562492825,10878890858135063043,333334,333334,10878890858135063043
64,256,hash,first,3,1,1,666668,150,100000000,100000200,18094,160347545,160367873,20328.000,18094.000,1.603472243,160367873.000,1.603675523,10878890858135063043,333334,333334,10878890858135063043
64,256,hash,first,4,1,1,666668,150,100000000,100000200,22392,157674999,157699255,24256.000,22392.000,1.576746837,157699255.000,1.576989396,10878890858135063043,333334,333334,10878890858135063043
64,256,bndmq,first,0,1,1,666668,150,100000000,100000200,254645,981809069,982095653,286584.000,254645.000,9.818071054,982095653.000,9.820936888,10878890858135063043,333334,333334,10878890858135063043
64,256,bndmq,first,1,1,1,666668,150,100000000,100000200,135683,974362725,974499840,137115.000,135683.000,9.743607763,974499840.000,9.744978910,10878890858135063043,333334,333334,10878890858135063043
64,256,bndmq,first,2,1,1,666668,150,100000000,100000200,32501,966486086,966519869,33783.000,32501.000,9.664841530,966519869.000,9.665179360,10878890858135063043,333334,333334,10878890858135063043
64,256,bndmq,first,3,1,1,666668,150,100000000,100000200,33252,961669979,961704393,34414.000,33252.000,9.616680557,961704393.000,9.617024696,10878890858135063043,333334,333334,10878890858135063043
64,256,bndmq,first,4,1,1,666668,150,100000000,100000200,34114,973525226,973560873,35647.000,34114.000,9.735232790,973560873.000,9.735589259,10878890858135063043,333334,333334,10878890858135063043
64,256,aho_corasick,first,0,1,1,666668,150,100000000,100000200,4779617,268074942,272894814,4819872.000,4779617.000,2.680744059,272894814.000,2.728942682,10878890858135063043,333334,333334,10878890858135063043
64,256,aho_corasick,first,1,1,1,666668,150,100000000,100000200,4460712,266274180,270739611,4465431.000,4460712.000,2.662736475,270739611.000,2.707390695,10878890858135063043,333334,333334,10878890858135063043
64,256,aho_corasick,first,2,1,1,666668,150,100000000,100000200,3818053,283075776,286897596,3821820.000,3818053.000,2.830752098,286897596.000,2.868970222,10878890858135063043,333334,333334,10878890858135063043
64,256,aho_corasick,first,3,1,1,666668,150,100000000,100000200,4104107,275814058,279923004,4108946.000,4104107.000,2.758135064,279923004.000,2.799224442,10878890858135063043,333334,333334,10878890858135063043
64,256,aho_corasick,first,4,1,1,666668,150,100000000,100000200,3757871,268642581,272405000,3762419.000,3757871.000,2.686420437,272405000.000,2.724044552,10878890858135063043,333334,333334,10878890858135063043
64,1000,aho_corasick,first,0,1,1,666668,150,100000000,100000200,19956527,356942244,377014426,20072182.000,19956527.000,3.569415301,377014426.000,3.770136720,10878890858135063043,333334,333334,10878890858135063043
64,1000,aho_corasick,first,1,1,1,666668,150,100000000,100000200,21487937,357554353,379052199,21497846.000,21487937.000,3.575536379,379052199.000,3.790514409,10878890858135063043,333334,333334,10878890858135063043
64,1000,aho_corasick,first,2,1,1,666668,150,100000000,100000200,19358536,358534850,377908134,19373284.000,19358536.000,3.585341329,377908134.000,3.779073782,10878890858135063043,333334,333334,10878890858135063043
64,1000,aho_corasick,first,3,1,1,666668,150,100000000,100000200,17224955,350873163,368112986,17239823.000,17224955.000,3.508724613,368112986.000,3.681122498,10878890858135063043,333334,333334,10878890858135063043
64,1000,aho_corasick,first,4,1,1,666668,150,100000000,100000200,19417289,351470322,370898891,19428569.000,19417289.000,3.514696191,370898891.000,3.708981492,10878890858135063043,333334,333334,10878890858135063043
64,1000,hash,first,0,1,1,666668,150,100000000,100000200,87914,152194604,152285414,90810.000,87914.000,1.521942996,152285414.000,1.522851094,10878890858135063043,333334,333334,10878890858135063043
64,1000,hash,first,1,1,1,666668,150,100000000,100000200,105136,154418694,154539399,120705.000,105136.000,1.544183852,154539399.000,1.545390899,10878890858135063043,333334,333334,10878890858135063043
64,1000,hash,first,2,1,1,666668,150,100000000,100000200,68327,159311823,159383286,71463.000,68327.000,1.593115044,159383286.000,1.593829672,10878890858135063043,333334,333334,10878890858135063043
64,1000,hash,first,3,1,1,666668,150,100000000,100000200,64581,152862220,152929807,67587.000,64581.000,1.528619143,152929807.000,1.529295011,10878890858135063043,333334,333334,10878890858135063043
64,1000,hash,first,4,1,1,666668,150,100000000,100000200,64330,154581417,154648823,67406.000,64330.000,1.545811078,154648823.000,1.546485137,10878890858135063043,333334,333334,10878890858135063043
64,10000,hash,first,0,1,1,666668,150,100000000,100000200,836050,182981692,183883504,901812.000,836050.000,1.829813260,183883504.000,1.838831362,10878890858135063043,333334,333334,10878890858135063043
64,10000,hash,first,1,1,1,666668,150,100000000,100000200,839296,185887569,186784372,896803.000,839296.000,1.858871972,186784372.000,1.867839984,10878890858135063043,333334,333334,10878890858135063043
64,10000,hash,first,2,1,1,666668,150,100000000,100000200,807917,196465203,197332731,867528.000,807917.000,1.964648101,197332731.000,1.973323363,10878890858135063043,333334,333334,10878890858135063043
64,10000,hash,first,3,1,1,666668,150,100000000,100000200,803969,194671480,195535723,864243.000,803969.000,1.946710907,195535723.000,1.955353319,10878890858135063043,333334,333334,10878890858135063043
64,10000,hash,first,4,1,1,666668,150,100000000,100000200,919917,191902620,192886016,983396.000,919917.000,1.919022362,192886016.000,1.928856302,10878890858135063043,333334,333334,10878890858135063043
64,10000,aho_corasick,first,0,1,1,666668,150,100000000,100000200,255393061,919188423,1174741813,255553390.000,255393061.000,9.191865846,1174741813.000,11.747394635,10878890858135063043,333334,333334,10878890858135063043
64,10000,aho_corasick,first,1,1,1,666668,150,100000000,100000200,238983296,902299868,1141803505,239503637.000,238983296.000,9.022980634,1141803505.000,11.418012214,10878890858135063043,333334,333334,10878890858135063043
64,10000,aho_corasick,first,2,1,1,666668,150,100000000,100000200,229659062,903078166,1132920159,229841993.000,229659062.000,9.030763598,1132920159.000,11.329178932,10878890858135063043,333334,333334,10878890858135063043
64,10000,aho_corasick,first,3,1,1,666668,150,100000000,100000200,226132363,869027644,1095354630,226326986.000,226132363.000,8.690259059,1095354630.000,10.953524393,10878890858135063043,333334,333334,10878890858135063043
64,10000,aho_corasick,first,4,1,1,666668,150,100000000,100000200,242258016,893098794,1135562714,242463920.000,242258016.000,8.930970078,1135562714.000,11.355604429,10878890858135063043,333334,333334,10878890858135063043
64,100000,hash,first,0,1,1,666668,150,100000000,100000200,10908288,358623220,369839503,11216283.000,10908288.000,3.586225028,369839503.000,3.698387633,10878890858135063043,333334,333334,10878890858135063043
64,100000,hash,first,1,1,1,666668,150,100000000,100000200,9111647,347579055,356807539,9228484.000,9111647.000,3.475783598,356807539.000,3.568068254,10878890858135063043,333334,333334,10878890858135063043
64,100000,hash,first,2,1,1,666668,150,100000000,100000200,7389544,349961462,357470168,7508706.000,7389544.000,3.499607621,357470168.000,3.574694531,10878890858135063043,333334,333334,10878890858135063043
64,100000,hash,first,3,1,1,666668,150,100000000,100000200,6890375,327100795,334102197,7001402.000,6890375.000,3.271001408,334102197.000,3.341015288,10878890858135063043,333334,333334,10878890858135063043
64,100000,hash,first,4,1,1,666668,150,100000000,100000200,6762597,332779811,339654517,6874706.000,6762597.000,3.327791454,339654517.000,3.396538377,10878890858135063043,333334,333334,10878890858135063043
64,1000000,hash,first,0,1,1,666668,150,100000000,100000200,140507220,484444317,628829642,144385325.000,140507220.000,4.844433481,628829642.000,6.288283843,10878890858135063043,333334,333334,10878890858135063043
64,1000000,hash,first,1,1,1,666668,150,100000000,100000200,117300866,477005198,597407580,120402382.000,117300866.000,4.770042440,597407580.000,5.974063852,10878890858135063043,333334,333334,10878890858135063043
64,1000000,hash,first,2,1,1,666668,150,100000000,100000200,95653099,478674611,577766896,99092285.000,95653099.000,4.786736537,577766896.000,5.777657405,10878890858135063043,333334,333334,10878890858135063043
64,1000000,hash,first,3,1,1,666668,150,100000000,100000200,106146516,477109886,587069584,109959698.000,106146516.000,4.771089318,587069584.000,5.870684099,10878890858135063043,333334,333334,10878890858135063043
64,1000000,hash,first,4,1,1,666668,150,100000000,100000200,97221198,473388421,574926713,101538292.000,97221198.000,4.733874742,574926713.000,5.749255631,10878890858135063043,333334,333334,10878890858135063043
64,1,bndmq,all,0,1,64,10418,150,100000000,100012800,55093,28203698,28279218,1180.000,860.828,0.282000884,28204878.000,0.282012682,3238892114459603250,333376,333376,3238892114459603250
64,1,bndmq,all,1,1,64,10418,150,100000000,100012800,30677,27855127,27906833,807.906,479.328,0.278515620,27855934.906,0.278523698,3238892114459603250,333376,333376,3238892114459603250
64,1,bndmq,all,2,1,64,10418,150,100000000,100012800,27561,27120888,27171533,791.328,430.641,0.271174170,27121679.328,0.271182082,3238892114459603250,333376,333376,3238892114459603250
64,1,bndmq,all,3,1,64,10418,150,100000000,100012800,38522,28205907,28266440,945.828,601.906,0.282022971,28206852.828,0.282032428,3238892114459603250,333376,333376,3238892114459603250
64,1,bndmq,all,4,1,64,10418,150,100000000,100012800,29895,33238942,33291049,814.172,467.109,0.332346880,33239756.172,0.332355020,3238892114459603250,333376,333376,3238892114459603250
64,1,hash,all,0,1,64,10418,150,100000000,100012800,24846,167296527,167326202,463.672,388.219,1.672751158,167296990.672,1.672755794,3238892114459603250,333376,333376,3238892114459603250
64,1,hash,all,1,1,64,10418,150,100000000,100012800,29034,168122704,168155204,507.812,453.656,1.681011870,168123211.812,1.681016948,3238892114459603250,333376,333376,3238892114459603250
64,1,hash,all,2,1,64,10418,150,100000000,100012800,16802,173639402,173662726,364.438,262.531,1.736171790,173639766.438,1.736175434,3238892114459603250,333376,333376,3238892114459603250
64,1,hash,all,3,1,64,10418,150,100000000,100012800,21590,181137409,181162906,398.391,337.344,1.811142264,181137807.391,1.811146247,3238892114459603250,333376,333376,3238892114459603250
64,1,hash,all,4,1,64,10418,150,100000000,100012800,18664,177549287,177572500,362.703,291.625,1.775265636,177549649.703,1.775269263,3238892114459603250,333376,333376,3238892114459603250
64,1,aho_corasick,all,0,1,64,10418,150,100000000,100012800,1469331,104476832,105974335,23398.484,22958.297,1.044634607,104500230.484,1.044868562,3238892114459603250,333376,333376,3238892114459603250
64,1,aho_corasick,all,1,1,64,10418,150,100000000,100012800,1687439,109617231,111331640,26787.641,26366.234,1.096032018,109644018.641,1.096299860,3238892114459603250,333376,333376,3238892114459603250
64,1,aho_corasick,all,2,1,64,10418,150,100000000,100012800,1328288,104555838,105911427,21181.078,20754.500,1.045424566,104577019.078,1.045636349,3238892114459603250,333376,333376,3238892114459603250
64,1,aho_corasick,all,3,1,64,10418,150,100000000,100012800,1342976,102303797,103671969,21377.688,20984.000,1.022907038,102325174.688,1.023120787,3238892114459603250,333376,333376,3238892114459603250
64,1,aho_corasick,all,4,1,64,10418,150,100000000,100012800,1331153,108444520,109807011,21288.922,20799.266,1.084306409,108465808.922,1.084519271,3238892114459603250,333376,333376,3238892114459603250
64,2,aho_corasick,all,0,1,64,10418,150,100000000,100012800,2381523,519339669,521772788,38017.484,37211.297,5.192732020,519377686.484,5.193112146,6142482995178102733,333376,333376,6142482995178102733
64,2,aho_corasick,all,1,1,64,10418,150,100000000,100012800,2797659,528270432,531126661,44628.578,43713.422,5.282028220,528315060.578,5.282474449,6142482995178102733,333376,333376,6142482995178102733
64,2,aho_corasick,all,2,1,64,10418,150,100000000,100012800,2614091,536110749,538808085,42145.875,40845.172,5.360421356,536152894.875,5.360842761,6142482995178102733,333376,333376,6142482995178102733
64,2,aho_corasick,all,3,1,64,10418,150,100000000,100012800,2366105,520780066,523196575,37757.953,36970.391,5.207134147,520817823.953,5.207511678,6142482995178102733,333376,333376,6142482995178102733
64,2,aho_corasick,all,4,1,64,10418,150,100000000,100012800,2199083,520192854,522446128,35207.406,34360.672,5.201262778,520228061.406,5.201614807,6142482995178102733,333376,333376,6142482995178102733
64,2,hash,all,0,1,64,10418,150,100000000,100012800,29755,173247312,173280883,524.547,464.922,1.732251392,173247836.547,1.732256637,6142482995178102733,333376,333376,6142482995178102733
64,2,hash,all,1,1,64,10418,150,100000000,100012800,28002,173333798,173366018,503.438,437.531,1.733116141,173334301.438,1.733121175,6142482995178102733,333376,333376,6142482995178102733
64,2,hash,all,2,1,64,10418,150,100000000,100012800,20779,175239588,175265336,402.312,324.672,1.752171602,175239990.312,1.752175625,6142482995178102733,333376,333376,6142482995178102733
64,2,hash,all,3,1,64,10418,150,100000000,100012800,25117,172867067,172896803,464.625,392.453,1.728449428,172867531.625,1.728454074,6142482995178102733,333376,333376,6142482995178102733
64,2,hash,all,4,1,64,10418,150,100000000,100012800,29024,179346119,179379391,519.875,453.500,1.793231656,179346638.875,1.793236854,6142482995178102733,333376,333376,6142482995178102733
64,2,bndmq,all,0,1,64,10418,150,100000000,100012800,94536,32611842,32731826,1874.750,1477.125,0.326076682,32613716.750,0.326095427,6142482995178102733,333376,333376,6142482995178102733
64,2,bndmq,all,1,1,64,10418,150,100000000,100012800,68428,33470730,33564465,1464.609,1069.188,0.334664463,33472194.609,0.334679107,6142482995178102733,333376,333376,6142482995178102733
64,2,bndmq,all,2,1,64,10418,150,100000000,100012800,63899,32653752,32742868,1392.438,998.422,0.326495729,32655144.438,0.326509651,6142482995178102733,333376,333376,6142482995178102733
64,2,bndmq,all,3,1,64,10418,150,100000000,100012800,64150,33885766,33972819,1360.203,1002.344,0.338814292,33887126.203,0.338827892,6142482995178102733,333376,333376,6142482995178102733
64,2,bndmq,all,4,1,64,10418,150,100000000,100012800,62808,33457979,33542979,1328.125,981.375,0.334536969,33459307.125,0.334550249,6142482995178102733,333376,333376,6142482995178102733
64,4,bndmq,all,0,1,64,10418,150,100000000,100012800,160930,42399281,42592212,3014.547,2514.531,0.423938546,42402295.547,0.423968687,16959487431849539168,333376,333376,16959487431849539168
64,4,bndmq,all,1,1,64,10418,150,100000000,100012800,142235,42950590,43120917,2661.359,2222.422,0.429450930,42953251.359,0.429477540,16959487431849539168,333376,333376,16959487431849539168
64,4,bndmq,all,2,1,64,10418,150,100000000,100012800,124542,44204367,44356871,2382.875,1945.969,0.441987096,44206749.875,0.442010921,16959487431849539168,333376,333376,16959487431849539168
64,4,bndmq,all,3,1,64,10418,150,100000000,100012800,121316,44476797,44625655,2325.906,1895.562,0.444711047,44479122.906,0.444734303,16959487431849539168,333376,333376,16959487431849539168
64,4,bndmq,all,4,1,64,10418,150,100000000,100012800,121075,46204517,46356130,2368.953,1891.797,0.461986036,46206885.953,0.462009722,16959487431849539168,333376,333376,16959487431849539168
64,4,hash,all,0,1,64,10418,150,100000000,100012800,45284,182485275,182535770,788.984,707.562,1.824619199,182486063.984,1.824627088,16959487431849539168,333376,333376,16959487431849539168
64,4,hash,all,1,1,64,10418,150,100000000,100012800,37439,186304458,186346497,656.859,584.984,1.862806141,186305114.859,1.862812709,16959487431849539168,333376,333376,16959487431849539168
64,4,hash,all,2,1,64,10418,150,100000000,100012800,33201,187352975,187390886,592.359,518.766,1.873289969,187353567.359,1.873295892,16959487431849539168,333376,333376,16959487431849539168
64,4,hash,all,3,1,64,10418,150,100000000,100012800,38091,190870946,190914277,677.047,595.172,1.908465176,190871623.047,1.908471946,16959487431849539168,333376,333376,16959487431849539168
64,4,hash,all,4,1,64,10418,150,100000000,100012800,33983,184225673,184264685,609.562,530.984,1.842020951,184226282.562,1.842027046,16959487431849539168,333376,333376,16959487431849539168
64,4,aho_corasick,all,0,1,64,10418,150,100000000,100012800,4821253,216362325,221265561,76613.062,75332.078,2.163346342,216438938.062,2.164112374,16959487431849539168,333376,333376,16959487431849539168
64,4,aho_corasick,all,1,1,64,10418,150,100000000,100012800,4459360,219446397,223938528,70189.547,69677.500,2.194183115,219516586.547,2.194884920,16959487431849539168,333376,333376,16959487431849539168
64,4,aho_corasick,all,2,1,64,10418,150,100000000,100012800,3984443,211688745,215698284,62649.047,62256.922,2.116616523,211751394.047,2.117242933,16959487431849539168,333376,333376,16959487431849539168
64,4,aho_corasick,all,3,1,64,10418,150,100000000,100012800,4052080,212918550,217042144,64431.156,63313.750,2.128912999,212982981.156,2.129557228,16959487431849539168,333376,333376,16959487431849539168
64,4,aho_corasick,all,4,1,64,10418,150,100000000,100012800,4281398,205117868,209452365,67726.516,66896.844,2.050916163,205185594.516,2.051593341,16959487431849539168,333376,333376,16959487431849539168
64,8,aho_corasick,all,0,1,32,20834,150,100000000,100003200,3939590,228075259,232062889,124613.438,123112.188,2.280679608,228199872.438,2.281925703,1270975672818498384,333344,333344,1270975672818498384
64,8,aho_corasick,all,1,1,32,20834,150,100000000,100003200,4551379,205867981,210464363,143636.938,142230.594,2.058613934,206011617.938,2.060050258,1270975672818498384,333344,333344,1270975672818498384
64,8,aho_corasick,all,2,1,32,20834,150,100000000,100003200,3812513,210546982,214385113,119941.594,119141.031,2.105402447,210666923.594,2.106601825,1270975672818498384,333344,333344,1270975672818498384
64,8,aho_corasick,all,3,1,32,20834,150,100000000,100003200,4781120,206512198,211314959,150086.281,149410.000,2.065055898,206662284.281,2.066556713,1270975672818498384,333344,333344,1270975672818498384
64,8,aho_corasick,all,4,1,32,20834,150,100000000,100003200,3822030,212610964,216467309,120510.781,119438.438,2.126041607,212731474.781,2.127246676,1270975672818498384,333344,333344,1270975672818498384
64,8,hash,all,0,1,32,20834,150,100000000,100003200,38381,205458611,205502593,1374.438,1199.406,2.054520365,205459985.438,2.054534109,1270975672818498384,333344,333344,1270975672818498384
64,8,hash,all,1,1,32,20834,150,100000000,100003200,29565,206736510,206772156,1113.938,923.906,2.067298946,206737623.938,2.067310085,1270975672818498384,333344,333344,1270975672818498384
64,8,hash,all,2,1,32,20834,150,100000000,100003200,30998,211761903,211798020,1128.656,968.688,2.117551268,211763031.656,2.117562555,1270975672818498384,333344,333344,1270975672818498384
64,8,hash,all,3,1,32,20834,150,100000000,100003200,26169,208454318,208486047,991.531,817.781,2.084476477,208455309.531,2.084486392,1270975672818498384,333344,333344,1270975672818498384
64,8,hash,all,4,1,32,20834,150,100000000,100003200,26469,214460366,214492104,991.812,827.156,2.144535035,214461357.812,2.144544953,1270975672818498384,333344,333344,1270975672818498384
64,8,bndmq,all,0,1,32,20834,150,100000000,100003200,146212,65106944,65284535,5549.719,4569.125,0.651048606,65112493.719,0.651104102,1270975672818498384,333344,333344,1270975672818498384
64,8,bndmq,all,1,1,32,20834,150,100000000,100003200,162694,66004185,66194630,5951.406,5084.188,0.660020729,66010136.406,0.660080241,1270975672818498384,333344,333344,1270975672818498384
64,8,bndmq,all,2,1,32,20834,150,100000000,100003200,105407,64868070,65000777,4147.094,3293.969,0.648659943,64872217.094,0.648701412,1270975672818498384,333344,333344,1270975672818498384
64,8,bndmq,all,3,1,32,20834,150,100000000,100003200,180567,65180661,65398357,6803.000,5642.719,0.651785753,65187464.000,0.651853781,1270975672818498384,333344,333344,1270975672818498384
64,8,bndmq,all,4,1,32,20834,150,100000000,100003200,119133,64451306,64595776,4514.688,3722.906,0.644492436,64455820.688,0.644537582,1270975672818498384,333344,333344,1270975672818498384
64,16,hash,all,0,1,16,41668,150,100000000,100003200,36579,211102632,211143449,2551.062,2286.188,2.110958769,211105183.062,2.110984279,11556161953841640795,333344,333344,11556161953841640795
64,16,hash,all,1,1,16,41668,150,100000000,100003200,34505,206628087,206666650,2410.188,2156.562,2.066214751,206630497.188,2.066238852,11556161953841640795,333344,333344,11556161953841640795
64,16,hash,all,2,1,16,41668,150,100000000,100003200,22913,210478967,210506258,1705.688,1432.062,2.104722319,210480672.688,2.104739375,11556161953841640795,333344,333344,11556161953841640795
64,16,hash,all,3,1,16,41668,150,100000000,100003200,23364,209919964,209948137,1760.812,1460.250,2.099132468,209921724.812,2.099150075,11556161953841640795,333344,333344,11556161953841640795
64,16,hash,all,4,1,16,41668,150,100000000,100003200,26770,209132676,209163403,1920.438,1673.125,2.091259840,209134596.438,2.091279043,11556161953841640795,333344,333344,11556161953841640795
64,16,aho_corasick,all,0,1,16,41668,150,100000000,100003200,4332102,213078750,217425799,271690.562,270756.375,2.130719317,213350440.562,2.133436136,11556161953841640795,333344,333344,11556161953841640795
64,16,aho_corasick,all,1,1,16,41668,150,100000000,100003200,4092575,214339474,218450073,256912.438,255785.938,2.143326154,214596386.438,2.145895196,11556161953841640795,333344,333344,11556161953841640795
64,16,aho_corasick,all,2,1,16,41668,150,100000000,100003200,4166052,215249940,219447811,262366.938,260378.250,2.152430522,215512306.938,2.155054108,11556161953841640795,333344,333344,11556161953841640795
64,16,aho_corasick,all,3,1,16,41668,150,100000000,100003200,3842469,205536905,209397337,241277.000,240154.312,2.055303280,205778182.000,2.057715973,11556161953841640795,333344,333344,11556161953841640795
64,16,aho_corasick,all,4,1,16,41668,150,100000000,100003200,4103255,207892813,212018359,257846.625,256453.438,2.078861606,208150659.625,2.081439990,11556161953841640795,333344,333344,11556161953841640795
64,16,bndmq,all,0,1,16,41668,150,100000000,100003200,178563,102070349,102276555,12887.875,11160.188,1.020670829,102083236.875,1.020799703,11556161953841640795,333344,333344,11556161953841640795
64,16,bndmq,all,1,1,16,41668,150,100000000,100003200,104916,105599154,105730540,8211.625,6557.250,1.055957749,105607365.625,1.056039863,11556161953841640795,333344,333344,11556161953841640795
64,16,bndmq,all,2,1,16,41668,150,100000000,100003200,87985,103476957,103590890,7120.812,5499.062,1.034736458,103484077.812,1.034807664,11556161953841640795,333344,333344,11556161953841640795
64,16,bndmq,all,3,1,16,41668,150,100000000,100003200,88214,104118405,104235153,7296.750,5513.375,1.041150733,104125701.750,1.041223698,11556161953841640795,333344,333344,11556161953841640795
64,16,bndmq,all,4,1,16,41668,150,100000000,100003200,89106,107460928,107576102,7198.375,5569.125,1.074574894,107468126.375,1.074646875,11556161953841640795,333344,333344,11556161953841640795
64,32,bndmq,all,0,1,8,83334,150,100000000,100000800,120355,183432010,183576069,18007.375,15044.375,1.834305426,183450017.375,1.834485498,5332574856519233122,333336,333336,5332574856519233122
64,32,bndmq,all,1,1,8,83334,150,100000000,100000800,80560,186485795,186596962,13895.875,10070.000,1.864843031,186499690.875,1.864981989,5332574856519233122,333336,333336,5332574856519233122
64,32,bndmq,all,2,1,8,83334,150,100000000,100000800,66844,186369412,186459871,11307.375,8355.500,1.863679211,186380719.375,1.863792283,5332574856519233122,333336,333336,5332574856519233122
64,32,bndmq,all,3,1,8,83334,150,100000000,100000800,66003,184081461,184172110,11331.125,8250.375,1.840799884,184092792.125,1.840913194,5332574856519233122,333336,333336,5332574856519233122
64,32,bndmq,all,4,1,8,83334,150,100000000,100000800,68137,182161430,182252690,11407.500,8517.125,1.821599727,182172837.500,1.821713801,5332574856519233122,333336,333336,5332574856519233122
64,32,hash,all,0,1,8,83334,150,100000000,100000800,29375,204155561,204188663,4137.750,3671.875,2.041539278,204159698.750,2.041580655,5332574856519233122,333336,333336,5332574856519233122
64,32,hash,all,1,1,8,83334,150,100000000,100000800,38482,204749529,204791477,5243.500,4810.250,2.047478910,204754772.500,2.047531345,5332574856519233122,333336,333336,5332574856519233122
64,32,hash,all,2,1,8,83334,150,100000000,100000800,22021,208260749,208286246,3187.125,2752.625,2.082590829,208263936.125,2.082622700,5332574856519233122,333336,333336,5332574856519233122
64,32,hash,all,3,1,8,83334,150,100000000,100000800,22342,203832323,203858172,3231.125,2792.750,2.038306924,203835554.125,2.038339235,5332574856519233122,333336,333336,5332574856519233122
64,32,hash,all,4,1,8,83334,150,100000000,100000800,21811,208749839,208775307,3183.500,2726.375,2.087481690,208753022.500,2.087513525,5332574856519233122,333336,333336,5332574856519233122
64,32,aho_corasick,all,0,1,8,83334,150,100000000,100000800,4227808,223126362,227378696,531541.750,528476.000,2.231245770,223657903.750,2.236561145,5332574856519233122,333336,333336,5332574856519233122
64,32,aho_corasick,all,1,1,8,83334,150,100000000,100000800,4297448,226262864,230598674,541976.250,537181.000,2.262610539,226804840.250,2.268030258,5332574856519233122,333336,333336,5332574856519233122
64,32,aho_corasick,all,2,1,8,83334,150,100000000,100000800,4027854,225109643,229189804,510020.125,503481.750,2.251078421,225619663.125,2.256178582,5332574856519233122,333336,333336,5332574856519233122
64,32,aho_corasick,all,3,1,8,83334,150,100000000,100000800,4482693,218663156,223202194,567379.750,560336.625,2.186614067,219230535.750,2.192287819,5332574856519233122,333336,333336,5332574856519233122
64,32,aho_corasick,all,4,1,8,83334,150,100000000,100000800,3780803,225528880,229396936,483507.000,472600.375,2.255270758,226012387.000,2.260105789,5332574856519233122,333336,333336,5332574856519233122
64,64,hash,all,0,1,4,166668,150,100000000,100000800,25948,205279712,205308655,7235.750,6487.000,2.052780698,205286947.750,2.052853055,3989097670730005369,333336,333336,3989097670730005369
64,64,hash,all,1,1,4,166668,150,100000000,100000800,29505,207488552,207521013,8115.250,7376.250,2.074868921,207496667.250,2.074950073,3989097670730005369,333336,333336,3989097670730005369
64,64,hash,all,2,1,4,166668,150,100000000,100000800,19175,209697373,209720204,5707.750,4793.750,2.096956954,209703080.750,2.097014031,3989097670730005369,333336,333336,3989097670730005369
64,64,hash,all,3,1,4,166668,150,100000000,100000800,19376,205920674,205942946,5568.000,4844.000,2.059190266,205926242.000,2.059245946,3989097670730005369,333336,333336,3989097670730005369
64,64,hash,all,4,1,4,166668,150,100000000,100000800,18985,208930148,208952199,5512.750,4746.250,2.089284766,208935660.750,2.089339893,3989097670730005369,333336,333336,3989097670730005369
64,64,aho_corasick,all,0,1,4,166668,150,100000000,100000800,3803796,235102017,238953612,962898.750,950949.000,2.351001362,236064915.750,2.360630272,3989097670730005369,333336,333336,3989097670730005369
64,64,aho_corasick,all,1,1,4,166668,150,100000000,100000800,4451515,235263167,239751611,1122111.000,1112878.750,2.352612849,236385278.000,2.363833869,3989097670730005369,333336,333336,3989097670730005369
64,64,aho_corasick,all,2,1,4,166668,150,100000000,100000800,3881431,231237243,235162335,981273.000,970357.750,2.312353931,232218516.000,2.322166583,3989097670730005369,333336,333336,3989097670730005369
64,64,aho_corasick,all,3,1,4,166668,150,100000000,100000800,3716604,231245163,235016539,942844.000,929151.000,2.312433131,232188007.000,2.321861495,3989097670730005369,333336,333336,3989097670730005369
64,64,aho_corasick,all,4,1,4,166668,150,100000000,100000800,3955839,236205987,240204275,999572.000,988959.750,2.362040974,237205559.000,2.372036614,3989097670730005369,333336,333336,3989097670730005369
64,64,bndmq,all,0,1,4,166668,150,100000000,100000800,140322,337025026,337203108,44520.500,35080.500,3.370223298,337069546.500,3.370668500,3989097670730005369,333336,333336,3989097670730005369
64,64,bndmq,all,1,1,4,166668,150,100000000,100000800,142827,339896098,340068079,42995.250,35706.750,3.398933789,339939093.250,3.399363738,3989097670730005369,333336,333336,3989097670730005369
64,64,bndmq,all,2,1,4,166668,150,100000000,100000800,100748,336910999,337038216,31804.250,25187.000,3.369083037,336942803.250,3.369401077,3989097670730005369,333336,333336,3989097670730005369
64,64,bndmq,all,3,1,4,166668,150,100000000,100000800,108813,335655310,335788318,33252.000,27203.250,3.356526248,335688562.000,3.356858765,3989097670730005369,333336,333336,3989097670730005369
64,64,bndmq,all,4,1,4,166668,150,100000000,100000800,97471,328147219,328271660,31110.250,24367.750,3.281445938,328178329.250,3.281757038,3989097670730005369,333336,333336,3989097670730005369
64,128,bndmq,all,0,1,2,333334,150,100000000,100000200,124262,671430266,671586818,78276.000,62131.000,6.714289231,671508542.000,6.715071990,9655008971675294915,333334,333334,9655008971675294915
64,128,bndmq,all,1,1,2,333334,150,100000000,100000200,139620,691999203,692167857,84327.000,69810.000,6.919978190,692083530.000,6.920821458,9655008971675294915,333334,333334,9655008971675294915
64,128,bndmq,all,2,1,2,333334,150,100000000,100000200,99105,683167807,683294393,63293.000,49552.500,6.831664407,683231100.000,6.832297335,9655008971675294915,333334,333334,9655008971675294915
64,128,bndmq,all,3,1,2,333334,150,100000000,100000200,95488,665684798,665809541,62371.500,47744.000,6.656834666,665747169.500,6.657458380,9655008971675294915,333334,333334,9655008971675294915
64,128,bndmq,all,4,1,2,333334,150,100000000,100000200,96931,657965172,658090937,62882.500,48465.500,6.579638561,658028054.500,6.580267384,9655008971675294915,333334,333334,9655008971675294915
64,128,hash,all,0,1,2,333334,150,100000000,100000200,25017,201858395,201885556,13580.500,12508.500,2.018579913,201871975.500,2.018715718,9655008971675294915,333334,333334,9655008971675294915
64,128,hash,all,1,1,2,333334,150,100000000,100000200,26940,198430095,198459580,14742.500,13470.000,1.984296981,198444837.500,1.984444406,9655008971675294915,333334,333334,9655008971675294915
64,128,hash,all,2,1,2,333334,150,100000000,100000200,18404,198934000,198954789,10394.500,9202.000,1.989336021,198944394.500,1.989439966,9655008971675294915,333334,333334,9655008971675294915
64,128,hash,all,3,1,2,333334,150,100000000,100000200,17793,203772175,203792202,10013.500,8896.500,2.037717675,203782188.500,2.037817809,9655008971675294915,333334,333334,9655008971675294915
64,128,hash,all,4,1,2,333334,150,100000000,100000200,18334,202396080,202416798,10359.000,9167.000,2.023956752,202406439.000,2.024060342,9655008971675294915,333334,333334,9655008971675294915
64,128,aho_corasick,all,0,1,2,333334,150,100000000,100000200,5063298,246758311,251865982,2553835.500,2531649.000,2.467578175,249312146.500,2.493116479,9655008971675294915,333334,333334,9655008971675294915
64,128,aho_corasick,all,1,1,2,333334,150,100000000,100000200,4134288,263106517,267287513,2090498.000,2067144.000,2.631059908,265197015.000,2.651964846,9655008971675294915,333334,333334,9655008971675294915
64,128,aho_corasick,all,2,1,2,333334,150,100000000,100000200,4132400,255560040,259736832,2088396.000,2066200.000,2.555595289,257648436.000,2.576479207,9655008971675294915,333334,333334,9655008971675294915
64,128,aho_corasick,all,3,1,2,333334,150,100000000,100000200,3802574,264000832,267847508,1923338.000,1901287.000,2.640003040,265924170.000,2.659236382,9655008971675294915,333334,333334,9655008971675294915
64,128,aho_corasick,all,4,1,2,333334,150,100000000,100000200,4098316,264357273,268502136,2072431.500,2049158.000,2.643567443,266429704.500,2.664291716,9655008971675294915,333334,333334,9655008971675294915
64,256,hash,all,0,1,1,666668,150,100000000,100000200,24666,195976175,196002674,26499.000,24666.000,1.959757830,196002674.000,1.960022820,11289911520620861536,333334,333334,11289911520620861536
64,256,hash,all,1,1,1,666668,150,100000000,100000200,22912,199398345,199422860,24515.000,22912.000,1.993979462,199422860.000,1.994224612,11289911520620861536,333334,333334,11289911520620861536
64,256,hash,all,2,1,1,666668,150,100000000,100000200,18284,201605974,201626221,20247.000,18284.000,2.016055708,201626221.000,2.016258177,11289911520620861536,333334,333334,11289911520620861536
64,256,hash,all,3,1,1,666668,150,100000000,100000200,18324,197210644,197230711,20067.000,18324.000,1.972102496,197230711.000,1.972303165,11289911520620861536,333334,333334,11289911520620861536
64,256,hash,all,4,1,1,666668,150,100000000,100000200,17884,201072704,201092161,19457.000,17884.000,2.010723019,201092161.000,2.010917588,11289911520620861536,333334,333334,11289911520620861536
64,256,bndmq,all,0,1,1,666668,150,100000000,100000200,121227,1341833481,1341986858,153377.000,121227.000,13.418307973,1341986858.000,13.419841740,11289911520620861536,333334,333334,11289911520620861536
64,256,bndmq,all,1,1,1,666668,150,100000000,100000200,143858,1330608192,1330753362,145170.000,143858.000,13.306055308,1330753362.000,13.307507005,11289911520620861536,333334,333334,11289911520620861536
64,256,bndmq,all,2,1,1,666668,150,100000000,100000200,33543,1329146964,1329181860,34896.000,33543.000,13.291443057,1329181860.000,13.291792016,11289911520620861536,333334,333334,11289911520620861536
64,256,bndmq,all,3,1,1,666668,150,100000000,100000200,33072,1338818725,1338853079,34354.000,33072.000,13.388160474,1338853079.000,13.388504013,11289911520620861536,333334,333334,11289911520620861536
64,256,bndmq,all,4,1,1,666668,150,100000000,100000200,31689,1346100497,1346133639,33142.000,31689.000,13.460978048,1346133639.000,13.461309467,11289911520620861536,333334,333334,11289911520620861536
64,256,aho_corasick,all,0,1,1,666668,150,100000000,100000200,4120668,334757781,338931198,4173417.000,4120668.000,3.347571115,338931198.000,3.389305201,11289911520620861536,333334,333334,11289911520620861536
64,256,aho_corasick,all,1,1,1,666668,150,100000000,100000200,3930052,560672844,564610460,3937616.000,3930052.000,5.606717227,564610460.000,5.646093308,11289911520620861536,333334,333334,11289911520620861536
64,256,aho_corasick,all,2,1,1,666668,150,100000000,100000200,7882409,408800538,416687195,7886657.000,7882409.000,4.087997204,416687195.000,4.166863616,11289911520620861536,333334,333334,11289911520620861536
64,256,aho_corasick,all,3,1,1,666668,150,100000000,100000200,8703247,401397807,410107386,8709579.000,8703247.000,4.013970042,410107386.000,4.101065658,11289911520620861536,333334,333334,11289911520620861536
64,256,aho_corasick,all,4,1,1,666668,150,100000000,100000200,6303931,337969173,344278584,6309411.000,6303931.000,3.379684971,344278584.000,3.442778954,11289911520620861536,333334,333334,11289911520620861536
64,1000,aho_corasick,all,0,1,1,666668,150,100000000,100000200,19917619,424802241,445003970,20201729.000,19917619.000,4.248013914,445003970.000,4.450030800,17666198319064935694,333334,333334,17666198319064935694
64,1000,aho_corasick,all,1,1,1,666668,150,100000000,100000200,20905380,430042155,450954898,20912743.000,20905380.000,4.300412949,450954898.000,4.509539961,17666198319064935694,333334,333334,17666198319064935694
64,1000,aho_corasick,all,2,1,1,666668,150,100000000,100000200,19222953,430410494,449647924,19237430.000,19222953.000,4.304096332,449647924.000,4.496470247,17666198319064935694,333334,333334,17666198319064935694
64,1000,aho_corasick,all,3,1,1,666668,150,100000000,100000200,18609025,420187719,438808257,18620538.000,18609025.000,4.201868786,438808257.000,4.388073794,17666198319064935694,333334,333334,17666198319064935694
64,1000,aho_corasick,all,4,1,1,666668,150,100000000,100000200,16897334,427407834,444317110,16909276.000,16897334.000,4.274069792,444317110.000,4.443162214,17666198319064935694,333334,333334,17666198319064935694
64,1000,hash,all,0,1,1,666668,150,100000000,100000200,88665,199346274,199438516,92242.000,88665.000,1.993458753,199438516.000,1.994381171,17666198319064935694,333334,333334,17666198319064935694
64,1000,hash,all,1,1,1,666668,150,100000000,100000200,100658,201662885,201781987,119102.000,100658.000,2.016624817,201781987.000,2.017815834,17666198319064935694,333334,333334,17666198319064935694
64,1000,hash,all,2,1,1,666668,150,100000000,100000200,64490,204471061,204538567,67506.000,64490.000,2.044706521,204538567.000,2.045381579,17666198319064935694,333334,333334,17666198319064935694
64,1000,hash,all,3,1,1,666668,150,100000000,100000200,63218,203317466,203383580,66114.000,63218.000,2.033170594,203383580.000,2.033831732,17666198319064935694,333334,333334,17666198319064935694
64,1000,hash,all,4,1,1,666668,150,100000000,100000200,63990,203096033,203162909,66876.000,63990.000,2.030956268,203162909.000,2.031625027,17666198319064935694,333334,333334,17666198319064935694
64,10000,hash,all,0,1,1,666668,150,100000000,100000200,840287,237528001,238432177,904176.000,840287.000,2.375275259,238432177.000,2.384317001,3425838322197041842,333334,333334,3425838322197041842
64,10000,hash,all,1,1,1,666668,150,100000000,100000200,1007520,236961922,238028492,1066570.000,1007520.000,2.369614481,238028492.000,2.380280159,3425838322197041842,333334,333334,3425838322197041842
64,10000,hash,all,2,1,1,666668,150,100000000,100000200,837391,238006327,238903781,897454.000,837391.000,2.380058510,238903781.000,2.389033032,3425838322197041842,333334,333334,3425838322197041842
64,10000,hash,all,3,1,1,666668,150,100000000,100000200,810542,236419662,237289043,869381.000,810542.000,2.364191892,237289043.000,2.372885684,3425838322197041842,333334,333334,3425838322197041842
64,10000,hash,all,4,1,1,666668,150,100000000,100000200,810903,240791611,241662436,870825.000,810903.000,2.407911294,241662436.000,2.416619527,3425838322197041842,333334,333334,3425838322197041842
64,10000,aho_corasick,all,0,1,1,666668,150,100000000,100000200,245895161,1139717428,1385825686,246108258.000,245895161.000,11.397151486,1385825686.000,13.858229144,3425838322197041842,333334,333334,3425838322197041842
64,10000,aho_corasick,all,1,1,1,666668,150,100000000,100000200,242149302,1094114393,1337022241,242907848.000,242149302.000,10.941122048,1337022241.000,13.370195670,3425838322197041842,333334,333334,3425838322197041842
64,10000,aho_corasick,all,2,1,1,666668,150,100000000,100000200,230644340,1061970966,1292805952,230834986.000,230644340.000,10.619688421,1292805952.000,12.928033664,3425838322197041842,333334,333334,3425838322197041842
64,10000,aho_corasick,all,3,1,1,666668,150,100000000,100000200,228571622,1092637211,1321484006,228846795.000,228571622.000,10.926350257,1321484006.000,13.214813630,3425838322197041842,333334,333334,3425838322197041842
64,10000,aho_corasick,all,4,1,1,666668,150,100000000,100000200,242776984,1106481657,1349463243,242981586.000,242776984.000,11.064794440,1349463243.000,13.494605441,3425838322197041842,333334,333334,3425838322197041842
64,100000,hash,all,0,1,1,666668,150,100000000,100000200,9392263,454495273,464180111,9684838.000,9392263.000,4.544943640,464180111.000,4.641791826,17267721331124762515,333334,333334,17267721331124762515
64,100000,hash,all,1,1,1,666668,150,100000000,100000200,9012835,487695753,496834392,9138639.000,9012835.000,4.876947776,496834392.000,4.968333983,17267721331124762515,333334,333334,17267721331124762515
64,100000,hash,all,2,1,1,666668,150,100000000,100000200,7226132,449419774,456761571,7341797.000,7226132.000,4.494188752,456761571.000,4.567606575,17267721331124762515,333334,333334,17267721331124762515
64,100000,hash,all,3,1,1,666668,150,100000000,100000200,7062975,439617849,446834110,7216261.000,7062975.000,4.396169698,446834110.000,4.468332163,17267721331124762515,333334,333334,17267721331124762515
64,100000,hash,all,4,1,1,666668,150,100000000,100000200,7201793,461076900,468449994,7373094.000,7201793.000,4.610759778,468449994.000,4.684490571,17267721331124762515,333334,333334,17267721331124762515
64,1000000,hash,all,0,1,1,666668,150,100000000,100000200,109405936,560568532,673693106,113124574.000,109405936.000,5.605674109,673693106.000,6.736917586,13539554913384012031,333334,333334,13539554913384012031
64,1000000,hash,all,1,1,1,666668,150,100000000,100000200,111972050,569856899,685170012,115313113.000,111972050.000,5.698557593,685170012.000,6.851686417,13539554913384012031,333334,333334,13539554913384012031
64,1000000,hash,all,2,1,1,666668,150,100000000,100000200,98862257,558581545,660793150,102211605.000,98862257.000,5.585804278,660793150.000,6.607918284,13539554913384012031,333334,333334,13539554913384012031
64,1000000,hash,all,3,1,1,666668,150,100000000,100000200,102464146,555376105,661060358,105684253.000,102464146.000,5.553749943,661060358.000,6.610590359,13539554913384012031,333334,333334,13539554913384012031
64,1000000,hash,all,4,1,1,666668,150,100000000,100000200,101772416,548860369,654066511,105206142.000,101772416.000,5.488592713,654066511.000,6.540652029,13539554913384012031,333334,333334,13539554913384012031
80,1,hash,first,0,1,64,10418,150,100000000,100012800,26730,132784819,132815095,473.062,417.656,1.327678247,132785292.062,1.327682977,10100110153867304471,333376,333376,10100110153867304471
80,1,hash,first,1,1,64,10418,150,100000000,100012800,26820,136705057,136735764,479.797,419.062,1.366875610,136705536.797,1.366880407,10100110153867304471,333376,333376,10100110153867304471
80,1,hash,first,2,1,64,10418,150,100000000,100012800,16611,133737100,133758129,328.578,259.547,1.337199838,133737428.578,1.337203124,10100110153867304471,333376,333376,10100110153867304471
80,1,hash,first,3,1,64,10418,150,100000000,100012800,16961,131402707,131423415,323.562,265.016,1.313858896,131403030.562,1.313862131,10100110153867304471,333376,333376,10100110153867304471
80,1,hash,first,4,1,64,10418,150,100000000,100012800,16040,129758756,129779194,319.344,250.625,1.297421490,129759075.344,1.297424683,10100110153867304471,333376,333376,10100110153867304471
80,1,aho_corasick,first,0,1,64,10418,150,100000000,100012800,1637746,49827830,51513946,26345.562,25589.781,0.498214529,49854175.562,0.498477950,10100110153867304471,333376,333376,10100110153867304471
80,1,aho_corasick,first,1,1,64,10418,150,100000000,100012800,1598624,50734746,52364388,25463.156,24978.500,0.507282528,50760209.156,0.507537127,10100110153867304471,333376,333376,10100110153867304471
80,1,aho_corasick,first,2,1,64,10418,150,100000000,100012800,1686506,49190751,50905812,26797.828,26351.656,0.491844554,49217548.828,0.492112498,10100110153867304471,333376,333376,10100110153867304471
80,1,aho_corasick,first,3,1,64,10418,150,100000000,100012800,1819735,49102533,50951873,28895.938,28433.359,0.490962487,49131428.938,0.491251409,10100110153867304471,333376,333376,10100110153867304471
80,1,aho_corasick,first,4,1,64,10418,150,100000000,100012800,1523873,49547277,51102649,24302.688,23810.516,0.495409358,49571579.688,0.495652353,10100110153867304471,333376,333376,10100110153867304471
80,2,hash,first,0,1,64,10418,150,100000000,100012800,38602,131320399,131363980,680.953,603.156,1.313035921,131321079.953,1.313042730,10100110153867304471,333376,333376,10100110153867304471
80,2,hash,first,1,1,64,10418,150,100000000,100012800,34374,133770692,133808953,597.828,537.094,1.337535715,133771289.828,1.337541693,10100110153867304471,333376,333376,10100110153867304471
80,2,hash,first,2,1,64,10418,150,100000000,100012800,22572,130196104,130222463,411.859,352.688,1.301794410,130196515.859,1.301798528,10100110153867304471,333376,333376,10100110153867304471
80,2,hash,first,3,1,64,10418,150,100000000,100012800,23514,138253969,138282743,449.594,367.406,1.382362748,138254418.594,1.382367243,10100110153867304471,333376,333376,10100110153867304471
80,2,hash,first,4,1,64,10418,150,100000000,100012800,27541,136247751,136279531,496.562,430.328,1.362303135,136248247.562,1.362308100,10100110153867304471,333376,333376,10100110153867304471
80,2,aho_corasick,first,0,1,64,10418,150,100000000,100012800,3056502,413888754,416996001,48550.734,47757.844,4.138357830,413937304.734,4.138843275,10100110153867304471,333376,333376,10100110153867304471
80,2,aho_corasick,first,1,1,64,10418,150,100000000,100012800,2789525,431625010,434474647,44525.578,43586.328,4.315697691,431669535.578,4.316142889,10100110153867304471,333376,333376,10100110153867304471
80,2,aho_corasick,first,2,1,64,10418,150,100000000,100012800,3882354,424550837,428483465,61447.312,60661.781,4.244965014,424612284.312,4.245579409,10100110153867304471,333376,333376,10100110153867304471
80,2,aho_corasick,first,3,1,64,10418,150,100000000,100012800,2648492,415848452,418544884,42131.750,41382.688,4.157952302,415890583.750,4.158373566,10100110153867304471,333376,333376,10100110153867304471
80,2,aho_corasick,first,4,1,64,10418,150,100000000,100012800,3523954,421403412,424990123,56042.359,55061.781,4.213494793,421459454.359,4.214055145,10100110153867304471,333376,333376,10100110153867304471
80,4,aho_corasick,first,0,1,64,10418,150,100000000,100012800,5510721,175301027,180870988,87030.641,86105.016,1.752785913,175388057.641,1.753656108,10100110153867304471,333376,333376,10100110153867304471
80,4,aho_corasick,first,1,1,64,10418,150,100000000,100012800,5201555,182124621,187372202,81993.453,81274.297,1.821013120,182206614.453,1.821832950,10100110153867304471,333376,333376,10100110153867304471
80,4,aho_corasick,first,2,1,64,10418,150,100000000,100012800,5772938,183476727,189303786,91047.797,90202.156,1.834532450,183567774.797,1.835442811,10100110153867304471,333376,333376,10100110153867304471
80,4,aho_corasick,first,3,1,64,10418,150,100000000,100012800,5019675,176840648,181916308,79307.188,78432.422,1.768180153,176919955.188,1.768973123,10100110153867304471,333376,333376,10100110153867304471
80,4,aho_corasick,first,4,1,64,10418,150,100000000,100012800,5410516,175801995,181263486,85335.797,84539.312,1.757794952,175887330.797,1.758648201,10100110153867304471,333376,333376,10100110153867304471
80,4,hash,first,0,1,64,10418,150,100000000,100012800,54412,138323354,138383937,946.609,850.188,1.383056509,138324300.609,1.383065974,10100110153867304471,333376,333376,10100110153867304471
80,4,hash,first,1,1,64,10418,150,100000000,100012800,42820,136392683,136440833,752.344,669.062,1.363752270,136393435.344,1.363759792,10100110153867304471,333376,333376,10100110153867304471
80,4,hash,first,2,1,64,10418,150,100000000,100012800,36999,143210544,143253835,676.422,578.109,1.431922154,143211220.422,1.431928917,10100110153867304471,333376,333376,10100110153867304471
80,4,hash,first,3,1,64,10418,150,100000000,100012800,44353,141640294,141690518,784.750,693.016,1.416221664,141641078.750,1.416229510,10100110153867304471,333376,333376,10100110153867304471
80,4,hash,first,4,1,64,10418,150,100000000,100012800,36408,142746317,142787214,639.016,568.875,1.427280478,142746956.016,1.427286867,10100110153867304471,333376,333376,10100110153867304471
80,8,hash,first,0,1,32,20834,150,100000000,100003200,42800,152059981,152108682,1521.906,1337.500,1.520551152,152061502.906,1.520566371,10007957261559824023,333344,333344,10007957261559824023
80,8,hash,first,1,1,32,20834,150,100000000,100003200,35236,152919156,152959091,1247.969,1101.125,1.529142627,152920403.969,1.529155107,10007957261559824023,333344,333344,10007957261559824023
80,8,hash,first,2,1,32,20834,150,100000000,100003200,30577,152964161,153000538,1136.781,955.531,1.529592663,152965297.781,1.529604030,10007957261559824023,333344,333344,10007957261559824023
80,8,hash,first,3,1,32,20834,150,100000000,100003200,30377,157660928,157696555,1113.344,949.281,1.576558830,157662041.344,1.576569963,10007957261559824023,333344,333344,10007957261559824023
80,8,hash,first,4,1,32,20834,150,100000000,100003200,30698,156689420,156725568,1129.625,959.312,1.566844061,156690549.625,1.566855357,10007957261559824023,333344,333344,10007957261559824023
80,8,aho_corasick,first,0,1,32,20834,150,100000000,100003200,5828882,182729431,188600521,183471.562,182152.562,1.827235838,182912902.562,1.829070495,10007957261559824023,333344,333344,10007957261559824023
80,8,aho_corasick,first,1,1,32,20834,150,100000000,100003200,4527076,187421371,191984263,142590.375,141471.125,1.874153737,187563961.375,1.875579595,10007957261559824023,333344,333344,10007957261559824023
80,8,aho_corasick,first,2,1,32,20834,150,100000000,100003200,4496770,184829409,189368858,141857.781,140524.062,1.848234946,184971266.781,1.849653479,10007957261559824023,333344,333344,10007957261559824023
80,8,aho_corasick,first,3,1,32,20834,150,100000000,100003200,4537766,184972824,189554452,143175.875,141805.188,1.849669051,185115999.875,1.851100764,10007957261559824023,333344,333344,10007957261559824023
80,8,aho_corasick,first,4,1,32,20834,150,100000000,100003200,4733190,183471453,188248735,149290.062,147912.188,1.834655821,183620743.062,1.836148674,10007957261559824023,333344,333344,10007957261559824023
80,16,hash,first,0,1,16,41668,150,100000000,100003200,38792,153143916,153186545,2664.312,2424.500,1.531390156,153146580.312,1.531416798,8485451749250642310,333344,333344,8485451749250642310
80,16,hash,first,1,1,16,41668,150,100000000,100003200,32591,149961388,149998468,2317.500,2036.938,1.499565894,149963705.500,1.499589068,8485451749250642310,333344,333344,8485451749250642310
80,16,hash,first,2,1,16,41668,150,100000000,100003200,33112,147627635,147664774,2321.188,2069.500,1.476229111,147629956.188,1.476252322,8485451749250642310,333344,333344,8485451749250642310
80,16,hash,first,3,1,16,41668,150,100000000,100003200,27561,153009391,153040578,1949.188,1722.562,1.530044949,153011340.188,1.530064440,8485451749250642310,333344,333344,8485451749250642310
80,16,hash,first,4,1,16,41668,150,100000000,100003200,33633,151374655,151412466,2363.188,2102.062,1.513698112,151377018.188,1.513721743,8485451749250642310,333344,333344,8485451749250642310
80,16,aho_corasick,first,0,1,16,41668,150,100000000,100003200,5735289,185086073,190860266,360887.062,358455.562,1.850801504,185446960.062,1.854410259,8485451749250642310,333344,333344,8485451749250642310
80,16,aho_corasick,first,1,1,16,41668,150,100000000,100003200,5293630,189258412,194590894,333280.125,330851.875,1.892523559,189591692.125,1.895856254,8485451749250642310,333344,333344,8485451749250642310
80,16,aho_corasick,first,2,1,16,41668,150,100000000,100003200,4702604,185572902,190327012,297131.875,293912.750,1.855669639,185870033.875,1.858640862,8485451749250642310,333344,333344,8485451749250642310
80,16,aho_corasick,first,3,1,16,41668,150,100000000,100003200,4943362,185582311,190566851,311533.750,308960.125,1.855763726,185893844.750,1.858878963,8485451749250642310,333344,333344,8485451749250642310
80,16,aho_corasick,first,4,1,16,41668,150,100000000,100003200,4962663,192196727,197201098,312773.188,310166.438,1.921905769,192509500.188,1.925033401,8485451749250642310,333344,333344,8485451749250642310
80,32,hash,first,0,1,8,83334,150,100000000,100000800,34274,151874012,151912193,4772.625,4284.250,1.518727970,151878784.625,1.518775696,14545882975625201301,333336,333336,14545882975625201301
80,32,hash,first,1,1,8,83334,150,100000000,100000800,30516,152525021,152558925,4238.000,3814.500,1.525238008,152529259.000,1.525280388,14545882975625201301,333336,333336,14545882975625201301
80,32,hash,first,2,1,8,83334,150,100000000,100000800,25337,156489478,156518722,3655.500,3167.125,1.564882261,156493133.500,1.564918816,14545882975625201301,333336,333336,14545882975625201301
80,32,hash,first,3,1,8,83334,150,100000000,100000800,26108,153245115,153275040,3740.625,3263.500,1.532438890,153248855.625,1.532476296,14545882975625201301,333336,333336,14545882975625201301
80,32,hash,first,4,1,8,83334,150,100000000,100000800,25648,151380034,151409269,3654.375,3206.000,1.513788230,151383688.375,1.513824773,14545882975625201301,333336,333336,14545882975625201301
80,32,aho_corasick,first,0,1,8,83334,150,100000000,100000800,5723779,180277529,186063924,723299.375,715472.375,1.802760868,181000828.375,1.809993804,14545882975625201301,333336,333336,14545882975625201301
80,32,aho_corasick,first,1,1,8,83334,150,100000000,100000800,4873031,184819607,189731710,614012.875,609128.875,1.848181285,185433619.875,1.854321364,14545882975625201301,333336,333336,14545882975625201301
80,32,aho_corasick,first,2,1,8,83334,150,100000000,100000800,4683328,178655250,183384514,591158.000,585416.000,1.786538208,179246408.000,1.792449740,14545882975625201301,333336,333336,14545882975625201301
80,32,aho_corasick,first,3,1,8,83334,150,100000000,100000800,5131203,183970340,189145836,646937.000,641400.375,1.839688682,184617277.000,1.846158001,14545882975625201301,333336,333336,14545882975625201301
80,32,aho_corasick,first,4,1,8,83334,150,100000000,100000800,4653652,183084085,187781318,587154.125,581706.500,1.830826203,183671239.125,1.836697698,14545882975625201301,333336,333336,14545882975625201301
80,64,hash,first,0,1,4,166668,150,100000000,100000800,30507,148960447,148994390,8485.750,7626.750,1.489592553,148968932.750,1.489677410,7920970377318854716,333336,333336,7920970377318854716
80,64,hash,first,1,1,4,166668,150,100000000,100000800,34895,147971117,148008767,9412.500,8723.750,1.479699332,147980529.500,1.479793457,7920970377318854716,333336,333336,7920970377318854716
80,64,hash,first,2,1,4,166668,150,100000000,100000800,24466,148628031,148655472,6860.250,6116.500,1.486268420,148634891.250,1.486337022,7920970377318854716,333336,333336,7920970377318854716
80,64,hash,first,3,1,4,166668,150,100000000,100000800,23074,149314000,149340711,6677.750,5768.500,1.493128055,149320677.750,1.493194832,7920970377318854716,333336,333336,7920970377318854716
80,64,hash,first,4,1,4,166668,150,100000000,100000800,23964,152240039,152266929,6722.500,5991.000,1.522388211,152246761.500,1.522455435,7920970377318854716,333336,333336,7920970377318854716
80,64,aho_corasick,first,0,1,4,166668,150,100000000,100000800,4984929,190696765,195731537,1258693.000,1246232.250,1.906952394,191955458.000,1.919539224,7920970377318854716,333336,333336,7920970377318854716
80,64,aho_corasick,first,1,1,4,166668,150,100000000,100000800,5591071,193258543,198898324,1409945.250,1397767.750,1.932569969,194668488.250,1.946669309,7920970377318854716,333336,333336,7920970377318854716
80,64,aho_corasick,first,2,1,4,166668,150,100000000,100000800,4874434,186800567,191722509,1230485.500,1218608.500,1.867990726,188031052.500,1.880295483,7920970377318854716,333336,333336,7920970377318854716
80,64,aho_corasick,first,3,1,4,166668,150,100000000,100000800,4670103,197549786,202269101,1179828.750,1167525.750,1.975482056,198729614.750,1.987280249,7920970377318854716,333336,333336,7920970377318854716
80,64,aho_corasick,first,4,1,4,166668,150,100000000,100000800,4888410,195458583,200400342,1235439.750,1222102.500,1.954570193,196694022.750,1.966924492,7920970377318854716,333336,333336,7920970377318854716
80,128,hash,first,0,1,2,333334,150,100000000,100000200,29385,153342165,153373985,15910.000,14692.500,1.533418583,153358075.000,1.533577683,17355991267112343030,333334,333334,17355991267112343030
80,128,hash,first,1,1,2,333334,150,100000000,100000200,32430,149141910,149177526,17808.000,16215.000,1.491416117,149159718.000,1.491594197,17355991267112343030,333334,333334,17355991267112343030
80,128,hash,first,2,1,2,333334,150,100000000,100000200,22161,166607582,166632207,12312.500,11080.500,1.666072488,166619894.500,1.666195613,17355991267112343030,333334,333334,17355991267112343030
80,128,hash,first,3,1,2,333334,150,100000000,100000200,22713,155173440,155199199,12879.500,11356.500,1.551731297,155186319.500,1.551860091,17355991267112343030,333334,333334,17355991267112343030
80,128,hash,first,4,1,2,333334,150,100000000,100000200,29335,152473687,152505607,15960.000,14667.500,1.524733821,152489647.000,1.524893420,17355991267112343030,333334,333334,17355991267112343030
80,128,aho_corasick,first,0,1,2,333334,150,100000000,100000200,5352315,241480827,246881313,2700243.000,2676157.500,2.414803440,244181070.000,2.441805816,17355991267112343030,333334,333334,17355991267112343030
80,128,aho_corasick,first,1,1,2,333334,150,100000000,100000200,5064258,238906325,244026988,2560331.500,2532129.000,2.389058472,241466656.500,2.414661736,17355991267112343030,333334,333334,17355991267112343030
80,128,aho_corasick,first,2,1,2,333334,150,100000000,100000200,5344359,244232158,249645796,2706819.000,2672179.500,2.442316695,246938977.000,2.469384831,17355991267112343030,333334,333334,17355991267112343030
80,128,aho_corasick,first,3,1,2,333334,150,100000000,100000200,5669379,225076772,230807786,2865507.000,2834689.500,2.250763218,227942279.000,2.279418231,17355991267112343030,333334,333334,17355991267112343030
80,128,aho_corasick,first,4,1,2,333334,150,100000000,100000200,4787983,226734171,231585743,2425786.000,2393991.500,2.267337175,229159957.000,2.291594987,17355991267112343030,333334,333334,17355991267112343030
80,256,hash,first,0,1,1,666668,150,100000000,100000200,28172,151034243,151063899,29656.000,28172.000,1.510339409,151063899.000,1.510635969,10878890858135063043,333334,333334,10878890858135063043
80,256,hash,first,1,1,1,666668,150,100000000,100000200,27962,152556740,152586326,29586.000,27962.000,1.525564349,152586326.000,1.525860208,10878890858135063043,333334,333334,10878890858135063043
80,256,hash,first,2,1,1,666668,150,100000000,100000200,22562,153832332,153856797,24465.000,22562.000,1.538320243,153856797.000,1.538564893,10878890858135063043,333334,333334,10878890858135063043
80,256,hash,first,3,1,1,666668,150,100000000,100000200,21890,156894103,156918077,23974.000,21890.000,1.568937892,156918077.000,1.569177632,10878890858135063043,333334,333334,10878890858135063043
80,256,hash,first,4,1,1,666668,150,100000000,100000200,22682,152804863,152829338,24475.000,22682.000,1.528045574,152829338.000,1.528290323,10878890858135063043,333334,333334,10878890858135063043
80,256,aho_corasick,first,0,1,1,666668,150,100000000,100000200,5393030,267860016,273309782,5449766.000,5393030.000,2.678594803,273309782.000,2.733092354,10878890858135063043,333334,333334,10878890858135063043
80,256,aho_corasick,first,1,1,1,666668,150,100000000,100000200,5703356,273373403,279143494,5770091.000,5703356.000,2.733728563,279143494.000,2.791429357,10878890858135063043,333334,333334,10878890858135063043
80,256,aho_corasick,first,2,1,1,666668,150,100000000,100000200,5270793,267248109,272586459,5338350.000,5270793.000,2.672475745,272586459.000,2.725859138,10878890858135063043,333334,333334,10878890858135063043
80,256,aho_corasick,first,3,1,1,666668,150,100000000,100000200,5619374,277966233,283589965,5623732.000,5619374.000,2.779656771,283589965.000,2.835893978,10878890858135063043,333334,333334,10878890858135063043
80,256,aho_corasick,first,4,1,1,666668,150,100000000,100000200,5166960,286659833,291886193,5226360.000,5166960.000,2.866592597,291886193.000,2.918856092,10878890858135063043,333334,333334,10878890858135063043
80,1000,hash,first,0,1,1,666668,150,100000000,100000200,103724,149597517,149704707,107190.000,103724.000,1.495972178,149704707.000,1.497044076,10878890858135063043,333334,333334,10878890858135063043
80,1000,hash,first,1,1,1,666668,150,100000000,100000200,118612,149529603,149651591,121988.000,118612.000,1.495293039,149651591.000,1.496512917,10878890858135063043,333334,333334,10878890858135063043
80,1000,hash,first,2,1,1,666668,150,100000000,100000200,79548,151405811,151488344,82533.000,79548.000,1.514055082,151488344.000,1.514880410,10878890858135063043,333334,333334,10878890858135063043
80,1000,hash,first,3,1,1,666668,150,100000000,100000200,79788,154624987,154707692,82705.000,79788.000,1.546246778,154707692.000,1.547073826,10878890858135063043,333334,333334,10878890858135063043
80,1000,hash,first,4,1,1,666668,150,100000000,100000200,79257,151364077,151446400,82323.000,79257.000,1.513637743,151446400.000,1.514460971,10878890858135063043,333334,333334,10878890858135063043
80,1000,aho_corasick,first,0,1,1,666668,150,100000000,100000200,23625086,355218604,378886149,23667545.000,23625086.000,3.552178936,378886149.000,3.788853912,10878890858135063043,333334,333334,10878890858135063043
80,1000,aho_corasick,first,1,1,1,666668,150,100000000,100000200,24063333,377459806,401530332,24070526.000,24063333.000,3.774590511,401530332.000,4.015295289,10878890858135063043,333334,333334,10878890858135063043
80,1000,aho_corasick,first,2,1,1,666668,150,100000000,100000200,21964568,376714679,398689646,21974967.000,21964568.000,3.767139256,398689646.000,3.986888486,10878890858135063043,333334,333334,10878890858135063043
80,1000,aho_corasick,first,3,1,1,666668,150,100000000,100000200,22323295,375631437,397967585,22336148.000,22323295.000,3.756306857,397967585.000,3.979667891,10878890858135063043,333334,333334,10878890858135063043
80,1000,aho_corasick,first,4,1,1,666668,150,100000000,100000200,21787928,398990858,420788846,21797988.000,21787928.000,3.989900600,420788846.000,4.207880044,10878890858135063043,333334,333334,10878890858135063043
80,10000,aho_corasick,first,0,1,1,666668,150,100000000,100000200,316302139,980997438,1297474064,316476626.000,316302139.000,9.809954760,1297474064.000,12.974714691,10878890858135063043,333334,333334,10878890858135063043
80,10000,aho_corasick,first,1,1,1,666668,150,100000000,100000200,290782795,956809598,1247754115,290944517.000,290782795.000,9.568076844,1247754115.000,12.477516195,10878890858135063043,333334,333334,10878890858135063043
80,10000,aho_corasick,first,2,1,1,666668,150,100000000,100000200,293835911,951839721,1245838726,293999005.000,293835911.000,9.518378173,1245838726.000,12.458362343,10878890858135063043,333334,333334,10878890858135063043
80,10000,aho_corasick,first,3,1,1,666668,150,100000000,100000200,285174443,971649966,1256989838,285339872.000,285174443.000,9.716480227,1256989838.000,12.569873240,10878890858135063043,333334,333334,10878890858135063043
80,10000,aho_corasick,first,4,1,1,666668,150,100000000,100000200,288623234,955884387,1244691684,288807297.000,288623234.000,9.558824752,1244691684.000,12.446891946,10878890858135063043,333334,333334,10878890858135063043
80,10000,hash,first,0,1,1,666668,150,100000000,100000200,1081086,168538618,169683224,1144606.000,1081086.000,1.685382809,169683224.000,1.696828846,10878890858135063043,333334,333334,10878890858135063043
80,10000,hash,first,1,1,1,666668,150,100000000,100000200,1061551,170825250,171900407,1075157.000,1061551.000,1.708249084,171900407.000,1.719000632,10878890858135063043,333334,333334,10878890858135063043
80,10000,hash,first,2,1,1,666668,150,100000000,100000200,793711,174307320,175114967,807647.000,793711.000,1.743069714,175114967.000,1.751146168,10878890858135063043,333334,333334,10878890858135063043
80,10000,hash,first,3,1,1,666668,150,100000000,100000200,797027,176311792,177123146,811354.000,797027.000,1.763114394,177123146.000,1.771227918,10878890858135063043,333334,333334,10878890858135063043
80,10000,hash,first,4,1,1,666668,150,100000000,100000200,795465,184860729,185670050,809321.000,795465.000,1.848603593,185670050.000,1.856696787,10878890858135063043,333334,333334,10878890858135063043
80,100000,hash,first,0,1,1,666668,150,100000000,100000200,15193435,337390996,353001199,15610203.000,15193435.000,3.373903212,353001199.000,3.530004930,10878890858135063043,333334,333334,10878890858135063043
80,100000,hash,first,1,1,1,666668,150,100000000,100000200,12958183,327751376,340833701,13082325.000,12958183.000,3.277507205,340833701.000,3.408330193,10878890858135063043,333334,333334,10878890858135063043
80,100000,hash,first,2,1,1,666668,150,100000000,100000200,9163095,322970090,332255693,9285603.000,9163095.000,3.229694441,332255693.000,3.322550285,10878890858135063043,333334,333334,10878890858135063043
80,100000,hash,first,3,1,1,666668,150,100000000,100000200,8574967,302431968,311121369,8689401.000,8574967.000,3.024313631,311121369.000,3.111207468,10878890858135063043,333334,333334,10878890858135063043
80,100000,hash,first,4,1,1,666668,150,100000000,100000200,8968731,299991233,309074568,9083335.000,8968731.000,2.999906330,309074568.000,3.090739499,10878890858135063043,333334,333334,10878890858135063043
80,1000000,hash,first,0,1,1,666668,150,100000000,100000200,249702924,446952589,700439213,253486624.000,249702924.000,4.469516951,700439213.000,7.004378121,10878890858135063043,333334,333334,10878890858135063043
80,1000000,hash,first,1,1,1,666668,150,100000000,100000200,125484119,422000850,550580975,128580125.000,125484119.000,4.220000060,550580975.000,5.505798738,10878890858135063043,333334,333334,10878890858135063043
80,1000000,hash,first,2,1,1,666668,150,100000000,100000200,117324570,420320195,540812875,120492680.000,117324570.000,4.203193544,540812875.000,5.408117934,10878890858135063043,333334,333334,10878890858135063043
80,1000000,hash,first,3,1,1,666668,150,100000000,100000200,123313593,416916294,543848429,126932135.000,123313593.000,4.169154602,543848429.000,5.438473413,10878890858135063043,333334,333334,10878890858135063043
80,1000000,hash,first,4,1,1,666668,150,100000000,100000200,115276429,422334673,541282491,118947818.000,115276429.000,4.223338283,541282491.000,5.412814084,10878890858135063043,333334,333334,10878890858135063043
80,1,hash,all,0,1,64,10418,150,100000000,100012800,23805,160569799,160596760,421.266,371.953,1.605492487,160570220.266,1.605496699,1388721597040708582,333376,333376,1388721597040708582
80,1,hash,all,1,1,64,10418,150,100000000,100012800,25628,158664581,158693596,453.359,400.438,1.586442745,158665034.359,1.586447278,1388721597040708582,333376,333376,1388721597040708582
80,1,hash,all,2,1,64,10418,150,100000000,100012800,15719,165181223,165201581,318.094,245.609,1.651600825,165181541.094,1.651604006,1388721597040708582,333376,333376,1388721597040708582
80,1,hash,all,3,1,64,10418,150,100000000,100012800,15940,166639339,166658826,304.484,249.062,1.666180119,166639643.484,1.666183163,1388721597040708582,333376,333376,1388721597040708582
80,1,hash,all,4,1,64,10418,150,100000000,100012800,16741,172887978,172908946,327.625,261.578,1.728658512,172888305.625,1.728661788,1388721597040708582,333376,333376,1388721597040708582
80,1,aho_corasick,all,0,1,64,10418,150,100000000,100012800,1629110,113404745,115072998,26066.453,25454.844,1.133902311,113430811.453,1.134162942,1388721597040708582,333376,333376,1388721597040708582
80,1,aho_corasick,all,1,1,64,10418,150,100000000,100012800,1767969,116000682,117794669,28031.047,27624.516,1.159858358,116028713.047,1.160138633,1388721597040708582,333376,333376,1388721597040708582
80,1,aho_corasick,all,2,1,64,10418,150,100000000,100012800,1564289,115088318,116680499,24877.828,24442.016,1.150735886,115113195.828,1.150984632,1388721597040708582,333376,333376,1388721597040708582
80,1,aho_corasick,all,3,1,64,10418,150,100000000,100012800,1614201,113746824,115389638,25668.969,25221.891,1.137322663,113772492.969,1.137579320,1388721597040708582,333376,333376,1388721597040708582
80,1,aho_corasick,all,4,1,64,10418,150,100000000,100012800,1978912,112439232,114461655,31600.359,30920.500,1.124248416,112470832.359,1.124564379,1388721597040708582,333376,333376,1388721597040708582
80,2,hash,all,0,1,64,10418,150,100000000,100012800,31448,164852139,164888326,565.422,491.375,1.648310406,164852704.422,1.648316060,3268724380398976513,333376,333376,3268724380398976513
80,2,hash,all,1,1,64,10418,150,100000000,100012800,29775,161155141,161190156,547.109,465.234,1.611345158,161155688.109,1.611350628,3268724380398976513,333376,333376,3268724380398976513
80,2,hash,all,2,1,64,10418,150,100000000,100012800,24686,170205532,170235137,462.578,385.719,1.701837485,170205994.578,1.701842110,3268724380398976513,333376,333376,3268724380398976513
80,2,hash,all,3,1,64,10418,150,100000000,100012800,25598,168770930,168800806,466.812,399.969,1.687493301,168771396.812,1.687497968,3268724380398976513,333376,333376,3268724380398976513
80,2,hash,all,4,1,64,10418,150,100000000,100012800,23274,163165287,163192629,427.219,363.656,1.631444045,163165714.219,1.631448317,3268724380398976513,333376,333376,3268724380398976513
80,2,aho_corasick,all,0,1,64,10418,150,100000000,100012800,2951015,509794405,512802837,47006.750,46109.609,5.097291597,509841411.750,5.097761604,3268724380398976513,333376,333376,3268724380398976513
80,2,aho_corasick,all,1,1,64,10418,150,100000000,100012800,3296510,504928538,508280743,52378.203,51507.969,5.048639154,504980916.203,5.049162869,3268724380398976513,333376,333376,3268724380398976513
80,2,aho_corasick,all,2,1,64,10418,150,100000000,100012800,2590213,509701312,512347840,41352.000,40472.078,5.096360786,509742664.000,5.096774253,3268724380398976513,333376,333376,3268724380398976513
80,2,aho_corasick,all,3,1,64,10418,150,100000000,100012800,2585754,501409073,504053055,41312.219,40402.406,5.013449009,501450385.219,5.013862078,3268724380398976513,333376,333376,3268724380398976513
80,2,aho_corasick,all,4,1,64,10418,150,100000000,100012800,2865677,496672199,499594090,45654.547,44776.203,4.966086331,496717853.547,4.966542818,3268724380398976513,333376,333376,3268724380398976513
80,4,aho_corasick,all,0,1,64,10418,150,100000000,100012800,5732735,216172049,221956440,90381.109,89573.984,2.161443825,216262430.109,2.162347521,11705068003883276790,333376,333376,11705068003883276790
80,4,aho_corasick,all,1,1,64,10418,150,100000000,100012800,5227530,215907085,221186121,82484.938,81680.156,2.158794524,215989569.938,2.159619268,11705068003883276790,333376,333376,11705068003883276790
80,4,aho_corasick,all,2,1,64,10418,150,100000000,100012800,5128478,210182634,215366586,80999.250,80132.469,2.101557341,210263633.250,2.102367229,11705068003883276790,333376,333376,11705068003883276790
80,4,aho_corasick,all,3,1,64,10418,150,100000000,100012800,5007442,210040369,215104496,79126.984,78241.281,2.100134873,210119495.984,2.100926041,11705068003883276790,333376,333376,11705068003883276790
80,4,aho_corasick,all,4,1,64,10418,150,100000000,100012800,5197817,211179635,216431843,82065.750,81215.891,2.111526075,211261700.750,2.112346627,11705068003883276790,333376,333376,11705068003883276790
80,4,hash,all,0,1,64,10418,150,100000000,100012800,52157,171252058,171311119,922.828,814.953,1.712301405,171252980.828,1.712310633,11705068003883276790,333376,333376,11705068003883276790
80,4,hash,all,1,1,64,10418,150,100000000,100012800,47008,171123488,171176277,824.828,734.500,1.711015870,171124312.828,1.711024117,11705068003883276790,333376,333376,11705068003883276790
80,4,hash,all,2,1,64,10418,150,100000000,100012800,43711,174399917,174449179,769.719,682.984,1.743775967,174400686.719,1.743783663,11705068003883276790,333376,333376,11705068003883276790
80,4,hash,all,3,1,64,10418,150,100000000,100012800,37170,174632385,174674434,657.016,580.781,1.746100349,174633042.016,1.746106918,11705068003883276790,333376,333376,11705068003883276790
80,4,hash,all,4,1,64,10418,150,100000000,100012800,36067,172037952,172080602,666.406,563.547,1.720159340,172038618.406,1.720166003,11705068003883276790,333376,333376,11705068003883276790
80,8,aho_corasick,all,0,1,32,20834,150,100000000,100003200,5855324,213036428,218945623,184662.344,182978.875,2.130296111,213221090.344,2.132142675,11671856087635898387,333344,333344,11671856087635898387
80,8,aho_corasick,all,1,1,32,20834,150,100000000,100003200,5064729,212908600,218020346,159742.062,158272.781,2.129017871,213068342.062,2.130615241,11671856087635898387,333344,333344,11671856087635898387
80,8,aho_corasick,all,2,1,32,20834,150,100000000,100003200,4946538,202145261,207143997,156210.500,154579.312,2.021387926,202301471.500,2.022949981,11671856087635898387,333344,333344,11671856087635898387
80,8,aho_corasick,all,3,1,32,20834,150,100000000,100003200,4938453,205228009,210213110,155784.406,154326.656,2.052214419,205383793.406,2.053772213,11671856087635898387,333344,333344,11671856087635898387
80,8,aho_corasick,all,4,1,32,20834,150,100000000,100003200,4916913,202089786,207054759,155155.406,153653.531,2.020833193,202244941.406,2.022384698,11671856087635898387,333344,333344,11671856087635898387
80,8,hash,all,0,1,32,20834,150,100000000,100003200,42459,186523275,186571495,1506.875,1326.844,1.865173064,186524781.875,1.865188133,11671856087635898387,333344,333344,11671856087635898387
80,8,hash,all,1,1,32,20834,150,100000000,100003200,42299,186387448,186435146,1490.562,1321.844,1.863814838,186388938.562,1.863829743,11671856087635898387,333344,333344,11671856087635898387
80,8,hash,all,2,1,32,20834,150,100000000,100003200,30837,188104094,188141624,1172.812,963.656,1.880980749,188105266.812,1.880992476,11671856087635898387,333344,333344,11671856087635898387
80,8,hash,all,3,1,32,20834,150,100000000,100003200,36448,190923352,190965100,1304.625,1139.000,1.909172426,190924656.625,1.909185472,11671856087635898387,333344,333344,11671856087635898387
80,8,hash,all,4,1,32,20834,150,100000000,100003200,31028,187822325,187859123,1149.938,969.625,1.878163149,187823474.938,1.878174648,11671856087635898387,333344,333344,11671856087635898387
80,16,hash,all,0,1,16,41668,150,100000000,100003200,37440,190412375,190453782,2587.938,2340.000,1.904062820,190414962.938,1.904088699,6475797893696522199,333344,333344,6475797893696522199
80,16,hash,all,1,1,16,41668,150,100000000,100003200,30577,189646131,189681627,2218.500,1911.062,1.896400625,189648349.500,1.896422809,6475797893696522199,333344,333344,6475797893696522199
80,16,hash,all,2,1,16,41668,150,100000000,100003200,31579,195068847,195105165,2269.875,1973.688,1.950626050,195071116.875,1.950648748,6475797893696522199,333344,333344,6475797893696522199
80,16,hash,all,3,1,16,41668,150,100000000,100003200,26780,193400706,193432826,2007.500,1673.750,1.933945174,193402713.500,1.933965248,6475797893696522199,333344,333344,6475797893696522199
80,16,hash,all,4,1,16,41668,150,100000000,100003200,42770,191344475,191391634,2947.438,2673.125,1.913383522,191347422.438,1.913412995,6475797893696522199,333344,333344,6475797893696522199
80,16,aho_corasick,all,0,1,16,41668,150,100000000,100003200,5052887,216708329,221801351,318313.875,315805.438,2.167013946,217026642.875,2.170196982,6475797893696522199,333344,333344,6475797893696522199
80,16,aho_corasick,all,1,1,16,41668,150,100000000,100003200,5198098,216540834,221784567,327733.312,324881.125,2.165339049,216868567.312,2.168616277,6475797893696522199,333344,333344,6475797893696522199
80,16,aho_corasick,all,2,1,16,41668,150,100000000,100003200,4988908,213444099,218474203,314381.500,311806.750,2.134372690,213758480.500,2.137516404,6475797893696522199,333344,333344,6475797893696522199
80,16,aho_corasick,all,3,1,16,41668,150,100000000,100003200,4707743,216446350,221198065,296982.188,294233.938,2.164394239,216743332.188,2.167363966,6475797893696522199,333344,333344,6475797893696522199
80,16,aho_corasick,all,4,1,16,41668,150,100000000,100003200,4926501,207659328,212623130,310237.625,307906.312,2.076526831,207969565.625,2.079629108,6475797893696522199,333344,333344,6475797893696522199
80,32,aho_corasick,all,0,1,8,83334,150,100000000,100000800,5562587,227665652,233286057,702550.625,695323.375,2.276638307,228368202.625,2.283663757,2052324977094122141,333336,333336,2052324977094122141
80,32,aho_corasick,all,1,1,8,83334,150,100000000,100000800,5130302,215924829,221094625,646224.500,641287.750,2.159231016,216571053.500,2.165693209,2052324977094122141,333336,333336,2052324977094122141
80,32,aho_corasick,all,2,1,8,83334,150,100000000,100000800,4834600,224115418,228995903,610060.625,604325.000,2.241136251,224725478.625,2.247236808,2052324977094122141,333336,333336,2052324977094122141
80,32,aho_corasick,all,3,1,8,83334,150,100000000,100000800,4853064,216099844,220995808,611995.500,606633.000,2.160981152,216711839.500,2.167101058,2052324977094122141,333336,333336,2052324977094122141
80,32,aho_corasick,all,4,1,8,83334,150,100000000,100000800,4950967,216268629,221265651,624627.750,618870.875,2.162668989,216893256.750,2.168915216,2052324977094122141,333336,333336,2052324977094122141
80,32,hash,all,0,1,8,83334,150,100000000,100000800,57828,184741142,184802536,7674.250,7228.500,1.847396641,184748816.250,1.847473383,2052324977094122141,333336,333336,2052324977094122141
80,32,hash,all,1,1,8,83334,150,100000000,100000800,30437,184103703,184137747,4255.500,3804.625,1.841022302,184107958.500,1.841064856,2052324977094122141,333336,333336,2052324977094122141
80,32,hash,all,2,1,8,83334,150,100000000,100000800,25337,188041037,188069880,3605.375,3167.125,1.880395327,188044642.375,1.880431380,2052324977094122141,333336,333336,2052324977094122141
80,32,hash,all,3,1,8,83334,150,100000000,100000800,25608,189550031,189578855,3603.000,3201.000,1.895485146,189553634.000,1.895521176,2052324977094122141,333336,333336,2052324977094122141
80,32,hash,all,4,1,8,83334,150,100000000,100000800,25667,184035337,184064371,3629.250,3208.375,1.840338647,184038966.250,1.840374940,2052324977094122141,333336,333336,2052324977094122141
80,64,hash,all,0,1,4,166668,150,100000000,100000800,30597,187368315,187401868,8388.250,7649.250,1.873668161,187376703.250,1.873752042,13229807257542832258,333336,333336,13229807257542832258
80,64,hash,all,1,1,4,166668,150,100000000,100000800,34414,181559847,181597567,9430.000,8603.500,1.815583945,181569277.000,1.815678245,13229807257542832258,333336,333336,13229807257542832258
80,64,hash,all,2,1,4,166668,150,100000000,100000800,23013,188418674,188444843,6542.250,5753.250,1.884171667,188425216.250,1.884237089,13229807257542832258,333336,333336,13229807257542832258
80,64,hash,all,3,1,4,166668,150,100000000,100000800,22802,185009503,185035100,6399.250,5700.500,1.850080229,185015902.250,1.850144221,13229807257542832258,333336,333336,13229807257542832258
80,64,hash,all,4,1,4,166668,150,100000000,100000800,23484,186472072,186499373,6825.250,5871.000,1.864705802,186478897.250,1.864774054,13229807257542832258,333336,333336,13229807257542832258
80,64,aho_corasick,all,0,1,4,166668,150,100000000,100000800,4952540,236819599,241818976,1249844.250,1238135.000,2.368177045,238069443.250,2.380675387,13229807257542832258,333336,333336,13229807257542832258
80,64,aho_corasick,all,1,1,4,166668,150,100000000,100000800,5355211,232632548,238035798,1350812.500,1338802.750,2.326306870,233983360.500,2.339814886,13229807257542832258,333336,333336,13229807257542832258
80,64,aho_corasick,all,2,1,4,166668,150,100000000,100000800,5356032,231839498,237245744,1351561.500,1339008.000,2.318376433,233191059.500,2.331891940,13229807257542832258,333336,333336,13229807257542832258
80,64,aho_corasick,all,3,1,4,166668,150,100000000,100000800,4950335,235213523,240222327,1252201.000,1237583.750,2.352116413,236465724.000,2.364638323,13229807257542832258,333336,333336,13229807257542832258
80,64,aho_corasick,all,4,1,4,166668,150,100000000,100000800,5323793,236893597,242264899,1342825.500,1330948.250,2.368917019,238236422.500,2.382345166,13229807257542832258,333336,333336,13229807257542832258
80,128,aho_corasick,all,0,1,2,333334,150,100000000,100000200,5000379,264479450,269526065,2523307.500,2500189.500,2.644789210,267002757.500,2.670022235,9053161221975459072,333334,333334,9053161221975459072
80,128,aho_corasick,all,1,1,2,333334,150,100000000,100000200,5229930,274623437,279942403,2659483.000,2614965.000,2.746228878,277282920.000,2.772823654,9053161221975459072,333334,333334,9053161221975459072
80,128,aho_corasick,all,2,1,2,333334,150,100000000,100000200,4803221,269065889,273930464,2432287.500,2401610.500,2.690653509,271498176.500,2.714976335,9053161221975459072,333334,333334,9053161221975459072
80,128,aho_corasick,all,3,1,2,333334,150,100000000,100000200,5359349,270505340,275926975,2710817.500,2679674.500,2.705047990,273216157.500,2.732156111,9053161221975459072,333334,333334,9053161221975459072
80,128,aho_corasick,all,4,1,2,333334,150,100000000,100000200,4810725,271929431,276807422,2438995.500,2405362.500,2.719288871,274368426.500,2.743678778,9053161221975459072,333334,333334,9053161221975459072
80,128,hash,all,0,1,2,333334,150,100000000,100000200,29345,193740479,193771958,15739.500,14672.500,1.937400915,193756218.500,1.937558310,9053161221975459072,333334,333334,9053161221975459072
80,128,hash,all,1,1,2,333334,150,100000000,100000200,32140,194860391,194894835,17222.000,16070.000,1.948600013,194877613.000,1.948772232,9053161221975459072,333334,333334,9053161221975459072
80,128,hash,all,2,1,2,333334,150,100000000,100000200,22832,183225285,183250241,12478.000,11416.000,1.832249186,183237763.000,1.832373965,9053161221975459072,333334,333334,9053161221975459072
80,128,hash,all,3,1,2,333334,150,100000000,100000200,27541,196962601,196992456,14927.500,13770.500,1.969622071,196977528.500,1.969771345,9053161221975459072,333334,333334,9053161221975459072
80,128,hash,all,4,1,2,333334,150,100000000,100000200,28463,200105286,200135953,15333.500,14231.500,2.001048858,200120619.500,2.001202193,9053161221975459072,333334,333334,9053161221975459072
80,256,aho_corasick,all,0,1,1,666668,150,100000000,100000200,5605739,307964479,313634928,5670449.000,5605739.000,3.079638631,313634928.000,3.136343007,16489315823434752211,333334,333334,16489315823434752211
80,256,aho_corasick,all,1,1,1,666668,150,100000000,100000200,5966475,331595732,337635513,6039781.000,5966475.000,3.315950688,337635513.000,3.376348377,16489315823434752211,333334,333334,16489315823434752211
80,256,aho_corasick,all,2,1,1,666668,150,100000000,100000200,5701867,335752397,341535406,5783009.000,5701867.000,3.357517255,341535406.000,3.415347229,16489315823434752211,333334,333334,16489315823434752211
80,256,aho_corasick,all,3,1,1,666668,150,100000000,100000200,5649259,327975528,333629807,5654279.000,5649259.000,3.279748721,333629807.000,3.336291397,16489315823434752211,333334,333334,16489315823434752211
80,256,aho_corasick,all,4,1,1,666668,150,100000000,100000200,5665570,328289784,334030394,5740610.000,5665570.000,3.282891274,334030394.000,3.340297259,16489315823434752211,333334,333334,16489315823434752211
80,256,hash,all,0,1,1,666668,150,100000000,100000200,30998,191631334,191664476,33142.000,30998.000,1.916309507,191664476.000,1.916640927,16489315823434752211,333334,333334,16489315823434752211
80,256,hash,all,1,1,1,666668,150,100000000,100000200,33823,191432003,191468050,36047.000,33823.000,1.914316201,191468050.000,1.914676671,16489315823434752211,333334,333334,16489315823434752211
80,256,hash,all,2,1,1,666668,150,100000000,100000200,22232,194535502,194559518,24016.000,22232.000,1.945351129,194559518.000,1.945591289,16489315823434752211,333334,333334,16489315823434752211
80,256,hash,all,3,1,1,666668,150,100000000,100000200,22212,192728964,192753019,24055.000,22212.000,1.927285785,192753019.000,1.927526335,16489315823434752211,333334,333334,16489315823434752211
80,256,hash,all,4,1,1,666668,150,100000000,100000200,21830,193359668,193383511,23843.000,21830.000,1.933592813,193383511.000,1.933831242,16489315823434752211,333334,333334,16489315823434752211
80,1000,aho_corasick,all,0,1,1,666668,150,100000000,100000200,24804237,413206732,438119723,24912991.000,24804237.000,4.132059056,438119723.000,4.381188468,8395425986162444297,333334,333334,8395425986162444297
80,1000,aho_corasick,all,1,1,1,666668,150,100000000,100000200,24290595,434135726,458433524,24297798.000,24290595.000,4.341348577,458433524.000,4.584326071,8395425986162444297,333334,333334,8395425986162444297
80,1000,aho_corasick,all,2,1,1,666668,150,100000000,100000200,23067667,426187514,449264630,23077116.000,23067667.000,4.261866616,449264630.000,4.492637315,8395425986162444297,333334,333334,8395425986162444297
80,1000,aho_corasick,all,3,1,1,666668,150,100000000,100000200,21097200,414983529,436090937,21107408.000,21097200.000,4.149826990,436090937.000,4.360900648,8395425986162444297,333334,333334,8395425986162444297
80,1000,aho_corasick,all,4,1,1,666668,150,100000000,100000200,20998122,418536616,439544185,21007569.000,20998122.000,4.185357789,439544185.000,4.395433059,8395425986162444297,333334,333334,8395425986162444297
80,1000,hash,all,0,1,1,666668,150,100000000,100000200,114213,192416108,192533176,117068.000,114213.000,1.924157232,192533176.000,1.925327909,8395425986162444297,333334,333334,8395425986162444297
80,1000,hash,all,1,1,1,666668,150,100000000,100000200,93534,190824649,190920999,96350.000,93534.000,1.908242674,190920999.000,1.909206172,8395425986162444297,333334,333334,8395425986162444297
80,1000,hash,all,2,1,1,666668,150,100000000,100000200,79267,194598473,194680826,82353.000,79267.000,1.945980838,194680826.000,1.946804366,8395425986162444297,333334,333334,8395425986162444297
80,1000,hash,all,3,1,1,666668,150,100000000,100000200,81542,190974108,191058736,84628.000,81542.000,1.909737261,191058736.000,1.910583539,8395425986162444297,333334,333334,8395425986162444297
80,1000,hash,all,4,1,1,666668,150,100000000,100000200,79718,201617644,201700338,82694.000,79718.000,2.016172408,201700338.000,2.016999346,8395425986162444297,333334,333334,8395425986162444297
80,10000,hash,all,0,1,1,666668,150,100000000,100000200,1052354,219870534,220987428,1116894.000,1052354.000,2.198700943,220987428.000,2.209869860,6227774665020513939,333334,333334,6227774665020513939
80,10000,hash,all,1,1,1,666668,150,100000000,100000200,1239423,223575851,224829380,1253529.000,1239423.000,2.235754038,224829380.000,2.248289303,6227774665020513939,333334,333334,6227774665020513939
80,10000,hash,all,2,1,1,666668,150,100000000,100000200,906742,230374080,231297884,923804.000,906742.000,2.303736193,231297884.000,2.312974214,6227774665020513939,333334,333334,6227774665020513939
80,10000,hash,all,3,1,1,666668,150,100000000,100000200,988053,222830110,223831980,1001870.000,988053.000,2.228296643,223831980.000,2.238315323,6227774665020513939,333334,333334,6227774665020513939
80,10000,hash,all,4,1,1,666668,150,100000000,100000200,796466,213238155,214048557,810402.000,796466.000,2.132377285,214048557.000,2.140481289,6227774665020513939,333334,333334,6227774665020513939
80,10000,aho_corasick,all,0,1,1,666668,150,100000000,100000200,324645314,1129881872,1454724063,324842191.000,324645314.000,11.298796122,1454724063.000,14.547211536,6227774665020513939,333334,333334,6227774665020513939
80,10000,aho_corasick,all,1,1,1,666668,150,100000000,100000200,295797388,1168706857,1464806969,296100112.000,295797388.000,11.687045196,1464806969.000,14.648040394,6227774665020513939,333334,333334,6227774665020513939
80,10000,aho_corasick,all,2,1,1,666668,150,100000000,100000200,293120457,1161079900,1454464009,293384109.000,293120457.000,11.610775778,1454464009.000,14.544611001,6227774665020513939,333334,333334,6227774665020513939
80,10000,aho_corasick,all,3,1,1,666668,150,100000000,100000200,287737409,1195723412,1483882337,288158925.000,287737409.000,11.957210206,1483882337.000,14.838793692,6227774665020513939,333334,333334,6227774665020513939
80,10000,aho_corasick,all,4,1,1,666668,150,100000000,100000200,296069333,1199459339,1495810147,296350808.000,296069333.000,11.994569401,1495810147.000,14.958071554,6227774665020513939,333334,333334,6227774665020513939
80,100000,hash,all,0,1,1,666668,150,100000000,100000200,9925047,366069042,376232223,10163181.000,9925047.000,3.660683099,376232223.000,3.762314705,1383279899538207486,333334,333334,1383279899538207486
80,100000,hash,all,1,1,1,666668,150,100000000,100000200,11283571,394087500,405499962,11412462.000,11283571.000,3.940867118,405499962.000,4.054991510,1383279899538207486,333334,333334,1383279899538207486
80,100000,hash,all,2,1,1,666668,150,100000000,100000200,8467327,408754032,417342385,8588353.000,8467327.000,4.087532145,417342385.000,4.173415503,1383279899538207486,333334,333334,1383279899538207486
80,100000,hash,all,3,1,1,666668,150,100000000,100000200,8463350,403352239,411974765,8622526.000,8463350.000,4.033514323,411974765.000,4.119739411,1383279899538207486,333334,333334,1383279899538207486
80,100000,hash,all,4,1,1,666668,150,100000000,100000200,10061463,461735324,472346883,10611559.000,10061463.000,4.617344005,472346883.000,4.723459383,1383279899538207486,333334,333334,1383279899538207486
80,1000000,hash,all,0,1,1,666668,150,100000000,100000200,136163827,480064286,619875287,139811001.000,136163827.000,4.800633259,619875287.000,6.198740473,17718887361267595968,333334,333334,17718887361267595968
80,1000000,hash,all,1,1,1,666668,150,100000000,100000200,120655764,478592950,602776396,124183446.000,120655764.000,4.785919928,602776396.000,6.027751904,17718887361267595968,333334,333334,17718887361267595968
80,1000000,hash,all,2,1,1,666668,150,100000000,100000200,117209876,474680641,595794251,121113610.000,117209876.000,4.746796916,595794251.000,5.957930594,17718887361267595968,333334,333334,17718887361267595968
80,1000000,hash,all,3,1,1,666668,150,100000000,100000200,115293971,504218939,623515227,119296288.000,115293971.000,5.042179306,623515227.000,6.235139800,17718887361267595968,333334,333334,17718887361267595968
80,1000000,hash,all,4,1,1,666668,150,100000000,100000200,119433665,474746668,597674272,122927604.000,119433665.000,4.747457185,597674272.000,5.976730767,17718887361267595968,333334,333334,17718887361267595968
96,1,aho_corasick,first,0,1,64,10418,150,100000000,100012800,1837488,46861737,48728329,29165.500,28710.750,0.468557395,46890902.500,0.468849012,10100110153867304471,333376,333376,10100110153867304471
96,1,aho_corasick,first,1,1,64,10418,150,100000000,100012800,1897880,47105219,49029017,30059.344,29654.375,0.470991903,47135278.344,0.471292458,10100110153867304471,333376,333376,10100110153867304471
96,1,aho_corasick,first,2,1,64,10418,150,100000000,100012800,2090549,47061497,49176121,33041.000,32664.828,0.470554739,47094538.000,0.470885107,10100110153867304471,333376,333376,10100110153867304471
96,1,aho_corasick,first,3,1,64,10418,150,100000000,100012800,1787334,45535051,47345800,28292.953,27927.094,0.455292233,45563343.953,0.455575126,10100110153867304471,333376,333376,10100110153867304471
96,1,aho_corasick,first,4,1,64,10418,150,100000000,100012800,1827870,48091978,49945746,28965.125,28560.469,0.480858230,48120943.125,0.481147844,10100110153867304471,333376,333376,10100110153867304471
96,1,hash,first,0,1,64,10418,150,100000000,100012800,29626,128193006,128226940,530.219,462.906,1.281765994,128193536.219,1.281771295,10100110153867304471,333376,333376,10100110153867304471
96,1,hash,first,1,1,64,10418,150,100000000,100012800,32881,128685485,128722595,579.844,513.766,1.286690154,128686064.844,1.286695951,10100110153867304471,333376,333376,10100110153867304471
96,1,hash,first,2,1,64,10418,150,100000000,100012800,23453,125221163,125248874,432.984,366.453,1.252051367,125221595.984,1.252055697,10100110153867304471,333376,333376,10100110153867304471
96,1,hash,first,3,1,64,10418,150,100000000,100012800,21079,129956868,129982515,400.734,329.359,1.299402356,129957268.734,1.299406363,10100110153867304471,333376,333376,10100110153867304471
96,1,hash,first,4,1,64,10418,150,100000000,100012800,21661,130523544,130550194,416.406,338.453,1.305068391,130523960.406,1.305072555,10100110153867304471,333376,333376,10100110153867304471
96,2,hash,first,0,1,64,10418,150,100000000,100012800,37430,131292970,131335359,662.328,584.844,1.312761667,131293632.328,1.312768289,10100110153867304471,333376,333376,10100110153867304471
96,2,hash,first,1,1,64,10418,150,100000000,100012800,37590,130585229,130628531,676.594,587.344,1.305685162,130585905.594,1.305691927,10100110153867304471,333376,333376,10100110153867304471
96,2,hash,first,2,1,64,10418,150,100000000,100012800,28994,131490829,131524542,526.766,453.031,1.314740003,131491355.766,1.314745270,10100110153867304471,333376,333376,10100110153867304471
96,2,hash,first,3,1,64,10418,150,100000000,100012800,27641,132816081,132848782,510.953,431.891,1.327990827,132816591.953,1.327995936,10100110153867304471,333376,333376,10100110153867304471
96,2,hash,first,4,1,64,10418,150,100000000,100012800,27691,129057039,129088867,497.312,432.672,1.290405218,129057536.312,1.290410191,10100110153867304471,333376,333376,10100110153867304471
96,2,aho_corasick,first,0,1,64,10418,150,100000000,100012800,3345680,398161357,401561238,53123.141,52276.250,3.981103989,398214480.141,3.981635152,10100110153867304471,333376,333376,10100110153867304471
96,2,aho_corasick,first,1,1,64,10418,150,100000000,100012800,3645034,408830033,412526453,57756.562,56953.656,4.087777095,408887789.562,4.088354586,10100110153867304471,333376,333376,10100110153867304471
96,2,aho_corasick,first,2,1,64,10418,150,100000000,100012800,2997622,407638920,410693199,47723.109,46837.844,4.075867489,407686643.109,4.076344659,10100110153867304471,333376,333376,10100110153867304471
96,2,aho_corasick,first,3,1,64,10418,150,100000000,100012800,2993074,397855969,400904356,47631.047,46766.781,3.978050500,397903600.047,3.978526749,10100110153867304471,333376,333376,10100110153867304471
96,2,aho_corasick,first,4,1,64,10418,150,100000000,100012800,2971414,408565796,411604976,47487.188,46428.344,4.085135063,408613283.188,4.085609874,10100110153867304471,333376,333376,10100110153867304471
96,4,hash,first,0,1,64,10418,150,100000000,100012800,88636,141077855,141173453,1493.719,1384.938,1.410597993,141079348.719,1.410612929,10100110153867304471,333376,333376,10100110153867304471
96,4,hash,first,1,1,64,10418,150,100000000,100012800,69830,141887536,141978365,1419.203,1091.094,1.418693767,141888955.203,1.418707957,10100110153867304471,333376,333376,10100110153867304471
96,4,hash,first,2,1,64,10418,150,100000000,100012800,51957,139385097,139442765,901.062,811.828,1.393672580,139385998.062,1.393681589,10100110153867304471,333376,333376,10100110153867304471
96,4,hash,first,3,1,64,10418,150,100000000,100012800,51075,143297186,143355544,911.844,798.047,1.432788463,143298097.844,1.432797580,10100110153867304471,333376,333376,10100110153867304471
96,4,hash,first,4,1,64,10418,150,100000000,100012800,60704,136541231,136607946,1042.422,948.500,1.365237560,136542273.422,1.365247982,10100110153867304471,333376,333376,10100110153867304471
96,4,aho_corasick,first,0,1,64,10418,150,100000000,100012800,6937261,182317545,189299980,109100.547,108394.703,1.822942113,182426645.547,1.824032979,10100110153867304471,333376,333376,10100110153867304471
96,4,aho_corasick,first,1,1,64,10418,150,100000000,100012800,5766160,181843622,187691945,91380.047,90096.250,1.818203490,181935002.047,1.819117173,10100110153867304471,333376,333376,10100110153867304471
96,4,aho_corasick,first,2,1,64,10418,150,100000000,100012800,5750999,184122961,189928983,90719.094,89859.359,1.840993963,184213680.094,1.841901038,10100110153867304471,333376,333376,10100110153867304471
96,4,aho_corasick,first,3,1,64,10418,150,100000000,100012800,5533353,183145774,188737135,87365.016,86458.641,1.831223343,183233139.016,1.832096882,10100110153867304471,333376,333376,10100110153867304471
96,4,aho_corasick,first,4,1,64,10418,150,100000000,100012800,6119566,179493214,185665789,96446.484,95618.219,1.794702418,179589660.484,1.795666759,10100110153867304471,333376,333376,10100110153867304471
96,8,hash,first,0,1,32,20834,150,100000000,100003200,48321,140032995,140087417,1700.688,1510.031,1.400285141,140034695.688,1.400302147,10007957261559824023,333344,333344,10007957261559824023
96,8,hash,first,1,1,32,20834,150,100000000,100003200,56375,143366633,143428839,1943.938,1761.719,1.433620454,143368576.938,1.433639893,10007957261559824023,333344,333344,10007957261559824023
96,8,hash,first,2,1,32,20834,150,100000000,100003200,40475,141666441,141714800,1511.219,1264.844,1.416619078,141667952.219,1.416634190,10007957261559824023,333344,333344,10007957261559824023
96,8,hash,first,3,1,32,20834,150,100000000,100003200,48500,143732115,143785705,1674.688,1515.625,1.437275157,143733789.688,1.437291904,10007957261559824023,333344,333344,10007957261559824023
96,8,hash,first,4,1,32,20834,150,100000000,100003200,33823,145348973,145388426,1232.906,1056.969,1.453443220,145350205.906,1.453455548,10007957261559824023,333344,333344,10007957261559824023
96,8,aho_corasick,first,0,1,32,20834,150,100000000,100003200,8262803,178996373,187316392,260000.594,258212.594,1.789906453,179256373.594,1.792506376,10007957261559824023,333344,333344,10007957261559824023
96,8,aho_corasick,first,1,1,32,20834,150,100000000,100003200,5944559,186080823,192073021,187256.188,185767.469,1.860748686,186268079.188,1.862621188,10007957261559824023,333344,333344,10007957261559824023
96,8,aho_corasick,first,2,1,32,20834,150,100000000,100003200,5663586,182560542,188271196,178457.938,176987.062,1.825547002,182738999.938,1.827331525,10007957261559824023,333344,333344,10007957261559824023
96,8,aho_corasick,first,3,1,32,20834,150,100000000,100003200,6005737,185167458,191235351,189621.656,187679.281,1.851615328,185357079.656,1.853511484,10007957261559824023,333344,333344,10007957261559824023
96,8,aho_corasick,first,4,1,32,20834,150,100000000,100003200,5373986,183326913,188757174,169695.656,167937.062,1.833210467,183496608.656,1.834907370,10007957261559824023,333344,333344,10007957261559824023
96,16,aho_corasick,first,0,1,16,41668,150,100000000,100003200,6430076,184151204,190627105,404743.812,401879.750,1.841453114,184555947.812,1.845500422,8485451749250642310,333344,333344,8485451749250642310
96,16,aho_corasick,first,1,1,16,41668,150,100000000,100003200,6209715,191877033,198133185,391009.500,388107.188,1.918708931,192268042.500,1.922618901,8485451749250642310,333344,333344,8485451749250642310
96,16,aho_corasick,first,2,1,16,41668,150,100000000,100003200,5568579,196265414,201872395,350436.312,348036.188,1.962591337,196615850.312,1.966095588,8485451749250642310,333344,333344,8485451749250642310
96,16,aho_corasick,first,3,1,16,41668,150,100000000,100003200,5833543,191149857,197022432,367035.938,364596.438,1.911437404,191516892.938,1.915107646,8485451749250642310,333344,333344,8485451749250642310
96,16,aho_corasick,first,4,1,16,41668,150,100000000,100003200,5769824,193917354,199728104,363171.875,360614.000,1.939111488,194280525.875,1.942743091,8485451749250642310,333344,333344,8485451749250642310
96,16,hash,first,0,1,16,41668,150,100000000,100003200,47960,143311759,143364357,3287.375,2997.500,1.433071732,143315046.375,1.433104604,8485451749250642310,333344,333344,8485451749250642310
96,16,hash,first,1,1,16,41668,150,100000000,100003200,43240,142755194,142802623,2964.312,2702.500,1.427506260,142758158.312,1.427535902,8485451749250642310,333344,333344,8485451749250642310
96,16,hash,first,2,1,16,41668,150,100000000,100003200,30246,142554039,142589625,2224.125,1890.375,1.425494774,142556263.125,1.425517015,8485451749250642310,333344,333344,8485451749250642310
96,16,hash,first,3,1,16,41668,150,100000000,100003200,32621,145203652,145240931,2329.938,2038.812,1.451990056,145205981.938,1.452013355,8485451749250642310,333344,333344,8485451749250642310
96,16,hash,first,4,1,16,41668,150,100000000,100003200,41107,139770025,139815189,2822.750,2569.188,1.397655525,139772847.750,1.397683752,8485451749250642310,333344,333344,8485451749250642310
96,32,hash,first,0,1,8,83334,150,100000000,100000800,43621,140627671,140675059,5923.500,5452.625,1.406265460,140633594.500,1.406324694,14545882975625201301,333336,333336,14545882975625201301
96,32,hash,first,1,1,8,83334,150,100000000,100000800,48591,146940250,146991936,6460.750,6073.875,1.469390745,146946710.750,1.469455352,14545882975625201301,333336,333336,14545882975625201301
96,32,hash,first,2,1,8,83334,150,100000000,100000800,30867,142204347,142238590,4280.375,3858.375,1.422032094,142208627.375,1.422074897,14545882975625201301,333336,333336,14545882975625201301
96,32,hash,first,3,1,8,83334,150,100000000,100000800,30136,141029725,141063929,4275.500,3767.000,1.410285968,141034000.500,1.410328722,14545882975625201301,333336,333336,14545882975625201301
96,32,hash,first,4,1,8,83334,150,100000000,100000800,30707,145597107,145631370,4282.875,3838.375,1.455959422,145601389.875,1.456002251,14545882975625201301,333336,333336,14545882975625201301
96,32,aho_corasick,first,0,1,8,83334,150,100000000,100000800,5712367,186886212,192686954,725092.750,714045.875,1.868847169,187611304.750,1.876098039,14545882975625201301,333336,333336,14545882975625201301
96,32,aho_corasick,first,1,1,8,83334,150,100000000,100000800,6218654,190576309,196843513,783400.500,777331.750,1.905747844,191359709.500,1.913581786,14545882975625201301,333336,333336,14545882975625201301
96,32,aho_corasick,first,2,1,8,83334,150,100000000,100000800,5512785,189029991,194594823,695604.000,689098.125,1.890284788,189725595.000,1.897240772,14545882975625201301,333336,333336,14545882975625201301
96,32,aho_corasick,first,3,1,8,83334,150,100000000,100000800,6366528,189278299,195706502,803525.375,795816.000,1.892767848,190081824.375,1.900803037,14545882975625201301,333336,333336,14545882975625201301
96,32,aho_corasick,first,4,1,8,83334,150,100000000,100000800,5966469,190619710,196640520,752601.250,745808.625,1.906181851,191372311.250,1.913707803,14545882975625201301,333336,333336,14545882975625201301
96,64,aho_corasick,first,0,1,4,166668,150,100000000,100000800,5922088,206032241,212019892,1496912.750,1480522.000,2.060305928,207529153.750,2.075274935,7920970377318854716,333336,333336,7920970377318854716
96,64,aho_corasick,first,1,1,4,166668,150,100000000,100000800,6220835,209386481,215656218,1567434.250,1555208.750,2.093848059,210953915.250,2.109522276,7920970377318854716,333336,333336,7920970377318854716
96,64,aho_corasick,first,2,1,4,166668,150,100000000,100000800,5783217,208213275,214048529,1458813.500,1445804.250,2.082116093,209672088.500,2.096704111,7920970377318854716,333336,333336,7920970377318854716
96,64,aho_corasick,first,3,1,4,166668,150,100000000,100000800,6374543,210095893,216518145,1605563.000,1593635.750,2.100942122,211701456.000,2.116997624,7920970377318854716,333336,333336,7920970377318854716
96,64,aho_corasick,first,4,1,4,166668,150,100000000,100000800,5890269,206544127,212489949,1486455.500,1472567.250,2.065424747,208030582.500,2.080289183,7920970377318854716,333336,333336,7920970377318854716
96,64,hash,first,0,1,4,166668,150,100000000,100000800,36318,147215034,147253897,9715.750,9079.500,1.472138563,147224749.750,1.472235720,7920970377318854716,333336,333336,7920970377318854716
96,64,hash,first,1,1,4,166668,150,100000000,100000800,40175,148299698,148342338,10660.000,10043.750,1.482985116,148310358.000,1.483091715,7920970377318854716,333336,333336,7920970377318854716
96,64,hash,first,2,1,4,166668,150,100000000,100000800,28072,143910490,143941778,7822.000,7018.000,1.439093387,143918312.000,1.439171607,7920970377318854716,333336,333336,7920970377318854716
96,64,hash,first,3,1,4,166668,150,100000000,100000800,32882,148688143,148724291,9037.000,8220.500,1.486869535,148697180.000,1.486959904,7920970377318854716,333336,333336,7920970377318854716
96,64,hash,first,4,1,4,166668,150,100000000,100000800,34264,148927446,148964274,9207.000,8566.000,1.489262546,148936653.000,1.489354615,7920970377318854716,333336,333336,7920970377318854716
96,128,hash,first,0,1,2,333334,150,100000000,100000200,34364,140667349,140703747,18199.000,17182.000,1.406670677,140685548.000,1.406852666,17355991267112343030,333334,333334,17355991267112343030
96,128,hash,first,1,1,2,333334,150,100000000,100000200,38051,144202364,144242649,20142.500,19025.500,1.442020756,144222506.500,1.442222181,17355991267112343030,333334,333334,17355991267112343030
96,128,hash,first,2,1,2,333334,150,100000000,100000200,27762,139684375,139714682,15153.500,13881.000,1.396840956,139699528.500,1.396992491,17355991267112343030,333334,333334,17355991267112343030
96,128,hash,first,3,1,2,333334,150,100000000,100000200,34775,144607140,144644429,18644.500,17387.500,1.446068508,144625784.500,1.446254952,17355991267112343030,333334,333334,17355991267112343030
96,128,hash,first,4,1,2,333334,150,100000000,100000200,27892,146522593,146553210,15308.500,13946.000,1.465223000,146537901.500,1.465376084,17355991267112343030,333334,333334,17355991267112343030
96,128,aho_corasick,first,0,1,2,333334,150,100000000,100000200,5919160,249589797,255569180,2989691.500,2959580.000,2.495892978,252579488.500,2.525789833,17355991267112343030,333334,333334,17355991267112343030
96,128,aho_corasick,first,1,1,2,333334,150,100000000,100000200,6135464,250174986,256377855,3101434.500,3067732.000,2.501744857,253276420.500,2.532759139,17355991267112343030,333334,333334,17355991267112343030
96,128,aho_corasick,first,2,1,2,333334,150,100000000,100000200,6922833,236554680,243544618,3494969.000,3461416.500,2.365542069,240049649.000,2.400491689,17355991267112343030,333334,333334,17355991267112343030
96,128,aho_corasick,first,3,1,2,333334,150,100000000,100000200,5994691,241975892,248037507,3030807.500,2997345.500,2.419754080,245006699.500,2.450062095,17355991267112343030,333334,333334,17355991267112343030
96,128,aho_corasick,first,4,1,2,333334,150,100000000,100000200,6302717,241927989,248305586,3188798.500,3151358.500,2.419275051,245116787.500,2.451162973,17355991267112343030,333334,333334,17355991267112343030
96,256,aho_corasick,first,0,1,1,666668,150,100000000,100000200,6674476,257211235,263934702,6723467.000,6674476.000,2.572107206,263934702.000,2.639341741,10878890858135063043,333334,333334,10878890858135063043
96,256,aho_corasick,first,1,1,1,666668,150,100000000,100000200,7566366,280905998,288551873,7645875.000,7566366.000,2.809054362,288551873.000,2.885512959,10878890858135063043,333334,333334,10878890858135063043
96,256,aho_corasick,first,2,1,1,666668,150,100000000,100000200,6415980,284840509,291337560,6497051.000,6415980.000,2.848399393,291337560.000,2.913369773,10878890858135063043,333334,333334,10878890858135063043
96,256,aho_corasick,first,3,1,1,666668,150,100000000,100000200,6160894,285515850,291682725,6166875.000,6160894.000,2.855152790,291682725.000,2.916821416,10878890858135063043,333334,333334,10878890858135063043
96,256,aho_corasick,first,4,1,1,666668,150,100000000,100000200,6678483,279501670,286186024,6684354.000,6678483.000,2.795011110,286186024.000,2.861854516,10878890858135063043,333334,333334,10878890858135063043
96,256,hash,first,0,1,1,666668,150,100000000,100000200,45435,145971585,146018622,47037.000,45435.000,1.459712931,146018622.000,1.460183300,10878890858135063043,333334,333334,10878890858135063043
96,256,hash,first,1,1,1,666668,150,100000000,100000200,35867,144437412,144475142,37730.000,35867.000,1.444371231,144475142.000,1.444748531,10878890858135063043,333334,333334,10878890858135063043
96,256,hash,first,2,1,1,666668,150,100000000,100000200,26690,145936686,145965180,28494.000,26690.000,1.459363941,145965180.000,1.459648881,10878890858135063043,333334,333334,10878890858135063043
96,256,hash,first,3,1,1,666668,150,100000000,100000200,26540,150440402,150468484,28082.000,26540.000,1.504401011,150468484.000,1.504681831,10878890858135063043,333334,333334,10878890858135063043
96,256,hash,first,4,1,1,666668,150,100000000,100000200,26459,146303875,146332137,28262.000,26459.000,1.463035824,146332137.000,1.463318443,10878890858135063043,333334,333334,10878890858135063043
96,1000,aho_corasick,first,0,1,1,666668,150,100000000,100000200,27145189,379383787,406634573,27250786.000,27145189.000,3.793830282,406634573.000,4.066337597,10878890858135063043,333334,333334,10878890858135063043
96,1000,aho_corasick,first,1,1,1,666668,150,100000000,100000200,30246078,414644140,444897331,30253191.000,30246078.000,4.146433107,444897331.000,4.448964412,10878890858135063043,333334,333334,10878890858135063043
96,1000,aho_corasick,first,2,1,1,666668,150,100000000,100000200,28082339,391429869,419525783,28095914.000,28082339.000,3.914290861,419525783.000,4.195249440,10878890858135063043,333334,333334,10878890858135063043
96,1000,aho_corasick,first,3,1,1,666668,150,100000000,100000200,25753596,375991669,401757377,25765708.000,25753596.000,3.759909170,401757377.000,4.017565735,10878890858135063043,333334,333334,10878890858135063043
96,1000,aho_corasick,first,4,1,1,666668,150,100000000,100000200,28711385,384333281,413055045,28721764.000,28711385.000,3.843325123,413055045.000,4.130542189,10878890858135063043,333334,333334,10878890858135063043
96,1000,hash,first,0,1,1,666668,150,100000000,100000200,130804,143076148,143210259,134111.000,130804.000,1.430758618,143210259.000,1.432099726,10878890858135063043,333334,333334,10878890858135063043
96,1000,hash,first,1,1,1,666668,150,100000000,100000200,138068,141118961,141260225,141264.000,138068.000,1.411186788,141260225.000,1.412599425,10878890858135063043,333334,333334,10878890858135063043
96,1000,hash,first,2,1,1,666668,150,100000000,100000200,97693,146766087,146866905,100818.000,97693.000,1.467657935,146866905.000,1.468666113,10878890858135063043,333334,333334,10878890858135063043
96,1000,hash,first,3,1,1,666668,150,100000000,100000200,98173,148914485,149023017,108532.000,98173.000,1.489141872,149023017.000,1.490227190,10878890858135063043,333334,333334,10878890858135063043
96,1000,hash,first,4,1,1,666668,150,100000000,100000200,100187,147253536,147356919,103383.000,100187.000,1.472532415,147356919.000,1.473566243,10878890858135063043,333334,333334,10878890858135063043
96,10000,aho_corasick,first,0,1,1,666668,150,100000000,100000200,403859209,1078251781,1482426298,404174517.000,403859209.000,10.782496245,1482426298.000,14.824233332,10878890858135063043,333334,333334,10878890858135063043
96,10000,aho_corasick,first,1,1,1,666668,150,100000000,100000200,366979638,1040958539,1408192203,367233664.000,366979638.000,10.409564571,1408192203.000,14.081893866,10878890858135063043,333334,333334,10878890858135063043
96,10000,aho_corasick,first,2,1,1,666668,150,100000000,100000200,351221376,1039020473,1390506604,351486131.000,351221376.000,10.390183950,1390506604.000,13.905038230,10878890858135063043,333334,333334,10878890858135063043
96,10000,aho_corasick,first,3,1,1,666668,150,100000000,100000200,350868057,1060794827,1411904384,351109557.000,350868057.000,10.607927054,1411904384.000,14.119015602,10878890858135063043,333334,333334,10878890858135063043
96,10000,aho_corasick,first,4,1,1,666668,150,100000000,100000200,355126742,1068495078,1423878329,355383251.000,355126742.000,10.684929410,1423878329.000,14.238754812,10878890858135063043,333334,333334,10878890858135063043
96,10000,hash,first,0,1,1,666668,150,100000000,100000200,1325112,164774223,166167363,1393140.000,1325112.000,1.647738935,166167363.000,1.661670307,10878890858135063043,333334,333334,10878890858135063043
96,10000,hash,first,1,1,1,666668,150,100000000,100000200,1435932,176642661,178092890,1450229.000,1435932.000,1.766423077,178092890.000,1.780925338,10878890858135063043,333334,333334,10878890858135063043
96,10000,hash,first,2,1,1,666668,150,100000000,100000200,979097,178786956,179779939,992983.000,979097.000,1.787865984,179779939.000,1.797795794,10878890858135063043,333334,333334,10878890858135063043
96,10000,hash,first,3,1,1,666668,150,100000000,100000200,1589596,170016994,171620586,1603592.000,1589596.000,1.700166540,171620586.000,1.716202428,10878890858135063043,333334,333334,10878890858135063043
96,10000,hash,first,4,1,1,666668,150,100000000,100000200,985668,175498949,176501899,1002950.000,985668.000,1.754985980,176501899.000,1.765015460,10878890858135063043,333334,333334,10878890858135063043
96,100000,hash,first,0,1,1,666668,150,100000000,100000200,13283642,276583083,290179019,13595936.000,13283642.000,2.765825298,290179019.000,2.901784386,10878890858135063043,333334,333334,10878890858135063043
96,100000,hash,first,1,1,1,666668,150,100000000,100000200,12186155,267266752,279577279,12310527.000,12186155.000,2.672662175,279577279.000,2.795767198,10878890858135063043,333334,333334,10878890858135063043
96,100000,hash,first,2,1,1,666668,150,100000000,100000200,10409640,310760541,321315753,10555212.000,10409640.000,3.107599195,321315753.000,3.213151104,10878890858135063043,333334,333334,10878890858135063043
96,100000,hash,first,3,1,1,666668,150,100000000,100000200,12323131,319263661,331761478,12497817.000,12323131.000,3.192630225,331761478.000,3.317608145,10878890858135063043,333334,333334,10878890858135063043
96,100000,hash,first,4,1,1,666668,150,100000000,100000200,11278075,298013594,309417544,11403950.000,11278075.000,2.980129980,309417544.000,3.094169252,10878890858135063043,333334,333334,10878890858135063043
96,1000000,hash,first,0,1,1,666668,150,100000000,100000200,144801411,354212076,502176338,147964262.000,144801411.000,3.542113676,502176338.000,5.021753336,10878890858135063043,333334,333334,10878890858135063043
96,1000000,hash,first,1,1,1,666668,150,100000000,100000200,142053264,405649779,551816978,146167199.000,142053264.000,4.056489677,551816978.000,5.518158744,10878890858135063043,333334,333334,10878890858135063043
96,1000000,hash,first,2,1,1,666668,150,100000000,100000200,138508000,364801823,507689724,142887901.000,138508000.000,3.648010934,507689724.000,5.076887086,10878890858135063043,333334,333334,10878890858135063043
96,1000000,hash,first,3,1,1,666668,150,100000000,100000200,165396009,361200083,529786685,168586602.000,165396009.000,3.611993606,529786685.000,5.297856254,10878890858135063043,333334,333334,10878890858135063043
96,1000000,hash,first,4,1,1,666668,150,100000000,100000200,134543945,386354132,525473062,139118930.000,134543945.000,3.863533593,525473062.000,5.254720111,10878890858135063043,333334,333334,10878890858135063043
96,1,aho_corasick,all,0,1,64,10418,150,100000000,100012800,1896979,121188448,123116546,30126.531,29640.297,1.211729379,121218574.531,1.212030605,8099605394660637233,333376,333376,8099605394660637233
96,1,aho_corasick,all,1,1,64,10418,150,100000000,100012800,2243409,124525927,126791487,35399.375,35053.266,1.245099897,124561326.375,1.245453846,8099605394660637233,333376,333376,8099605394660637233
96,1,aho_corasick,all,2,1,64,10418,150,100000000,100012800,1758631,116835045,118618302,27863.391,27478.609,1.168200920,116862908.391,1.168479519,8099605394660637233,333376,333376,8099605394660637233
96,1,aho_corasick,all,3,1,64,10418,150,100000000,100012800,1724447,123543633,125291273,27306.875,26944.484,1.235278214,123570939.875,1.235551248,8099605394660637233,333376,333376,8099605394660637233
96,1,aho_corasick,all,4,1,64,10418,150,100000000,100012800,1721011,120292146,122038364,27284.656,26890.797,1.202767506,120319430.656,1.203040317,8099605394660637233,333376,333376,8099605394660637233
96,1,hash,all,0,1,64,10418,150,100000000,100012800,30336,158357218,158392413,549.922,474.000,1.583369509,158357767.922,1.583375007,8099605394660637233,333376,333376,8099605394660637233
96,1,hash,all,1,1,64,10418,150,100000000,100012800,32290,157846359,157882947,571.688,504.531,1.578261573,157846930.688,1.578267289,8099605394660637233,333376,333376,8099605394660637233
96,1,hash,all,2,1,64,10418,150,100000000,100012800,24215,154155653,154184447,449.906,378.359,1.541359236,154156102.906,1.541363735,8099605394660637233,333376,333376,8099605394660637233
96,1,hash,all,3,1,64,10418,150,100000000,100012800,22111,151886297,151912095,403.094,345.484,1.518668580,151886700.094,1.518672611,8099605394660637233,333376,333376,8099605394660637233
96,1,hash,all,4,1,64,10418,150,100000000,100012800,21179,149088999,149114446,397.609,330.922,1.490699181,149089396.609,1.490703156,8099605394660637233,333376,333376,8099605394660637233
96,2,hash,all,0,1,64,10418,150,100000000,100012800,34224,156034218,156078290,688.625,534.750,1.560142482,156034906.625,1.560149367,8952965055405400198,333376,333376,8952965055405400198
96,2,hash,all,1,1,64,10418,150,100000000,100012800,33783,157013570,157051962,599.875,527.859,1.569934748,157014169.875,1.569940746,8952965055405400198,333376,333376,8952965055405400198
96,2,hash,all,2,1,64,10418,150,100000000,100012800,26680,150840408,150871035,478.547,416.875,1.508211029,150840886.547,1.508215814,8952965055405400198,333376,333376,8952965055405400198
96,2,hash,all,3,1,64,10418,150,100000000,100012800,28153,158984101,159016662,508.766,439.891,1.589637536,158984609.766,1.589642623,8952965055405400198,333376,333376,8952965055405400198
96,2,hash,all,4,1,64,10418,150,100000000,100012800,27351,165366674,165398013,489.672,427.359,1.653455098,165367163.672,1.653459994,8952965055405400198,333376,333376,8952965055405400198
96,2,aho_corasick,all,0,1,64,10418,150,100000000,100012800,3185072,499558544,502799300,50636.812,49766.750,4.994946087,499609180.812,4.995452390,8952965055405400198,333376,333376,8952965055405400198
96,2,aho_corasick,all,1,1,64,10418,150,100000000,100012800,3150331,496013911,499216440,50039.516,49223.922,4.959504293,496063950.516,4.960004625,8952965055405400198,333376,333376,8952965055405400198
96,2,aho_corasick,all,2,1,64,10418,150,100000000,100012800,3198828,497147358,500401749,50849.859,49981.688,4.970837313,497198207.859,4.971345746,8952965055405400198,333376,333376,8952965055405400198
96,2,aho_corasick,all,3,1,64,10418,150,100000000,100012800,3224416,485499042,488777589,51227.297,50381.500,4.854369061,485550269.297,4.854881268,8952965055405400198,333376,333376,8952965055405400198
96,2,aho_corasick,all,4,1,64,10418,150,100000000,100012800,2951637,482508675,485507280,46853.203,46119.328,4.824469218,482555528.203,4.824937690,8952965055405400198,333376,333376,8952965055405400198
96,4,hash,all,0,1,64,10418,150,100000000,100012800,62747,159852251,159923594,1114.734,980.422,1.598317925,159853365.734,1.598329071,17190690631244625019,333376,333376,17190690631244625019
96,4,hash,all,1,1,64,10418,150,100000000,100012800,54873,159016541,159087464,1108.172,857.391,1.589961895,159017649.172,1.589972975,17190690631244625019,333376,333376,17190690631244625019
96,4,hash,all,2,1,64,10418,150,100000000,100012800,41187,160190416,160237864,741.375,643.547,1.601699143,160191157.375,1.601706555,17190690631244625019,333376,333376,17190690631244625019
96,4,hash,all,3,1,64,10418,150,100000000,100012800,42780,159827527,159875446,748.734,668.438,1.598070717,159828275.734,1.598078203,17190690631244625019,333376,333376,17190690631244625019
96,4,hash,all,4,1,64,10418,150,100000000,100012800,42019,160386966,160435107,752.203,656.547,1.603664391,160387718.203,1.603671912,17190690631244625019,333376,333376,17190690631244625019
96,4,aho_corasick,all,0,1,64,10418,150,100000000,100012800,5824506,215500897,221373833,91764.625,91007.906,2.154733164,215592661.625,2.155650693,17190690631244625019,333376,333376,17190690631244625019
96,4,aho_corasick,all,1,1,64,10418,150,100000000,100012800,5894116,211281874,217225241,92865.109,92095.562,2.112548334,211374739.109,2.113476866,17190690631244625019,333376,333376,17190690631244625019
96,4,aho_corasick,all,2,1,64,10418,150,100000000,100012800,6096215,218818203,224976143,96217.812,95253.359,2.187901979,218914420.812,2.188864034,17190690631244625019,333376,333376,17190690631244625019
96,4,aho_corasick,all,3,1,64,10418,150,100000000,100012800,6401292,216933358,223389534,100877.750,100020.188,2.169055941,217034235.750,2.170064589,17190690631244625019,333376,333376,17190690631244625019
96,4,aho_corasick,all,4,1,64,10418,150,100000000,100012800,6073491,222986051,229109575,95680.062,94898.297,2.229575124,223081731.062,2.230531803,17190690631244625019,333376,333376,17190690631244625019
96,8,hash,all,0,1,32,20834,150,100000000,100003200,48651,170862723,170917415,1709.125,1520.344,1.708572556,170864432.125,1.708589646,10562578193371189328,333344,333344,10562578193371189328
96,8,hash,all,1,1,32,20834,150,100000000,100003200,47419,172493007,172546347,1666.875,1481.844,1.724874874,172494673.875,1.724891542,10562578193371189328,333344,333344,10562578193371189328
96,8,hash,all,2,1,32,20834,150,100000000,100003200,35927,170503863,170545992,1316.531,1122.719,1.704984071,170505179.531,1.704997235,10562578193371189328,333344,333344,10562578193371189328
96,8,hash,all,3,1,32,20834,150,100000000,100003200,44293,175002067,175052782,1584.844,1384.156,1.749964671,175003651.844,1.749980519,10562578193371189328,333344,333344,10562578193371189328
96,8,hash,all,4,1,32,20834,150,100000000,100003200,43421,178579623,178628374,1523.469,1356.906,1.785739086,178581146.469,1.785754321,10562578193371189328,333344,333344,10562578193371189328
96,8,aho_corasick,all,0,1,32,20834,150,100000000,100003200,5791354,214272605,220119974,182730.281,180979.812,2.142657485,214455335.281,2.144484729,10562578193371189328,333344,333344,10562578193371189328
96,8,aho_corasick,all,1,1,32,20834,150,100000000,100003200,5891161,220045045,225978615,185424.062,184098.781,2.200380038,220230469.062,2.202234219,10562578193371189328,333344,333344,10562578193371189328
96,8,aho_corasick,all,2,1,32,20834,150,100000000,100003200,5512694,218689636,224254697,173908.156,172271.688,2.186826382,218863544.156,2.188565407,10562578193371189328,333344,333344,10562578193371189328
96,8,aho_corasick,all,3,1,32,20834,150,100000000,100003200,6461697,217653731,224170300,203642.781,201928.031,2.176467663,217857373.781,2.178504026,10562578193371189328,333344,333344,10562578193371189328
96,8,aho_corasick,all,4,1,32,20834,150,100000000,100003200,5956062,220281645,226290145,187765.625,186126.938,2.202745962,220469410.625,2.204623558,10562578193371189328,333344,333344,10562578193371189328
96,16,hash,all,0,1,16,41668,150,100000000,100003200,49453,173226552,173280213,3353.812,3090.812,1.732210089,173229905.812,1.732243626,6136558686841735411,333344,333344,6136558686841735411
96,16,hash,all,1,1,16,41668,150,100000000,100003200,36268,170527783,170567968,2511.562,2266.750,1.705223263,170530294.562,1.705248378,6136558686841735411,333344,333344,6136558686841735411
96,16,hash,all,2,1,16,41668,150,100000000,100003200,31349,169615024,169650641,2226.062,1959.312,1.696095965,169617250.062,1.696118225,6136558686841735411,333344,333344,6136558686841735411
96,16,hash,all,3,1,16,41668,150,100000000,100003200,32090,173465023,173501401,2273.625,2005.625,1.734594723,173467296.625,1.734617458,6136558686841735411,333344,333344,6136558686841735411
96,16,hash,all,4,1,16,41668,150,100000000,100003200,40446,168237344,168281447,2756.438,2527.875,1.682319606,168240100.438,1.682347169,6136558686841735411,333344,333344,6136558686841735411
96,16,aho_corasick,all,0,1,16,41668,150,100000000,100003200,6254008,230128667,236448918,395015.688,390875.500,2.301213031,230523682.688,2.305163062,6136558686841735411,333344,333344,6136558686841735411
96,16,aho_corasick,all,1,1,16,41668,150,100000000,100003200,5724039,228703838,234464525,360042.938,357752.438,2.286965197,229063880.938,2.290565511,6136558686841735411,333344,333344,6136558686841735411
96,16,aho_corasick,all,2,1,16,41668,150,100000000,100003200,5313112,212688241,218041939,334606.125,332069.500,2.126814352,213022847.125,2.130160306,6136558686841735411,333344,333344,6136558686841735411
96,16,aho_corasick,all,3,1,16,41668,150,100000000,100003200,5655619,219041206,224733283,355754.812,353476.188,2.190341969,219396960.812,2.193899403,6136558686841735411,333344,333344,6136558686841735411
96,16,aho_corasick,all,4,1,16,41668,150,100000000,100003200,5428816,220818930,226285767,341677.312,339301.000,2.208118640,221160607.312,2.211535304,6136558686841735411,333344,333344,6136558686841735411
96,32,hash,all,0,1,8,83334,150,100000000,100000800,45094,173612522,173661103,6072.625,5636.750,1.736111331,173618594.625,1.736172057,8818086923400946670,333336,333336,8818086923400946670
96,32,hash,all,1,1,8,83334,150,100000000,100000800,42439,171528148,171574444,5787.000,5304.875,1.715267758,171533935.000,1.715325627,8818086923400946670,333336,333336,8818086923400946670
96,32,hash,all,2,1,8,83334,150,100000000,100000800,30647,170981504,171015788,4285.500,3830.875,1.709801362,170985789.500,1.709844216,8818086923400946670,333336,333336,8818086923400946670
96,32,hash,all,3,1,8,83334,150,100000000,100000800,31148,171513633,171548809,4397.000,3893.500,1.715122609,171518030.000,1.715166579,8818086923400946670,333336,333336,8818086923400946670
96,32,hash,all,4,1,8,83334,150,100000000,100000800,30537,172109859,172144343,4310.500,3817.125,1.721084821,172114169.500,1.721127926,8818086923400946670,333336,333336,8818086923400946670
96,32,aho_corasick,all,0,1,8,83334,150,100000000,100000800,6356800,223334872,229770288,804427.000,794600.000,2.233330853,224139299.000,2.241375059,8818086923400946670,333336,333336,8818086923400946670
96,32,aho_corasick,all,1,1,8,83334,150,100000000,100000800,6234792,226470141,232752792,785331.375,779349.000,2.264683293,227255472.375,2.272536543,8818086923400946670,333336,333336,8818086923400946670
96,32,aho_corasick,all,2,1,8,83334,150,100000000,100000800,5552639,225957494,231557883,700048.625,694079.875,2.259556864,226657542.625,2.266557294,8818086923400946670,333336,333336,8818086923400946670
96,32,aho_corasick,all,3,1,8,83334,150,100000000,100000800,5848171,221496672,227390739,736758.375,731021.375,2.214949000,222233430.375,2.222316525,8818086923400946670,333336,333336,8818086923400946670
96,32,aho_corasick,all,4,1,8,83334,150,100000000,100000800,5558049,221425249,227045053,702475.500,694756.125,2.214234776,222127724.500,2.221259475,8818086923400946670,333336,333336,8818086923400946670
96,64,hash,all,0,1,4,166668,150,100000000,100000800,36579,175941473,175980687,9803.500,9144.750,1.759400655,175951276.500,1.759498689,8576932657728297501,333336,333336,8576932657728297501
96,64,hash,all,1,1,4,166668,150,100000000,100000800,39744,179865625,179908474,10712.250,9936.000,1.798641861,179876337.250,1.798748983,8576932657728297501,333336,333336,8576932657728297501
96,64,hash,all,2,1,4,166668,150,100000000,100000800,33923,179472655,179509694,9259.750,8480.750,1.794712192,179481914.750,1.794804789,8576932657728297501,333336,333336,8576932657728297501
96,64,hash,all,3,1,4,166668,150,100000000,100000800,28814,184750337,184781906,7892.250,7203.500,1.847488590,184758229.250,1.847567512,8576932657728297501,333336,333336,8576932657728297501
96,64,hash,all,4,1,4,166668,150,100000000,100000800,27761,187260564,187291592,7757.000,6940.250,1.872590659,187268321.000,1.872668229,8576932657728297501,333336,333336,8576932657728297501
96,64,aho_corasick,all,0,1,4,166668,150,100000000,100000800,6078119,237512658,243647634,1533744.000,1519529.750,2.375107579,239046402.000,2.390444896,8576932657728297501,333336,333336,8576932657728297501
96,64,aho_corasick,all,1,1,4,166668,150,100000000,100000800,6227378,236781869,243056716,1568711.750,1556844.500,2.367799748,238350580.750,2.383486740,8576932657728297501,333336,333336,8576932657728297501
96,64,aho_corasick,all,2,1,4,166668,150,100000000,100000800,5691799,238383557,244118096,1433634.750,1422949.750,2.383816499,239817191.750,2.398152732,8576932657728297501,333336,333336,8576932657728297501
96,64,aho_corasick,all,3,1,4,166668,150,100000000,100000800,5571504,240530462,246152381,1405479.750,1392876.000,2.405285378,241935941.750,2.419340063,8576932657728297501,333336,333336,8576932657728297501
96,64,aho_corasick,all,4,1,4,166668,150,100000000,100000800,5646023,235596197,241321328,1431282.750,1411505.750,2.355943122,237027479.750,2.370255835,8576932657728297501,333336,333336,8576932657728297501
96,128,hash,all,0,1,2,333334,150,100000000,100000200,35346,172444171,172481742,18785.500,17673.000,1.724438261,172462956.500,1.724626116,7161391151205488891,333334,333334,7161391151205488891
96,128,hash,all,1,1,2,333334,150,100000000,100000200,37680,173134811,173175387,20288.000,18840.000,1.731344647,173155099.000,1.731547527,7161391151205488891,333334,333334,7161391151205488891
96,128,hash,all,2,1,2,333334,150,100000000,100000200,26740,168310151,168339485,14667.000,13370.000,1.683098144,168324818.000,1.683244814,7161391151205488891,333334,333334,7161391151205488891
96,128,hash,all,3,1,2,333334,150,100000000,100000200,26739,168423608,168452822,14607.000,13369.500,1.684232712,168438215.000,1.684378781,7161391151205488891,333334,333334,7161391151205488891
96,128,hash,all,4,1,2,333334,150,100000000,100000200,27471,169545425,169575411,14993.000,13735.500,1.695450859,169560418.000,1.695600789,7161391151205488891,333334,333334,7161391151205488891
96,128,aho_corasick,all,0,1,2,333334,150,100000000,100000200,6311132,279603759,285970084,3183162.500,3155566.000,2.796031998,282786921.500,2.827863559,7161391151205488891,333334,333334,7161391151205488891
96,128,aho_corasick,all,1,1,2,333334,150,100000000,100000200,6412011,272660864,279137836,3238486.000,3206005.500,2.726603187,275899350.000,2.758987982,7161391151205488891,333334,333334,7161391151205488891
96,128,aho_corasick,all,2,1,2,333334,150,100000000,100000200,5897192,276002470,281963301,2980415.500,2948596.000,2.760019180,278982885.500,2.789823275,7161391151205488891,333334,333334,7161391151205488891
96,128,aho_corasick,all,3,1,2,333334,150,100000000,100000200,5805951,278820999,284695738,2937369.500,2902975.500,2.788204414,281758368.500,2.817578050,7161391151205488891,333334,333334,7161391151205488891
96,128,aho_corasick,all,4,1,2,333334,150,100000000,100000200,5958827,277831889,283857160,3012635.500,2979413.500,2.778313333,280844524.500,2.808439628,7161391151205488891,333334,333334,7161391151205488891
96,256,hash,all,0,1,1,666668,150,100000000,100000200,36779,180261118,180299880,38762.000,36779.000,1.802607575,180299880.000,1.802995194,151769875840925848,333334,333334,151769875840925848
96,256,hash,all,1,1,1,666668,150,100000000,100000200,70031,180901971,180973986,72015.000,70031.000,1.809016092,180973986.000,1.809736241,151769875840925848,333334,333334,151769875840925848
96,256,hash,all,2,1,1,666668,150,100000000,100000200,26690,178792998,178821381,28383.000,26690.000,1.787926404,178821381.000,1.788210234,151769875840925848,333334,333334,151769875840925848
96,256,hash,all,3,1,1,666668,150,100000000,100000200,26570,177810811,177839174,28363.000,26570.000,1.778104554,177839174.000,1.778388183,151769875840925848,333334,333334,151769875840925848
96,256,hash,all,4,1,1,666668,150,100000000,100000200,26560,182687963,182716066,28103.000,26560.000,1.826875976,182716066.000,1.827157006,151769875840925848,333334,333334,151769875840925848
96,256,aho_corasick,all,0,1,1,666668,150,100000000,100000200,6601165,308940126,315589430,6649304.000,6601165.000,3.089395081,315589430.000,3.155887988,151769875840925848,333334,333334,151769875840925848
96,256,aho_corasick,all,1,1,1,666668,150,100000000,100000200,6184658,311444192,317710011,6265819.000,6184658.000,3.114435691,317710011.000,3.177093756,151769875840925848,333334,333334,151769875840925848
96,256,aho_corasick,all,2,1,1,666668,150,100000000,100000200,6206258,316360459,322655984,6295525.000,6206258.000,3.163598263,322655984.000,3.226553387,151769875840925848,333334,333334,151769875840925848
96,256,aho_corasick,all,3,1,1,666668,150,100000000,100000200,6128153,325375508,331510313,6134805.000,6128153.000,3.253748573,331510313.000,3.315096500,151769875840925848,333334,333334,151769875840925848
96,256,aho_corasick,all,4,1,1,666668,150,100000000,100000200,5644430,334382326,340033939,5651613.000,5644430.000,3.343816572,340033939.000,3.400332589,151769875840925848,333334,333334,151769875840925848
96,1000,aho_corasick,all,0,1,1,666668,150,100000000,100000200,31341227,416644913,448082479,31437566.000,31341227.000,4.166440797,448082479.000,4.480815828,975819944019675103,333334,333334,975819944019675103
96,1000,aho_corasick,all,1,1,1,666668,150,100000000,100000200,28096177,451093016,479195945,28102929.000,28096177.000,4.510921138,479195945.000,4.791949866,975819944019675103,333334,333334,975819944019675103
96,1000,aho_corasick,all,2,1,1,666668,150,100000000,100000200,26682199,422667674,449364581,26696907.000,26682199.000,4.226668287,449364581.000,4.493636823,975819944019675103,333334,333334,975819944019675103
96,1000,aho_corasick,all,3,1,1,666668,150,100000000,100000200,25715306,422628916,448354131,25725215.000,25715306.000,4.226280707,448354131.000,4.483532343,975819944019675103,333334,333334,975819944019675103
96,1000,aho_corasick,all,4,1,1,666668,150,100000000,100000200,27789495,430678459,458478183,27799724.000,27789495.000,4.306775976,458478183.000,4.584772660,975819944019675103,333334,333334,975819944019675103
96,1000,hash,all,0,1,1,666668,150,100000000,100000200,128199,172528166,172659691,131525.000,128199.000,1.725278209,172659691.000,1.726593457,975819944019675103,333334,333334,975819944019675103
96,1000,hash,all,1,1,1,666668,150,100000000,100000200,139671,172455804,172599072,143268.000,139671.000,1.724554591,172599072.000,1.725987268,975819944019675103,333334,333334,975819944019675103
96,1000,hash,all,2,1,1,666668,150,100000000,100000200,122318,176916937,177042771,125834.000,122318.000,1.769165832,177042771.000,1.770424169,975819944019675103,333334,333334,975819944019675103
96,1000,hash,all,3,1,1,666668,150,100000000,100000200,102952,178922074,179028654,106580.000,102952.000,1.789217162,179028654.000,1.790282959,975819944019675103,333334,333334,975819944019675103
96,1000,hash,all,4,1,1,666668,150,100000000,100000200,110497,179365891,179479624,113733.000,110497.000,1.793655323,179479624.000,1.794792650,975819944019675103,333334,333334,975819944019675103
96,10000,hash,all,0,1,1,666668,150,100000000,100000200,1266012,199233698,200566945,1333247.000,1266012.000,1.992332995,200566945.000,2.005665439,16991304032160502677,333334,333334,16991304032160502677
96,10000,hash,all,1,1,1,666668,150,100000000,100000200,1237719,203416542,204668367,1251825.000,1237719.000,2.034161352,204668367.000,2.046679577,16991304032160502677,333334,333334,16991304032160502677
96,10000,hash,all,2,1,1,666668,150,100000000,100000200,994575,203643806,204652026,1008220.000,994575.000,2.036433987,204652026.000,2.046516167,16991304032160502677,333334,333334,16991304032160502677
96,10000,hash,all,3,1,1,666668,150,100000000,100000200,987692,207651112,208653050,1001938.000,987692.000,2.076506967,208653050.000,2.086526327,16991304032160502677,333334,333334,16991304032160502677
96,10000,hash,all,4,1,1,666668,150,100000000,100000200,999104,202531482,203544462,1012980.000,999104.000,2.025310769,203544462.000,2.035440549,16991304032160502677,333334,333334,16991304032160502677
96,10000,aho_corasick,all,0,1,1,666668,150,100000000,100000200,408351876,1292582814,1701435034,408852220.000,408351876.000,12.925802288,1701435034.000,17.014316311,16991304032160502677,333334,333334,16991304032160502677
96,10000,aho_corasick,all,1,1,1,666668,150,100000000,100000200,369742830,1220005783,1590012565,370006782.000,369742830.000,12.200033430,1590012565.000,15.900093850,16991304032160502677,333334,333334,16991304032160502677
96,10000,aho_corasick,all,2,1,1,666668,150,100000000,100000200,355328800,1198161679,1553717523,355555844.000,355328800.000,11.981592827,1553717523.000,15.537144156,16991304032160502677,333334,333334,16991304032160502677
96,10000,aho_corasick,all,3,1,1,666668,150,100000000,100000200,354317705,1192449370,1547006021,354556651.000,354317705.000,11.924469851,1547006021.000,15.470029270,16991304032160502677,333334,333334,16991304032160502677
96,10000,aho_corasick,all,4,1,1,666668,150,100000000,100000200,357946811,1226024817,1584210323,358185506.000,357946811.000,12.260223650,1584210323.000,15.842071546,16991304032160502677,333334,333334,16991304032160502677
96,100000,hash,all,0,1,1,666668,150,100000000,100000200,14944949,315642288,330815242,15172954.000,14944949.000,3.156416567,330815242.000,3.308145804,4633195414599646131,333334,333334,4633195414599646131
96,100000,hash,all,1,1,1,666668,150,100000000,100000200,12178661,351862085,364165509,12303424.000,12178661.000,3.518613813,364165509.000,3.641647807,4633195414599646131,333334,333334,4633195414599646131
96,100000,hash,all,2,1,1,666668,150,100000000,100000200,11056910,345561982,356763181,11201199.000,11056910.000,3.455612909,356763181.000,3.567624675,4633195414599646131,333334,333334,4633195414599646131
96,100000,hash,all,3,1,1,666668,150,100000000,100000200,10383301,343580648,354180402,10599754.000,10383301.000,3.435799608,354180402.000,3.541796936,4633195414599646131,333334,333334,4633195414599646131
96,100000,hash,all,4,1,1,666668,150,100000000,100000200,11228899,378604884,389956592,11351708.000,11228899.000,3.786041268,389956592.000,3.899558121,4633195414599646131,333334,333334,4633195414599646131
96,1000000,hash,all,0,1,1,666668,150,100000000,100000200,151071049,418831888,573092778,154260890.000,151071049.000,4.188310503,573092778.000,5.730916318,6668790455030810332,333334,333334,6668790455030810332
96,1000000,hash,all,1,1,1,666668,150,100000000,100000200,152135510,417353563,574627381,157273818.000,152135510.000,4.173527283,574627381.000,5.746262317,6668790455030810332,333334,333334,6668790455030810332
96,1000000,hash,all,2,1,1,666668,150,100000000,100000200,201004790,491195672,695308129,204112457.000,201004790.000,4.911946896,695308129.000,6.953067384,6668790455030810332,333334,333334,6668790455030810332
96,1000000,hash,all,3,1,1,666668,150,100000000,100000200,173547289,843351281,1023944396,180593115.000,173547289.000,8.433495943,1023944396.000,10.239423481,6668790455030810332,333334,333334,6668790455030810332
96,1000000,hash,all,4,1,1,666668,150,100000000,100000200,246655699,464521027,714758589,250237562.000,246655699.000,4.645200980,714758589.000,7.147571595,6668790455030810332,333334,333334,6668790455030810332
128,1,hash,first,0,1,64,10418,150,100000000,100012800,43711,119780151,119828211,750.938,682.984,1.197648211,119780901.938,1.197655719,10100110153867304471,333376,333376,10100110153867304471
128,1,hash,first,1,1,64,10418,150,100000000,100012800,38492,118975079,119018450,677.672,601.438,1.189598521,118975756.672,1.189605297,10100110153867304471,333376,333376,10100110153867304471
128,1,hash,first,2,1,64,10418,150,100000000,100012800,24526,119247608,119276181,446.453,383.219,1.192323463,119248054.453,1.192327927,10100110153867304471,333376,333376,10100110153867304471
128,1,hash,first,3,1,64,10418,150,100000000,100012800,24215,119817738,119846271,445.828,378.359,1.198024033,119818183.828,1.198028491,10100110153867304471,333376,333376,10100110153867304471
128,1,hash,first,4,1,64,10418,150,100000000,100012800,27371,127303112,127338999,560.734,427.672,1.272868193,127303672.734,1.272873799,10100110153867304471,333376,333376,10100110153867304471
128,1,aho_corasick,first,0,1,64,10418,150,100000000,100012800,2488542,41251807,43798418,39790.797,38883.469,0.412465274,41291597.797,0.412863131,10100110153867304471,333376,333376,10100110153867304471
128,1,aho_corasick,first,1,1,64,10418,150,100000000,100012800,2289011,41587386,43935688,36692.219,35765.797,0.415820635,41624078.219,0.416187510,10100110153867304471,333376,333376,10100110153867304471
128,1,aho_corasick,first,2,1,64,10418,150,100000000,100012800,2182772,41481116,43729020,35123.500,34105.812,0.414758071,41516239.500,0.415109261,10100110153867304471,333376,333376,10100110153867304471
128,1,aho_corasick,first,3,1,64,10418,150,100000000,100012800,2759489,40052070,42872522,44069.562,43117.016,0.400469440,40096139.562,0.400910079,10100110153867304471,333376,333376,10100110153867304471
128,1,aho_corasick,first,4,1,64,10418,150,100000000,100012800,2361225,41346938,43762314,37740.250,36894.141,0.413416463,41384678.250,0.413793817,10100110153867304471,333376,333376,10100110153867304471
128,2,hash,first,0,1,64,10418,150,100000000,100012800,51426,124248439,124306517,907.469,803.531,1.242325372,124249346.469,1.242334446,10100110153867304471,333376,333376,10100110153867304471
128,2,hash,first,1,1,64,10418,150,100000000,100012800,42750,121112659,121159727,735.438,667.969,1.210971586,121113394.438,1.210978939,10100110153867304471,333376,333376,10100110153867304471
128,2,hash,first,2,1,64,10418,150,100000000,100012800,31609,121868715,121905013,567.156,493.891,1.218531178,121869282.156,1.218536849,10100110153867304471,333376,333376,10100110153867304471
128,2,hash,first,3,1,64,10418,150,100000000,100012800,33382,126779411,126816490,579.359,521.594,1.267631853,126779990.359,1.267637646,10100110153867304471,333376,333376,10100110153867304471
128,2,hash,first,4,1,64,10418,150,100000000,100012800,32621,126489579,126526197,572.156,509.703,1.264733904,126490151.156,1.264739625,10100110153867304471,333376,333376,10100110153867304471
128,2,aho_corasick,first,0,1,64,10418,150,100000000,100012800,4652451,410206559,414909505,73483.531,72694.547,4.101540593,410280042.531,4.102275334,10100110153867304471,333376,333376,10100110153867304471
128,2,aho_corasick,first,1,1,64,10418,150,100000000,100012800,4391727,419630501,424094232,69745.797,68620.734,4.195767952,419700246.797,4.196465320,10100110153867304471,333376,333376,10100110153867304471
128,2,aho_corasick,first,2,1,64,10418,150,100000000,100012800,4023464,409603795,413676902,63642.297,62866.625,4.095513724,409667437.297,4.096150066,10100110153867304471,333376,333376,10100110153867304471
128,2,aho_corasick,first,3,1,64,10418,150,100000000,100012800,3823393,399572874,403444166,60488.938,59740.516,3.995217352,399633362.938,3.995822164,10100110153867304471,333376,333376,10100110153867304471
128,2,aho_corasick,first,4,1,64,10418,150,100000000,100012800,3875620,401520134,405447460,61364.469,60556.562,4.014687460,401581498.469,4.015301026,10100110153867304471,333376,333376,10100110153867304471
128,4,aho_corasick,first,0,1,64,10418,150,100000000,100012800,8978272,191129799,200177039,141363.125,140285.500,1.911053375,191271162.125,1.912466825,10100110153867304471,333376,333376,10100110153867304471
128,4,aho_corasick,first,1,1,64,10418,150,100000000,100012800,7867007,190879151,198810167,123922.125,122921.984,1.908547216,191003073.125,1.909786279,10100110153867304471,333376,333376,10100110153867304471
128,4,aho_corasick,first,2,1,64,10418,150,100000000,100012800,7608965,190424438,198097823,119896.641,118890.078,1.904000668,190544334.641,1.905199481,10100110153867304471,333376,333376,10100110153867304471
128,4,aho_corasick,first,3,1,64,10418,150,100000000,100012800,7481717,198034413,205577936,117867.547,116901.828,1.980090678,198152280.547,1.981269203,10100110153867304471,333376,333376,10100110153867304471
128,4,aho_corasick,first,4,1,64,10418,150,100000000,100012800,8096745,190943894,199098558,127416.625,126511.641,1.909194563,191071310.625,1.910468566,10100110153867304471,333376,333376,10100110153867304471
128,4,hash,first,0,1,64,10418,150,100000000,100012800,64962,126937886,127023336,1335.156,1015.031,1.269216400,126939221.156,1.269229750,10100110153867304471,333376,333376,10100110153867304471
128,4,hash,first,1,1,64,10418,150,100000000,100012800,55734,126136147,126197802,963.359,870.844,1.261200036,126137110.359,1.261209669,10100110153867304471,333376,333376,10100110153867304471
128,4,hash,first,2,1,64,10418,150,100000000,100012800,49312,126705050,126762207,893.078,770.500,1.266888338,126705943.078,1.266897268,10100110153867304471,333376,333376,10100110153867304471
128,4,hash,first,3,1,64,10418,150,100000000,100012800,51456,129038366,129097416,922.656,804.000,1.290218512,129039288.656,1.290227737,10100110153867304471,333376,333376,10100110153867304471
128,4,hash,first,4,1,64,10418,150,100000000,100012800,59561,126474230,126540703,1038.641,930.641,1.264580434,126475268.641,1.264590819,10100110153867304471,333376,333376,10100110153867304471
128,8,hash,first,0,1,32,20834,150,100000000,100003200,57788,131456778,131520086,1978.375,1805.875,1.314525715,131458756.375,1.314545498,10007957261559824023,333344,333344,10007957261559824023
128,8,hash,first,1,1,32,20834,150,100000000,100003200,53009,129812929,129885244,2259.844,1656.531,1.298087751,129815188.844,1.298110349,10007957261559824023,333344,333344,10007957261559824023
128,8,hash,first,2,1,32,20834,150,100000000,100003200,43351,131502982,131551472,1515.312,1354.719,1.314987740,131504497.312,1.315002893,10007957261559824023,333344,333344,10007957261559824023
128,8,hash,first,3,1,32,20834,150,100000000,100003200,43421,130988201,131036732,1516.594,1356.906,1.309840095,130989717.594,1.309855261,10007957261559824023,333344,333344,10007957261559824023
128,8,hash,first,4,1,32,20834,150,100000000,100003200,43972,134915668,134965572,1559.500,1374.125,1.349113508,134917227.500,1.349129103,10007957261559824023,333344,333344,10007957261559824023
128,8,aho_corasick,first,0,1,32,20834,150,100000000,100003200,8104009,189030745,197180650,254684.531,253250.281,1.890246962,189285429.531,1.892793726,10007957261559824023,333344,333344,10007957261559824023
128,8,aho_corasick,first,1,1,32,20834,150,100000000,100003200,7986452,197331017,205365117,251065.625,249576.625,1.973247026,197582082.625,1.975757602,10007957261559824023,333344,333344,10007957261559824023
128,8,aho_corasick,first,2,1,32,20834,150,100000000,100003200,7298456,195994145,203340421,229571.125,228076.750,1.959878734,196223716.125,1.962174372,10007957261559824023,333344,333344,10007957261559824023
128,8,aho_corasick,first,3,1,32,20834,150,100000000,100003200,7731053,197101963,204890714,243398.469,241595.406,1.970956559,197345361.469,1.973390466,10007957261559824023,333344,333344,10007957261559824023
128,8,aho_corasick,first,4,1,32,20834,150,100000000,100003200,7559173,197270485,204876025,237673.125,236224.156,1.972641725,197508158.125,1.975018381,10007957261559824023,333344,333344,10007957261559824023
128,16,hash,first,0,1,16,41668,150,100000000,100003200,57477,129007306,129068810,3844.000,3592.312,1.290031779,129011150.000,1.290070218,8485451749250642310,333344,333344,8485451749250642310
128,16,hash,first,1,1,16,41668,150,100000000,100003200,44763,128353636,128402167,3033.188,2797.688,1.283495288,128356669.188,1.283525619,8485451749250642310,333344,333344,8485451749250642310
128,16,hash,first,2,1,16,41668,150,100000000,100003200,39153,127954352,127997482,2695.625,2447.062,1.279502576,127957047.625,1.279529531,8485451749250642310,333344,333344,8485451749250642310
128,16,hash,first,3,1,16,41668,150,100000000,100003200,40375,131180119,131225224,2819.062,2523.438,1.311759214,131182938.062,1.311787403,8485451749250642310,333344,333344,8485451749250642310
128,16,hash,first,4,1,16,41668,150,100000000,100003200,54361,135220317,135293934,4601.062,3397.562,1.352159901,135224918.062,1.352205910,8485451749250642310,333344,333344,8485451749250642310
128,16,aho_corasick,first,0,1,16,41668,150,100000000,100003200,8468097,199451939,207950793,531178.375,529256.062,1.994455567,199983117.375,1.999767181,8485451749250642310,333344,333344,8485451749250642310
128,16,aho_corasick,first,1,1,16,41668,150,100000000,100003200,7302240,196770519,204129344,459926.562,456390.000,1.967642225,197230445.562,1.972241344,8485451749250642310,333344,333344,8485451749250642310
128,16,aho_corasick,first,2,1,16,41668,150,100000000,100003200,8272543,196072140,204390820,519917.500,517033.938,1.960658659,196592057.500,1.965857668,8485451749250642310,333344,333344,8485451749250642310
128,16,aho_corasick,first,3,1,16,41668,150,100000000,100003200,7496105,193045475,200592675,471700.000,468506.562,1.930392977,193517175.000,1.935109826,8485451749250642310,333344,333344,8485451749250642310
128,16,aho_corasick,first,4,1,16,41668,150,100000000,100003200,9093724,197347221,206499695,572029.625,568357.750,1.973409061,197919250.625,1.979129174,8485451749250642310,333344,333344,8485451749250642310
128,32,aho_corasick,first,0,1,8,83334,150,100000000,100000800,8229851,195411027,203753849,1042852.750,1028731.375,1.954094637,196453879.750,1.964523081,14545882975625201301,333336,333336,14545882975625201301
128,32,aho_corasick,first,1,1,8,83334,150,100000000,100000800,8175454,199279022,207476177,1024644.375,1021931.750,1.992774278,200303666.375,2.003020640,14545882975625201301,333336,333336,14545882975625201301
128,32,aho_corasick,first,2,1,8,83334,150,100000000,100000800,7949760,197720808,205709240,998554.000,993720.000,1.977192262,198719362.000,1.987177723,14545882975625201301,333336,333336,14545882975625201301
128,32,aho_corasick,first,3,1,8,83334,150,100000000,100000800,8477363,199351973,207873679,1065213.250,1059670.375,1.993503782,200417186.250,2.004155829,14545882975625201301,333336,333336,14545882975625201301
128,32,aho_corasick,first,4,1,8,83334,150,100000000,100000800,7382212,196819095,204249828,928841.625,922776.500,1.968175205,197747936.625,1.977463547,14545882975625201301,333336,333336,14545882975625201301
128,32,hash,first,0,1,8,83334,150,100000000,100000800,50184,126365577,126419528,6743.875,6273.000,1.263645661,126372320.875,1.263713099,14545882975625201301,333336,333336,14545882975625201301
128,32,hash,first,1,1,8,83334,150,100000000,100000800,61465,130250393,130315304,8113.875,7683.125,1.302493510,130258506.875,1.302574648,14545882975625201301,333336,333336,14545882975625201301
128,32,hash,first,2,1,8,83334,150,100000000,100000800,38541,130286073,130328973,5362.500,4817.625,1.302850307,130291435.500,1.302903932,14545882975625201301,333336,333336,14545882975625201301
128,32,hash,first,3,1,8,83334,150,100000000,100000800,44393,134901510,134950101,6073.875,5549.125,1.349004308,134907583.875,1.349065046,14545882975625201301,333336,333336,14545882975625201301
128,32,hash,first,4,1,8,83334,150,100000000,100000800,39564,131145054,131188365,5413.875,4945.500,1.311440048,131150467.875,1.311494187,14545882975625201301,333336,333336,14545882975625201301
128,64,hash,first,0,1,4,166668,150,100000000,100000800,48751,129658290,129710287,12999.250,12187.750,1.296572527,129671289.250,1.296702519,7920970377318854716,333336,333336,7920970377318854716
128,64,hash,first,1,1,4,166668,150,100000000,100000800,42229,128033808,128078571,11190.750,10557.250,1.280327837,128044998.750,1.280439744,7920970377318854716,333336,333336,7920970377318854716
128,64,hash,first,2,1,4,166668,150,100000000,100000800,37410,128567535,128607590,10013.750,9352.500,1.285665065,128577548.750,1.285765201,7920970377318854716,333336,333336,7920970377318854716
128,64,hash,first,3,1,4,166668,150,100000000,100000800,35997,133299574,133338156,9645.500,8999.250,1.332985076,133309219.500,1.333081530,7920970377318854716,333336,333336,7920970377318854716
128,64,hash,first,4,1,4,166668,150,100000000,100000800,36288,133004072,133043145,9768.250,9072.000,1.330030080,133013840.250,1.330127761,7920970377318854716,333336,333336,7920970377318854716
128,64,aho_corasick,first,0,1,4,166668,150,100000000,100000800,9015415,211975894,221062241,2271586.750,2253853.750,2.119741982,214247480.750,2.142457668,7920970377318854716,333336,333336,7920970377318854716
128,64,aho_corasick,first,1,1,4,166668,150,100000000,100000800,7837812,209816693,217718405,1975428.000,1959453.000,2.098150145,211792121.000,2.117904267,7920970377318854716,333336,333336,7920970377318854716
128,64,aho_corasick,first,2,1,4,166668,150,100000000,100000800,8398238,212503112,220952796,2112421.000,2099559.500,2.125014120,214615533.000,2.146138161,7920970377318854716,333336,333336,7920970377318854716
128,64,aho_corasick,first,3,1,4,166668,150,100000000,100000800,8670978,214143665,222872210,2182136.250,2167744.500,2.141419519,216325801.250,2.163240707,7920970377318854716,333336,333336,7920970377318854716
128,64,aho_corasick,first,4,1,4,166668,150,100000000,100000800,7818827,216157421,224032703,1968820.500,1954706.750,2.161556918,218126241.500,2.181244965,7920970377318854716,333336,333336,7920970377318854716
128,128,aho_corasick,first,0,1,2,333334,150,100000000,100000200,8687037,246122676,254878931,4378127.500,4343518.500,2.461221838,250500803.500,2.505003025,17355991267112343030,333334,333334,17355991267112343030
128,128,aho_corasick,first,1,1,2,333334,150,100000000,100000200,8057042,253858437,261989487,4065525.000,4028521.000,2.538579293,257923962.000,2.579234462,17355991267112343030,333334,333334,17355991267112343030
128,128,aho_corasick,first,2,1,2,333334,150,100000000,100000200,7844675,256147378,264061482,3957052.000,3922337.500,2.561468657,260104430.000,2.601039098,17355991267112343030,333334,333334,17355991267112343030
128,128,aho_corasick,first,3,1,2,333334,150,100000000,100000200,9067597,259003664,268141472,4568904.000,4533798.500,2.590031460,263572568.000,2.635720409,17355991267112343030,333334,333334,17355991267112343030
128,128,aho_corasick,first,4,1,2,333334,150,100000000,100000200,8165564,253337754,261575412,4118829.000,4082782.000,2.533372473,257456583.000,2.574560681,17355991267112343030,333334,333334,17355991267112343030
128,128,hash,first,0,1,2,333334,150,100000000,100000200,45154,129813379,129860688,23654.500,22577.000,1.298131194,129837033.500,1.298367738,17355991267112343030,333334,333334,17355991267112343030
128,128,hash,first,1,1,2,333334,150,100000000,100000200,49572,129211898,129264004,26053.000,24786.000,1.292116396,129237951.000,1.292376925,17355991267112343030,333334,333334,17355991267112343030
128,128,hash,first,2,1,2,333334,150,100000000,100000200,35757,129052670,129090591,18960.500,17878.500,1.290524119,129071630.500,1.290713724,17355991267112343030,333334,333334,17355991267112343030
128,128,hash,first,3,1,2,333334,150,100000000,100000200,45665,132711979,132759908,23964.500,22832.500,1.327117136,132735943.500,1.327356780,17355991267112343030,333334,333334,17355991267112343030
128,128,hash,first,4,1,2,333334,150,100000000,100000200,36308,130745777,130784509,19366.000,18154.000,1.307455155,130765143.000,1.307648815,17355991267112343030,333334,333334,17355991267112343030
128,256,aho_corasick,first,0,1,1,666668,150,100000000,100000200,8697306,289814296,298595047,8780751.000,8697306.000,2.898137164,298595047.000,2.985944498,10878890858135063043,333334,333334,10878890858135063043
128,256,aho_corasick,first,1,1,1,666668,150,100000000,100000200,8710601,288863039,297577587,8714548.000,8710601.000,2.888624613,297577587.000,2.975769918,10878890858135063043,333334,333334,10878890858135063043
128,256,aho_corasick,first,2,1,1,666668,150,100000000,100000200,8233901,289604755,297842624,8237869.000,8233901.000,2.896041758,297842624.000,2.978420283,10878890858135063043,333334,333334,10878890858135063043
128,256,aho_corasick,first,3,1,1,666668,150,100000000,100000200,7846128,286226734,294079133,7852399.000,7846128.000,2.862261615,294079133.000,2.940785448,10878890858135063043,333334,333334,10878890858135063043
128,256,aho_corasick,first,4,1,1,666668,150,100000000,100000200,8409588,286423712,294839452,8415740.000,8409588.000,2.864231392,294839452.000,2.948388623,10878890858135063043,333334,333334,10878890858135063043
128,256,hash,first,0,1,1,666668,150,100000000,100000200,45234,131873083,131920070,46987.000,45234.000,1.318728193,131920070.000,1.319198062,10878890858135063043,333334,333334,10878890858135063043
128,256,hash,first,1,1,1,666668,150,100000000,100000200,51385,129557011,129610121,53110.000,51385.000,1.295567519,129610121.000,1.296098618,10878890858135063043,333334,333334,10878890858135063043
128,256,hash,first,2,1,1,666668,150,100000000,100000200,34925,130441239,130478027,36788.000,34925.000,1.304409781,130478027.000,1.304777660,10878890858135063043,333334,333334,10878890858135063043
128,256,hash,first,3,1,1,666668,150,100000000,100000200,35105,133075434,133113043,37609.000,35105.000,1.330751678,133113043.000,1.331127768,10878890858135063043,333334,333334,10878890858135063043
128,256,hash,first,4,1,1,666668,150,100000000,100000200,35426,131940278,131977477,37199.000,35426.000,1.319400141,131977477.000,1.319772130,10878890858135063043,333334,333334,10878890858135063043
128,1000,aho_corasick,first,0,1,1,666668,150,100000000,100000200,44343879,395727935,440170037,44442102.000,44343879.000,3.957271435,440170037.000,4.401691567,10878890858135063043,333334,333334,10878890858135063043
128,1000,aho_corasick,first,1,1,1,666668,150,100000000,100000200,40403552,434048931,474464375,40415444.000,40403552.000,4.340480629,474464375.000,4.744634261,10878890858135063043,333334,333334,10878890858135063043
128,1000,aho_corasick,first,2,1,1,666668,150,100000000,100000200,39414469,429049703,468475884,39426181.000,39414469.000,4.290488449,468475884.000,4.684749471,10878890858135063043,333334,333334,10878890858135063043
128,1000,aho_corasick,first,3,1,1,666668,150,100000000,100000200,35756857,386257220,422024587,35767367.000,35756857.000,3.862564475,422024587.000,4.220237430,10878890858135063043,333334,333334,10878890858135063043
128,1000,aho_corasick,first,4,1,1,666668,150,100000000,100000200,35849171,388534054,424393815,35859761.000,35849171.000,3.885332769,424393815.000,4.243929662,10878890858135063043,333334,333334,10878890858135063043
128,1000,hash,first,0,1,1,666668,150,100000000,100000200,166321,136592939,136762306,169367.000,166321.000,1.365926658,136762306.000,1.367620325,10878890858135063043,333334,333334,10878890858135063043
128,1000,hash,first,1,1,1,666668,150,100000000,100000200,150210,139361343,139521211,159868.000,150210.000,1.393610643,139521211.000,1.395209320,10878890858135063043,333334,333334,10878890858135063043
128,1000,hash,first,2,1,1,666668,150,100000000,100000200,140432,140915269,141058907,143638.000,140432.000,1.409149872,141058907.000,1.410586249,10878890858135063043,333334,333334,10878890858135063043
128,1000,hash,first,3,1,1,666668,150,100000000,100000200,135082,141108841,141247119,138278.000,135082.000,1.411085588,141247119.000,1.412468365,10878890858135063043,333334,333334,10878890858135063043
128,1000,hash,first,4,1,1,666668,150,100000000,100000200,132177,143923845,144058997,135152.000,132177.000,1.439235572,144058997.000,1.440587089,10878890858135063043,333334,333334,10878890858135063043
128,10000,aho_corasick,first,0,1,1,666668,150,100000000,100000200,589454100,1100372988,1690017463,589644475.000,589454100.000,11.003707873,1690017463.000,16.900140830,10878890858135063043,333334,333334,10878890858135063043
128,10000,aho_corasick,first,1,1,1,666668,150,100000000,100000200,533301296,1072418710,1606376741,533958031.000,533301296.000,10.724165652,1606376741.000,16.063735283,10878890858135063043,333334,333334,10878890858135063043
128,10000,aho_corasick,first,2,1,1,666668,150,100000000,100000200,501213001,1088891023,1590306912,501415889.000,501213001.000,10.888888452,1590306912.000,15.903037314,10878890858135063043,333334,333334,10878890858135063043
128,10000,aho_corasick,first,3,1,1,666668,150,100000000,100000200,496211400,1101218578,1597756668,496538090.000,496211400.000,11.012163756,1597756668.000,15.977534725,10878890858135063043,333334,333334,10878890858135063043
128,10000,aho_corasick,first,4,1,1,666668,150,100000000,100000200,559769225,1096516172,1656919551,560403379.000,559769225.000,10.965139790,1656919551.000,16.569162372,10878890858135063043,333334,333334,10878890858135063043
128,10000,hash,first,0,1,1,666668,150,100000000,100000200,1759252,146363454,148196113,1832659.000,1759252.000,1.463631613,148196113.000,1.481958166,10878890858135063043,333334,333334,10878890858135063043
128,10000,hash,first,1,1,1,666668,150,100000000,100000200,2303307,145718853,148035806,2316953.000,2303307.000,1.457185616,148035806.000,1.480355099,10878890858135063043,333334,333334,10878890858135063043
128,10000,hash,first,2,1,1,666668,150,100000000,100000200,1303451,143417059,144734866,1317807.000,1303451.000,1.434167722,144734866.000,1.447345765,10878890858135063043,333334,333334,10878890858135063043
128,10000,hash,first,3,1,1,666668,150,100000000,100000200,1415610,145768801,147199871,1431070.000,1415610.000,1.457685095,147199871.000,1.471995766,10878890858135063043,333334,333334,10878890858135063043
128,10000,hash,first,4,1,1,666668,150,100000000,100000200,1335742,145658190,147008269,1350079.000,1335742.000,1.456578987,147008269.000,1.470079750,10878890858135063043,333334,333334,10878890858135063043
128,100000,hash,first,0,1,1,666668,150,100000000,100000200,26552367,195556358,222391852,26835494.000,26552367.000,1.955559669,222391852.000,2.223914072,10878890858135063043,333334,333334,10878890858135063043
128,100000,hash,first,1,1,1,666668,150,100000000,100000200,17558319,201432308,219149112,17716804.000,17558319.000,2.014319051,219149112.000,2.191486737,10878890858135063043,333334,333334,10878890858135063043
128,100000,hash,first,2,1,1,666668,150,100000000,100000200,15051781,210408137,225612233,15204096.000,15051781.000,2.104077162,225612233.000,2.256117818,10878890858135063043,333334,333334,10878890858135063043
128,100000,hash,first,3,1,1,666668,150,100000000,100000200,14879761,240843614,255911115,15067501.000,14879761.000,2.408431323,255911115.000,2.559106032,10878890858135063043,333334,333334,10878890858135063043
128,100000,hash,first,4,1,1,666668,150,100000000,100000200,15334460,253663932,269170474,15506542.000,15334460.000,2.536634247,269170474.000,2.691699357,10878890858135063043,333334,333334,10878890858135063043
128,1000000,hash,first,0,1,1,666668,150,100000000,100000200,333418160,350922339,688853047,337930708.000,333418160.000,3.509216372,688853047.000,6.888516693,10878890858135063043,333334,333334,10878890858135063043
128,1000000,hash,first,1,1,1,666668,150,100000000,100000200,256124235,300699471,561195472,260496001.000,256124235.000,3.006988696,561195472.000,5.611943496,10878890858135063043,333334,333334,10878890858135063043
128,1000000,hash,first,2,1,1,666668,150,100000000,100000200,221678872,443626626,669315339,225688713.000,221678872.000,4.436257387,669315339.000,6.693140004,10878890858135063043,333334,333334,10878890858135063043
128,1000000,hash,first,3,1,1,666668,150,100000000,100000200,275887095,379540399,659330225,279789826.000,275887095.000,3.795396399,659330225.000,6.593289063,10878890858135063043,333334,333334,10878890858135063043
128,1000000,hash,first,4,1,1,666668,150,100000000,100000200,241070981,302696517,547665460,244968943.000,241070981.000,3.026959116,547665460.000,5.476643647,10878890858135063043,333334,333334,10878890858135063043
128,1,aho_corasick,all,0,1,64,10418,150,100000000,100012800,2321541,136370920,138755077,37252.453,36274.078,1.363534668,136408172.453,1.363907144,1311680398366271022,333376,333376,1311680398366271022
128,1,aho_corasick,all,1,1,64,10418,150,100000000,100012800,2769627,134272290,137097942,44150.812,43275.422,1.342551053,134316440.812,1.342992505,1311680398366271022,333376,333376,1311680398366271022
128,1,aho_corasick,all,2,1,64,10418,150,100000000,100012800,2270896,138395501,140725247,36402.281,35482.750,1.383777886,138431903.281,1.384141863,1311680398366271022,333376,333376,1311680398366271022
128,1,aho_corasick,all,3,1,64,10418,150,100000000,100012800,2501978,136395387,138962326,40108.422,39093.406,1.363779306,136435495.422,1.364180339,1311680398366271022,333376,333376,1311680398366271022
128,1,aho_corasick,all,4,1,64,10418,150,100000000,100012800,2950747,138476901,141497368,47194.797,46105.422,1.384591782,138524095.797,1.385063670,1311680398366271022,333376,333376,1311680398366271022
128,1,hash,all,0,1,64,10418,150,100000000,100012800,33653,130427592,130466174,602.844,525.828,1.304108994,130428194.844,1.304115022,1311680398366271022,333376,333376,1311680398366271022
128,1,hash,all,1,1,64,10418,150,100000000,100012800,36157,129261600,129302326,636.344,564.953,1.292450566,129262236.344,1.292456929,1311680398366271022,333376,333376,1311680398366271022
128,1,hash,all,2,1,64,10418,150,100000000,100012800,25507,128951382,128981758,474.625,398.547,1.289348783,128951856.625,1.289353529,1311680398366271022,333376,333376,1311680398366271022
128,1,hash,all,3,1,64,10418,150,100000000,100012800,25037,131496611,131526077,460.406,391.203,1.314797816,131497071.406,1.314802419,1311680398366271022,333376,333376,1311680398366271022
128,1,hash,all,4,1,64,10418,150,100000000,100012800,24736,130814205,130843519,458.031,386.500,1.307974629,130814663.031,1.307979209,1311680398366271022,333376,333376,1311680398366271022
128,2,aho_corasick,all,0,1,64,10418,150,100000000,100012800,4037853,450988864,455077782,63889.344,63091.453,4.509311448,451052753.344,4.509950260,8174835271072139314,333376,333376,8174835271072139314
128,2,aho_corasick,all,1,1,64,10418,150,100000000,100012800,3982070,455110471,459144357,63029.469,62219.844,4.550522243,455173500.469,4.551152457,8174835271072139314,333376,333376,8174835271072139314
128,2,aho_corasick,all,2,1,64,10418,150,100000000,100012800,4004420,466217789,470279887,63470.281,62569.062,4.661581208,466281259.281,4.662215829,8174835271072139314,333376,333376,8174835271072139314
128,2,aho_corasick,all,3,1,64,10418,150,100000000,100012800,3858197,460883629,464789507,61029.344,60284.328,4.608246434,460944658.344,4.608856650,8174835271072139314,333376,333376,8174835271072139314
128,2,aho_corasick,all,4,1,64,10418,150,100000000,100012800,3743133,449689738,453483505,59277.609,58486.453,4.496321851,449749015.609,4.496914551,8174835271072139314,333376,333376,8174835271072139314
128,2,hash,all,0,1,64,10418,150,100000000,100012800,39684,131756725,131801279,696.156,620.062,1.317398623,131757421.156,1.317405584,8174835271072139314,333376,333376,8174835271072139314
128,2,hash,all,1,1,64,10418,150,100000000,100012800,37780,132137485,132179965,663.750,590.312,1.321205736,132138148.750,1.321212372,8174835271072139314,333376,333376,8174835271072139314
128,2,hash,all,2,1,64,10418,150,100000000,100012800,32531,134382522,134418740,565.906,508.297,1.343653232,134383087.906,1.343658891,8174835271072139314,333376,333376,8174835271072139314
128,2,hash,all,3,1,64,10418,150,100000000,100012800,33322,138404808,138442859,594.547,520.656,1.383870945,138405402.547,1.383876889,8174835271072139314,333376,333376,8174835271072139314
128,2,hash,all,4,1,64,10418,150,100000000,100012800,32461,132269894,132307104,581.406,507.203,1.322529656,132270475.406,1.322535470,8174835271072139314,333376,333376,8174835271072139314
128,4,hash,all,0,1,64,10418,150,100000000,100012800,64360,135657923,135746538,1384.609,1005.625,1.356405610,135659307.609,1.356419454,4645863630375971204,333376,333376,4645863630375971204
128,4,hash,all,1,1,64,10418,150,100000000,100012800,66023,134186610,134258725,1126.797,1031.609,1.341694363,134187736.797,1.341705630,4645863630375971204,333376,333376,4645863630375971204
128,4,hash,all,2,1,64,10418,150,100000000,100012800,51035,139801514,139860413,920.297,797.422,1.397836217,139802434.297,1.397845419,4645863630375971204,333376,333376,4645863630375971204
128,4,hash,all,3,1,64,10418,150,100000000,100012800,52037,139029864,139089525,932.203,813.078,1.390120705,139030796.203,1.390130025,4645863630375971204,333376,333376,4645863630375971204
128,4,hash,all,4,1,64,10418,150,100000000,100012800,51226,142424686,142483305,915.922,800.406,1.424064580,142425601.922,1.424073738,4645863630375971204,333376,333376,4645863630375971204
128,4,aho_corasick,all,0,1,64,10418,150,100000000,100012800,8173606,230030035,238277288,128863.328,127712.594,2.300005949,230158898.328,2.301294418,4645863630375971204,333376,333376,4645863630375971204
128,4,aho_corasick,all,1,1,64,10418,150,100000000,100012800,8886368,216590309,225546428,139939.359,138849.500,2.165625890,216730248.359,2.167025104,4645863630375971204,333376,333376,4645863630375971204
128,4,aho_corasick,all,2,1,64,10418,150,100000000,100012800,7391320,213879461,221342445,116609.125,115489.375,2.138520879,213996070.125,2.139686821,4645863630375971204,333376,333376,4645863630375971204
128,4,aho_corasick,all,3,1,64,10418,150,100000000,100012800,7150350,204690542,211899702,112643.125,111724.219,2.046643450,204803185.125,2.047769737,4645863630375971204,333376,333376,4645863630375971204
128,4,aho_corasick,all,4,1,64,10418,150,100000000,100012800,7920737,214268600,222242746,124596.031,123761.516,2.142411771,214393196.031,2.143657572,4645863630375971204,333376,333376,4645863630375971204
128,8,hash,all,0,1,32,20834,150,100000000,100003200,60022,146605297,146671090,2056.031,1875.688,1.466006058,146607353.031,1.466026617,11454556344339696409,333344,333344,11454556344339696409
128,8,hash,all,1,1,32,20834,150,100000000,100003200,55223,145374416,145595178,6898.812,1725.719,1.453697642,145381314.812,1.453766628,11454556344339696409,333344,333344,11454556344339696409
128,8,hash,all,2,1,32,20834,150,100000000,100003200,42790,148880903,148929483,1518.125,1337.188,1.488761390,148882421.125,1.488776570,11454556344339696409,333344,333344,11454556344339696409
128,8,hash,all,3,1,32,20834,150,100000000,100003200,49161,148410565,148465308,1710.719,1536.281,1.484058160,148412275.719,1.484075267,11454556344339696409,333344,333344,11454556344339696409
128,8,hash,all,4,1,32,20834,150,100000000,100003200,43031,148129737,148178038,1509.406,1344.719,1.481249970,148131246.406,1.481265064,11454556344339696409,333344,333344,11454556344339696409
128,8,aho_corasick,all,0,1,32,20834,150,100000000,100003200,8099643,217920100,226065578,254546.188,253113.844,2.179131268,218174646.188,2.181676648,11454556344339696409,333344,333344,11454556344339696409
128,8,aho_corasick,all,1,1,32,20834,150,100000000,100003200,7865688,222679249,230596403,247411.062,245802.750,2.226721235,222926660.062,2.229195266,11454556344339696409,333344,333344,11454556344339696409
128,8,aho_corasick,all,2,1,32,20834,150,100000000,100003200,7771299,209315937,217135035,244346.812,242853.094,2.093092391,209560283.812,2.095535781,11454556344339696409,333344,333344,11454556344339696409
128,8,aho_corasick,all,3,1,32,20834,150,100000000,100003200,7564172,220666689,228279591,237903.188,236380.375,2.206596279,220904592.188,2.208975235,11454556344339696409,333344,333344,11454556344339696409
128,8,aho_corasick,all,4,1,32,20834,150,100000000,100003200,7478459,215429957,222958750,235274.781,233701.844,2.154230635,215665231.781,2.156583307,11454556344339696409,333344,333344,11454556344339696409
128,16,hash,all,0,1,16,41668,150,100000000,100003200,53270,144746339,144804027,3605.500,3329.375,1.447417073,144749944.500,1.447453126,14469859968341691626,333344,333344,14469859968341691626
128,16,hash,all,1,1,16,41668,150,100000000,100003200,44683,144739118,144787968,3053.125,2792.688,1.447344865,144742171.125,1.447375395,14469859968341691626,333344,333344,14469859968341691626
128,16,hash,all,2,1,16,41668,150,100000000,100003200,40876,140458107,140503872,2860.312,2554.750,1.404536125,140460967.312,1.404564727,14469859968341691626,333344,333344,14469859968341691626
128,16,hash,all,3,1,16,41668,150,100000000,100003200,40526,146107338,146152031,2793.312,2532.875,1.461026627,146110131.312,1.461054559,14469859968341691626,333344,333344,14469859968341691626
128,16,hash,all,4,1,16,41668,150,100000000,100003200,53950,143319018,143392684,4604.125,3371.875,1.433144319,143323622.125,1.433190359,14469859968341691626,333344,333344,14469859968341691626
128,16,aho_corasick,all,0,1,16,41668,150,100000000,100003200,8643916,232553360,241240196,542927.250,540244.750,2.325459185,233096287.250,2.330888284,14469859968341691626,333344,333344,14469859968341691626
128,16,aho_corasick,all,1,1,16,41668,150,100000000,100003200,7805522,226202592,234097441,493428.062,487845.125,2.261953537,226696020.062,2.266887660,14469859968341691626,333344,333344,14469859968341691626
128,16,aho_corasick,all,2,1,16,41668,150,100000000,100003200,7788160,220752921,228601032,490506.938,486760.000,2.207458571,221243427.938,2.212363484,14469859968341691626,333344,333344,14469859968341691626
128,16,aho_corasick,all,3,1,16,41668,150,100000000,100003200,7800100,225875812,233724423,490538.188,487506.250,2.258685842,226366350.188,2.263591067,14469859968341691626,333344,333344,14469859968341691626
128,16,aho_corasick,all,4,1,16,41668,150,100000000,100003200,7531190,226074944,233654515,473723.188,470699.375,2.260677098,226548667.188,2.265414179,14469859968341691626,333344,333344,14469859968341691626
128,32,hash,all,0,1,8,83334,150,100000000,100000800,48931,144235472,144287388,6489.500,6116.375,1.442343181,144241961.500,1.442408076,6994429295764362198,333336,333336,6994429295764362198
128,32,hash,all,1,1,8,83334,150,100000000,100000800,44953,143748908,143797809,6112.625,5619.125,1.437477580,143755020.625,1.437538706,6994429295764362198,333336,333336,6994429295764362198
128,32,hash,all,2,1,8,83334,150,100000000,100000800,39403,147679132,147722413,5410.125,4925.375,1.476779506,147684542.125,1.476833607,6994429295764362198,333336,333336,6994429295764362198
128,32,hash,all,3,1,8,83334,150,100000000,100000800,39384,147901533,147944023,5311.250,4923.000,1.479003498,147906844.250,1.479056610,6994429295764362198,333336,333336,6994429295764362198
128,32,hash,all,4,1,8,83334,150,100000000,100000800,56806,145537024,145597457,7554.125,7100.750,1.455358597,145544578.125,1.455434138,6994429295764362198,333336,333336,6994429295764362198
128,32,aho_corasick,all,0,1,8,83334,150,100000000,100000800,8177787,227996709,236243234,1030815.625,1022223.375,2.279948850,229027524.625,2.290256924,6994429295764362198,333336,333336,6994429295764362198
128,32,aho_corasick,all,1,1,8,83334,150,100000000,100000800,8387731,230346100,238748248,1050268.500,1048466.375,2.303442572,231396368.500,2.313945173,6994429295764362198,333336,333336,6994429295764362198
128,32,aho_corasick,all,2,1,8,83334,150,100000000,100000800,7984086,233537706,241558521,1002601.875,998010.750,2.335358377,234540307.875,2.345384316,6994429295764362198,333336,333336,6994429295764362198
128,32,aho_corasick,all,3,1,8,83334,150,100000000,100000800,7500585,232022197,239574669,944059.000,937573.125,2.320203408,232966256.000,2.329643923,6994429295764362198,333336,333336,6994429295764362198
128,32,aho_corasick,all,4,1,8,83334,150,100000000,100000800,7827233,234268472,242146129,984707.125,978404.125,2.342665979,235253179.125,2.352512971,6994429295764362198,333336,333336,6994429295764362198
128,64,hash,all,0,1,4,166668,150,100000000,100000800,49913,143282506,143335785,13319.750,12478.250,1.432813597,143295825.750,1.432946794,9864619060575670514,333336,333336,9864619060575670514
128,64,hash,all,1,1,4,166668,150,100000000,100000800,49702,142008361,142061170,13202.250,12425.500,1.420072249,142021563.250,1.420204271,9864619060575670514,333336,333336,9864619060575670514
128,64,hash,all,2,1,4,166668,150,100000000,100000800,41788,146028612,146073245,11158.250,10447.000,1.460274438,146039770.250,1.460386019,9864619060575670514,333336,333336,9864619060575670514
128,64,hash,all,3,1,4,166668,150,100000000,100000800,42760,148615435,148662273,11709.500,10690.000,1.486142461,148627144.500,1.486259555,9864619060575670514,333336,333336,9864619060575670514
128,64,hash,all,4,1,4,166668,150,100000000,100000800,49762,147839697,147892305,13152.000,12440.500,1.478385143,147852849.000,1.478516662,9864619060575670514,333336,333336,9864619060575670514
128,64,aho_corasick,all,0,1,4,166668,150,100000000,100000800,7811723,250890851,258764561,1968427.500,1952930.750,2.508888439,252859278.500,2.528572556,9864619060575670514,333336,333336,9864619060575670514
128,64,aho_corasick,all,1,1,4,166668,150,100000000,100000800,8100392,254164228,262323379,2039787.750,2025098.000,2.541621947,256204015.750,2.562019661,9864619060575670514,333336,333336,9864619060575670514
128,64,aho_corasick,all,2,1,4,166668,150,100000000,100000800,8174651,253262175,261487230,2056263.750,2043662.750,2.532601489,255318438.750,2.553163962,9864619060575670514,333336,333336,9864619060575670514
128,64,aho_corasick,all,3,1,4,166668,150,100000000,100000800,8214915,246375334,254650131,2068699.250,2053728.750,2.463733630,248444033.250,2.484420457,9864619060575670514,333336,333336,9864619060575670514
128,64,aho_corasick,all,4,1,4,166668,150,100000000,100000800,8142040,254726487,262917118,2047657.750,2035510.000,2.547244492,256774144.750,2.567720906,9864619060575670514,333336,333336,9864619060575670514
128,128,hash,all,0,1,2,333334,150,100000000,100000200,53580,143004609,143060845,28118.000,26790.000,1.430043230,143032727.000,1.430324409,7086323425307366357,333334,333334,7086323425307366357
128,128,hash,all,1,1,2,333334,150,100000000,100000200,48671,140122392,140173528,25568.000,24335.500,1.401221118,140147960.000,1.401476797,7086323425307366357,333334,333334,7086323425307366357
128,128,hash,all,2,1,2,333334,150,100000000,100000200,35045,138598630,138635869,18619.500,17522.500,1.385983528,138617249.500,1.386169723,7086323425307366357,333334,333334,7086323425307366357
128,128,hash,all,3,1,2,333334,150,100000000,100000200,35166,143365012,143403634,19311.000,17583.000,1.433647253,143384323.000,1.433840362,7086323425307366357,333334,333334,7086323425307366357
128,128,hash,all,4,1,2,333334,150,100000000,100000200,35156,143603873,143641213,18670.000,17578.000,1.436035858,143622543.000,1.436222558,7086323425307366357,333334,333334,7086323425307366357
128,128,aho_corasick,all,0,1,2,333334,150,100000000,100000200,8089121,282916429,291072645,4078108.000,4044560.500,2.829158632,286994537.000,2.869939630,7086323425307366357,333334,333334,7086323425307366357
128,128,aho_corasick,all,1,1,2,333334,150,100000000,100000200,8432506,292032752,300534918,4251083.000,4216253.000,2.920321679,296283835.000,2.962832424,7086323425307366357,333334,333334,7086323425307366357
128,128,aho_corasick,all,2,1,2,333334,150,100000000,100000200,8536055,286961728,295567904,4303088.000,4268027.500,2.869611541,291264816.000,2.912642335,7086323425307366357,333334,333334,7086323425307366357
128,128,aho_corasick,all,3,1,2,333334,150,100000000,100000200,8908337,285057212,294034667,4488727.500,4454168.500,2.850566419,289545939.500,2.895453604,7086323425307366357,333334,333334,7086323425307366357
128,128,aho_corasick,all,4,1,2,333334,150,100000000,100000200,7870161,284174566,292116661,3971047.500,3935080.500,2.841739977,288145613.500,2.881450372,7086323425307366357,333334,333334,7086323425307366357
128,256,aho_corasick,all,0,1,1,666668,150,100000000,100000200,8776133,316061503,324892869,8831366.000,8776133.000,3.160608709,324892869.000,3.248922192,8456338238322474804,333334,333334,8456338238322474804
128,256,aho_corasick,all,1,1,1,666668,150,100000000,100000200,8858737,314817587,323680321,8862734.000,8858737.000,3.148169574,323680321.000,3.236796736,8456338238322474804,333334,333334,8456338238322474804
128,256,aho_corasick,all,2,1,1,666668,150,100000000,100000200,8049948,316892031,324945726,8053695.000,8049948.000,3.168913972,324945726.000,3.249450761,8456338238322474804,333334,333334,8456338238322474804
128,256,aho_corasick,all,3,1,1,666668,150,100000000,100000200,8029029,312885213,320920173,8034960.000,8029029.000,3.128845872,320920173.000,3.209195312,8456338238322474804,333334,333334,8456338238322474804
128,256,aho_corasick,all,4,1,1,666668,150,100000000,100000200,8634419,313517109,322157619,8640510.000,8634419.000,3.135164820,322157619.000,3.221569747,8456338238322474804,333334,333334,8456338238322474804
128,256,hash,all,0,1,1,666668,150,100000000,100000200,43681,142042140,142087904,45764.000,43681.000,1.420418559,142087904.000,1.420876198,8456338238322474804,333334,333334,8456338238322474804
128,256,hash,all,1,1,1,666668,150,100000000,100000200,48821,140778216,140828910,50694.000,48821.000,1.407779344,140828910.000,1.408286283,8456338238322474804,333334,333334,8456338238322474804
128,256,hash,all,2,1,1,666668,150,100000000,100000200,34535,140644005,140680133,36128.000,34535.000,1.406437237,140680133.000,1.406798516,8456338238322474804,333334,333334,8456338238322474804
128,256,hash,all,3,1,1,666668,150,100000000,100000200,34695,143231114,143267502,36388.000,34695.000,1.432308275,143267502.000,1.432672155,8456338238322474804,333334,333334,8456338238322474804
128,256,hash,all,4,1,1,666668,150,100000000,100000200,34755,145112931,145149529,36598.000,34755.000,1.451126408,145149529.000,1.451492387,8456338238322474804,333334,333334,8456338238322474804
128,1000,hash,all,0,1,1,666668,150,100000000,100000200,178844,146395864,146577904,182040.000,178844.000,1.463955712,146577904.000,1.465776108,2730696635530307141,333334,333334,2730696635530307141
128,1000,hash,all,1,1,1,666668,150,100000000,100000200,189754,147680633,147886037,205404.000,189754.000,1.476803376,147886037.000,1.478857412,2730696635530307141,333334,333334,2730696635530307141
128,1000,hash,all,2,1,1,666668,150,100000000,100000200,131144,149696474,149831216,134742.000,131144.000,1.496961746,149831216.000,1.498309163,2730696635530307141,333334,333334,2730696635530307141
128,1000,hash,all,3,1,1,666668,150,100000000,100000200,145341,150122128,150270474,148346.000,145341.000,1.501218278,150270474.000,1.502701735,2730696635530307141,333334,333334,2730696635530307141
128,1000,hash,all,4,1,1,666668,150,100000000,100000200,131174,148956480,149090771,134291.000,131174.000,1.489561821,149090771.000,1.490904728,2730696635530307141,333334,333334,2730696635530307141
128,1000,aho_corasick,all,0,1,1,666668,150,100000000,100000200,38014950,412616234,450756027,38139793.000,38014950.000,4.126154088,450756027.000,4.507551255,2730696635530307141,333334,333334,2730696635530307141
128,1000,aho_corasick,all,1,1,1,666668,150,100000000,100000200,39213390,443209419,482430062,39220643.000,39213390.000,4.432085326,482430062.000,4.824290971,2730696635530307141,333334,333334,2730696635530307141
128,1000,aho_corasick,all,2,1,1,666668,150,100000000,100000200,37305286,442114279,479429082,37314803.000,37305286.000,4.421133948,479429082.000,4.794281231,2730696635530307141,333334,333334,2730696635530307141
128,1000,aho_corasick,all,3,1,1,666668,150,100000000,100000200,36158053,407884128,444052029,36167901.000,36158053.000,4.078833122,444052029.000,4.440511409,2730696635530307141,333334,333334,2730696635530307141
128,1000,aho_corasick,all,4,1,1,666668,150,100000000,100000200,35127135,410927163,446071820,35144657.000,35127135.000,4.109263411,446071820.000,4.460709279,2730696635530307141,333334,333334,2730696635530307141
128,10000,aho_corasick,all,0,1,1,666668,150,100000000,100000200,580189065,1201264814,1781703396,580438582.000,580189065.000,12.012624115,1781703396.000,17.816998326,18032229474456649813,333334,333334,18032229474456649813
128,10000,aho_corasick,all,1,1,1,666668,150,100000000,100000200,537770013,1149570441,1687972162,538401721.000,537770013.000,11.495681419,1687972162.000,16.879687861,18032229474456649813,333334,333334,18032229474456649813
128,10000,aho_corasick,all,2,1,1,666668,150,100000000,100000200,489042274,1157861202,1647158833,489297631.000,489042274.000,11.578588863,1647158833.000,16.471555387,18032229474456649813,333334,333334,18032229474456649813
128,10000,aho_corasick,all,3,1,1,666668,150,100000000,100000200,503919284,1171568645,1675753505,504184860.000,503919284.000,11.715663019,1675753505.000,16.757501535,18032229474456649813,333334,333334,18032229474456649813
128,10000,aho_corasick,all,4,1,1,666668,150,100000000,100000200,528967677,1159911620,1689550178,529638558.000,528967677.000,11.599093002,1689550178.000,16.895467989,18032229474456649813,333334,333334,18032229474456649813
128,10000,hash,all,0,1,1,666668,150,100000000,100000200,1939588,167933417,169950579,2017162.000,1939588.000,1.679330811,169950579.000,1.699502391,18032229474456649813,333334,333334,18032229474456649813
128,10000,hash,all,1,1,1,666668,150,100000000,100000200,1667190,162822673,164503318,1680645.000,1667190.000,1.628223474,164503318.000,1.645029890,18032229474456649813,333334,333334,18032229474456649813
128,10000,hash,all,2,1,1,666668,150,100000000,100000200,1329240,168534103,169877710,1343607.000,1329240.000,1.685337659,169877710.000,1.698773702,18032229474456649813,333334,333334,18032229474456649813
128,10000,hash,all,3,1,1,666668,150,100000000,100000200,1500519,163162549,164677254,1514705.000,1500519.000,1.631622227,164677254.000,1.646769246,18032229474456649813,333334,333334,18032229474456649813
128,10000,hash,all,4,1,1,666668,150,100000000,100000200,1340932,171555659,172910697,1355038.000,1340932.000,1.715553159,172910697.000,1.729103512,18032229474456649813,333334,333334,18032229474456649813
128,100000,hash,all,0,1,1,666668,150,100000000,100000200,21488685,227891905,249683306,21791401.000,21488685.000,2.278914492,249683306.000,2.496828066,1714736621938136921,333334,333334,1714736621938136921
128,100000,hash,all,1,1,1,666668,150,100000000,100000200,18323896,255280250,273750339,18470089.000,18323896.000,2.552797394,273750339.000,2.737497915,1714736621938136921,333334,333334,1714736621938136921
128,100000,hash,all,2,1,1,666668,150,100000000,100000200,15124096,246079484,261404396,15324912.000,15124096.000,2.460789918,261404396.000,2.614038732,1714736621938136921,333334,333334,1714736621938136921
128,100000,hash,all,3,1,1,666668,150,100000000,100000200,15561013,243187868,258894152,15706284.000,15561013.000,2.431873816,258894152.000,2.588936342,1714736621938136921,333334,333334,1714736621938136921
128,100000,hash,all,4,1,1,666668,150,100000000,100000200,15518632,242556734,258227150,15670416.000,15518632.000,2.425562489,258227150.000,2.582266335,1714736621938136921,333334,333334,1714736621938136921
128,1000000,hash,all,0,1,1,666668,150,100000000,100000200,196753090,286539348,486597935,200058587.000,196753090.000,2.865387749,486597935.000,4.865969618,5637909570379021859,333334,333334,5637909570379021859
128,1000000,hash,all,1,1,1,666668,150,100000000,100000200,187494757,291445251,482527950,191082699.000,187494757.000,2.914446681,482527950.000,4.825269849,5637909570379021859,333334,333334,5637909570379021859
128,1000000,hash,all,2,1,1,666668,150,100000000,100000200,183983639,296943133,484807922,187864789.000,183983639.000,2.969425391,484807922.000,4.848069524,5637909570379021859,333334,333334,5637909570379021859
128,1000000,hash,all,3,1,1,666668,150,100000000,100000200,191058160,310915914,506216188,195300274.000,191058160.000,3.109152922,506216188.000,5.062151756,5637909570379021859,333334,333334,5637909570379021859
128,1000000,hash,all,4,1,1,666668,150,100000000,100000200,209582803,298177371,510809262,212631891.000,209582803.000,2.981767746,510809262.000,5.108082404,5637909570379021859,333334,333334,5637909570379021859
