k,patterns,mode,algorithm,runs,median_fixed_ns_per_matcher,fixed_p2_5_ns_per_matcher,fixed_p97_5_ns_per_matcher,median_search_ns_per_base,search_p2_5_ns_per_base,search_p97_5_ns_per_base
4,1,all,aho_corasick,15,7784.500000000,7262.162500000,8045.764843750,0.677884420,0.669069772,0.683237118
4,1,all,bndmq,15,192.703125000,138.183593750,344.034375000,0.778868993,0.775754396,0.798229792
4,1,all,hash,15,189.468750000,117.931250000,354.098437500,1.970628103,1.956266721,2.049108868
4,1,first,aho_corasick,15,7654.953125000,7229.474218750,8403.497656250,0.326743647,0.321063065,0.345285474
4,1,first,bndmq,15,189.773437500,153.059765625,287.601953125,0.450209516,0.441556799,0.507007145
4,1,first,hash,15,169.906250000,105.047656250,300.300000000,1.194349925,1.184310539,1.223284183
4,2,all,aho_corasick,15,9060.546875000,8905.814843750,9806.188281250,4.077774684,4.061171414,4.111598695
4,2,all,bndmq,15,285.156250000,228.782812500,1071.093750000,1.510248184,1.501701729,1.774860642
4,2,all,hash,15,177.750000000,130.273437500,367.775000000,2.329770203,2.324551626,2.344479399
4,2,first,aho_corasick,15,8747.390625000,8512.659375000,9185.937500000,1.940074514,1.901878357,1.977638198
4,2,first,bndmq,15,249.984375000,212.507031250,575.782812500,0.711248169,0.703380685,0.717790389
4,2,first,hash,15,143.234375000,112.525781250,301.394531250,1.142803828,1.138466723,1.149729299
4,4,all,aho_corasick,15,10912.125000000,10363.778125000,11559.633593750,1.449937820,1.436729317,1.473481758
4,4,all,bndmq,15,445.953125000,394.275781250,1054.752343750,2.906117986,2.897098544,2.936498915
4,4,all,hash,15,240.234375000,167.447656250,491.103125000,2.860345840,2.849842593,2.876423892
4,4,first,aho_corasick,15,10928.375000000,10603.025781250,11276.207812500,0.589345296,0.583459798,0.606310052
4,4,first,bndmq,15,617.171875000,430.569531250,1117.694531250,0.994306157,0.983176402,1.003136576
4,4,first,hash,15,201.828125000,143.880468750,342.050000000,0.985156174,0.981373363,1.017065626
4,8,all,aho_corasick,15,13770.843750000,12785.564062500,16148.951562500,1.638914744,1.625766520,1.661698047
4,8,all,bndmq,15,881.500000000,669.548437500,2003.128125000,5.772448629,5.725712168,5.960393064
4,8,all,hash,15,260.406250000,210.073437500,441.334375000,3.192094167,3.187895144,3.219216888
4,8,first,aho_corasick,15,14032.562500000,13708.878125000,14546.354166667,0.423433516,0.421079580,0.428663854
4,8,first,bndmq,15,903.656250000,819.479687500,1774.043750000,1.142387390,1.138235527,1.176852119
4,8,first,hash,15,244.781250000,191.713281250,411.389843750,0.685120697,0.680973631,0.687626981
4,16,all,aho_corasick,15,19656.187500000,18572.737500000,21194.943750000,2.000062764,1.984364838,2.021860178
4,16,all,bndmq,15,1919.187500000,1575.103125000,5979.906250000,11.388325195,11.301092961,11.749462408
4,16,all,hash,15,390.625000000,288.275000000,709.059375000,3.802129924,3.795047760,3.838023290
4,16,first,aho_corasick,15,19382.791666667,19030.866145833,20184.047916667,0.308989071,0.305567379,0.314319249
4,16,first,bndmq,15,1558.593750000,1378.501562500,2581.507812500,1.202837677,1.193762769,1.211110321
4,16,first,hash,15,269.800000000,244.816250000,407.008750000,0.445188761,0.440544173,0.450535463
4,32,all,aho_corasick,15,29320.375000000,28565.453125000,30953.521875000,2.712025146,2.681785304,2.752418060
4,32,all,bndmq,15,3244.750000000,2763.993750000,8500.481250000,22.758356730,22.560542216,23.096013051
4,32,all,hash,15,515.625000000,368.556250000,1332.800000000,5.659756266,5.639675588,5.674067536
4,32,first,aho_corasick,15,28585.187500000,28287.894642857,28992.719196429,0.237073771,0.231060163,0.242067898
4,32,first,bndmq,15,2531.250000000,2414.021875000,4155.359375000,1.215165456,1.210860705,1.237796684
4,32,first,hash,15,350.012500000,328.865625000,541.662500000,0.324451884,0.319568590,0.347874335
4,64,all,aho_corasick,15,45496.500000000,44975.275000000,49541.766666667,3.976530897,3.935692057,4.171524747
4,64,all,bndmq,15,5791.750000000,4845.037500000,20678.650000000,45.398712158,45.005198201,45.668200216
4,64,all,hash,15,791.500000000,586.925000000,4226.400000000,8.891143799,8.809214274,11.309862061
4,64,first,aho_corasick,15,46134.733333333,44773.121666667,47338.797500000,0.194679525,0.189381820,0.201185424
4,64,first,bndmq,15,4927.035714286,4729.996428571,6099.385714286,1.233333973,1.229267168,1.252844151
4,64,first,hash,15,471.841666667,464.371250000,581.506666667,0.214669149,0.197135985,0.227200417
4,128,all,aho_corasick,15,71340.333333333,70616.191666667,75162.350000000,5.987085232,5.920405572,6.064883884
4,128,all,bndmq,15,11375.000000000,9445.725000000,35403.950000000,90.436774089,90.061168823,90.799720459
4,128,all,hash,15,1260.250000000,927.875000000,3750.462500000,8.799201253,8.670009542,9.487450663
4,128,first,aho_corasick,15,68844.838461538,68002.868461538,70254.259230769,0.106139123,0.098689901,0.115881538
4,128,first,bndmq,15,9367.076923077,9324.811538462,12104.638461538,1.227403971,1.222436433,1.230987762
4,128,first,hash,15,813.409482759,794.659267241,851.628879310,0.070320785,0.064941445,0.084632971
4,256,all,aho_corasick,15,116595.142857143,113373.528571429,122926.064285714,4.282487677,4.214023298,4.405770438
4,256,all,bndmq,15,23041.000000000,18504.500000000,55752.200000000,181.363728841,180.113755778,184.209110922
4,256,all,hash,15,1827.285714286,1704.385714286,2967.392857143,4.956655506,4.944229294,5.024056676
4,256,first,aho_corasick,15,112026.874074074,110377.632222222,114120.658888889,0.044663219,0.043428552,0.046020058
4,256,first,bndmq,15,18625.000000000,18556.655769231,20926.450000000,1.223274990,1.218364348,1.229158951
4,256,first,hash,15,1604.812785388,1582.903120244,1641.725875190,0.048877364,0.046117735,0.049617123
6,1,all,aho_corasick,15,8529.296875000,8321.425781250,8826.401562500,0.644489924,0.640970289,0.654147246
6,1,all,bndmq,15,202.468750000,166.993750000,332.850000000,0.530565058,0.516233444,0.541883090
6,1,all,hash,15,199.234375000,143.138281250,262.702343750,1.736754303,1.728112798,1.785964968
6,1,first,aho_corasick,15,8251.296875000,8142.955859375,12425.651171875,0.411300125,0.408351952,0.535726996
6,1,first,bndmq,15,201.500000000,151.026171875,355.776171875,0.401340586,0.397123019,0.439890675
6,1,first,hash,15,179.031250000,133.096875000,273.862500000,1.314981232,1.309384028,1.376074415
6,2,all,aho_corasick,15,9619.781250000,9334.330468750,10179.032812500,4.268432185,4.189958946,4.317025505
6,2,all,bndmq,15,259.765625000,236.557812500,558.950000000,0.957797368,0.954392059,0.985543148
6,2,all,hash,15,240.875000000,137.143750000,468.100781250,1.870652313,1.857685206,1.901865323
6,2,first,aho_corasick,15,9668.625000000,9391.147656250,10912.405468750,3.033412298,3.023062865,3.084845808
6,2,first,bndmq,15,293.625000000,233.771875000,596.964062500,0.759990463,0.758467198,0.767082432
6,2,first,hash,15,194.000000000,128.731250000,325.486718750,1.391755219,1.383402502,1.405869805
6,4,all,aho_corasick,15,12152.343750000,11932.581250000,13207.067187500,1.254247030,1.249801416,1.262171121
6,4,all,bndmq,15,506.515625000,418.006250000,1545.514843750,1.864093145,1.846555116,1.893470299
6,4,all,hash,15,207.671875000,155.067968750,439.879687500,2.106939952,2.097797611,2.115132173
6,4,first,aho_corasick,15,12145.828125000,11667.096875000,12636.516406250,0.972855886,0.963499217,0.995556525
6,4,first,bndmq,15,486.968750000,413.284375000,1089.450000000,1.397014211,1.393913051,1.415396919
6,4,first,hash,15,190.093750000,150.542968750,301.503906250,1.511877925,1.507693450,1.523712738
6,8,all,aho_corasick,15,17145.812500000,16849.160937500,17787.298437500,1.267348378,1.260573293,1.283070158
6,8,all,bndmq,15,795.593750000,701.065625000,1880.009375000,3.608578593,3.588964803,3.632312803
6,8,all,hash,15,277.312500000,216.670312500,948.889062500,2.135694326,2.118809934,2.226092138
6,8,first,aho_corasick,15,16751.937500000,16280.575000000,17124.553125000,0.933441594,0.926747051,0.940514124
6,8,first,bndmq,15,1020.843750000,909.771875000,2196.501562500,2.586536407,2.581365675,2.650041697
6,8,first,hash,15,256.500000000,195.826562500,434.889062500,1.448069661,1.439936956,1.461264705
6,16,all,aho_corasick,15,25114.593750000,24428.943750000,36587.826562500,1.291092784,1.279839777,1.667285083
6,16,all,bndmq,15,1763.000000000,1449.706250000,3593.221875000,7.021141052,6.999733149,7.068961706
6,16,all,hash,15,315.062500000,239.693750000,536.965625000,2.383922933,2.378796082,2.400468816
6,16,first,aho_corasick,15,24940.104166667,24680.014583333,26465.131250000,0.877777371,0.876058865,0.882101430
6,16,first,bndmq,15,1835.875000000,1548.175000000,5257.784375000,4.790178935,4.651869288,4.841302404
6,16,first,hash,15,412.781250000,309.464062500,875.201562500,1.468893687,1.444513087,1.503913445
6,32,all,aho_corasick,15,40079.875000000,39447.245833333,41595.791666667,1.337181396,1.332442627,1.341357635
6,32,all,bndmq,15,2911.500000000,2638.256250000,8578.387500000,13.911531372,13.897355825,14.004412709
6,32,all,hash,15,484.375000000,355.175000000,1529.284375000,2.641215820,2.634706497,2.675817322
6,32,first,aho_corasick,15,42291.675000000,40827.996250000,47810.770000000,0.783871134,0.771648818,0.805158020
6,32,first,bndmq,15,3260.500000000,2969.750000000,7620.050000000,7.295413615,7.173873433,7.844935211
6,32,first,hash,15,423.156250000,359.504687500,829.304687500,1.354952952,1.312809519,1.393553182
6,64,all,aho_corasick,15,67515.666666667,66888.047916667,70177.783333333,1.437338325,1.429694231,1.441878774
6,64,all,bndmq,15,5541.500000000,5177.525000000,14847.750000000,27.809549967,27.742826721,28.136979045
6,64,all,hash,15,631.833333333,573.466666667,1361.466666667,2.883311903,2.873374627,2.931697971
6,64,first,aho_corasick,15,68573.840909091,67445.014772727,70910.272727273,0.604550078,0.597693596,0.626394131
6,64,first,bndmq,15,6052.250000000,5101.450000000,12242.187500000,9.932369792,9.788269226,10.395695964
6,64,first,hash,15,677.062500000,549.101562500,1442.331250000,1.016169688,0.987011253,1.038760068
6,128,all,aho_corasick,15,119962.944444444,117877.761111111,123018.547222222,1.615627080,1.592425894,1.638780581
6,128,all,bndmq,15,10874.500000000,9925.225000000,29319.900000000,55.411648763,55.321136312,55.906967163
6,128,all,hash,15,1020.800000000,941.920000000,1409.005000000,3.188734375,3.169441390,3.212766373
6,128,first,aho_corasick,15,116644.314814815,115645.387037037,119355.425000000,0.384309353,0.378889131,0.392093676
6,128,first,bndmq,15,10958.250000000,10000.087500000,22466.500000000,12.025587158,11.651017354,13.701921428
6,128,first,hash,15,929.666666667,905.780208333,4645.682291667,0.628748203,0.616726146,0.995354082
6,256,all,aho_corasick,15,209601.142857143,207534.007142857,213938.596428571,1.931719215,1.912816156,1.976387643
6,256,all,bndmq,15,21084.000000000,19738.050000000,63370.400000000,110.723131510,110.602332031,112.107024414
6,256,all,hash,15,1857.285714286,1754.107142857,2959.071428571,4.208305897,4.162835345,4.313017113
6,256,first,aho_corasick,15,205608.020408163,203215.136734694,207062.908163265,0.260404277,0.246400827,0.288328457
6,256,first,bndmq,15,20277.666666667,19668.050000000,33327.850000000,12.282285699,11.903705621,12.434155273
6,256,first,hash,15,1666.030769231,1647.070769231,1732.563076923,0.309571239,0.291563668,0.322311626
6,1000,all,aho_corasick,15,664520.833333333,659139.875000000,679493.158333333,4.652755263,4.581837443,4.803734877
6,1000,all,bndmq,15,199708.000000000,146344.300000000,294853.950000000,433.584526367,431.974541911,441.679012695
6,1000,all,hash,15,7749.750000000,7533.862500000,13191.237500000,9.346940511,9.270945841,9.693075175
6,1000,first,aho_corasick,15,653711.500000000,649586.261538462,659330.309615385,0.123804713,0.109287804,0.164106151
6,1000,first,bndmq,15,171639.333333333,152435.533333333,220257.783333333,12.823892687,12.739960856,13.218362196
6,1000,first,hash,15,6363.201834862,6301.357798165,6530.370183486,0.142362370,0.114509446,0.143213390
8,1,all,aho_corasick,15,8531.890625000,8349.474218750,9237.260156250,0.616427511,0.612529002,0.630462125
8,1,all,bndmq,15,166.007812500,136.007031250,335.133984375,0.351053874,0.347380737,0.358436453
8,1,all,hash,15,164.046875000,110.156250000,397.814062500,1.711058070,1.709089859,1.735208930
8,1,first,aho_corasick,15,8525.718750000,8353.862500000,8790.274609375,0.392720973,0.390416065,0.401881804
8,1,first,bndmq,15,156.250000000,141.735156250,291.686328125,0.283109334,0.282214244,0.287339608
8,1,first,hash,15,149.093750000,120.671875000,256.721093750,1.315661519,1.312680677,1.329487120
8,2,all,aho_corasick,15,10199.859375000,9942.355468750,10704.917187500,4.229572067,4.215277933,4.372658400
8,2,all,bndmq,15,245.437500000,224.261718750,710.771093750,0.641665980,0.639158291,0.646401721
8,2,all,hash,15,180.343750000,139.907031250,336.950000000,1.826734543,1.823094580,1.839321466
8,2,first,aho_corasick,15,10304.687500000,9899.926562500,12002.184375000,3.151142324,3.142440158,3.210572516
8,2,first,bndmq,15,239.578125000,220.543750000,589.160156250,0.515753428,0.512770812,0.517686196
8,2,first,hash,15,165.375000000,118.100781250,255.867968750,1.405240173,1.402435461,1.655701886
8,4,all,aho_corasick,15,13374.343750000,13146.253125000,14090.457031250,1.243218333,1.235302708,1.251781835
8,4,all,bndmq,15,473.312500000,403.096093750,1023.661718750,1.221125921,1.217688256,1.293722891
8,4,all,hash,15,233.078125000,153.765625000,713.989062500,2.036172028,2.028677940,2.069660561
8,4,first,aho_corasick,15,13832.031250000,13368.753125000,14696.537500000,1.041018168,1.014032378,1.052430167
8,4,first,bndmq,15,447.921875000,402.583593750,948.468750000,0.970373154,0.966530265,0.974855052
8,4,first,hash,15,223.312500000,155.994531250,483.040625000,1.550995509,1.547630054,1.557258244
8,8,all,aho_corasick,15,19628.937500000,18918.178125000,21078.728125000,1.247170766,1.241744761,1.252083021
8,8,all,bndmq,15,862.000000000,758.935937500,1665.203125000,2.300379028,2.295431483,2.313481532
8,8,all,hash,15,259.125000000,198.581250000,579.173437500,2.048640798,2.033293084,2.060641813
8,8,first,aho_corasick,15,19908.875000000,19578.257812500,21211.968750000,1.029552867,1.027334007,1.034627401
8,8,first,bndmq,15,915.343750000,727.871875000,1822.029687500,1.834583282,1.828719373,1.880282603
8,8,first,hash,15,348.968750000,245.987500000,626.364062500,1.572958628,1.568846492,1.587078412
8,16,all,aho_corasick,15,30039.062500000,29342.817187500,32074.078125000,1.241315257,1.236833343,1.249942607
8,16,all,bndmq,15,1760.375000000,1496.846875000,6515.515625000,4.461254476,4.454979746,4.713166163
8,16,all,hash,15,414.062500000,309.128125000,620.709375000,2.159169515,2.148130249,2.218561340
8,16,first,aho_corasick,15,30734.343750000,29450.009375000,33369.267187500,1.010818481,1.005497185,1.026175784
8,16,first,bndmq,15,2002.625000000,1725.028125000,4002.878125000,3.558252157,3.548050806,3.590794882
8,16,first,hash,15,434.875000000,250.531250000,691.285937500,1.638478190,1.612591291,1.659711838
8,32,all,aho_corasick,15,51907.562500000,51183.131250000,54925.301562500,1.245242259,1.242186224,1.263009847
8,32,all,bndmq,15,2770.875000000,2697.918750000,7883.537500000,8.755476278,8.729584096,8.827288736
8,32,all,hash,15,421.812500000,342.962500000,696.203125000,2.345318298,2.330780675,2.362183721
8,32,first,aho_corasick,15,51614.562500000,50919.323437500,55932.014062500,1.004428864,0.999421527,1.019145241
8,32,first,bndmq,15,2791.625000000,2663.637500000,7982.100000000,6.801460978,6.793012431,6.828470062
8,32,first,hash,15,381.916666667,333.375000000,667.018750000,1.727379761,1.722647013,1.746705092
8,64,all,aho_corasick,15,90918.458333333,89835.933333333,93818.160416667,1.256143053,1.246920454,1.264073659
8,64,all,bndmq,15,5395.750000000,5156.250000000,15601.037500000,17.329305013,17.305940410,17.517564657
8,64,all,hash,15,593.833333333,570.612500000,1556.962500000,2.758308784,2.744997973,2.808368273
8,64,first,aho_corasick,15,90736.642857143,90147.764285714,94263.214285714,0.983259277,0.981045058,1.000009286
8,64,first,bndmq,15,5614.500000000,5343.837500000,16417.687500000,13.093244629,13.053390279,14.642856303
8,64,first,hash,15,581.200000000,545.920000000,1045.745000000,1.949194987,1.936316829,1.981784709
8,128,all,aho_corasick,15,163829.050000000,162901.232500000,175420.782500000,1.264007731,1.259719369,1.298161495
8,128,all,bndmq,15,10708.500000000,10188.375000000,12003.075000000,34.459940592,34.425976319,34.769295410
8,128,all,hash,15,934.500000000,891.932142857,1599.100000000,2.265242397,2.258345616,2.291914975
8,128,first,aho_corasick,15,163142.538461538,162092.778846154,166580.223076923,0.945061724,0.942035779,0.958480225
8,128,first,bndmq,15,10958.000000000,10404.050000000,34310.250000000,24.440545247,24.407581177,24.646680868
8,128,first,hash,15,931.954545455,888.618181818,1111.593181818,1.519192634,1.513359649,1.536327859
8,256,all,aho_corasick,15,295819.388888889,294256.266666667,546686.227777778,1.296827167,1.290548091,1.750921147
8,256,all,bndmq,15,21250.000000000,20301.750000000,57567.100000000,68.757392578,68.583482503,69.224985921
8,256,all,hash,15,1772.307692308,1740.361538462,2587.650000000,2.497522536,2.475947773,2.538299317
8,256,first,aho_corasick,15,294675.291666667,292398.316666667,437427.922916667,0.882342461,0.879127801,1.561228071
8,256,first,bndmq,15,20875.000000000,20612.050000000,49479.050000000,43.393961589,43.295023600,43.906704020
8,256,first,hash,15,1762.500000000,1725.925000000,2552.277500000,1.484873698,1.462104557,1.514610901
8,1000,all,aho_corasick,15,1062234.500000000,1050336.331250000,1097722.587500000,2.232089437,2.131158681,2.335742035
8,1000,all,bndmq,15,221792.000000000,155796.050000000,302278.950000000,274.933336589,272.319875814,282.518761149
8,1000,all,hash,15,6343.666666667,6207.429166667,8110.470833333,2.644235162,2.622227973,2.688875936
8,1000,first,aho_corasick,15,1042805.500000000,1039211.083333333,1065611.091666667,0.923377279,0.913988268,0.995786526
8,1000,first,bndmq,15,195083.000000000,155333.100000000,270137.400000000,98.120930990,97.909494140,98.889203532
8,1000,first,hash,15,6296.606060606,6079.627272727,6667.872727273,0.890373461,0.866551430,0.903208112
8,10000,all,aho_corasick,15,8345833.500000000,8225197.975000000,8493457.449999999,6.266140137,6.165256429,7.182400350
8,10000,all,bndmq,15,1234625.000000000,1200461.100000000,1266282.900000000,2723.116183268,2709.337205323,2738.131836670
8,10000,all,hash,15,73983.400000000,73189.370000000,80737.960000000,7.467488607,7.347851270,7.588370590
8,10000,first,aho_corasick,15,8297972.333333333,8238606.983333332,8416325.949999999,0.487422418,0.451507921,0.535290527
8,10000,first,bndmq,15,834625.000000000,802960.850000000,981897.800000000,128.554143880,128.258514567,131.131927490
8,10000,first,hash,15,67552.147058824,66398.449264706,68795.377941176,0.159889131,0.146582740,0.174829799
10,1,all,aho_corasick,15,8597.656250000,8447.969531250,9045.471875000,0.612385000,0.607726950,0.620275397
10,1,all,bndmq,15,173.507812500,145.518750000,263.863671875,0.289531822,0.288163843,0.293765623
10,1,all,hash,15,167.953125000,114.932812500,285.935937500,1.709910507,1.704605741,1.734363280
10,1,first,aho_corasick,15,8623.695312500,8512.757031250,9090.970312500,0.392032725,0.390226458,0.394844039
10,1,first,bndmq,15,156.458333333,140.000260417,230.337239583,0.239666477,0.238885239,0.243003708
10,1,first,hash,15,166.015625000,122.885937500,316.598437500,1.320568720,1.318564471,1.337196729
10,2,all,aho_corasick,15,10996.078125000,10659.609375000,11341.301562500,4.364389852,4.348971311,4.397046940
10,2,all,bndmq,15,242.828125000,220.084375000,438.779687500,0.519816081,0.517076392,0.541741100
10,2,all,hash,15,214.859375000,156.210937500,324.116406250,1.825020040,1.819584846,1.832862898
10,2,first,aho_corasick,15,11059.250000000,10843.224218750,11903.870312500,3.267704646,3.259248476,3.326852625
10,2,first,bndmq,15,239.265625000,220.620703125,315.074218750,0.420705999,0.418801125,0.431417228
10,2,first,hash,15,160.171875000,124.319531250,299.513281250,1.406077271,1.402857778,1.774243042
10,4,all,aho_corasick,15,14824.218750000,14566.008593750,15583.035156250,1.239682312,1.233075733,1.269293796
10,4,all,bndmq,15,521.500000000,441.591406250,1308.991406250,0.997480825,0.977041300,1.024218891
10,4,all,hash,15,246.078125000,184.310156250,418.320312500,2.034244537,2.017597675,2.069245979
10,4,first,aho_corasick,15,14783.859375000,14666.706250000,15402.737500000,1.022377014,1.020569965,1.028093829
10,4,first,bndmq,15,525.390625000,404.589843750,946.152343750,0.782975108,0.781250792,0.792426006
10,4,first,hash,15,205.078125000,158.338281250,300.858593750,1.554462636,1.550406470,1.561511156
10,8,all,aho_corasick,15,22225.250000000,21749.965625000,24120.309375000,1.243322144,1.238864169,1.254775276
10,8,all,bndmq,15,998.687500000,746.748437500,1762.448437500,1.832300822,1.820883751,1.911835582
10,8,all,hash,15,377.593750000,216.342187500,737.373437500,2.032898814,2.017529899,2.494448349
10,8,first,aho_corasick,15,22033.843750000,21774.681250000,24201.157812500,1.025634308,1.022164569,1.027990977
10,8,first,bndmq,15,916.656250000,775.973437500,1846.889062500,1.457303365,1.454100497,1.476963244
10,8,first,hash,15,276.031250000,223.704687500,458.590625000,1.558085531,1.555125002,1.582189878
10,16,all,aho_corasick,15,35587.218750000,35123.290625000,37298.707812500,1.242400309,1.236723564,1.245933327
10,16,all,bndmq,15,1679.687500000,1535.231250000,4437.890625000,3.502358398,3.488465180,3.581754862
10,16,all,hash,15,414.125000000,276.343750000,874.925000000,2.081048787,2.056910364,2.115546778
10,16,first,aho_corasick,15,35949.218750000,35237.489062500,38665.943750000,1.021745453,1.019207425,1.036059697
10,16,first,bndmq,15,1565.125000000,1458.765625000,4727.056250000,2.781859538,2.776326040,2.802909215
10,16,first,hash,15,385.406250000,270.556250000,923.440625000,1.584148407,1.576506709,1.622771151
10,32,all,aho_corasick,15,64484.416666667,62532.287500000,120688.664583333,1.237708266,1.234171275,1.351562761
10,32,all,bndmq,15,3083.375000000,2837.350000000,7717.256250000,6.840404867,6.821551361,6.903034922
10,32,all,hash,15,437.500000000,382.656250000,706.900000000,2.425596415,2.410408040,2.432943110
10,32,first,aho_corasick,15,63682.281250000,62735.070312500,68660.487500000,1.023633677,1.021190938,1.033018375
10,32,first,bndmq,15,2947.875000000,2799.493750000,8089.556250000,5.432281494,5.419551402,5.513776702
10,32,first,hash,15,385.458333333,358.283333333,725.310416667,1.833594971,1.827789476,1.837963060
10,64,all,aho_corasick,15,113503.541666667,112620.987500000,119489.872916667,1.241361830,1.235777126,1.277620209
10,64,all,bndmq,15,5531.250000000,5375.437500000,7316.150000000,14.143812256,13.838847555,14.196617981
10,64,all,hash,15,731.750000000,625.896875000,929.406250000,2.127092082,2.111314158,2.175792907
10,64,first,aho_corasick,15,113370.500000000,112513.819642857,117893.500000000,1.029435396,1.026351484,1.038931888
10,64,first,bndmq,15,5656.250000000,5430.750000000,17741.775000000,10.681626790,10.658925151,10.785968933
10,64,first,hash,15,635.416666667,590.877083333,1024.116666667,1.609988675,1.605036279,1.791375010
10,128,all,aho_corasick,15,208145.850000000,206961.560000000,214652.237500000,1.244154134,1.240118567,1.252523454
10,128,all,bndmq,15,11104.000000000,10665.025000000,31165.450000000,28.073832194,27.647414795,29.532995931
10,128,all,hash,15,1122.142857143,1087.428571429,1801.753571429,2.351185477,2.330068650,2.377301490
10,128,first,aho_corasick,15,208272.583333333,206802.654166667,216194.712500000,1.031756999,1.027713850,1.041047248
10,128,first,bndmq,15,10917.000000000,10695.000000000,31766.725000000,21.242744141,21.192557170,21.444298462
10,128,first,hash,15,1095.055555556,1074.950000000,1642.522222222,1.756554091,1.747074413,1.766486523
10,256,all,aho_corasick,15,394999.941176471,392847.020588235,403158.744117647,1.276149472,1.271905977,1.280322223
10,256,all,bndmq,15,24125.000000000,21350.450000000,52823.350000000,55.884399414,53.865997315,56.276349854
10,256,all,hash,15,2118.692307692,2062.188461538,2476.907692308,2.340207707,2.327414908,2.373685998
10,256,first,aho_corasick,15,395392.526315789,393540.436842105,410198.536842105,1.045664234,1.042152618,1.084420042
10,256,first,bndmq,15,22749.000000000,21308.450000000,46420.950000000,41.737332357,41.607714193,42.403270182
10,256,first,hash,15,2094.833333333,2049.880555556,2638.516666667,1.745650770,1.727827876,1.770668579
10,1000,all,aho_corasick,15,1483737.857142857,1472539.842857143,1546830.600000000,2.153388439,1.985355992,2.196214263
10,1000,all,bndmq,15,207208.000000000,174977.100000000,237131.350000000,225.087483724,214.420609700,229.682691081
10,1000,all,hash,15,7535.076923077,7422.630769231,9709.638461538,2.369385016,2.348570932,2.429666034
10,1000,first,aho_corasick,15,1483005.857142857,1471724.135714286,1693198.014285714,1.593831613,1.582070975,1.889187046
10,1000,first,bndmq,15,190626.000000000,148320.950000000,265630.700000000,159.131469727,158.464951172,178.320543457
10,1000,first,hash,15,7517.473684211,7394.021052632,8724.131578947,1.673466197,1.665298091,1.704000912
10,10000,all,aho_corasick,15,13890562.500000000,13710088.824999999,15175285.475000001,5.087110189,4.510753866,5.861946492
10,10000,all,bndmq,15,1132083.000000000,1074587.500000000,1151448.800000000,2155.934311523,2109.502336100,2208.981099446
10,10000,all,hash,15,85328.250000000,83695.031250000,89671.518750000,3.667467448,3.594627879,3.752359782
10,10000,first,aho_corasick,15,14367416.500000000,13814902.199999999,14570267.550000001,3.000183105,2.420601399,3.462400390
10,10000,first,bndmq,15,1097750.000000000,1006806.150000000,1133274.350000000,984.270222982,979.853617350,992.847988200
10,10000,first,hash,15,85215.588235294,83860.970588235,90901.002941176,1.513408682,1.446927845,1.606936140
10,100000,all,aho_corasick,15,108592792.000000000,107839283.099999994,112498639.800000012,22.168647461,20.962368246,24.658794027
10,100000,all,hash,15,1220653.000000000,1175726.316666667,1248428.000000000,11.038004557,10.890991211,11.380866156
10,100000,first,aho_corasick,15,110241834.000000000,108872374.449999988,111693643.750000000,4.397041016,4.096317220,4.965664876
10,100000,first,bndmq,15,20051333.000000000,19853141.000000000,20537897.699999999,1713.319295247,1691.690264079,1749.469290039
10,100000,first,hash,15,1228742.363636364,1184374.631818182,1279701.118181818,0.418275775,0.344206853,0.564513183
10,1000000,all,aho_corasick,15,791904625.000000000,773583979.500000000,802566154.500000000,95.126477865,94.458841959,99.964029053
10,1000000,all,hash,15,22365250.000000000,22181782.549999997,24252166.350000001,29.182604167,28.155806315,32.828830485
10,1000000,first,aho_corasick,15,789105583.000000000,767672089.799999952,803277533.549999952,1.462809245,1.296098470,1.827558024
10,1000000,first,bndmq,15,193634667.000000000,185713560.750000000,235355401.949999988,1776.250406901,1733.939954997,2176.704094971
10,1000000,first,hash,15,21910209.000000000,20676712.600000001,23430148.050000001,0.459798177,0.446468425,0.504079183
12,1,all,aho_corasick,15,8955.734375000,8826.892968750,9435.221093750,0.623793081,0.617699927,0.628453573
12,1,all,bndmq,15,149.088541667,143.958333333,228.031770833,0.248639136,0.247814958,0.250675214
12,1,all,hash,15,170.562500000,133.931250000,261.845312500,1.698830922,1.695843956,1.711963500
12,1,first,aho_corasick,15,9244.789062500,8859.353515625,9780.080078125,0.406992162,0.401057164,0.410144433
12,1,first,bndmq,15,155.598958333,140.214322917,229.860416667,0.213961071,0.212428624,0.216319656
12,1,first,hash,15,168.609375000,134.632031250,330.461718750,1.315857569,1.314127810,1.333111127
12,2,all,aho_corasick,15,11815.750000000,11612.047656250,12289.521875000,4.416453044,4.400891248,4.536236922
12,2,all,bndmq,15,275.710937500,243.439062500,415.084375000,0.442087924,0.437529003,0.451670493
12,2,all,hash,15,197.906250000,152.218750000,340.099218750,1.810181936,1.803884668,1.822829200
12,2,first,aho_corasick,15,11746.093750000,11534.400781250,12012.686718750,3.302326202,3.296831346,3.330306530
12,2,first,bndmq,15,245.445312500,227.789843750,402.023437500,0.357552617,0.355462398,0.362130455
12,2,first,hash,15,187.500000000,136.296875000,303.883593750,1.404322510,1.400820138,1.578052733
12,4,all,aho_corasick,15,16121.750000000,15869.607031250,17016.014062500,1.245756149,1.239900601,1.268880410
12,4,all,bndmq,15,461.578125000,410.319531250,896.914843750,0.805286814,0.800823693,0.817249558
12,4,all,hash,15,262.359375000,168.553125000,354.430468750,2.010127157,2.001839755,2.045915127
12,4,first,aho_corasick,15,16236.328125000,15871.360937500,16803.313281250,1.024752731,1.023645660,1.035551911
12,4,first,bndmq,15,454.421875000,408.460156250,878.943750000,0.648636297,0.643677131,0.654724904
12,4,first,hash,15,216.781250000,154.167968750,340.686718750,1.546550318,1.544963725,1.565954791
12,8,all,aho_corasick,15,25537.750000000,25094.887500000,26743.023437500,1.244472911,1.233040408,1.265090101
12,8,all,bndmq,15,851.562500000,765.840625000,1513.812500000,1.493759155,1.487664769,1.515041987
12,8,all,hash,15,325.531250000,230.523437500,415.300000000,2.037311147,2.025304906,2.068113032
12,8,first,aho_corasick,15,25524.750000000,25047.834375000,27000.085937500,1.026272227,1.024226184,1.049090586
12,8,first,bndmq,15,953.125000000,786.118750000,2172.385937500,1.206152140,1.196759542,1.218886693
12,8,first,hash,15,316.437500000,216.460937500,497.851562500,1.566545715,1.561760590,1.589602872
12,16,all,aho_corasick,15,42617.187500000,41985.710937500,45321.865625000,1.239551951,1.235048327,1.243874456
12,16,all,bndmq,15,1533.875000000,1484.725000000,3581.221875000,2.840109863,2.827935358,2.872582352
12,16,all,hash,15,411.437500000,342.962500000,1369.243750000,2.263556620,2.252205083,2.283992141
12,16,first,aho_corasick,15,42723.937500000,41902.398437500,45039.846875000,1.031958262,1.025346878,1.049738790
12,16,first,bndmq,15,1619.812500000,1498.456250000,1736.040625000,2.265086772,2.260273784,2.280652786
12,16,first,hash,15,369.750000000,277.582812500,594.531250000,1.727038523,1.723121353,1.832036444
12,32,all,aho_corasick,15,74944.458333333,74214.312500000,79229.514583333,1.240045030,1.236195682,1.245034007
12,32,all,bndmq,15,3312.375000000,3008.881250000,34302.675000000,5.515246989,5.486568115,8.041612345
12,32,all,hash,15,528.687500000,425.046875000,1178.228125000,2.106742757,2.090542913,2.142976125
12,32,first,aho_corasick,15,76800.781250000,76386.385937500,79288.078125000,1.048819224,1.031445173,1.066697540
12,32,first,bndmq,15,2942.625000000,2817.968750000,7111.225000000,4.394785563,4.368874888,4.447434296
12,32,first,hash,15,538.208333333,412.564583333,1160.164583333,1.615501641,1.609915283,1.813350539
12,64,all,aho_corasick,15,137142.416666667,136764.516666667,142288.664583333,1.240358615,1.238005201,1.249591604
12,64,all,bndmq,15,5864.500000000,5608.962500000,14925.000000000,10.811920166,10.767772298,10.926215231
12,64,all,hash,15,736.937500000,711.943750000,1790.550000000,2.308146159,2.287999807,2.345693120
12,64,first,aho_corasick,15,138331.821428571,136728.685714286,142840.253571429,1.039152483,1.034462121,1.052609724
12,64,first,bndmq,15,5937.750000000,5590.600000000,12372.800000000,8.646511637,8.589683756,8.733952881
12,64,first,hash,15,752.000000000,700.685000000,1193.580000000,1.754045329,1.749751335,1.783756474
12,128,all,aho_corasick,15,257522.900000000,256029.345000000,263199.572500000,1.250122070,1.241650025,1.258565133
12,128,all,bndmq,15,11646.000000000,11041.500000000,29222.975000000,21.384752604,21.310506632,21.552634155
12,128,all,hash,15,1342.285714286,1292.692857143,2158.060714286,2.449970354,2.435499378,2.512820104
12,128,first,aho_corasick,15,257717.772727273,255088.313636364,266823.813636364,1.049280673,1.044623132,1.058965310
12,128,first,bndmq,15,11458.500000000,11161.575000000,30771.050000000,17.073262533,16.937203207,17.395665486
12,128,first,hash,15,1310.222222222,1287.061111111,1805.683333333,1.849466779,1.834873847,1.885384079
12,256,all,aho_corasick,15,494624.937500000,489242.728125000,502649.775000000,1.300426025,1.288320282,1.321653971
12,256,all,bndmq,15,22625.000000000,21848.350000000,48626.650000000,42.446831055,42.344546142,42.994395833
12,256,all,hash,15,2476.428571429,2414.739285714,3159.735714286,2.308436686,2.283630289,2.345733155
12,256,first,aho_corasick,15,492424.058823529,489844.588235294,501724.755882353,1.094456380,1.079415240,1.101596938
12,256,first,bndmq,15,23167.000000000,22181.350000000,57423.350000000,34.310234375,34.181759847,59.078148764
12,256,first,hash,15,2395.833333333,2358.725000000,3070.663888889,1.729747631,1.716723000,1.771350360
12,1000,all,aho_corasick,15,1940951.333333333,1924520.958333333,2049143.000000000,2.165030111,2.062475952,2.289188707
12,1000,all,bndmq,15,205625.000000000,171241.550000000,249972.600000000,173.703816732,171.510901937,179.931490723
12,1000,all,hash,15,8949.500000000,8870.142857143,12074.750000000,2.249920480,2.233925380,2.336249151
12,1000,first,aho_corasick,15,1963402.666666667,1930804.500000000,2058897.475000000,1.775851237,1.745301270,1.930562242
12,1000,first,bndmq,15,195417.000000000,151510.000000000,256933.450000000,135.771958008,134.938761393,137.082441895
12,1000,first,hash,15,8976.944444444,8845.022222222,10147.263888889,1.692542679,1.687916282,1.724057563
12,10000,all,aho_corasick,15,19614083.000000000,19383514.349999998,20079342.449999999,5.429619141,4.770510660,6.077558350
12,10000,all,bndmq,15,1141125.000000000,1102747.800000000,1181217.200000000,1732.773912760,1712.769518229,1768.715657552
12,10000,all,hash,15,99768.666666667,98832.733333333,107075.183333333,3.330922128,3.263163113,3.403923521
12,10000,first,aho_corasick,15,19496459.000000000,19108041.549999997,19902550.100000001,4.303317057,3.664760824,5.142529948
12,10000,first,bndmq,15,1125417.000000000,1074233.450000000,1170859.000000000,1318.147379557,1303.172515869,1321.988925700
12,10000,first,hash,15,99932.769230769,98588.553846154,104013.703846154,2.356447566,2.276949300,2.397992382
12,100000,all,aho_corasick,15,181314500.000000000,177628430.050000012,189912627.300000012,21.325887044,20.453222982,26.723645670
12,100000,all,hash,15,1345083.500000000,1327992.400000000,1386964.712500000,7.680511475,7.642939209,7.792503560
12,100000,first,aho_corasick,15,181087542.000000000,178127404.049999982,195024553.300000012,15.838689779,15.239535319,20.883450358
12,100000,first,hash,15,1350792.000000000,1314202.610000000,1399800.900000000,3.992065104,3.923440105,4.178645801
12,1000000,all,hash,15,17105792.000000000,16745441.449999999,17821218.300000001,7.843154297,7.282844238,8.880289713
12,1000000,first,hash,15,17175457.500000000,16468322.749999998,17635915.575000003,1.037937012,0.776902954,1.180058878
16,1,all,aho_corasick,15,9544.921875000,9395.853906250,10495.667187500,0.619910558,0.614419360,0.626276060
16,1,all,bndmq,15,158.203125000,149.409114583,522.495833333,0.204403144,0.204016686,0.297220510
16,1,all,hash,15,186.187500000,132.121875000,281.174218750,1.685420151,1.683415039,1.694899922
16,1,first,aho_corasick,15,9560.867187500,9477.551953125,9884.990234375,0.396513952,0.394831659,0.400199521
16,1,first,bndmq,15,172.312500000,143.233072917,226.697916667,0.186103550,0.185428625,0.190577754
16,1,first,hash,15,176.437500000,116.104687500,291.021093750,1.315781275,1.312523262,1.326966715
16,2,all,aho_corasick,15,13239.578125000,12948.374218750,13881.935156250,4.347525686,4.336131199,4.437665786
16,2,all,bndmq,15,262.039062500,241.763281250,437.030468750,0.336810760,0.335831278,0.341620201
16,2,all,hash,15,210.296875000,136.721875000,403.251562500,1.790914536,1.787398278,1.824945029
16,2,first,aho_corasick,15,13260.406250000,12943.946875000,13607.503906250,3.272742157,3.260009562,3.368821214
16,2,first,bndmq,15,243.820312500,234.166796875,349.592187500,0.285733541,0.285040988,0.288128429
16,2,first,hash,15,169.281250000,129.594531250,295.153125000,1.393808797,1.388517450,1.407222995
16,4,all,aho_corasick,15,18923.171875000,18733.900781250,19889.004687500,1.244409358,1.237909576,1.251332746
16,4,all,bndmq,15,451.843750000,415.916406250,962.136718750,0.609308879,0.606628315,0.614533153
16,4,all,hash,15,240.890625000,187.597656250,429.029687500,1.992916514,1.984803153,2.007792964
16,4,first,aho_corasick,15,19117.187500000,18812.660937500,19969.604687500,1.035502752,1.031965314,1.045795444
16,4,first,bndmq,15,458.984375000,420.586718750,1287.832421875,0.490577494,0.486013143,0.625772341
16,4,first,hash,15,216.140625000,175.925000000,451.242187500,1.538662364,1.537286761,1.546479178
16,8,all,aho_corasick,15,31152.343750000,30541.707812500,33056.246875000,1.243137767,1.233632317,1.244707654
16,8,all,bndmq,15,1028.625000000,817.310937500,1809.504687500,1.147058258,1.142276764,1.160842573
16,8,all,hash,15,304.687500000,253.906250000,631.973437500,1.996209920,1.984129298,2.023785698
16,8,first,aho_corasick,15,31750.000000000,30868.821875000,33219.517187500,1.036374817,1.032333285,1.053711143
16,8,first,bndmq,15,931.640625000,780.728906250,1258.461718750,0.906491776,0.901428036,0.924032518
16,8,first,hash,15,283.843750000,241.604687500,624.006250000,1.542284241,1.538319906,1.561505229
16,16,all,aho_corasick,15,54040.375000000,53336.218750000,56524.925000000,1.238905589,1.229641770,1.255350744
16,16,all,bndmq,15,1666.625000000,1555.737500000,3667.193750000,2.149759928,2.142422526,2.165406535
16,16,all,hash,15,458.375000000,368.846875000,690.125000000,2.315605977,2.296119680,2.333532801
16,16,first,aho_corasick,15,54697.906250000,53179.345312500,56344.657812500,1.041367900,1.031492668,1.054190117
16,16,first,bndmq,15,1669.281250000,1566.153125000,3949.279687500,1.711510569,1.705987785,1.723755402
16,16,first,hash,15,346.375000000,302.990625000,801.703125000,1.762233327,1.758860682,1.776004692
16,32,all,aho_corasick,15,99052.041666667,97138.847916667,102798.808333333,1.242124837,1.235135247,1.261923740
16,32,all,bndmq,15,3145.750000000,2996.668750000,7677.550000000,4.167658488,4.144491872,4.189325074
16,32,all,hash,15,632.812500000,481.003125000,1132.312500000,2.197702128,2.180033152,2.222494527
16,32,first,aho_corasick,15,99213.593750000,97748.698437500,102662.451562500,1.038824717,1.036054634,1.051946856
16,32,first,bndmq,15,3231.812500000,3033.606250000,5555.878125000,3.286891581,3.264160991,3.318568603
16,32,first,hash,15,562.541666667,487.335416667,1420.562500000,1.681843533,1.671139574,1.711208357
16,64,all,aho_corasick,15,184552.125000000,183269.566666667,191865.368750000,1.244393853,1.238845493,1.255215233
16,64,all,bndmq,15,6166.750000000,5882.787500000,12855.350000000,8.146464030,8.126330953,8.195955017
16,64,all,hash,15,902.833333333,826.362500000,2069.929166667,2.261895209,2.251421861,2.271701165
16,64,first,aho_corasick,15,184312.500000000,182943.316666667,193121.550000000,1.045334473,1.042032206,1.080812480
16,64,first,bndmq,15,6020.875000000,5947.918750000,11985.650000000,6.436954142,6.360434570,6.506910960
16,64,first,hash,15,837.450000000,809.172500000,1284.490000000,1.725741862,1.719676404,1.742776249
16,128,all,aho_corasick,15,352342.666666667,349957.061111111,416451.266666667,1.273132957,1.270040767,1.374307653
16,128,all,bndmq,15,12541.500000000,11669.775000000,25279.975000000,16.167874349,16.125968180,16.551839030
16,128,all,hash,15,1567.750000000,1508.709375000,2574.840625000,2.018157145,2.009595682,2.077088888
16,128,first,aho_corasick,15,353295.850000000,349930.812500000,369891.010000000,1.080498779,1.074588411,1.107197026
16,128,first,bndmq,15,11948.000000000,11629.275000000,20441.612500000,12.691226807,12.646558879,13.054489177
16,128,first,hash,15,1541.590909091,1500.822727273,1635.356818182,1.551233280,1.547325761,1.573382354
16,256,all,aho_corasick,15,696644.230769231,684475.988461538,714257.657692308,1.378095453,1.346507687,1.408965319
16,256,all,bndmq,15,23604.000000000,22972.525000000,42707.625000000,32.053291016,32.013676961,32.683668172
16,256,all,hash,15,3013.125000000,2972.562500000,3746.918750000,2.100923462,2.095057429,2.126959706
16,256,first,aho_corasick,15,688729.142857143,684152.378571428,708438.896428572,1.163485049,1.142876471,1.181592035
16,256,first,bndmq,15,23958.500000000,23127.950000000,38908.125000000,25.278794759,25.215188639,25.463794637
16,256,first,hash,15,3017.473684211,2964.844736842,3455.215789474,1.605553043,1.598834614,1.622415283
16,1000,all,aho_corasick,15,2928733.200000000,2850886.230000000,3032764.800000000,2.125122396,2.049657943,2.262904557
16,1000,all,bndmq,15,205417.000000000,176550.000000000,241661.200000000,127.653605143,126.591664795,128.542446940
16,1000,all,hash,15,10940.428571429,10828.760714286,13178.160714286,2.258983794,2.242852783,2.292880540
16,1000,first,aho_corasick,15,2925249.800000000,2863262.390000000,3050708.880000000,1.791937500,1.751334701,1.959054769
16,1000,first,bndmq,15,205084.000000000,167370.600000000,242940.800000000,99.419624023,97.653028157,124.329722087
16,1000,first,hash,15,10940.842105263,10855.810526316,12249.623684211,1.700103824,1.689298939,1.726529729
16,10000,all,aho_corasick,15,30913750.000000000,30696547.349999994,31838731.250000000,6.229790039,6.003716715,7.382340820
16,10000,all,bndmq,15,1168917.000000000,1090117.100000000,1227852.400000000,1273.318413086,1265.883633057,1287.834394857
16,10000,all,hash,15,121305.666666667,119459.183333333,128847.111111111,3.379064308,3.274587782,3.466766140
16,10000,first,aho_corasick,15,31071000.000000000,30356894.299999997,31572735.649999999,5.383435872,4.956922770,6.599669515
16,10000,first,bndmq,15,1165375.000000000,1077302.750000000,1206156.800000000,986.857299805,978.862518310,997.808867676
16,10000,first,hash,15,121243.083333333,120061.916666667,130919.141666667,2.466396891,2.417720520,2.600942796
16,100000,all,aho_corasick,15,354049958.000000000,346571560.399999976,373876008.449999988,23.740981445,22.632860514,28.277133138
16,100000,all,hash,15,1655979.250000000,1607782.287500000,1701674.312500000,7.315945231,7.259481771,7.404169800
16,100000,first,aho_corasick,15,357079917.000000000,347262533.649999976,389127898.250000000,21.132540690,20.170121419,26.332780274
16,100000,first,hash,15,1641906.250000000,1583893.775000000,1682420.587500000,5.478193766,5.382198222,5.598436015
16,1000000,all,hash,15,18158834.000000000,17770176.949999999,18804058.550000001,3.139513346,3.035250489,3.634179199
16,1000000,first,hash,15,18613728.500000000,18088671.924999997,20622116.550000001,2.552185059,2.259750203,2.971327230
20,1,all,aho_corasick,15,10423.828125000,9940.049218750,10936.970312500,0.615844727,0.610553535,0.627305882
20,1,all,bndmq,15,167.098958333,153.177083333,320.865885417,0.185787057,0.184852349,0.199355510
20,1,all,hash,15,192.062500000,125.392187500,352.991406250,1.672476654,1.670340059,1.685815016
20,1,first,aho_corasick,15,10172.859375000,10067.517187500,10371.581250000,0.391265539,0.387311980,0.398378446
20,1,first,bndmq,15,154.515625000,144.728906250,242.678645833,0.175725793,0.175221319,0.176427441
20,1,first,hash,15,191.406250000,143.485937500,375.544531250,1.317040126,1.314418522,1.331880999
20,2,all,aho_corasick,15,14563.796875000,14348.043750000,15329.911718750,4.422844798,4.412241024,4.469835235
20,2,all,bndmq,15,276.375000000,251.137890625,447.595312500,0.289963608,0.287722112,0.293713600
20,2,all,hash,15,200.515625000,164.965625000,400.193750000,1.775826365,1.772074108,1.971227761
20,2,first,aho_corasick,15,14355.468750000,14255.114062500,15124.929687500,3.346909409,3.341139682,3.375267653
20,2,first,bndmq,15,256.515625000,238.062500000,440.256640625,0.255778618,0.255140414,0.260061429
20,2,first,hash,15,194.015625000,129.857031250,340.768750000,1.391257172,1.388822703,1.400441909
20,4,all,aho_corasick,15,21878.265625000,21496.464062500,22600.846093750,1.245908737,1.242250660,1.266652486
20,4,all,bndmq,15,461.593750000,434.385156250,587.827343750,0.497948329,0.495057628,0.507343984
20,4,all,hash,15,277.984375000,217.250781250,467.194531250,1.968617986,1.960637887,2.065764965
20,4,first,aho_corasick,15,21840.500000000,21504.328906250,22429.658593750,1.044583842,1.042217670,1.050565764
20,4,first,bndmq,15,444.335937500,436.638281250,771.989843750,0.412861506,0.411382282,0.414702682
20,4,first,hash,15,255.203125000,206.870312500,504.946093750,1.533026174,1.529425783,1.544841142
20,8,all,aho_corasick,15,36852.875000000,36372.576562500,38138.031250000,1.247054240,1.232967293,1.270283699
20,8,all,bndmq,15,919.937500000,828.350000000,1495.735937500,0.928382874,0.925452656,0.943102081
20,8,all,hash,15,312.500000000,258.775000000,552.401562500,1.983956248,1.980084419,2.030955638
20,8,first,aho_corasick,15,37020.843750000,36453.731250000,39479.345312500,1.044996033,1.039867597,1.049222605
20,8,first,bndmq,15,967.437500000,855.735937500,1348.184375000,0.739881694,0.738148946,0.999988827
20,8,first,hash,15,304.687500000,256.771875000,484.053125000,1.548510691,1.545164192,1.562840266
20,16,all,aho_corasick,15,66699.218750000,65275.637500000,74494.525000000,1.246712952,1.242888245,1.340948305
20,16,all,bndmq,15,1845.031250000,1607.665625000,2579.957812500,1.712604065,1.707399770,1.721470286
20,16,all,hash,15,395.812500000,363.837500000,772.381250000,2.229834696,2.217754410,2.242240916
20,16,first,aho_corasick,15,66462.250000000,65090.820312500,68660.371875000,1.042279154,1.040096166,1.060433387
20,16,first,bndmq,15,1782.531250000,1622.282812500,3331.781250000,1.365502726,1.361031416,1.379027718
20,16,first,hash,15,429.687500000,395.295312500,703.954687500,1.718557129,1.714794238,1.735612061
20,32,all,aho_corasick,15,123112.875000000,120490.264583333,126112.231250000,1.247790324,1.239738345,1.254225850
20,32,all,bndmq,15,3182.250000000,3095.675000000,6052.618750000,3.270581563,3.260937785,3.291691417
20,32,all,hash,15,674.500000000,601.953125000,1143.112500000,2.354070841,2.344605977,2.384696314
20,32,first,aho_corasick,15,121384.093750000,120522.754687500,125459.139062500,1.049026947,1.044985865,1.051537234
20,32,first,bndmq,15,3294.312500000,3152.965625000,6113.075000000,2.588954468,2.567040787,2.625292506
20,32,first,hash,15,602.458333333,578.139583333,904.414583333,1.806705661,1.802281667,1.817327393
20,64,all,aho_corasick,15,235224.900000000,232138.777500000,257383.952500000,1.267747640,1.253240568,1.424659574
20,64,all,bndmq,15,6625.000000000,6155.493750000,12169.968750000,6.387464803,6.369621256,6.530605896
20,64,all,hash,15,1031.375000000,987.896875000,1118.912500000,2.203810018,2.191349263,2.221884476
20,64,first,aho_corasick,15,233574.666666667,231830.131250000,241688.733333333,1.057216458,1.055072785,1.064697035
20,64,first,bndmq,15,6588.500000000,6260.975000000,10498.218750000,5.002051392,4.977282674,5.150429708
20,64,first,hash,15,1043.700000000,1003.502500000,1667.457500000,1.691083984,1.685237834,1.745180513
20,128,all,aho_corasick,15,452914.000000000,449483.753125000,468609.518750000,1.313841044,1.300455541,1.319368383
20,128,all,bndmq,15,12802.250000000,12221.350000000,22465.737500000,12.594485677,12.564142008,12.847262736
20,128,all,hash,15,2003.071428571,1974.264285714,2674.742857143,2.540995280,2.516447928,2.586005278
20,128,first,aho_corasick,15,453391.166666667,448445.838888889,468063.494444444,1.116600568,1.106999932,1.132337217
20,128,first,bndmq,15,12572.750000000,12319.762500000,21563.737500000,9.833085531,9.773452758,10.029908874
20,128,first,hash,15,1968.687500000,1938.528125000,2751.275000000,1.926642354,1.910999227,1.957684087
20,256,all,aho_corasick,15,895736.166666667,891553.054166667,917398.933333333,1.417467990,1.391301357,1.444681804
20,256,all,bndmq,15,24583.500000000,24166.675000000,43171.825000000,24.981961263,24.914442098,25.235546631
20,256,all,hash,15,3658.400000000,3597.816666667,4284.466666667,2.123277561,2.112952772,2.148305897
20,256,first,aho_corasick,15,888406.333333333,882837.850000000,916441.083333333,1.193412950,1.186237047,1.225004523
20,256,first,bndmq,15,24313.000000000,23979.875000000,44613.550000000,19.508226725,19.446103923,19.650092570
20,256,first,hash,15,3677.631578947,3644.039473684,4182.526315789,1.615336400,1.611185936,1.632264349
20,1000,all,aho_corasick,15,3872542.250000000,3850095.562500000,4106582.437500000,2.163509521,2.154849039,2.397719971
20,1000,all,bndmq,15,216750.000000000,162771.150000000,255868.550000000,100.768569336,99.785433756,102.439256999
20,1000,all,hash,15,14074.357142857,13959.678571429,15365.953571429,2.266995791,2.253693447,2.305446016
20,1000,first,aho_corasick,15,3900510.250000000,3868595.512500000,4024741.125000000,1.929253743,1.867404683,2.075869466
20,1000,first,bndmq,15,197001.000000000,152810.650000000,256683.450000000,78.499552409,77.546674561,79.250033366
20,1000,first,hash,15,14092.611111111,13982.397222222,15291.313888889,1.739893663,1.724011805,1.771432373
20,10000,all,aho_corasick,15,43180583.000000000,42274827.099999994,44765889.350000001,6.636827799,5.631192220,8.117455729
20,10000,all,bndmq,15,1181584.000000000,1122478.600000000,1207789.250000000,1024.185859375,1003.049784343,1066.873654541
20,10000,all,hash,15,151125.000000000,149111.411111111,156897.111111111,3.175101635,3.131104085,3.273218659
20,10000,first,aho_corasick,15,43256416.000000000,42378972.899999999,45819679.399999999,5.319620768,4.659997396,6.481871663
20,10000,first,bndmq,15,1165458.000000000,1076427.300000000,1250113.250000000,784.844767253,772.554839356,822.748884766
20,10000,first,hash,15,153246.500000000,151171.570833333,156891.354166667,2.386965875,2.336674506,2.445174947
20,100000,all,aho_corasick,15,555379375.000000000,541602408.449999928,621262454.049999952,25.672674154,23.969594157,31.728577393
20,100000,all,hash,15,2029542.000000000,1966889.550000000,2136322.300000000,7.244307726,7.150785563,7.444902208
20,100000,first,aho_corasick,15,548351583.000000000,539085092.100000024,566986231.700000048,21.973808594,21.223602295,22.971045410
20,100000,first,hash,15,1992937.500000000,1953957.412500000,2034312.200000000,5.341796061,5.287285746,5.437485860
20,1000000,all,hash,15,21877458.000000000,21172024.449999999,22515437.050000001,3.084920247,2.958753987,3.510016927
20,1000000,first,hash,15,22134541.000000000,21551103.850000001,23171800.449999999,2.624443359,2.384867350,3.075022380
24,1,all,aho_corasick,15,10919.265625000,10734.082031250,11120.441406250,0.593029658,0.589747599,0.604767853
24,1,all,bndmq,15,159.723958333,151.260416667,270.536979167,0.176000943,0.175315037,0.177449018
24,1,all,hash,15,177.078125000,137.435156250,267.936718750,1.663593725,1.659064195,1.673253015
24,1,first,aho_corasick,15,11056.312500000,10887.711718750,17208.633203125,0.362248955,0.360451373,0.448406873
24,1,first,bndmq,15,160.161458333,150.736718750,263.325260417,0.174393124,0.173291991,0.177139491
24,1,first,hash,15,178.390625000,134.791406250,320.578125000,1.315863927,1.313695071,1.330683811
24,2,all,aho_corasick,15,15651.031250000,15459.630468750,16096.006250000,4.322323252,4.308494941,4.354393585
24,2,all,bndmq,15,282.226562500,257.475000000,474.074218750,0.260642904,0.257825103,0.268496640
24,2,all,hash,15,235.015625000,161.780468750,368.945312500,1.764105682,1.759176301,1.783360481
24,2,first,aho_corasick,15,15595.046875000,15447.114843750,16216.242187500,3.289367879,3.284455877,3.317632086
24,2,first,bndmq,15,251.078125000,245.553385417,423.223177083,0.235931608,0.235405269,0.237889242
24,2,first,hash,15,215.484375000,164.849218750,310.092968750,1.393956070,1.390367550,1.417785850
24,4,all,aho_corasick,15,24647.140625000,24093.395312500,25482.971875000,1.249356791,1.237193627,1.304907219
24,4,all,bndmq,15,506.835937500,449.732031250,809.237890625,0.433185883,0.430488294,0.439199448
24,4,all,hash,15,307.296875000,230.867968750,459.510156250,1.950290476,1.940638063,1.965046043
24,4,first,aho_corasick,15,24525.390625000,24269.298437500,25559.854687500,1.052251409,1.050286076,1.128711500
24,4,first,bndmq,15,464.179687500,444.373828125,860.564843750,0.363748868,0.362741940,0.366623771
24,4,first,hash,15,253.921875000,208.194531250,444.954687500,1.524225871,1.520184721,1.545046533
24,8,all,aho_corasick,15,42572.937500000,41815.303125000,45826.826562500,1.245343984,1.238027349,1.262153944
24,8,all,bndmq,15,913.406250000,845.078906250,5828.255468750,0.779289678,0.769556352,0.875030305
24,8,all,hash,15,329.406250000,288.853125000,468.959375000,1.946671804,1.938882739,1.964280675
24,8,first,aho_corasick,15,42984.343750000,42313.857812500,44709.892187500,1.052616933,1.048309448,1.066617760
24,8,first,bndmq,15,955.078125000,860.243750000,1494.021093750,0.631271998,0.620150098,0.633317049
24,8,first,hash,15,317.718750000,265.470312500,631.896875000,1.524115651,1.520511739,1.534152260
24,16,all,aho_corasick,15,77583.343750000,76122.581250000,80479.492187500,1.249400228,1.239657084,1.261946589
24,16,all,bndmq,15,1880.187500000,1752.725000000,5212.448437500,1.419436137,1.415696701,2.055907545
24,16,all,hash,15,500.000000000,441.303125000,818.325000000,2.237697144,2.227011943,2.249627030
24,16,first,aho_corasick,15,78410.156250000,76865.635937500,81329.759375000,1.053771973,1.050377823,1.084476275
24,16,first,bndmq,15,1902.375000000,1735.093750000,4890.220312500,1.131782583,1.127481651,1.154931035
24,16,first,hash,15,475.250000000,427.289062500,853.639062500,1.733065694,1.730029190,1.745190074
24,32,all,aho_corasick,15,144500.041666667,143138.108333333,150667.543750000,1.245922512,1.241263600,1.249183923
24,32,all,bndmq,15,3479.125000000,3349.471875000,4819.962500000,2.682393392,2.673870107,2.720126058
24,32,all,hash,15,723.937500000,688.400000000,1105.740625000,2.017851868,2.000803528,2.038485881
24,32,first,aho_corasick,15,145291.687500000,144383.990625000,148842.540625000,1.057938487,1.054262395,1.074558108
24,32,first,bndmq,15,3424.500000000,3318.625000000,5559.253125000,2.116444906,2.109107559,2.130006724
24,32,first,hash,15,725.708333333,671.308333333,1038.706250000,1.567724745,1.563147420,1.597013387
24,64,all,aho_corasick,15,284804.150000000,282879.615000000,303450.792500000,1.269585368,1.266351392,1.291648645
24,64,all,bndmq,15,6650.875000000,6445.243750000,9948.356250000,5.185945435,5.175964060,5.216482839
24,64,all,hash,15,1281.250000000,1225.796875000,2129.768750000,2.540207011,2.528678716,2.586704188
24,64,first,aho_corasick,15,284479.150000000,279851.990000000,294617.105000000,1.077128174,1.072319779,1.093396025
24,64,first,bndmq,15,6572.875000000,6456.975000000,11162.981250000,4.088507894,4.052407562,4.148880382
24,64,first,hash,15,1270.850000000,1221.740000000,1667.045000000,1.937299886,1.923891443,1.957547363
24,128,all,aho_corasick,15,552065.500000000,546299.607142857,564776.442857143,1.337454543,1.326707810,1.367995146
24,128,all,bndmq,15,13010.250000000,12719.025000000,23277.200000000,10.156046549,10.130539876,10.198766296
24,128,all,hash,15,2338.500000000,2289.959375000,3284.821875000,2.072800496,2.066007818,2.115035497
24,128,first,aho_corasick,15,549979.125000000,544669.293750000,576893.743750000,1.160049438,1.138578883,1.176119898
24,128,first,bndmq,15,13187.750000000,12830.262500000,19851.050000000,7.962951660,7.943405945,11.387360331
24,128,first,hash,15,2354.200000000,2298.052500000,2950.720000000,1.610449788,1.605937174,1.622357312
24,256,all,aho_corasick,15,1082270.700000000,1076550.275000000,1103967.480000000,1.430393229,1.422170801,1.468072054
24,256,all,bndmq,15,27083.000000000,25904.550000000,39756.200000000,20.217759603,20.142259196,20.550630087
24,256,all,hash,15,4705.230769231,4619.846153846,4968.396153846,2.324948918,2.303388741,2.361013904
24,256,first,aho_corasick,15,1093731.181818182,1082505.563636364,1130755.527272727,1.252423059,1.226481675,1.276448257
24,256,first,bndmq,15,26187.000000000,25667.375000000,42184.100000000,15.652499186,15.611882894,15.946192871
24,256,first,hash,15,4678.277777778,4629.916666667,5281.200000000,1.782697392,1.770472118,1.817287743
24,1000,all,aho_corasick,15,4881687.250000000,4821503.887499999,5047293.200000000,2.346259766,2.160207337,2.487865071
24,1000,all,bndmq,15,187125.000000000,167758.000000000,242364.150000000,83.595039063,83.199988281,84.726366374
24,1000,all,hash,15,17366.142857143,17143.053571429,18532.910714286,2.220158575,2.210348348,2.245360497
24,1000,first,aho_corasick,15,4884864.250000000,4787960.225000000,5051006.800000000,2.079501953,1.876483012,2.104110576
24,1000,first,bndmq,15,224417.000000000,172614.700000000,290200.550000000,66.044786784,64.817826823,67.127736572
24,1000,first,hash,15,17270.722222222,17146.863888889,18157.941666667,1.686130190,1.678463406,1.714658081
24,10000,all,aho_corasick,15,53951749.000000000,52807990.250000000,55194114.450000003,6.288723958,5.796874105,7.408365153
24,10000,all,bndmq,15,1218750.000000000,1141407.650000000,1263118.100000000,854.427083333,839.910177327,892.273220296
24,10000,all,hash,15,180879.555555556,179149.611111111,209520.250000000,3.042692781,2.985834229,3.178499394
24,10000,first,aho_corasick,15,54187542.000000000,52979668.749999993,55769451.650000006,5.833061523,5.044664876,6.667995687
24,10000,first,bndmq,15,1167667.000000000,1099741.650000000,1261361.950000000,659.178466797,656.421349040,695.734941813
24,10000,first,hash,15,180694.250000000,179360.225000000,188345.812500000,2.271700033,2.213482327,2.366850559
24,100000,all,aho_corasick,15,760593500.000000000,734204485.199999928,796841608.649999976,25.198092448,24.247273925,26.552073324
24,100000,all,hash,15,2299930.666666667,2279675.983333333,2350944.766666667,7.059913737,7.010845351,7.269585802
24,100000,first,aho_corasick,15,756018167.000000000,735795263.799999952,799153580.799999952,23.368190104,21.818251058,25.968525309
24,100000,first,hash,15,2290572.750000000,2263558.450000000,2330640.075000000,5.269351807,5.205313069,5.375084676
24,1000000,all,hash,15,24442250.000000000,24000516.449999996,25648444.300000001,3.017374674,2.879843018,3.586259114
24,1000000,first,hash,15,24986458.000000000,24176580.699999999,25995550.100000001,2.376708984,2.281362630,2.979271240
31,1,all,aho_corasick,15,12325.515625000,12148.564843750,13940.919531250,0.598799388,0.591282365,0.863324960
31,1,all,bndmq,15,171.661458333,159.288281250,258.821093750,0.170010817,0.169109998,0.173638793
31,1,all,hash,15,201.171875000,140.520312500,338.546875000,1.643594106,1.640796031,1.654577361
31,1,first,aho_corasick,15,12112.953125000,11905.005468750,12571.393750000,0.358237165,0.356290069,0.362029422
31,1,first,bndmq,15,199.656250000,162.793489583,1171.690625000,0.175946901,0.173575098,0.216383562
31,1,first,hash,15,179.031250000,138.272656250,356.928125000,1.314223607,1.311606421,1.331964027
31,2,all,aho_corasick,15,18453.125000000,18062.399218750,18826.466406250,4.281538849,4.267855588,4.337005139
31,2,all,bndmq,15,294.703125000,271.059635417,399.760156250,0.230366033,0.227977773,0.235737112
31,2,all,hash,15,217.453125000,181.217187500,425.246875000,1.738586426,1.735561318,1.748584285
31,2,first,aho_corasick,15,18215.500000000,17908.299218750,19228.324218750,3.291407700,3.285488447,3.329011340
31,2,first,bndmq,15,282.338541667,267.167447917,403.328906250,0.221631783,0.221211394,0.229635182
31,2,first,hash,15,201.171875000,162.453906250,340.135156250,1.387566452,1.384656950,1.404684384
31,4,all,aho_corasick,15,29265.640625000,28750.008593750,30327.609375000,1.247853190,1.238283646,1.256653680
31,4,all,bndmq,15,498.367187500,477.987890625,731.056250000,0.343510310,0.342660023,0.347628494
31,4,all,hash,15,276.703125000,241.212500000,502.708593750,1.917685394,1.911400059,1.934018717
31,4,first,aho_corasick,15,29557.937500000,29065.698437500,30512.791406250,1.069508642,1.065832252,1.077989305
31,4,first,bndmq,15,503.570312500,486.013671875,784.659375000,0.315024045,0.311089727,0.316532145
31,4,first,hash,15,324.875000000,252.575000000,655.859375000,1.520714238,1.513799511,1.591157380
31,8,all,aho_corasick,15,52973.937500000,52595.432812500,54679.762500000,1.246551971,1.238792335,1.266588857
31,8,all,bndmq,15,991.531250000,918.725781250,1732.098437500,0.604465281,0.586222532,0.608256513
31,8,all,hash,15,365.875000000,314.271875000,644.864062500,1.917722524,1.907554827,1.930748220
31,8,first,aho_corasick,15,52470.062500000,52179.375000000,55466.871875000,1.065909068,1.063437770,1.073457840
31,8,first,bndmq,15,1042.968750000,931.277343750,1540.268750000,0.491206919,0.489246847,0.505361451
31,8,first,hash,15,348.937500000,317.762500000,448.385937500,1.514812063,1.510256455,1.525578405
31,16,all,aho_corasick,15,97786.468750000,96388.637500000,101295.939062500,1.249917297,1.242596192,1.266394648
31,16,all,bndmq,15,1886.687500000,1838.715625000,3381.646875000,1.061738332,1.058280538,1.071327181
31,16,all,hash,15,571.625000000,490.228125000,732.470312500,1.959652354,1.946873993,1.985938311
31,16,first,aho_corasick,15,98067.718750000,97065.240625000,101705.465625000,1.069403737,1.066617849,1.086171155
31,16,first,bndmq,15,1947.937500000,1899.741666667,2900.515625000,0.893201463,0.869737257,0.903193829
31,16,first,hash,15,593.750000000,497.067187500,800.695312500,1.542517344,1.538288636,1.561480840
31,32,all,aho_corasick,15,186819.416666667,184995.512500000,192108.697916667,1.255086263,1.248121786,1.259865312
31,32,all,bndmq,15,3695.375000000,3559.628125000,5220.415625000,1.981264750,1.975778768,2.010963028
31,32,all,hash,15,924.562500000,851.275000000,1355.187500000,2.106492818,2.096074422,2.140678874
31,32,first,aho_corasick,15,187940.958333333,185273.012500000,190777.385416667,1.073390842,1.071258121,1.088696055
31,32,first,bndmq,15,3631.958333333,3571.833333333,5123.002083333,1.593675944,1.586128102,1.628870548
31,32,first,hash,15,887.125000000,838.043750000,1267.704166667,1.653012899,1.646428419,1.658933553
31,64,all,aho_corasick,15,369931.250000000,365466.140000000,383517.802500000,1.306620361,1.296922660,1.341940800
31,64,all,bndmq,15,7076.333333333,7024.625000000,9562.566666667,3.787067329,3.775548177,3.826393440
31,64,all,hash,15,1677.125000000,1579.940625000,3708.459375000,2.261488139,2.248735641,3.173842168
31,64,first,aho_corasick,15,367693.750000000,363543.240000000,377335.252500000,1.130930583,1.117548116,1.155790129
31,64,first,bndmq,15,7111.166666667,7056.925000000,10585.562500000,3.027671577,3.020146491,3.037390842
31,64,first,hash,15,1622.850000000,1562.722500000,2142.592500000,1.753719564,1.741247213,1.782417297
31,128,all,aho_corasick,15,726982.750000000,717583.854166667,745474.145833333,1.388176812,1.380115038,1.415358161
31,128,all,bndmq,15,14159.833333333,13894.375000000,18052.233333333,7.390374078,7.364920193,7.435323011
31,128,all,hash,15,3110.285714286,3034.792857143,3771.532142857,2.534266764,2.516427089,2.558636655
31,128,first,aho_corasick,15,720958.357142857,715298.764285714,750700.296428571,1.217370257,1.202889236,1.238468244
31,128,first,bndmq,15,14007.166666667,13873.191666667,18715.425000000,5.866868761,5.852462768,5.949681044
31,128,first,hash,15,3104.312500000,3066.018750000,3576.175000000,1.955367228,1.945928187,1.972720952
31,256,all,aho_corasick,15,1437578.375000000,1426363.956250000,1515258.306250000,1.511069132,1.478998026,1.540754181
31,256,all,bndmq,15,28083.333333333,27843.016666667,44574.416666667,14.649386936,14.564874783,14.755436659
31,256,all,hash,15,5869.533333333,5809.430000000,8039.640000000,2.219988607,2.194682053,2.505861535
31,256,first,aho_corasick,15,1439430.444444444,1425777.766666667,1490171.138888889,1.330739656,1.305996717,1.378917851
31,256,first,bndmq,15,28222.333333333,27775.333333333,45979.166666667,11.649825304,11.558438965,11.919356798
31,256,first,hash,15,5940.947368421,5848.021052632,7561.302631579,1.707060290,1.685383185,1.937611538
31,1000,all,aho_corasick,15,6578194.000000000,6522018.049999999,6697160.449999999,2.443576389,2.264332140,2.536119900
31,1000,all,bndmq,15,219375.000000000,171485.000000000,281178.850000000,64.439357096,63.182244385,65.781219645
31,1000,all,hash,15,22907.785714286,22710.582142857,24191.246428571,2.283378441,2.266322737,2.322687907
31,1000,first,aho_corasick,15,6547611.000000000,6499729.316666666,6719816.633333334,2.080213759,1.996301541,2.281793782
31,1000,first,bndmq,15,222375.000000000,170316.450000000,276080.800000000,51.395805664,49.995611898,52.829234700
31,1000,first,hash,15,23199.055555556,22731.725000000,82331.758333333,1.773444191,1.750344509,2.803930167
31,10000,all,aho_corasick,15,74728167.000000000,74047314.899999991,76660760.849999994,7.800292969,6.918874105,8.365189941
31,10000,all,bndmq,15,1276541.000000000,1143708.000000000,1341345.600000000,663.037042643,642.982906250,699.949538574
31,10000,all,hash,15,236384.333333333,234419.722222222,257579.400000000,2.939053639,2.908181948,3.116807328
31,10000,first,aho_corasick,15,74137875.000000000,72580449.750000000,75801500.000000000,6.521064453,5.537024984,7.458682943
31,10000,first,bndmq,15,1230292.000000000,1158971.150000000,1271775.550000000,517.623629557,503.201196126,538.863603760
31,10000,first,hash,15,238763.833333333,237104.808333333,242595.741666667,2.212942708,2.192593384,2.272132494
31,100000,all,aho_corasick,15,1118153542.000000000,1071423124.899999976,1290412164.600000143,26.155260417,25.260480713,43.029605631
31,100000,all,hash,15,2922903.000000000,2859734.100000000,2966799.883333334,6.785368381,6.647248860,6.907113661
31,100000,first,aho_corasick,15,1104197875.000000000,1073639522.899999976,1193811798.150000095,23.743896484,22.712422689,25.804742269
31,100000,first,hash,15,2936510.500000000,2889011.375000000,3029466.312500000,5.164303385,5.034594218,5.297661865
31,1000000,all,hash,15,32931125.000000000,31742407.999999996,33880087.950000003,3.656209310,3.185225098,3.919762533
31,1000000,first,hash,15,32455334.000000000,31644602.399999999,33819848.450000003,2.683308919,2.318457520,2.932176351
40,1,all,aho_corasick,15,13985.687500000,13674.938281250,14641.637500000,0.941478933,0.938169209,0.953493969
40,1,all,bndmq,15,174.046875000,167.100781250,259.691406250,0.176637429,0.176014654,0.177443201
40,1,all,hash,15,199.218750000,153.683593750,357.782031250,1.615941798,1.612520806,1.628126089
40,1,first,aho_corasick,15,13772.765625000,13600.982031250,14714.117187500,0.631931076,0.629422444,0.643417415
40,1,first,bndmq,15,177.302083333,170.244531250,246.039322917,0.190913942,0.188637486,0.191355037
40,1,first,hash,15,169.921875000,149.078125000,352.609375000,1.312218781,1.309817211,1.322570322
40,2,all,aho_corasick,15,21478.531250000,21108.122656250,22335.838281250,4.229934489,4.214734886,4.375721993
40,2,all,bndmq,15,298.609375000,292.392447917,399.033854167,0.227192425,0.226515309,0.229400371
40,2,all,hash,15,246.109375000,222.567187500,386.523437500,1.706955185,1.701913513,1.712256646
40,2,first,aho_corasick,15,21322.265625000,20869.927343750,22211.775000000,3.290415878,3.285199600,3.384636720
40,2,first,bndmq,15,298.171875000,284.951822917,376.869791667,0.230313407,0.229427177,0.231335660
40,2,first,hash,15,244.796875000,201.012500000,410.805468750,1.382029851,1.380881307,1.396228099
40,4,all,aho_corasick,15,35576.828125000,35066.697656250,36828.063281250,1.243352890,1.235110860,1.254434368
40,4,all,bndmq,15,528.000000000,519.547265625,790.887890625,0.321932373,0.321254520,0.324384077
40,4,all,hash,15,307.953125000,288.209375000,460.219531250,1.866441294,1.860844977,1.883870013
40,4,first,aho_corasick,15,35697.250000000,35348.997656250,37708.629687500,1.085720062,1.083983006,1.104251923
40,4,first,bndmq,15,534.843750000,520.516406250,853.705859375,0.304971275,0.304240833,0.306932087
40,4,first,hash,15,365.234375000,278.166406250,481.868750000,1.517616908,1.497017322,1.551682199
40,8,all,aho_corasick,15,66307.281250000,65437.106250000,68541.475000000,1.245180766,1.237479963,1.257993810
40,8,all,bndmq,15,1083.328125000,996.782812500,1783.184375000,0.527723083,0.524554604,0.535064809
40,8,all,hash,15,442.687500000,376.760937500,819.146875000,1.875322164,1.864047882,1.897020573
40,8,first,aho_corasick,15,65903.656250000,65413.473437500,68578.501562500,1.086586863,1.083186378,1.103468053
40,8,first,bndmq,15,1123.708333333,1009.065625000,2010.399479167,0.459461907,0.452649083,0.639397057
40,8,first,hash,15,502.625000000,412.835937500,817.207812500,1.501719157,1.496222903,1.550703662
40,16,all,aho_corasick,15,124324.250000000,122741.231250000,129810.765625000,1.244256744,1.236130033,1.254877604
40,16,all,bndmq,15,2085.062500000,2006.060416667,3003.808333333,0.925949978,0.924009416,0.938026138
40,16,all,hash,15,710.937500000,613.729687500,912.831250000,1.926553497,1.914912537,1.948412796
40,16,first,aho_corasick,15,124114.593750000,122844.081250000,133502.234375000,1.089197795,1.084728452,1.096791240
40,16,first,bndmq,15,2133.687500000,1971.610416667,5769.033333333,0.774023200,0.765685935,0.809844769
40,16,first,hash,15,669.281250000,610.796875000,856.910937500,1.537189484,1.534951126,1.546681320
40,32,all,aho_corasick,15,242966.958333333,240857.777083333,248282.816666667,1.257507935,1.251662004,1.266471720
40,32,all,bndmq,15,3913.166666667,3853.143750000,4297.637500000,1.677760349,1.673983785,1.687736230
40,32,all,hash,15,1148.437500000,1094.887500000,1608.690625000,2.172177633,2.164540833,2.207524394
40,32,first,aho_corasick,15,242052.125000000,239058.727083333,245863.656250000,1.099915771,1.094794447,1.105647275
40,32,first,bndmq,15,3944.458333333,3855.185416667,5497.293750000,1.366916233,1.350684709,1.388106974
40,32,first,hash,15,1144.083333333,1106.050000000,1714.835416667,1.715636122,1.711130066,1.744284312
40,64,all,aho_corasick,15,479200.500000000,477292.825000000,494888.034375000,1.353064575,1.334704259,1.384854177
40,64,all,bndmq,15,7899.333333333,7704.979166667,12360.854166667,3.174704047,3.160035787,3.208245619
40,64,all,hash,15,2130.250000000,2050.528125000,2719.415625000,2.265090841,2.254083389,2.299395691
40,64,first,aho_corasick,15,480046.812500000,475509.868750000,496982.306250000,1.181513570,1.176593043,1.201763331
40,64,first,bndmq,15,7718.687500000,7617.928125000,8896.534375000,2.526588440,2.520477330,2.535644048
40,64,first,hash,15,2127.100000000,2051.595000000,2541.990000000,1.782952230,1.772680709,1.798071456
40,128,all,aho_corasick,15,949258.400000000,942849.175000000,980399.670000000,1.452670410,1.421716488,1.471800619
40,128,all,bndmq,15,15639.000000000,15252.850000000,19151.000000000,6.142645942,6.122584025,6.282355414
40,128,all,hash,15,4154.714285714,4029.157142857,4472.242857143,2.563665597,2.525079840,2.593701764
40,128,first,aho_corasick,15,948701.500000000,942673.683333333,970677.975000000,1.302122938,1.272916917,1.309148404
40,128,first,bndmq,15,15302.125000000,15151.306250000,19098.681250000,4.908108114,4.890126658,4.936217194
40,128,first,hash,15,4130.250000000,4053.000000000,4954.265625000,1.978128153,1.960172450,2.022423900
40,256,all,aho_corasick,15,1905417.000000000,1895550.907142857,1964673.578571429,1.619088542,1.604931187,1.712946859
40,256,all,bndmq,15,30777.666666667,30303.983333333,42687.900000000,12.190234375,12.095020318,12.274114339
40,256,all,hash,15,8112.062500000,7950.778125000,15923.625000000,2.023590800,2.009098348,2.917991012
40,256,first,aho_corasick,15,1915857.000000000,1895684.478571428,2233829.542857143,1.524745396,1.447700951,1.597457566
40,256,first,bndmq,15,30541.500000000,30191.775000000,37725.925000000,9.492170817,9.477078756,9.615412252
40,256,first,hash,15,8025.000000000,7932.187500000,8385.822500000,1.595096436,1.592139429,1.614299797
40,1000,all,aho_corasick,15,8739875.000000000,8592600.050000001,8964904.000000000,2.343750000,2.312937500,2.633440064
40,1000,all,bndmq,15,226792.000000000,186347.700000000,258823.600000000,53.600260417,52.614224284,55.151173747
40,1000,all,hash,15,30616.666666667,30337.330000000,32226.506666667,2.047530816,2.036240929,2.074005876
40,1000,first,aho_corasick,15,8805666.500000000,8692781.300000001,9158483.050000001,2.217068685,2.085677205,2.527444051
40,1000,first,bndmq,15,212541.000000000,187391.250000000,253961.950000000,41.790296224,40.942857178,42.501440918
40,1000,first,hash,15,30583.421052632,30463.194736842,31584.381578947,1.602690173,1.597710616,1.616176989
40,10000,all,aho_corasick,15,103307876.000000000,101101037.599999994,105784171.050000012,8.067151693,7.467081543,9.430514486
40,10000,all,bndmq,15,1338708.000000000,1285081.800000000,1429246.500000000,570.472548828,537.098737386,588.343597412
40,10000,all,hash,15,315416.555555556,313615.633333333,324254.327777778,2.921571904,2.883158574,3.029570141
40,10000,first,aho_corasick,15,102932751.000000000,101093218.949999988,104569382.900000006,7.279459635,6.382372070,7.739030599
40,10000,first,bndmq,15,1346167.000000000,1222018.100000000,2151253.950000000,433.636067708,424.570824707,461.806440023
40,10000,first,hash,15,316507.636363636,315010.218181818,323719.509090909,2.221771869,2.178900776,2.308388442
40,100000,all,aho_corasick,15,1515059542.000000000,1494652179.049999952,1606949012.950000048,27.024195964,25.158426921,27.942190267
40,100000,all,hash,15,3632111.000000000,3613550.816666666,3719362.066666666,6.254769965,6.196681804,6.451947645
40,100000,first,aho_corasick,15,1523374958.000000000,1500243558.449999809,1572416437.950000048,24.431083984,22.937784831,28.404564942
40,100000,first,hash,15,3704361.333333333,3633493.316666666,3847176.483333333,4.834097765,4.726137506,5.027050835
40,1000000,all,hash,15,38444584.000000000,37667162.599999994,40162889.799999997,2.961085612,2.792714600,3.530059814
40,1000000,first,hash,15,38679667.000000000,38165872.599999994,40697958.100000001,2.651909180,2.384281820,3.154758382
48,1,all,aho_corasick,15,15515.625000000,15231.469531250,17203.839843750,0.922382151,0.918001593,1.001747380
48,1,all,bndmq,15,189.453125000,172.485416667,310.937500000,0.188806669,0.187781826,0.190709241
48,1,all,hash,15,223.968750000,174.739843750,284.464062500,1.590089798,1.588071031,1.617060505
48,1,first,aho_corasick,15,15249.343750000,14898.473437500,15709.686718750,0.616854553,0.613163415,0.625366211
48,1,first,bndmq,15,185.333333333,179.900520833,262.465104167,0.206791924,0.202452997,0.208253312
48,1,first,hash,15,202.468750000,163.865625000,304.482031250,1.311979294,1.307652964,1.321837065
48,2,all,aho_corasick,15,24191.406250000,23879.228125000,25364.150000000,4.138725077,4.124639191,4.193116244
48,2,all,bndmq,15,316.843750000,306.733593750,418.901302083,0.231895091,0.228237001,0.233144811
48,2,all,hash,15,251.953125000,198.407812500,397.853125000,1.677487691,1.671748897,1.700134525
48,2,first,aho_corasick,15,24160.156250000,23821.678125000,24812.402343750,3.268855413,3.266039369,3.381583529
48,2,first,bndmq,15,312.286458333,294.662760417,447.099479167,0.235024914,0.234214783,0.240017419
48,2,first,hash,15,218.093750000,188.932031250,339.019531250,1.377545471,1.375212931,1.386264698
48,4,all,aho_corasick,15,41777.984375000,40966.939062500,43710.642968750,1.250304133,1.242733046,1.288294114
48,4,all,bndmq,15,554.359375000,544.183593750,803.364843750,0.307824351,0.306969591,0.310512593
48,4,all,hash,15,363.281250000,298.924218750,478.738281250,1.828118439,1.822431450,1.840067906
48,4,first,aho_corasick,15,42414.062500000,41358.573437500,43477.415625000,1.104723612,1.101076012,1.152978161
48,4,first,bndmq,15,557.945312500,549.711328125,800.746875000,0.294520594,0.291080765,0.295952797
48,4,first,hash,15,360.031250000,316.634375000,427.306250000,1.486124446,1.484500092,1.496292753
48,8,all,aho_corasick,15,77963.562500000,76433.254687500,81999.092187500,1.247567037,1.238973099,1.272409556
48,8,all,bndmq,15,1105.906250000,1055.605729167,1426.172916667,0.469228956,0.467077247,0.471677126
48,8,all,hash,15,462.250000000,427.737500000,675.842187500,1.827540894,1.824312528,1.836572558
48,8,first,aho_corasick,15,78042.968750000,76689.915625000,80129.739062500,1.103926799,1.100982661,1.118352974
48,8,first,bndmq,15,1077.260416667,1058.746875000,1355.380729167,0.406250424,0.404766884,0.409770090
48,8,first,hash,15,460.937500000,439.731250000,607.559375000,1.490323792,1.485535393,1.514438624
48,16,all,aho_corasick,15,147544.250000000,146258.079687500,150894.417187500,1.246289164,1.241165919,1.264632940
48,16,all,bndmq,15,2228.270833333,2156.393750000,3308.900000000,0.785381198,0.783004697,0.800265947
48,16,all,hash,15,804.687500000,746.168750000,1037.554687500,1.976519674,1.968626144,1.995693954
48,16,first,aho_corasick,15,147835.937500000,145532.175000000,150314.706250000,1.110725403,1.105500951,1.133367744
48,16,first,bndmq,15,2166.666666667,2110.430208333,3460.407291667,0.662562052,0.642992742,0.677743636
48,16,first,hash,15,822.906250000,741.375000000,1022.971875000,1.595100810,1.588426071,1.608088358
48,32,all,aho_corasick,15,293878.500000000,289953.645833333,298797.962500000,1.271382039,1.264926056,1.293686425
48,32,all,bndmq,15,4159.708333333,4116.579166667,5088.695833333,1.372847426,1.369761454,1.387669026
48,32,all,hash,15,1421.916666667,1345.645833333,1768.729166667,1.943204007,1.929402788,1.956622877
48,32,first,aho_corasick,15,292605.958333333,289006.912500000,304002.854166667,1.132221951,1.124499288,1.179725291
48,32,first,bndmq,15,4248.718750000,4130.917187500,7281.387500000,1.126376241,1.121330495,1.935709318
48,32,first,hash,15,1404.500000000,1350.827083333,2155.550000000,1.567032471,1.560461599,1.581912594
48,64,all,aho_corasick,15,575328.125000000,572004.025000000,588877.893750000,1.395378215,1.373983139,1.407927811
48,64,all,bndmq,15,8276.125000000,8192.756250000,10447.368750000,2.533455098,2.528611862,2.571879974
48,64,all,hash,15,2765.562500000,2613.753125000,3304.153125000,2.186936340,2.172306341,2.454484691
48,64,first,aho_corasick,15,575158.937500000,571125.396875000,588138.706250000,1.231998800,1.226872340,1.254736247
48,64,first,bndmq,15,8312.500000000,8182.790625000,12141.715625000,2.051696676,2.045362249,2.075472290
48,64,first,hash,15,2647.900000000,2625.735000000,2912.087500000,1.738576335,1.727863371,1.752942367
48,128,all,aho_corasick,15,1153504.300000000,1136975.220000000,1173854.835000000,1.487914876,1.456912044,1.513866610
48,128,all,bndmq,15,16234.375000000,16105.556250000,20498.587500000,4.831347860,4.821281412,4.860247721
48,128,all,hash,15,5169.250000000,5039.043750000,6155.593750000,2.209137777,2.192741704,2.259141464
48,128,first,aho_corasick,15,1145504.000000000,1132249.990000000,1179365.080000000,1.325276693,1.314488835,1.393357552
48,128,first,bndmq,15,16216.700000000,16042.050000000,20312.260000000,3.830220703,3.791905681,3.915592041
48,128,first,hash,15,5076.388888889,5048.822222222,5895.788888889,1.752967213,1.742561989,1.782682233
48,256,all,aho_corasick,15,2333979.333333333,2287481.891666667,2375609.325000000,1.603608127,1.573891235,1.645614054
48,256,all,bndmq,15,32541.250000000,32333.087500000,41516.087500000,9.535844727,9.465974243,9.677250732
48,256,all,hash,15,9927.933333333,9896.363333333,10785.966666667,2.027140299,2.018112571,2.067900277
48,256,first,aho_corasick,15,2370312.500000000,2330625.475000000,2438657.816666667,1.507365180,1.438409152,1.551569295
48,256,first,bndmq,15,32833.400000000,32231.450000000,38747.520000000,7.463921875,7.401165707,7.504023779
48,256,first,hash,15,9986.842105263,9911.618421053,10823.136842105,1.628956620,1.622804311,1.655507770
48,1000,all,aho_corasick,15,10738000.000000000,10618061.574999999,11034275.650000000,2.618679199,2.461958333,2.817043376
48,1000,all,bndmq,15,220458.000000000,193472.800000000,257172.600000000,45.667928060,43.635671712,46.116664957
48,1000,all,hash,15,38622.200000000,38387.206666667,39869.346666667,2.085847005,2.073689410,2.107027979
48,1000,first,aho_corasick,15,10657958.000000000,10522743.649999999,10962120.675000001,2.382236328,2.229172282,2.595519735
48,1000,first,bndmq,15,235499.000000000,193339.600000000,262889.350000000,34.350110677,33.592352620,35.320387126
48,1000,first,hash,15,38845.055555556,38631.747222222,40110.413888889,1.663102575,1.653663791,1.685738466
48,10000,all,aho_corasick,15,124265459.000000000,123258662.149999991,128859915.150000006,7.772963867,7.207343587,8.693430745
48,10000,all,bndmq,15,1347001.000000000,1302895.850000000,1427718.300000000,460.882433268,443.282983236,476.584631836
48,10000,all,hash,15,393235.888888889,390275.344444444,405247.233333333,2.701860532,2.657688920,2.807113380
48,10000,first,aho_corasick,15,126489124.000000000,124084837.500000000,137101185.199999988,7.429944661,6.777584147,8.687527669
48,10000,first,bndmq,15,1390542.000000000,1306160.300000000,1455796.300000000,352.846476237,341.856329834,373.294458414
48,10000,first,hash,15,396697.833333333,394820.579166667,407792.500000000,2.150585259,2.071745809,2.206720954
48,100000,all,aho_corasick,15,1887243666.000000000,1847168645.299999952,1950973341.450000048,26.288385417,24.982364583,27.075815837
48,100000,all,hash,15,4641347.333333333,4534166.633333333,4786126.316666667,5.903772786,5.827085205,6.057597792
48,100000,first,aho_corasick,15,1873165625.000000000,1835485599.750000000,1960817129.500000000,23.579101562,22.734128011,25.130119629
48,100000,first,hash,15,4653444.666666667,4560261.183333334,5439985.533333333,4.518614366,4.373656277,5.219839762
48,1000000,all,hash,15,49556291.000000000,48529849.549999997,53431219.200000003,3.330891927,2.975552734,3.632921387
48,1000000,first,hash,15,48722374.000000000,47850130.149999999,50121198.349999994,2.625665690,2.223489502,3.059340251
64,1,all,aho_corasick,15,17974.609375000,17671.256250000,18908.825000000,0.916117554,0.908840815,0.923283058
64,1,all,bndmq,15,207.901041667,196.134895833,276.229687500,0.214372211,0.213697231,0.215183150
64,1,all,hash,15,201.187500000,172.585937500,388.548437500,1.547605718,1.545400606,1.560207365
64,1,first,aho_corasick,15,18073.562500000,17749.112500000,31532.848437500,0.571141790,0.569381873,0.748344639
64,1,first,bndmq,15,204.640625000,191.673958333,275.935416667,0.233126390,0.232080006,0.234524901
64,1,first,hash,15,233.718750000,184.178125000,377.504687500,1.308962504,1.307838758,1.319401797
64,2,all,aho_corasick,15,29513.671875000,29394.659375000,30127.967187500,3.921280975,3.907517160,3.947181601
64,2,all,bndmq,15,363.708333333,342.816145833,487.701562500,0.253844799,0.252252572,0.255775288
64,2,all,hash,15,283.203125000,250.064843750,363.447656250,1.621807938,1.619382437,1.634106273
64,2,first,aho_corasick,15,29304.031250000,28953.053125000,30470.571093750,3.185502167,3.177891411,3.222672348
64,2,first,bndmq,15,349.281250000,333.155078125,510.122656250,0.266275927,0.261589772,0.267107936
64,2,first,hash,15,282.546875000,233.114062500,441.377343750,1.368800278,1.366317749,1.379761637
64,4,all,aho_corasick,15,52499.359375000,52136.746093750,54982.132031250,1.247848918,1.239030518,1.260450107
64,4,all,bndmq,15,634.765625000,614.386328125,691.358203125,0.313028234,0.311794968,0.315565060
64,4,all,hash,15,404.953125000,361.355468750,601.881250000,1.751980235,1.747124789,1.774184442
64,4,first,aho_corasick,15,52450.531250000,52027.463281250,53385.541406250,1.136524429,1.133941274,1.148533230
64,4,first,bndmq,15,653.648437500,610.786718750,902.928906250,0.303290151,0.301259140,0.341976259
64,4,first,hash,15,435.546875000,363.778125000,561.131250000,1.462606837,1.461221277,1.527937309
64,8,all,aho_corasick,15,100877.625000000,99920.004687500,104484.378125000,1.250822296,1.245841868,1.265205384
64,8,all,bndmq,15,1210.937500000,1190.365625000,1487.962500000,0.424098952,0.423378946,0.430285491
64,8,all,hash,15,707.031250000,622.142187500,1018.873437500,1.765494893,1.757999125,1.891123337
64,8,first,aho_corasick,15,101033.875000000,99863.137500000,104339.637500000,1.137830963,1.134116808,1.155029302
64,8,first,bndmq,15,1318.125000000,1206.755729167,1550.670312500,0.390487247,0.386584709,0.395751684
64,8,first,hash,15,636.718750000,581.692187500,960.139062500,1.476279348,1.469007698,1.501397451
64,16,all,aho_corasick,15,191868.437500000,191192.701562500,197125.712500000,1.255160370,1.250116895,1.257434634
64,16,all,bndmq,15,2432.296875000,2391.438281250,2928.408593750,0.641561050,0.639752338,0.645125870
64,16,all,hash,15,1055.968750000,995.820312500,1626.062500000,1.852378845,1.843416639,2.017394244
64,16,first,aho_corasick,15,194342.437500000,192341.546875000,200519.201562500,1.144453684,1.139835904,1.153628751
64,16,first,bndmq,15,2423.828125000,2343.429687500,3023.733593750,0.547407990,0.544877903,0.556614909
64,16,first,hash,15,1078.125000000,1006.706250000,1329.635937500,1.539238790,1.533726580,1.566882207
64,32,all,aho_corasick,15,581156.312500000,496383.203125000,736478.159375000,1.996854146,1.515419810,2.402871618
64,32,all,bndmq,15,4744.812500000,4626.623437500,6286.760937500,1.086442719,1.081562281,1.547372271
64,32,all,hash,15,1928.750000000,1861.695833333,2351.906250000,1.850478516,1.842992303,1.894867723
64,32,first,aho_corasick,15,386538.125000000,382974.012500000,393805.885416667,1.222107476,1.215530464,1.239600749
64,32,first,bndmq,15,4691.675000000,4615.886250000,5782.403750000,0.911700765,0.904804222,0.925848033
64,32,first,hash,15,1901.041666667,1859.347916667,2515.391666667,1.532171766,1.528017561,1.566785451
64,64,all,aho_corasick,15,793503.500000000,770318.400000000,889748.820833333,1.472964817,1.438693081,1.672341241
64,64,all,bndmq,15,9214.550000000,9019.375000000,11181.207500000,1.917928141,1.910382125,1.942925859
64,64,all,hash,15,4658.875000000,4104.446875000,6666.100000000,2.233441772,2.156321197,2.489800151
64,64,first,aho_corasick,15,768817.687500000,760582.606250000,786660.318750000,1.318155924,1.310907766,1.356192251
64,64,first,bndmq,15,9154.583333333,9082.712500000,11305.518750000,1.556803453,1.552575002,1.575503710
64,64,first,hash,15,3654.100000000,3593.800000000,4045.855000000,1.709516846,1.703750415,1.757175700
64,128,all,aho_corasick,15,1571187.500000000,1551292.343750000,1674513.006250000,1.565051880,1.514476287,1.579497752
64,128,all,bndmq,15,18475.000000000,18298.215000000,24185.550000000,3.571160156,3.560971924,3.756006128
64,128,all,hash,15,7158.812500000,7117.318750000,8090.409375000,1.934733988,1.919675939,1.963066239
64,128,first,aho_corasick,15,1580911.375000000,1564653.881250000,1621658.593750000,1.452484131,1.416425588,1.500643545
64,128,first,bndmq,15,18302.083333333,18200.366666667,20671.116666667,2.860847846,2.850217645,2.907982924
64,128,first,hash,15,7147.950000000,7114.687500000,7635.827500000,1.589036784,1.584319702,1.608761251
64,256,all,aho_corasick,15,3224725.400000000,3196886.240000000,3304258.780000000,1.729613607,1.684269889,1.768587093
64,256,all,bndmq,15,35983.000000000,35706.990000000,38283.590000000,6.897352214,6.860266862,7.006335596
64,256,all,hash,15,14122.777777778,14049.636111111,15562.566666667,1.821183630,1.813414605,1.852279396
64,256,first,aho_corasick,15,3197925.000000000,3176021.710000000,3264505.080000000,1.585205404,1.560637712,1.658809343
64,256,first,bndmq,15,36323.000000000,35803.450000000,42394.350000000,5.454525553,5.373206604,5.555158651
64,256,first,hash,15,14318.052631579,14072.823684211,21494.800000000,1.524533135,1.512541812,1.785115774
64,1000,all,aho_corasick,15,14402270.500000000,14254837.225000000,14822737.174999999,2.729899089,2.677321045,3.159329509
64,1000,all,bndmq,15,267458.000000000,232416.350000000,308528.950000000,34.315048828,33.552660482,35.055193115
64,1000,all,hash,15,54914.062500000,54402.221875000,56291.503125000,1.842664083,1.838439504,1.869084707
64,1000,first,aho_corasick,15,14686271.000000000,14343146.875000000,14976380.649999999,2.775980632,2.531127930,2.946982300
64,1000,first,bndmq,15,228583.000000000,207764.750000000,270051.200000000,26.257867025,25.955771281,26.804864543
64,1000,first,hash,15,54633.250000000,54391.662500000,56572.695000000,1.528337402,1.523046920,1.556104395
64,10000,all,aho_corasick,15,175968625.000000000,173677552.199999988,178582857.550000012,8.453844401,7.841396566,8.636633627
64,10000,all,bndmq,15,1525167.000000000,1459228.950000000,1627201.750000000,347.575480143,340.649475260,364.960459391
64,10000,all,hash,15,558226.777777778,554684.105555556,570916.911111111,2.497799660,2.439019929,2.565955349
64,10000,first,aho_corasick,15,176312666.000000000,174410635.000000000,178363960.850000024,7.796901042,7.430103841,7.946954020
64,10000,first,bndmq,15,1496501.000000000,1443837.600000000,1613693.950000000,276.236638997,268.774010905,283.024301839
64,10000,first,hash,15,557632.454545455,555311.045454545,564766.004545455,1.936053652,1.901278801,2.028027277
64,100000,all,hash,15,6347764.000000000,6248703.483333332,6429355.550000001,5.217126736,5.132670980,5.449260688
64,100000,first,hash,15,6361917.000000000,6273145.650000000,6709427.850000000,4.082935113,3.933208903,4.292539063
64,1000000,all,hash,15,66508751.000000000,65719258.349999994,77621274.350000009,3.187390951,3.083852132,3.532803711
64,1000000,first,hash,15,65627625.000000000,64724563.599999994,75889031.150000006,2.522583008,2.167138184,2.853641439
80,1,all,aho_corasick,15,21327.468750000,20892.197656250,23715.821875000,0.950816472,0.946998276,0.977471943
80,1,all,hash,15,265.640625000,218.102343750,345.730468750,1.503136953,1.500538450,1.514282271
80,1,first,aho_corasick,15,20952.453125000,20574.379687500,21815.049218750,0.530799230,0.529410246,0.533423856
80,1,first,hash,15,284.500000000,209.085937500,420.214843750,1.308888321,1.304219175,1.319010099
80,2,all,aho_corasick,15,34731.781250000,34377.343750000,36320.644531250,3.762483597,3.739789327,4.175092441
80,2,all,hash,15,363.281250000,291.966406250,560.200781250,1.571019491,1.565012817,1.583475693
80,2,first,aho_corasick,15,34923.187500000,34489.131250000,35699.689843750,3.148485819,3.144522826,3.158210956
80,2,first,hash,15,350.906250000,273.235156250,429.295312500,1.361930618,1.358303388,1.372343972
80,4,all,aho_corasick,15,63671.234375000,62938.903125000,64999.607812500,1.256887639,1.247363768,1.266086854
80,4,all,hash,15,486.968750000,436.391406250,607.976562500,1.675901413,1.667726720,1.691634075
80,4,first,aho_corasick,15,63636.062500000,63009.667968750,65241.368750000,1.172776744,1.169789950,1.181363468
80,4,first,hash,15,473.953125000,410.217968750,591.183593750,1.441848551,1.438657546,1.448778947
80,8,all,aho_corasick,15,126148.468750000,124476.476562500,129040.346875000,1.255732676,1.248284139,1.272245412
80,8,all,hash,15,776.031250000,716.293750000,886.210937500,1.670936991,1.664885722,1.681426394
80,8,first,aho_corasick,15,126394.531250000,124754.187500000,129771.093750000,1.178637594,1.169290252,1.202127116
80,8,first,hash,15,770.843750000,715.837500000,960.489062500,1.436759084,1.432506015,1.447209994
80,16,all,aho_corasick,15,245408.812500000,242513.292187500,249487.856250000,1.265349935,1.259847824,1.281458748
80,16,all,hash,15,1313.812500000,1232.743750000,1732.795312500,1.784782410,1.777899012,1.799342697
80,16,first,aho_corasick,15,245572.937500000,242581.835937500,323428.943750000,1.187025706,1.180854988,1.661799029
80,16,first,hash,15,1276.031250000,1237.482812500,1615.559375000,1.520207723,1.517810509,1.539846219
80,32,all,aho_corasick,15,479815.125000000,476219.100000000,507621.018750000,1.398095093,1.373447688,1.416681468
80,32,all,hash,15,2368.041666667,2321.779166667,2789.062500000,1.774763862,1.766008609,1.798038638
80,32,first,aho_corasick,15,481679.750000000,477003.750000000,499321.181250000,1.315015157,1.297547902,1.351191782
80,32,first,hash,15,2381.916666667,2345.079166667,2926.604166667,1.509125298,1.505779459,1.555487515
80,64,all,aho_corasick,15,977888.833333333,968346.920833333,1019883.195833333,1.484182807,1.475359795,1.553271824
80,64,all,hash,15,4766.650000000,4650.000000000,6041.240000000,1.779005290,1.766523197,2.075475582
80,64,first,aho_corasick,15,981614.750000000,973274.925000000,1015662.912500000,1.412370334,1.397202284,1.492511550
80,64,first,hash,15,4612.875000000,4583.945833333,5004.962500000,1.503923069,1.497890866,1.516777252
80,128,all,aho_corasick,15,2001833.375000000,1971789.868750000,2106870.062500000,1.646491089,1.587632161,1.753041189
80,128,all,hash,15,9067.166666667,8966.497222222,9743.663888889,1.734894206,1.727566496,1.753567156
80,128,first,aho_corasick,15,1974448.000000000,1965004.756250000,2027397.012500000,1.509289144,1.502606526,1.579290598
80,128,first,hash,15,9134.454545455,8965.879545455,9649.168181818,1.480595851,1.473304972,1.503690430
80,256,all,aho_corasick,15,4027583.500000000,3985733.925000000,4108864.087500000,1.774766439,1.706248311,1.832884359
80,256,all,hash,15,17808.705882353,17733.023529412,18550.632352941,1.854040288,1.847042643,1.890528464
80,256,first,aho_corasick,15,4001874.750000000,3958947.950000000,4081413.875000000,1.665073242,1.634961629,1.740399191
80,256,first,hash,15,17989.500000000,17766.735000000,18987.187500000,1.559393880,1.550458606,1.613809745
80,1000,all,aho_corasick,15,18570584.000000000,18239525.549999997,19031707.449999999,3.223401693,2.875562337,3.638292643
80,1000,all,hash,15,69865.117647059,69507.567647059,71403.291176471,1.766178098,1.752391127,1.795471598
80,1000,first,aho_corasick,15,18844000.000000000,18489212.949999999,19292189.800000001,3.139851888,2.795548665,3.489878174
80,1000,first,hash,15,69814.550000000,69425.460000000,78287.717500000,1.501074707,1.495230684,1.635085510
80,10000,all,aho_corasick,15,224072208.000000000,219936587.299999982,234086973.699999988,8.450792643,7.779479818,9.109381429
80,10000,all,hash,15,708999.888888889,705000.033333333,716471.822222222,2.201470269,2.163964220,2.296757532
80,10000,first,aho_corasick,15,220311209.000000000,218722435.199999988,233295095.600000024,7.372843424,7.298091960,8.603109619
80,10000,first,hash,15,705999.900000000,704841.900000000,714253.575000000,1.774414062,1.740622681,1.864376986
80,100000,all,hash,15,7976855.000000000,7842736.750000000,8134848.900000000,4.581501465,4.503822184,4.729758463
80,100000,first,hash,15,7919270.500000000,7831418.649999999,8015565.625000000,3.519184570,3.431133260,3.777348755
80,1000000,all,hash,15,81597667.000000000,80455592.099999994,82927599.550000012,2.964138997,2.667459391,3.792396403
80,1000000,first,hash,15,81589291.000000000,80790114.250000000,84348912.500000000,2.456326497,2.184181071,2.551557943
96,1,all,aho_corasick,15,23756.515625000,23240.109375000,24502.700000000,0.942125320,0.937787895,1.229628764
96,1,all,hash,15,276.031250000,254.360156250,346.211718750,1.457600072,1.453188838,1.468363037
96,1,first,aho_corasick,15,23544.265625000,23193.196875000,24237.757031250,0.481404190,0.479912655,0.489470005
96,1,first,hash,15,305.343750000,249.883593750,346.909375000,1.305349121,1.300711627,1.318029445
96,2,all,aho_corasick,15,40426.421875000,40034.991406250,41432.003906250,3.582532679,3.571311477,3.625041111
96,2,all,hash,15,386.718750000,341.911718750,536.514843750,1.513250148,1.509446679,1.524105070
96,2,first,aho_corasick,15,40386.078125000,40074.676562500,42241.666406250,3.091705093,3.086659172,3.120651719
96,2,first,hash,15,365.234375000,346.521875000,504.982031250,1.351869354,1.347239177,1.360119878
96,4,all,aho_corasick,15,75834.640625000,74076.440625000,78413.089062500,1.275940984,1.252841749,1.366523383
96,4,all,hash,15,555.328125000,519.496875000,751.996093750,1.597963969,1.595714739,1.604257738
96,4,first,aho_corasick,15,74617.187500000,73687.373437500,76375.361718750,1.204716365,1.201290348,1.219536887
96,4,first,hash,15,536.453125000,507.100000000,702.669531250,1.416230748,1.411773219,1.424730675
96,8,all,aho_corasick,15,149132.781250000,148153.975000000,151255.859375000,1.260475566,1.253382070,1.266270838
96,8,all,hash,15,942.687500000,875.514062500,1110.420312500,1.595005493,1.591579531,1.617035866
96,8,first,aho_corasick,15,148992.156250000,146877.535937500,156261.793750000,1.216394653,1.204567820,1.226923185
96,8,first,hash,15,938.781250000,838.617187500,1365.371875000,1.410725911,1.409177976,1.558263662
96,16,all,aho_corasick,15,293273.468750000,290593.442187500,297491.093750000,1.289776713,1.283873230,1.293923500
96,16,all,hash,15,1574.187500000,1516.917187500,1822.834375000,1.735844116,1.731532214,1.764032710
96,16,first,aho_corasick,15,294268.218750000,291632.548437500,370595.539062500,1.235404561,1.228714742,1.781923920
96,16,first,hash,15,1664.062500000,1575.117187500,1992.693750000,1.520214132,1.515088816,1.557484342
96,32,all,aho_corasick,15,585351.625000000,577207.903125000,590903.228125000,1.447618306,1.427395447,1.473805990
96,32,all,hash,15,2932.291666667,2898.154166667,3238.779166667,1.738702257,1.734443017,1.750517832
96,32,first,aho_corasick,15,582682.312500000,577885.396875000,595700.156250000,1.406970520,1.382132782,1.441738175
96,32,first,hash,15,2987.833333333,2904.945833333,3287.235416667,1.521773207,1.513174245,1.571775641
96,64,all,aho_corasick,15,1184361.000000000,1173422.808333333,1201049.654166667,1.535186903,1.518328925,1.589821709
96,64,all,hash,15,5779.250000000,5731.967500000,6285.642500000,1.899078206,1.884630688,1.925011039
96,64,first,aho_corasick,15,1182555.500000000,1166429.166666667,1204078.179166667,1.504313151,1.474956488,1.544701796
96,64,first,hash,15,5804.150000000,5743.207500000,6192.247500000,1.636654378,1.621264506,1.657821004
96,128,all,aho_corasick,15,2395159.666666667,2374466.575000000,2439245.066666666,1.662914497,1.632394355,1.725306790
96,128,all,hash,15,11343.750000000,11252.955000000,12705.712500000,1.619130371,1.612697884,1.641939881
96,128,first,aho_corasick,15,2396291.666666667,2371745.891666667,2430260.925000000,1.624168294,1.598490126,1.707449802
96,128,first,hash,15,11304.863636364,11242.647727273,11716.397727273,1.424135224,1.420095507,1.453649347
96,256,all,aho_corasick,15,4888166.500000000,4843631.225000000,4973170.650000000,1.855519206,1.802753601,1.926875915
96,256,all,hash,15,22482.882352941,22367.938235294,23030.929411765,1.755682158,1.744308068,1.804712197
96,256,first,aho_corasick,15,4868927.250000000,4835360.800000000,5091152.062500000,1.887936198,1.786327657,1.930223470
96,256,first,hash,15,23281.250000000,22384.210000000,25168.037500000,1.573849121,1.540300923,1.619447620
96,1000,all,aho_corasick,15,22713584.000000000,22427004.149999999,23553689.800000001,3.724908854,3.297845133,4.236429118
96,1000,all,hash,15,88092.611111111,86672.027777778,159367.311111111,1.681672906,1.664402430,2.325020766
96,1000,first,aho_corasick,15,23351874.000000000,22729201.849999998,25272713.900000002,3.356459961,3.089172689,4.224345621
96,1000,first,hash,15,89061.368421053,88682.400000000,90723.631578947,1.501550421,1.494712154,1.521397915
96,10000,all,aho_corasick,15,269434458.000000000,264490633.000000000,273647842.100000024,8.400403646,7.784389729,8.764156575
96,10000,all,hash,15,882629.555555556,879209.600000000,891205.661111111,2.000189887,1.952987947,2.068682210
96,10000,first,aho_corasick,15,278648416.000000000,268712872.699999988,293756445.399999976,7.889404297,7.545745850,8.477538167
96,10000,first,hash,15,887966.600000000,882705.000000000,999802.920000000,1.685105794,1.645076766,1.876600887
96,100000,all,hash,15,9292395.500000000,9245591.824999999,9406259.100000000,3.820292155,3.690226237,3.973668864
96,100000,first,hash,15,9467104.000000000,9430203.125000000,9628414.699999999,3.154296875,3.011476644,3.379621460
96,1000000,all,hash,15,99623209.000000000,98111143.849999994,104058483.250000000,2.697415365,2.655585205,2.916155355
96,1000000,first,hash,15,98807708.000000000,97735676.750000000,101138358.650000006,2.348971354,2.281399007,2.585808675
128,1,all,aho_corasick,15,29362.625000000,29084.960937500,53295.509375000,1.026304042,1.019358747,1.076163652
128,1,all,hash,15,313.156250000,291.485156250,443.775781250,1.410885925,1.408392691,1.422865809
128,1,first,aho_corasick,15,28944.335937500,28661.247656250,29435.202343750,0.376636721,0.375804663,0.382060875
128,1,first,hash,15,300.125000000,272.814062500,422.301562500,1.279898758,1.277339617,1.292325929
128,2,all,aho_corasick,15,51520.187500000,51054.275000000,54386.593750000,3.283483709,3.267844085,3.360990828
128,2,all,hash,15,444.015625000,400.482812500,542.453125000,1.458997726,1.456424381,1.473052934
128,2,first,aho_corasick,15,51195.953125000,50778.700781250,194812.882031250,3.034441198,3.024642002,3.412110605
128,2,first,hash,15,446.609375000,394.200781250,550.154687500,1.301581065,1.297926050,1.315464712
128,4,all,aho_corasick,15,99458.984375000,97214.915625000,102045.740625000,1.288332418,1.278406938,1.306050041
128,4,all,hash,15,705.093750000,636.816406250,891.555468750,1.502252172,1.495297591,1.511274656
128,4,first,aho_corasick,15,99190.109375000,98196.184375000,100416.149218750,1.273522924,1.269040007,1.286138953
128,4,first,hash,15,673.828125000,642.151562500,791.604687500,1.341479619,1.338445939,1.355572226
128,8,all,aho_corasick,15,197341.156250000,193262.414062500,214529.742187500,1.286453705,1.281011067,1.333053299
128,8,all,hash,15,1453.125000000,1234.923437500,3002.145312500,1.573128153,1.522809580,4.664642016
128,8,first,aho_corasick,15,195877.593750000,192949.873437500,305028.398437500,1.281030477,1.272868479,1.328093015
128,8,first,hash,15,1165.343750000,1128.162500000,1330.917187500,1.340774994,1.338064539,1.350561437
128,16,all,aho_corasick,15,388617.187500000,384920.053125000,396254.940625000,1.397209167,1.381822988,1.420462535
128,16,all,hash,15,2214.812500000,2150.085937500,2627.795312500,1.513169607,1.503877294,1.629633001
128,16,first,aho_corasick,15,387152.343750000,382116.885937500,391702.562500000,1.387316386,1.376128520,1.411882958
128,16,first,hash,15,2171.875000000,2127.209375000,2453.110937500,1.351023814,1.345376795,1.358030002
128,32,all,aho_corasick,15,777937.500000000,770203.912500000,785908.100000000,1.580340068,1.532623490,1.589219432
128,32,all,hash,15,4185.791666667,4141.410416667,4889.281250000,1.518744032,1.513077986,1.540428853
128,32,first,aho_corasick,15,778442.687500000,771514.728125000,801221.271875000,1.552068888,1.522520431,1.582098007
128,32,first,hash,15,4191.000000000,4141.279166667,4724.991666667,1.369620429,1.365013635,1.375670844
128,64,all,aho_corasick,15,1583411.500000000,1568961.662500000,1632084.893750000,1.707110799,1.636428854,1.738240469
128,64,all,hash,15,8260.375000000,8170.354166667,8930.339583333,1.523629693,1.516938124,1.548081238
128,64,first,aho_corasick,15,1582265.625000000,1563546.887500000,1604420.750000000,1.648576457,1.631999258,1.716988861
128,64,first,hash,15,8189.250000000,8163.881250000,10863.679166667,1.389292942,1.385165670,1.401155446
128,128,all,aho_corasick,15,3220333.500000000,3174301.733333333,3264550.058333333,1.816361220,1.752031087,1.890233385
128,128,all,hash,15,16210.450000000,16144.572500000,17839.157500000,1.513360107,1.507299304,1.683987593
128,128,first,aho_corasick,15,3236104.333333333,3179540.025000000,3299283.933333334,1.819118652,1.757202298,1.895630005
128,128,first,hash,15,16171.875000000,16144.097916667,16904.504166667,1.374243232,1.370426321,1.390191850
128,256,all,aho_corasick,15,6643555.666666667,6547307.666666666,6808467.766666667,1.963546549,1.920286105,2.069428629
128,256,all,hash,15,32593.333333333,31935.842857143,45529.088095238,1.533222346,1.505313806,1.877301227
128,256,first,aho_corasick,15,6581750.333333333,6532924.533333332,7706397.400000000,1.941415473,1.927039062,2.091505913
128,256,first,hash,15,32197.478260870,32005.426086957,34547.293478261,1.385666115,1.378668022,1.428029902
128,1000,all,aho_corasick,15,30660792.000000000,30132030.799999997,38404783.350000001,3.607381185,3.414276123,7.062061849
128,1000,all,hash,15,125210.578947368,124742.102631579,128319.913157895,1.510702268,1.505849048,1.530068997
128,1000,first,aho_corasick,15,30303374.000000000,29960227.399999999,30604933.650000002,3.583033854,3.359079997,3.788991293
128,1000,first,hash,15,125549.900000000,125003.430000000,128303.065000000,1.377010742,1.374594043,1.411941655
128,10000,all,aho_corasick,15,367994125.000000000,361313175.000000000,382070912.500000000,8.250935872,7.705702393,8.413672933
128,10000,all,hash,15,1263547.571428571,1254962.864285714,1285657.142857143,1.567653925,1.550011498,1.639931710
128,10000,first,aho_corasick,15,367156208.000000000,362390500.000000000,377993810.100000024,8.331230469,7.713233480,8.741835205
128,10000,first,hash,15,1259680.444444444,1255503.355555556,1275663.155555556,1.473780563,1.468661738,1.518986491
128,100000,all,hash,15,13060604.000000000,12975060.250000000,13173853.175000001,2.292345378,2.113267945,2.473958333
128,100000,first,hash,15,13036583.000000000,12963293.699999999,13204322.050000001,1.968180339,1.773760254,2.149261027
128,1000000,all,hash,15,136474000.000000000,135719897.699999988,143206861.849999994,2.287937826,2.223541260,2.886837810
128,1000000,first,hash,15,136916959.000000000,135756323.449999988,138494853.500000000,2.093709310,2.052188802,2.202006022
