k,q,mode,runs,median_ns_per_base,mean_ns_per_base,stddev_ns_per_base,min_ns_per_base,max_ns_per_base,slower_than_best_pct
4,1,all,15,1.600784709,1.594176955,0.016393751,1.561506042,1.607070465,120.8485
4,1,first,15,1.242745717,1.244607429,0.006530821,1.237803599,1.263393809,125.9943
4,2,all,15,0.892201538,0.890256244,0.010754629,0.863987605,0.904529368,23.0905
4,2,first,15,0.688525314,0.689930386,0.004490708,0.682156881,0.701440175,25.2089
4,3,all,15,0.724833806,0.724048330,0.005367863,0.709740321,0.728480021,0.0000
4,3,first,15,0.549901326,0.550140735,0.002348750,0.546569824,0.554259618,0.0000
4,4,all,15,1.195468903,1.192620741,0.009595212,1.167725474,1.201343536,64.9301
4,4,first,15,0.914622421,0.915196528,0.003667830,0.911681925,0.925890605,66.3248
5,1,all,15,1.344454041,1.347387661,0.009607344,1.333518575,1.362968038,127.6862
5,1,first,15,1.064050446,1.058361332,0.009702059,1.045044810,1.071520894,134.9365
5,2,all,15,0.845802104,0.852951757,0.013282994,0.841205393,0.884138743,43.2384
5,2,first,15,0.670154368,0.666841080,0.007363639,0.656611125,0.675347646,47.9664
5,3,all,15,0.590485458,0.589545215,0.006862997,0.580013072,0.604443029,0.0000
5,3,first,15,0.452909834,0.452409438,0.004509173,0.446357727,0.458043416,0.0000
5,4,all,15,0.684416021,0.686024702,0.010029682,0.674505234,0.711374283,15.9073
5,4,first,15,0.525077184,0.523097360,0.005090601,0.514797618,0.530745188,15.9342
5,5,all,15,1.396456807,1.406506147,0.024802052,1.384603678,1.486019592,136.4930
5,5,first,15,1.073307444,1.070527540,0.010953061,1.053638458,1.084713440,136.9804
6,1,all,15,1.165110270,1.167516069,0.008335256,1.156152089,1.185256093,127.8293
6,1,first,15,0.911318461,0.913629318,0.012594809,0.899965490,0.953858693,141.1095
6,2,all,15,0.820869853,0.817631477,0.010068338,0.805025101,0.833457311,60.5154
6,2,first,15,0.639369761,0.639299891,0.004331906,0.633267288,0.649335658,69.1595
6,3,all,15,0.514027278,0.517319782,0.008913473,0.507926941,0.539544423,0.5145
6,3,first,15,0.395724691,0.397051636,0.005182943,0.391909993,0.413022936,4.6977
6,4,all,15,0.511396196,0.516347578,0.015302640,0.505001628,0.568081902,0.0000
6,4,first,15,0.377968682,0.378399367,0.002139235,0.376601037,0.385444082,0.0000
6,5,all,15,0.755032450,0.761093421,0.009995105,0.750773748,0.778878530,47.6414
6,5,first,15,0.575005213,0.574937683,0.001400188,0.573158264,0.577714717,52.1304
6,6,all,15,1.524613698,1.532348205,0.012861807,1.519427846,1.555330455,198.1277
6,6,first,15,1.162331899,1.161946333,0.003008494,1.156895955,1.168770294,207.5207
7,1,all,15,1.039695740,1.044583920,0.010710332,1.030678202,1.063647766,150.9814
7,1,first,15,0.821850026,0.825573247,0.008279627,0.816091970,0.841558253,160.2196
7,2,all,15,0.774936676,0.777720273,0.006379460,0.770821050,0.789616903,87.0689
7,2,first,15,0.623541946,0.621772837,0.006500071,0.612503688,0.634151026,97.4300
7,3,all,15,0.461035834,0.461931346,0.003786763,0.457724813,0.470728692,11.2935
7,3,first,15,0.364872267,0.363213715,0.004028500,0.356908027,0.370348477,15.5283
7,4,all,15,0.414252099,0.416655554,0.006036147,0.409947154,0.430309855,0.0000
7,4,first,15,0.315829379,0.316060525,0.003538880,0.309899127,0.321852366,0.0000
7,5,all,15,0.541512171,0.544635913,0.006134089,0.538347041,0.558158010,30.7204
7,5,first,15,0.416745792,0.417673699,0.005018459,0.410958049,0.427044763,31.9528
7,6,all,15,0.810864766,0.815316518,0.008648991,0.807692210,0.832023621,95.7419
7,6,first,15,0.622024536,0.625234745,0.005962496,0.618696213,0.632855097,96.9495
7,7,all,15,1.731889496,1.739059736,0.012796332,1.726589203,1.764909973,318.0762
7,7,first,15,1.335213979,1.332825558,0.016209153,1.312113851,1.368507843,322.7643
8,1,all,15,0.963141123,0.965756241,0.007592024,0.954803899,0.981393382,170.0258
8,1,first,15,0.771666641,0.771972587,0.001845179,0.769912949,0.775994186,179.8965
8,2,all,15,0.760409037,0.760487523,0.012870374,0.747122243,0.794085414,113.1880
8,2,first,15,0.606992518,0.608178533,0.004971260,0.604233220,0.623071467,120.1664
8,3,all,15,0.432333069,0.431936664,0.005035789,0.425269504,0.438968506,21.2087
8,3,first,15,0.342270169,0.342481355,0.001852417,0.340013852,0.346611159,24.1471
8,4,all,15,0.356684791,0.358002509,0.004906209,0.352031572,0.367743174,0.0000
8,4,first,15,0.275697174,0.275664965,0.001624622,0.273622411,0.279041926,0.0000
8,5,all,15,0.409935133,0.411201288,0.003764940,0.406379700,0.417178124,14.9292
8,5,first,15,0.323902232,0.323951438,0.001393394,0.322155952,0.327095985,17.4848
8,6,all,15,0.586471558,0.581606054,0.012457413,0.553984095,0.600068843,64.4229
8,6,first,15,0.453014374,0.453206330,0.001610428,0.451643202,0.458557688,64.3159
8,7,all,15,0.930049667,0.926213296,0.010177996,0.913256531,0.939744314,160.7483
8,7,first,15,0.708184764,0.708300481,0.001958818,0.705667063,0.714234238,156.8705
8,8,all,15,1.887984823,1.911250644,0.079687339,1.858435720,2.161958466,429.3146
8,8,first,15,1.453348796,1.453732802,0.002727395,1.449642181,1.457970937,427.1540
9,1,all,15,0.885531108,0.890354228,0.009530841,0.879295146,0.902677129,179.1488
9,1,first,15,0.706547623,0.710033207,0.008371755,0.700588226,0.731107941,190.4047
9,2,all,15,0.725440979,0.728918008,0.007147614,0.720355784,0.738629227,128.6831
9,2,first,15,0.581973394,0.588115765,0.022222244,0.576516266,0.666263377,139.2023
9,3,all,15,0.408460829,0.406806807,0.004342560,0.400473277,0.412762960,28.7604
9,3,first,15,0.314325752,0.315387901,0.003224885,0.312542915,0.321759644,29.1940
9,4,all,15,0.317225456,0.317251100,0.003117997,0.311426061,0.321461360,0.0000
9,4,first,15,0.243297577,0.243898802,0.002945838,0.239327332,0.249856313,0.0000
9,5,all,15,0.346508738,0.349434039,0.004774332,0.344103360,0.360916273,9.2311
9,5,first,15,0.274838867,0.276708989,0.004038458,0.272038244,0.285591545,12.9641
9,6,all,15,0.433637831,0.435489842,0.003991906,0.430778215,0.440876567,36.6970
9,6,first,15,0.341758728,0.343394006,0.004220674,0.338344574,0.352484385,40.4694
9,7,all,15,0.646630402,0.650462821,0.006455481,0.643572261,0.659883296,103.8394
9,7,first,15,0.494831221,0.500982874,0.018000303,0.492630005,0.564247420,103.3852
9,8,all,15,0.996002630,0.995533486,0.021560157,0.974376475,1.049204915,213.9731
9,8,first,15,0.753414383,0.763204997,0.020272910,0.751491114,0.831219355,209.6679
9,9,all,15,2.104030202,2.109132134,0.037902301,2.062102407,2.182269643,563.2602
9,9,first,15,1.585761210,1.593045135,0.013757108,1.580047607,1.617855479,551.7785
10,1,all,15,0.820431163,0.821813863,0.004303267,0.814874420,0.830217997,182.0451
10,1,first,15,0.658084005,0.659782335,0.007848927,0.651980489,0.683577855,188.5810
10,2,all,15,0.690317154,0.690648185,0.003970395,0.683966751,0.698698883,137.3149
10,2,first,15,0.550337906,0.552809255,0.005641236,0.549148992,0.567104543,141.3325
10,3,all,15,0.383090261,0.383107079,0.002210148,0.379174550,0.388893551,31.6975
10,3,first,15,0.300189120,0.300906781,0.002922209,0.297789574,0.309047699,31.6380
10,4,all,15,0.290886561,0.291132539,0.001315992,0.288468463,0.293297768,0.0000
10,4,first,15,0.228041331,0.229209279,0.003159387,0.225496073,0.235438029,0.0000
10,5,all,15,0.306207873,0.306127339,0.001107996,0.303340492,0.308327675,5.2671
10,5,first,15,0.245481700,0.246841372,0.003568277,0.242999186,0.256236603,7.6479
10,6,all,15,0.363660736,0.363494446,0.001415153,0.360447913,0.365808275,25.0181
10,6,first,15,0.292396011,0.294473223,0.004394908,0.289734205,0.303074519,28.2206
10,7,all,15,0.512812932,0.513046763,0.002014565,0.509501572,0.516991094,76.2931
10,7,first,15,0.397045000,0.397920869,0.003706765,0.394054701,0.409141117,74.1110
10,8,all,15,0.684297358,0.693680230,0.015426141,0.681472346,0.718669891,135.2454
10,8,first,15,0.534440155,0.537695565,0.010017769,0.531477381,0.570158437,134.3611
10,9,all,15,1.087318014,1.110011912,0.032413144,1.076480001,1.170478414,273.7945
10,9,first,15,0.835602036,0.840164113,0.013068264,0.831444016,0.878047943,266.4257
10,10,all,15,2.197615306,2.214850535,0.068414685,2.190721283,2.461274465,655.4888
10,10,first,15,1.712415517,1.717497087,0.014520369,1.703902334,1.755930583,650.9233
11,1,all,15,0.763171514,0.770545887,0.021386346,0.760951564,0.842654978,181.8293
11,1,first,15,0.612172038,0.612228534,0.002148384,0.608294805,0.615536372,183.7281
11,2,all,15,0.662701925,0.664994624,0.008398126,0.658082962,0.689103851,144.7272
11,2,first,15,0.529738541,0.529916482,0.002550803,0.526913528,0.534462407,145.5220
11,3,all,15,0.370027042,0.371225149,0.004028281,0.368515303,0.385007494,36.6462
11,3,first,15,0.290200971,0.290250883,0.002252276,0.287928047,0.295507647,34.5017
11,4,all,15,0.271830559,0.272994183,0.004385261,0.269965070,0.287875595,0.3835
11,4,first,15,0.215760122,0.215811807,0.000809790,0.213870585,0.216990580,0.0000
11,5,all,15,0.270792109,0.271704781,0.003802157,0.268712044,0.284244219,0.0000
11,5,first,15,0.218131175,0.218224673,0.000739988,0.216610372,0.219332377,1.0989
11,6,all,15,0.317056440,0.318912259,0.005429247,0.314803658,0.335021019,17.0848
11,6,first,15,0.258274612,0.257990484,0.001172974,0.255372251,0.259552002,19.7045
11,7,all,15,0.405758040,0.406795548,0.004469598,0.403328654,0.422089895,49.8412
11,7,first,15,0.311970177,0.311981943,0.001464473,0.309969584,0.316281853,44.5912
11,8,all,15,0.540232112,0.544437129,0.008039270,0.537028859,0.560173467,99.5007
11,8,first,15,0.422209981,0.422296780,0.001151716,0.420133803,0.424300995,95.6849
11,9,all,15,0.789224828,0.780951392,0.026187755,0.752228622,0.850590617,191.4505
11,9,first,15,0.581856842,0.582184901,0.001789080,0.579716365,0.585435232,169.6777
11,10,all,15,1.144413401,1.149346524,0.015292319,1.138863017,1.201909383,322.6170
11,10,first,15,0.891146139,0.891314260,0.001909679,0.888066813,0.895334880,313.0263
11,11,all,15,2.397143046,2.401347683,0.019004537,2.383882701,2.454433441,785.2337
11,11,first,15,1.855928599,1.857262360,0.004308526,1.850747019,1.865925242,760.1815
12,1,all,15,0.718404973,0.721105294,0.005879755,0.712674459,0.729479268,185.3134
12,1,first,15,0.580678507,0.580726130,0.001481740,0.578230743,0.582759654,183.1487
12,2,all,15,0.617860158,0.618412793,0.003801330,0.614859263,0.630869319,145.3822
12,2,first,15,0.492474586,0.492441386,0.001248485,0.489918026,0.494659559,140.1390
12,3,all,15,0.359511210,0.358860912,0.002134162,0.355609606,0.363170488,42.7793
12,3,first,15,0.280809402,0.281426112,0.001775497,0.278864975,0.286135139,36.9274
12,4,all,15,0.255958239,0.256335825,0.001963427,0.254073143,0.261647962,1.6534
12,4,first,15,0.205078979,0.206627486,0.003406397,0.203702708,0.217145711,0.0000
12,5,all,15,0.251795024,0.252037133,0.001779127,0.249981771,0.256290863,0.0000
12,5,first,15,0.208834757,0.211701512,0.010534747,0.207175781,0.249438812,1.8314
12,6,all,15,0.279162725,0.279169824,0.000517379,0.277971687,0.279893875,10.8690
12,6,first,15,0.232000559,0.232372594,0.001247477,0.230734080,0.234773844,13.1274
12,7,all,15,0.348993937,0.350187231,0.003584799,0.346900092,0.359377679,38.6024
12,7,first,15,0.282377141,0.282649149,0.001712591,0.280859210,0.286802190,37.6919
12,8,all,15,0.429686093,0.432505574,0.008784803,0.428047875,0.454107920,70.6492
12,8,first,15,0.341537611,0.342916937,0.003327788,0.340784573,0.353702969,66.5396
12,9,all,15,0.591977437,0.598031150,0.011098639,0.588235855,0.617969309,135.1029
12,9,first,15,0.459918976,0.460024897,0.001646052,0.457887285,0.464206984,124.2643
12,10,all,15,0.802016780,0.802524495,0.002736739,0.798917363,0.808977559,218.5197
12,10,first,15,0.628683319,0.629726057,0.003967344,0.624314397,0.640471776,206.5567
12,11,all,15,1.247916718,1.250205146,0.010145022,1.239982198,1.281664124,395.6082
12,11,first,15,0.970559642,0.970779273,0.003323277,0.966453552,0.980118637,373.2614
12,12,all,15,2.515824636,2.521491018,0.011252906,2.508017222,2.540033112,899.1558
12,12,first,15,1.976672312,1.985050354,0.022361728,1.970823059,2.044150035,863.8591
13,1,all,15,0.680479457,0.680603731,0.003821858,0.673051402,0.686507746,187.6325
13,1,first,15,0.545181707,0.545186786,0.002398485,0.541467667,0.550921758,179.6580
13,2,all,15,0.586486410,0.587268974,0.004386602,0.583000183,0.600919724,147.9025
13,2,first,15,0.470446828,0.470668838,0.002160910,0.467732747,0.475423601,141.3218
13,3,all,15,0.353594174,0.353905758,0.002208341,0.350522630,0.359105699,49.4611
13,3,first,15,0.277535642,0.277503545,0.002793073,0.273118553,0.284397875,42.3655
13,4,all,15,0.242614746,0.243403223,0.003220971,0.240010681,0.252783038,2.5511
13,4,first,15,0.194945865,0.194936587,0.001222054,0.192980236,0.197751431,0.0000
13,5,all,15,0.236579478,0.236482096,0.001088257,0.233629008,0.238424082,0.0000
13,5,first,15,0.197275297,0.197286064,0.000793664,0.195676303,0.198534504,1.1949
13,6,all,15,0.259180603,0.259551931,0.001774482,0.257707710,0.264961980,9.5533
13,6,first,15,0.218228231,0.218290737,0.001038822,0.216844340,0.220630219,11.9430
13,7,all,15,0.307006836,0.307748302,0.002194859,0.305337372,0.314389865,29.7690
13,7,first,15,0.250782967,0.250917327,0.001141720,0.248450165,0.252631505,28.6424
13,8,all,15,0.365355462,0.367743598,0.006303297,0.362722609,0.386351132,54.4324
13,8,first,15,0.297451553,0.297402276,0.000964644,0.296094678,0.299806595,52.5816
13,9,all,15,0.495807495,0.500536033,0.009163279,0.492882199,0.516246507,109.5733
13,9,first,15,0.386401994,0.386392664,0.001695188,0.384228329,0.389852871,98.2099
13,10,all,15,0.626694361,0.633718138,0.028612902,0.623368149,0.736904144,164.8980
13,10,first,15,0.493679047,0.493365063,0.001318360,0.490974850,0.495849898,153.2390
13,11,all,15,0.859970500,0.860328815,0.003017077,0.856450399,0.868085225,263.5017
13,11,first,15,0.671005249,0.671117428,0.002043606,0.667149226,0.676429545,244.2008
13,12,all,15,1.302604675,1.304892649,0.007207829,1.297024587,1.317969462,450.5992
13,12,first,15,1.026210785,1.027212348,0.003111730,1.024138133,1.036353607,426.4081
14,1,all,15,0.644083023,0.645376133,0.003025023,0.641468887,0.650815964,190.1102
14,1,first,15,0.521078110,0.521920876,0.003150018,0.517822901,0.529593353,178.2336
14,2,all,15,0.556035563,0.558405413,0.009233858,0.553357875,0.591001511,150.4515
14,2,first,15,0.442355821,0.442998204,0.004168151,0.433716244,0.454293009,136.1992
14,3,all,15,0.339763082,0.340419064,0.002512637,0.336815864,0.346280551,53.0373
14,3,first,15,0.272205137,0.272825841,0.002267275,0.270303612,0.277414843,45.3460
14,4,all,15,0.233503560,0.233916277,0.001635382,0.232417216,0.238991628,5.1755
14,4,first,15,0.191480492,0.191554012,0.001164280,0.189204034,0.194347882,2.2425
14,5,all,15,0.222013265,0.222000970,0.000920585,0.219666799,0.223565420,0.0000
14,5,first,15,0.187280799,0.187247265,0.000585703,0.186176300,0.188285336,0.0000
14,6,all,15,0.241625885,0.241671471,0.001196451,0.240277191,0.245114217,8.8340
14,6,first,15,0.206555684,0.206555601,0.001004016,0.205101430,0.208370209,10.2920
14,7,all,15,0.285840569,0.285805101,0.001028611,0.284088987,0.287235578,28.7493
14,7,first,15,0.236657033,0.236577719,0.001271439,0.233899862,0.238773346,26.3648
14,8,all,15,0.325188637,0.325480710,0.001515796,0.323307254,0.329819794,46.4726
14,8,first,15,0.274374224,0.274359527,0.002072887,0.271430016,0.278921127,46.5042
14,9,all,15,0.412608253,0.417072153,0.009335039,0.409644792,0.435018175,85.8485
14,9,first,15,0.322409210,0.322637098,0.001521074,0.320003827,0.326842206,72.1528
14,10,all,15,0.523371175,0.523409170,0.001768818,0.520819550,0.527209167,135.7387
14,10,first,15,0.416802300,0.416586180,0.001828875,0.413561927,0.420069512,122.5547
14,11,all,15,0.674656754,0.675115231,0.002176532,0.671270142,0.678126017,203.8813
14,11,first,15,0.532427902,0.533322022,0.002103688,0.529218267,0.537638143,184.2939
14,12,all,15,0.902481079,0.907477200,0.017712261,0.900569483,0.970484416,306.4987
14,12,first,15,0.717296600,0.717226802,0.002065431,0.713793437,0.721287181,283.0059
15,1,all,15,0.621657893,0.623596832,0.007967190,0.614066671,0.643354009,187.5489
15,1,first,15,0.501255459,0.501485141,0.003947169,0.496913774,0.512674120,175.5569
15,2,all,15,0.527162552,0.528719582,0.005994423,0.524130910,0.548243001,143.8399
15,2,first,15,0.419259949,0.420613654,0.005638827,0.415804121,0.439218597,130.4813
15,3,all,15,0.335996416,0.337480707,0.004806244,0.332433200,0.349351383,55.4157
15,3,first,15,0.266913834,0.267845434,0.002584047,0.264886754,0.273806775,46.7315
15,4,all,15,0.229840597,0.230558240,0.002942841,0.227501343,0.237525513,6.3132
15,4,first,15,0.190380597,0.197398387,0.027484792,0.187775998,0.296570112,4.6586
15,5,all,15,0.216192037,0.216242783,0.001369919,0.214182963,0.220190684,0.0000
15,5,first,15,0.181906314,0.182049574,0.000829115,0.180439063,0.183662482,0.0000
15,6,all,15,0.227044851,0.227699081,0.002526720,0.225648661,0.235830088,5.0200
15,6,first,15,0.195000966,0.195142934,0.000879873,0.193935683,0.196577004,7.1986
15,7,all,15,0.263849360,0.266856934,0.010935117,0.262000287,0.305353266,22.0440
15,7,first,15,0.220411092,0.220640026,0.000930032,0.219205648,0.222552826,21.1674
15,8,all,15,0.296318258,0.300356477,0.009396557,0.294162432,0.327854691,37.0625
15,8,first,15,0.247098714,0.247017386,0.000742293,0.245700836,0.248747925,35.8384
15,9,all,15,0.360656314,0.366018461,0.009646101,0.357865228,0.381909824,66.8222
15,9,first,15,0.290813980,0.292449703,0.005700639,0.289489428,0.312664235,59.8702
15,10,all,15,0.430141720,0.431292829,0.004300667,0.426786923,0.443266398,98.9628
15,10,first,15,0.346502363,0.346664991,0.001407845,0.344120297,0.349490560,90.4840
15,11,all,15,0.562516327,0.567499515,0.009829041,0.558938980,0.590461095,160.1929
15,11,first,15,0.445313619,0.446951030,0.003696446,0.443246630,0.457634396,144.8038
15,12,all,15,0.700582937,0.701846517,0.005046370,0.698328018,0.719312032,224.0558
15,12,first,15,0.559867223,0.559567201,0.002242733,0.555855433,0.563001633,207.7778
16,1,all,15,0.577740148,0.578973838,0.004565619,0.572643280,0.590283076,178.0626
16,1,first,15,0.466536068,0.467659137,0.003100093,0.463793013,0.472377489,157.2432
16,2,all,15,0.498887516,0.498729846,0.001889019,0.495483263,0.502893660,140.1113
16,2,first,15,0.402869466,0.402454140,0.005993161,0.392683512,0.419028948,122.1381
16,3,all,15,0.333169301,0.333949900,0.002778847,0.330555522,0.340872871,60.3522
16,3,first,15,0.268218778,0.268215425,0.004017385,0.262221756,0.274369977,47.8931
16,4,all,15,0.225402405,0.227082287,0.005422717,0.223088155,0.245748739,8.4847
16,4,first,15,0.187732552,0.188593876,0.002320124,0.186454985,0.193836780,3.5138
16,5,all,15,0.207773427,0.208545798,0.002026292,0.206472178,0.213608632,0.0000
16,5,first,15,0.181359889,0.181265489,0.001151235,0.179447954,0.183614451,0.0000
16,6,all,15,0.219847778,0.220042646,0.001372392,0.218589783,0.223098755,5.8113
16,6,first,15,0.189771296,0.189812814,0.001052035,0.187981923,0.191954863,4.6380
16,7,all,15,0.247672607,0.248081207,0.002518854,0.245348612,0.255141357,19.2032
16,7,first,15,0.208165487,0.208231099,0.001132094,0.206495076,0.210105896,14.7803
16,8,all,15,0.272627932,0.274051915,0.004552699,0.270598208,0.287297567,31.2141
16,8,first,15,0.231552968,0.232029725,0.001092223,0.230849375,0.234838704,27.6760
16,9,all,15,0.323766607,0.328745135,0.008823909,0.321579514,0.345363617,55.8268
16,9,first,15,0.268350169,0.268362433,0.001311649,0.265875918,0.270442963,47.9656
16,10,all,15,0.380564796,0.379898355,0.003271160,0.373954773,0.383822818,83.1634
16,10,first,15,0.315755742,0.315959505,0.001366956,0.313630625,0.318681399,74.1045
16,11,all,15,0.486327972,0.491159744,0.017974766,0.483320736,0.555777367,134.0665
16,11,first,15,0.387826148,0.387915810,0.001888453,0.384132250,0.391351200,113.8434
16,12,all,15,0.581747691,0.581583586,0.001610604,0.578560308,0.584088415,179.9914
16,12,first,15,0.467493981,0.467776877,0.001312685,0.465203739,0.469803992,157.7714
17,1,all,15,0.558498179,0.564620339,0.015859439,0.553152313,0.615906194,176.1672
17,1,first,15,0.450327131,0.450814050,0.002004479,0.447813670,0.455184513,157.3325
17,2,all,15,0.478615943,0.479837631,0.002792393,0.477015889,0.487254825,136.6668
17,2,first,15,0.385421465,0.385128632,0.002934954,0.381529066,0.392782423,120.2431
17,3,all,15,0.324847438,0.324891974,0.001595860,0.322192510,0.329103470,60.6311
17,3,first,15,0.258139496,0.258143532,0.000874578,0.256178640,0.259361267,47.5098
17,4,all,15,0.221227010,0.221465753,0.001081019,0.220039368,0.223220408,9.3927
17,4,first,15,0.182637109,0.182836769,0.001698859,0.180859036,0.186439090,4.3651
17,5,all,15,0.202231934,0.202679500,0.001828605,0.200203369,0.207722982,0.0000
17,5,first,15,0.174998177,0.175016781,0.000886082,0.173686345,0.177162662,0.0000
17,6,all,15,0.212229828,0.212789549,0.002388096,0.210029602,0.220597585,4.9438
17,6,first,15,0.185005747,0.184957410,0.001137134,0.183233685,0.186873542,5.7187
17,7,all,15,0.235933940,0.235796608,0.001411709,0.234009633,0.238220642,16.6650
17,7,first,15,0.199954987,0.199796153,0.000997977,0.197399567,0.201410502,14.2612
17,8,all,15,0.260981445,0.264937541,0.007071657,0.258913574,0.277951024,29.0506
17,8,first,15,0.222391764,0.222522340,0.000839437,0.221129527,0.223884155,27.0823
17,9,all,15,0.299299024,0.301381921,0.005694230,0.298293432,0.316079979,47.9979
17,9,first,15,0.247578087,0.247396223,0.000948618,0.245780423,0.249363581,41.4747
17,10,all,15,0.342182579,0.341792848,0.002658290,0.335748456,0.345818202,69.2030
17,10,first,15,0.284472046,0.284584681,0.001561821,0.281845729,0.288441442,62.5571
17,11,all,15,0.420780182,0.422994214,0.006691761,0.417656369,0.444293552,108.0681
17,11,first,15,0.332873298,0.332715256,0.001458453,0.330440369,0.334833628,90.2153
17,12,all,15,0.509088999,0.509152213,0.001579665,0.507041083,0.511876560,151.7352
17,12,first,15,0.412311554,0.412156943,0.001625436,0.408419851,0.414372186,135.6091
18,1,all,15,0.537842662,0.555635383,0.051515652,0.529638926,0.735742772,167.7638
18,1,first,15,0.432836745,0.437972033,0.021312507,0.427555508,0.513629201,151.7117
18,2,all,15,0.454757114,0.465831613,0.032533153,0.451180488,0.578802592,126.3998
18,2,first,15,0.363619758,0.368608919,0.016584178,0.358951009,0.425579631,111.4592
18,3,all,15,0.327238503,0.337120410,0.020275029,0.325891698,0.387969551,62.9150
18,3,first,15,0.264553490,0.268849974,0.011424421,0.261811155,0.296457609,53.8483
18,4,all,15,0.216707448,0.227244935,0.020708084,0.214997609,0.278148224,7.8873
18,4,first,15,0.179917374,0.180703292,0.002126441,0.178574100,0.185998281,4.6291
18,5,all,15,0.200864583,0.204795187,0.010735641,0.198061625,0.239646495,0.0000
18,5,first,15,0.171957372,0.173975439,0.004721482,0.169980435,0.188912286,0.0000
18,6,all,15,0.209408234,0.219194792,0.022584319,0.207872599,0.278677205,4.2534
18,6,first,15,0.181301965,0.181800395,0.001583400,0.179936447,0.184995507,5.4342
18,7,all,15,0.226963898,0.238933845,0.037552724,0.225226501,0.371035258,12.9935
18,7,first,15,0.196285248,0.196709786,0.002475287,0.193352873,0.202185669,14.1476
18,8,all,15,0.253899038,0.299727318,0.108629627,0.248841176,0.645690063,26.4031
18,8,first,15,0.215782166,0.220740084,0.017628746,0.213769694,0.283941060,25.4858
18,9,all,15,0.284102758,0.295710704,0.025371902,0.282317797,0.376378174,41.4399
18,9,first,15,0.237369965,0.238674899,0.003010554,0.236222168,0.246477346,38.0400
18,10,all,15,0.325209821,0.333053836,0.021446196,0.318102837,0.391750336,61.9050
18,10,first,15,0.267188288,0.268755029,0.007314683,0.263290927,0.294412511,55.3805
18,11,all,15,0.372031182,0.377267813,0.014313758,0.367322150,0.415374603,85.2149
18,11,first,15,0.302865245,0.304319061,0.002710124,0.300621452,0.308868090,76.1281
18,12,all,15,0.428081801,0.438078186,0.025911292,0.425196042,0.523441450,113.1196
18,12,first,15,0.351663513,0.352414873,0.003362349,0.348875258,0.362036675,104.5062
19,1,all,15,0.517274017,0.521427792,0.008680790,0.513624624,0.547693049,165.9587
19,1,first,15,0.427638872,0.437231887,0.017223547,0.420469360,0.472850087,151.4302
19,2,all,15,0.449834747,0.450940024,0.005764974,0.444660899,0.470460256,131.2845
19,2,first,15,0.360536211,0.366496239,0.010856170,0.356403622,0.389849345,111.9772
19,3,all,15,0.318540993,0.319255120,0.002562966,0.316584905,0.326837425,63.7793
19,3,first,15,0.256591377,0.265649478,0.015315493,0.252785683,0.301828384,50.8629
19,4,all,15,0.218616903,0.219261988,0.002346426,0.216448039,0.225198954,12.4028
19,4,first,15,0.183567115,0.189812106,0.011264942,0.180165321,0.216907925,7.9283
19,5,all,15,0.194494103,0.195174912,0.002619141,0.193251148,0.204286931,0.0000
19,5,first,15,0.170082516,0.175296688,0.010335799,0.165242089,0.201773114,0.0000
19,6,all,15,0.203223765,0.203611220,0.002389990,0.201685588,0.211872955,4.4884
19,6,first,15,0.177805871,0.183398424,0.010803461,0.175940899,0.214012646,4.5409
19,7,all,15,0.219418416,0.219795821,0.001882079,0.217888306,0.225992839,12.8149
19,7,first,15,0.194837782,0.198643460,0.010168350,0.188055742,0.217869373,14.5549
19,8,all,15,0.234957804,0.237370160,0.005146307,0.233485748,0.248550415,20.8046
19,8,first,15,0.202785492,0.208709123,0.008356242,0.200529734,0.222371847,19.2277
19,9,all,15,0.259414241,0.262530115,0.005346386,0.258229040,0.272063675,33.3790
19,9,first,15,0.221808960,0.229466053,0.013756192,0.219265839,0.266492635,30.4126
19,10,all,15,0.298024279,0.298604434,0.005218689,0.293961105,0.310142835,53.2305
19,10,first,15,0.257854996,0.265499999,0.015021767,0.253202655,0.296208585,51.6058
19,11,all,15,0.337907473,0.336592639,0.004492350,0.330657959,0.347901446,73.7366
19,11,first,15,0.282244682,0.291577093,0.014337770,0.279601415,0.318238462,65.9457
19,12,all,15,0.380105625,0.380905809,0.003454853,0.378697001,0.392851647,95.4330
19,12,first,15,0.328696035,0.336458031,0.015701764,0.321446520,0.363632304,93.2568
20,1,all,15,0.500693851,0.501059309,0.006601934,0.489882728,0.512173258,156.2904
20,1,first,15,0.407981160,0.420339562,0.035942261,0.404433492,0.547729780,142.1457
20,2,all,15,0.424319373,0.425012470,0.005580448,0.418080936,0.435796661,117.1965
20,2,first,15,0.334919128,0.338646880,0.007476008,0.330798543,0.353108164,98.7818
20,3,all,15,0.320836703,0.324447736,0.007151481,0.318193436,0.341940982,64.2268
20,3,first,15,0.262771721,0.265822339,0.007536095,0.257938169,0.281364644,55.9608
20,4,all,15,0.215164185,0.218025998,0.005077081,0.212857992,0.230455180,10.1362
20,4,first,15,0.178322610,0.180783566,0.004889313,0.176578445,0.191618245,5.8384
20,5,all,15,0.195361947,0.197139387,0.005181625,0.193369480,0.210215251,0.0000
20,5,first,15,0.168485790,0.168938691,0.001876836,0.167120979,0.174986216,0.0000
20,6,all,15,0.197724236,0.199169984,0.004887768,0.195942985,0.214630059,1.2092
20,6,first,15,0.173991877,0.174334703,0.002990341,0.170994865,0.179840012,3.2680
20,7,all,15,0.215804209,0.217745069,0.004407762,0.213788767,0.227514903,10.4638
20,7,first,15,0.183704164,0.186427200,0.005138441,0.182176522,0.198858049,9.0324
20,8,all,15,0.234492828,0.237618538,0.008177235,0.231632233,0.257901082,20.0299
20,8,first,15,0.202330127,0.204134858,0.004404356,0.199555639,0.213866060,20.0874
20,9,all,15,0.251032084,0.254925620,0.007082973,0.248298645,0.269520650,28.4959
20,9,first,15,0.214036733,0.219605792,0.010914865,0.211374491,0.251928965,27.0355
20,10,all,15,0.278781789,0.281693884,0.006034779,0.274759928,0.296629804,42.7001
20,10,first,15,0.235621979,0.239427299,0.006814095,0.233484477,0.256497701,39.8468
20,11,all,15,0.321379776,0.322210665,0.006277578,0.313108241,0.333526929,64.5048
20,11,first,15,0.268526599,0.274247450,0.020761038,0.264459178,0.348384641,59.3764
20,12,all,15,0.349781596,0.353289239,0.007665690,0.346516503,0.368583103,79.0428
20,12,first,15,0.299974022,0.303216581,0.006016537,0.297244390,0.312898954,78.0411
21,1,all,15,0.486327277,0.493529376,0.018607714,0.480535295,0.552416907,154.6780
21,1,first,15,0.406089359,0.412891903,0.012542685,0.402762807,0.444097171,144.2781
21,2,all,15,0.417224036,0.429770293,0.031282865,0.412507239,0.508021613,118.4902
21,2,first,15,0.344378866,0.347927236,0.009417634,0.340338101,0.374563717,107.1569
21,3,all,15,0.308138529,0.322860507,0.028560260,0.305621363,0.401945648,61.3648
21,3,first,15,0.251535314,0.264530890,0.044400752,0.249033496,0.424327329,51.3080
21,4,all,15,0.214637329,0.218221651,0.010770955,0.213011424,0.255168915,12.4004
21,4,first,15,0.182658649,0.191168631,0.024089673,0.180505473,0.275672277,9.8761
21,5,all,15,0.190957743,0.192884751,0.004935808,0.189233712,0.209145016,0.0000
21,5,first,15,0.166240569,0.174050892,0.026142495,0.164222412,0.267935864,0.0000
21,6,all,15,0.196100523,0.196839085,0.002859673,0.194176568,0.205018785,2.6932
21,6,first,15,0.173558129,0.175758031,0.004811243,0.171187371,0.185517909,4.4018
21,7,all,15,0.209668060,0.212642672,0.009722856,0.207573781,0.245900889,9.7981
21,7,first,15,0.180229263,0.182049200,0.005285653,0.178550084,0.196104753,8.4147
21,8,all,15,0.226507395,0.230226164,0.006373248,0.223671804,0.244598389,18.6165
21,8,first,15,0.195996323,0.197167667,0.003065585,0.194415699,0.203675164,17.8992
21,9,all,15,0.246056447,0.246403842,0.006891129,0.238670776,0.260398865,28.8539
21,9,first,15,0.205742727,0.210916760,0.014899883,0.203948975,0.261159688,23.7620
21,10,all,15,0.267367363,0.267102101,0.006290485,0.261889559,0.286608276,40.0139
21,10,first,15,0.227635701,0.232483222,0.014465835,0.225508372,0.283433706,36.9315
21,11,all,15,0.294839541,0.296821913,0.011147323,0.289879379,0.334750811,54.4004
21,11,first,15,0.246997833,0.252977386,0.017398821,0.245951762,0.312023590,48.5786
21,12,all,15,0.320965449,0.324265550,0.012028676,0.318542061,0.366717453,68.0819
21,12,first,15,0.278537547,0.280648727,0.006966042,0.277327970,0.304978155,67.5509
22,1,all,15,0.459060669,0.462664426,0.005659450,0.456591712,0.472684072,140.0031
22,1,first,15,0.380454593,0.380310670,0.001561975,0.377051036,0.382742716,127.2437
22,2,all,15,0.408938378,0.409529744,0.005004569,0.399680667,0.423163656,113.7985
22,2,first,15,0.339357588,0.339483143,0.002083697,0.336846941,0.344965193,102.6967
22,3,all,15,0.313551687,0.314018178,0.004225525,0.307994944,0.322946447,63.9290
22,3,first,15,0.263359286,0.263566052,0.003183451,0.256909256,0.270910263,57.3032
22,4,all,15,0.209901601,0.210617265,0.002232760,0.208102763,0.214856466,9.7394
22,4,first,15,0.176876560,0.177860166,0.002407259,0.175196330,0.184001219,5.6475
22,5,all,15,0.191272803,0.193796605,0.008004520,0.189622947,0.221870210,0.0000
22,5,first,15,0.167421409,0.167376012,0.000818214,0.166002909,0.168605737,0.0000
22,6,all,15,0.192911716,0.197067756,0.016076038,0.190843302,0.254910787,0.8568
22,6,first,15,0.170086755,0.170187467,0.000995284,0.168650945,0.171835861,1.5920
22,7,all,15,0.207697550,0.208840008,0.002782801,0.206233978,0.215516825,8.5871
22,7,first,15,0.179765133,0.179816023,0.001490333,0.177199046,0.182570351,7.3728
22,8,all,15,0.218770345,0.220862522,0.004274763,0.216408620,0.230969320,14.3761
22,8,first,15,0.190634545,0.190832726,0.001071177,0.189569261,0.193232430,13.8651
22,9,all,15,0.247656504,0.246286972,0.009716912,0.236493429,0.274255544,29.4782
22,9,first,15,0.204855174,0.205146054,0.001248115,0.203662872,0.208635966,22.3590
22,10,all,15,0.256704229,0.256360762,0.003943124,0.251654523,0.263848826,34.2084
22,10,first,15,0.218889445,0.219160913,0.001158228,0.217454692,0.221627981,30.7416
22,11,all,15,0.281324387,0.281010802,0.003528860,0.275593859,0.286821264,47.0802
22,11,first,15,0.238146037,0.238574897,0.001494939,0.236788015,0.242156555,42.2435
22,12,all,15,0.306317012,0.306778133,0.002236095,0.304614182,0.312485695,60.1467
22,12,first,15,0.267092387,0.267275350,0.002433665,0.263206164,0.271341006,59.5330
23,1,all,15,0.447708401,0.452844172,0.007419030,0.445118646,0.465467241,139.7641
23,1,first,15,0.372271356,0.372866503,0.002637582,0.369102342,0.379741804,127.1656
23,2,all,15,0.387440440,0.387440152,0.002319693,0.384707981,0.392075992,107.4884
23,2,first,15,0.314096883,0.314544112,0.003890344,0.309783618,0.325083199,91.6666
23,3,all,15,0.311098099,0.313200740,0.006817322,0.306551717,0.335387128,66.6043
23,3,first,15,0.267803942,0.267385660,0.001991831,0.263857841,0.270765088,63.4180
23,4,all,15,0.210942169,0.211420554,0.001586631,0.209577769,0.214471608,12.9672
23,4,first,15,0.182408939,0.182792900,0.001720365,0.180358539,0.188129569,11.3087
23,5,all,15,0.186728728,0.186709838,0.001346506,0.184615097,0.190440996,0.0000
23,5,first,15,0.163876670,0.164257876,0.001326235,0.162802197,0.167334420,0.0000
23,6,all,15,0.191209234,0.191433070,0.001031820,0.190098368,0.193100323,2.3995
23,6,first,15,0.170565711,0.170905195,0.001778469,0.168761147,0.176157778,4.0818
23,7,all,15,0.201841990,0.201753318,0.001125360,0.200090617,0.203589966,8.0937
23,7,first,15,0.175740984,0.175778684,0.001123501,0.173521745,0.177645857,7.2398
23,8,all,15,0.209260305,0.210181738,0.003298159,0.208630035,0.221825918,12.0665
23,8,first,15,0.184568117,0.184419821,0.001069296,0.183016815,0.186343723,12.6262
23,9,all,15,0.231107931,0.232212971,0.003760808,0.229393860,0.244985789,23.7667
23,9,first,15,0.198424876,0.198407775,0.001271529,0.196844737,0.201237152,21.0818
23,10,all,15,0.253014565,0.255781458,0.014316612,0.248649381,0.306739273,35.4985
23,10,first,15,0.218500773,0.218680572,0.001409202,0.216723124,0.221206665,33.3324
23,11,all,15,0.265680949,0.267392089,0.005181182,0.263368823,0.282686030,42.2818
23,11,first,15,0.228018860,0.228180921,0.000944547,0.226464162,0.230064819,39.1405
23,12,all,15,0.292943853,0.292878681,0.001489559,0.289968923,0.295090141,56.8820
23,12,first,15,0.254702568,0.255334113,0.002348154,0.252763964,0.261403198,55.4233
24,1,all,15,0.454217411,0.459160699,0.016668700,0.443963657,0.510733558,139.4983
24,1,first,15,0.372336358,0.374740082,0.005041183,0.369148966,0.386211955,122.3150
24,2,all,15,0.387867110,0.389667933,0.005573987,0.383964115,0.402230157,104.5134
24,2,first,15,0.313523610,0.313515840,0.001974995,0.310315552,0.318651199,87.1990
24,3,all,15,0.303955599,0.305010867,0.005286542,0.298783506,0.317326647,60.2688
24,3,first,15,0.255209605,0.255651475,0.004255914,0.251145884,0.268057187,52.3808
24,4,all,15,0.213551839,0.214935810,0.003380861,0.209695608,0.222157796,12.6009
24,4,first,15,0.184024879,0.185352490,0.003266617,0.181131007,0.191757414,9.8778
24,5,all,15,0.189761759,0.192902601,0.009063515,0.187105603,0.220979411,0.0570
24,5,first,15,0.167481461,0.167476091,0.001573847,0.165070428,0.169842690,0.0000
24,6,all,15,0.189653676,0.191282296,0.004975416,0.186331719,0.204964032,0.0000
24,6,first,15,0.167894719,0.168246658,0.001644568,0.166864751,0.173379050,0.2467
24,7,all,15,0.201832097,0.204451903,0.008984971,0.199944178,0.235950326,6.4214
24,7,first,15,0.175779131,0.176188057,0.001667873,0.174462357,0.180900006,4.9544
24,8,all,15,0.211433411,0.214633432,0.006264578,0.208786865,0.226955831,11.4840
24,8,first,15,0.185947062,0.185591309,0.001192837,0.183660016,0.187776354,11.0255
24,9,all,15,0.224546214,0.226867958,0.005247410,0.222538849,0.237344106,18.3980
24,9,first,15,0.191806513,0.192199660,0.001406410,0.190236130,0.195513119,14.5240
24,10,all,15,0.247189204,0.250432966,0.009341142,0.240864220,0.275736389,30.3372
24,10,first,15,0.212541789,0.212230456,0.001839179,0.209625244,0.216442952,26.9047
24,11,all,15,0.268072548,0.270831356,0.013171822,0.261895917,0.313694216,41.3485
24,11,first,15,0.227630615,0.227924938,0.001010210,0.226419240,0.230750183,35.9139
24,12,all,15,0.279945793,0.283437410,0.008046910,0.277636846,0.306756236,47.6089
24,12,first,15,0.243748138,0.246916312,0.011093234,0.241766184,0.285989970,45.5374
25,1,all,15,0.450977749,0.452438168,0.019351780,0.436674754,0.517996334,146.3676
25,1,first,15,0.369498630,0.382726740,0.043177630,0.364861671,0.536903093,123.7638
25,2,all,15,0.381295234,0.384458237,0.006289964,0.380043454,0.396244609,108.3003
25,2,first,15,0.311763026,0.317541864,0.009433713,0.308026199,0.339517593,88.7998
25,3,all,15,0.305327314,0.307996680,0.005286601,0.302743912,0.318437144,66.7993
25,3,first,15,0.258653959,0.262438599,0.005952405,0.256342888,0.271861293,56.6376
25,4,all,15,0.208625366,0.209166830,0.001835314,0.206888835,0.212915629,13.9713
25,4,first,15,0.184167226,0.184384358,0.004078019,0.179104987,0.191261156,11.5294
25,5,all,15,0.183050724,0.183076246,0.001262065,0.181004910,0.186265310,0.0000
25,5,first,15,0.165128857,0.164907244,0.002224266,0.161688363,0.168439164,0.0000
25,6,all,15,0.188163122,0.189208301,0.002947442,0.187221103,0.198554289,2.7929
25,6,first,15,0.169709829,0.170869051,0.003711420,0.167390129,0.181870539,2.7742
25,7,all,15,0.196474219,0.196962215,0.001319776,0.194877345,0.199702928,7.3332
25,7,first,15,0.173765818,0.174282993,0.001924260,0.171538815,0.178670171,5.2304
25,8,all,15,0.202863481,0.203829825,0.002998673,0.201109780,0.212641822,10.8236
25,8,first,15,0.181049771,0.181262781,0.001245519,0.179657050,0.183266534,9.6415
25,9,all,15,0.222023865,0.224949137,0.005092990,0.221335093,0.238211741,21.2909
25,9,first,15,0.193959690,0.194753576,0.003733747,0.191269633,0.203973982,17.4596
25,10,all,15,0.236721039,0.235406157,0.002754371,0.230406443,0.239034444,29.3199
25,10,first,15,0.204344432,0.205751095,0.004170528,0.202321788,0.216969391,23.7485
25,11,all,15,0.258249702,0.257464726,0.003188081,0.253541730,0.265042521,41.0810
25,11,first,15,0.219374756,0.234217579,0.055079029,0.218075643,0.433141917,32.8506
25,12,all,15,0.266490517,0.267264012,0.003317934,0.264376539,0.277744395,45.5829
25,12,first,15,0.234761556,0.235862221,0.003629527,0.231254578,0.244761576,42.1687
26,1,all,15,0.407519158,0.408467186,0.003971312,0.405701531,0.422260861,122.1403
26,1,first,15,0.337118937,0.339412739,0.005695858,0.334556020,0.355146196,104.1670
26,2,all,15,0.357536028,0.359097187,0.004071788,0.355775621,0.371919573,94.8943
26,2,first,15,0.294275805,0.295914437,0.004578002,0.291587512,0.308836835,78.2203
26,3,all,15,0.306975047,0.308170565,0.003237044,0.304714317,0.316007398,67.3333
26,3,first,15,0.262537003,0.263947662,0.006050184,0.256689924,0.276233889,58.9985
26,4,all,15,0.211231659,0.211848026,0.003077247,0.208765666,0.221594920,15.1432
26,4,first,15,0.183241450,0.184732509,0.003290830,0.181701448,0.191030858,10.9753
26,5,all,15,0.186919454,0.187671025,0.003621204,0.184254116,0.197123778,1.8905
26,5,first,15,0.165995033,0.166555838,0.002087803,0.163520631,0.170236918,0.5304
26,6,all,15,0.183451267,0.183344335,0.000932144,0.182105170,0.185559243,0.0000
26,6,first,15,0.165119171,0.165381679,0.001340236,0.163635072,0.168613252,0.0000
26,7,all,15,0.196976488,0.198315278,0.003216247,0.195295546,0.207697550,7.3727
26,7,first,15,0.174435510,0.175076120,0.002251480,0.172786713,0.179206000,5.6422
26,8,all,15,0.203920156,0.205087364,0.003183619,0.202617645,0.212280691,11.1577
26,8,first,15,0.183961300,0.183971711,0.001662018,0.181060723,0.186890496,11.4112
26,9,all,15,0.213812937,0.215873774,0.005877018,0.212139130,0.235076904,16.5503
26,9,first,15,0.187266668,0.187269845,0.001278230,0.185234282,0.189728207,13.4130
26,10,all,15,0.230184336,0.231883578,0.002996328,0.227871368,0.237791697,25.4744
26,10,first,15,0.206117274,0.205644442,0.001937544,0.202300110,0.208621207,24.8294
26,11,all,15,0.244775564,0.246017853,0.003635600,0.242516408,0.254103770,33.4281
26,11,first,15,0.211488942,0.211976965,0.001936296,0.208171000,0.216600210,28.0826
26,12,all,15,0.262823639,0.264301299,0.004155468,0.260489782,0.277967453,43.2662
26,12,first,15,0.234707306,0.234903577,0.001726406,0.232172221,0.237342834,42.1442
27,1,all,15,0.420116848,0.417119769,0.007947326,0.400012699,0.425557031,125.7530
27,1,first,15,0.335901744,0.338031628,0.005279383,0.333020952,0.349809146,99.9345
27,2,all,15,0.347693414,0.349894205,0.005462687,0.344060262,0.366602308,86.8357
27,2,first,15,0.287997449,0.289459722,0.006225008,0.281613146,0.300086339,71.4210
27,3,all,15,0.289154053,0.291578504,0.005293167,0.285097224,0.302490667,55.3792
27,3,first,15,0.251229070,0.252107265,0.005430597,0.244603157,0.261809031,49.5358
27,4,all,15,0.212121755,0.215870017,0.010317585,0.209891418,0.250628998,13.9853
27,4,first,15,0.190921360,0.190309031,0.003759372,0.184997635,0.196049661,13.6397
27,5,all,15,0.187478248,0.188538822,0.002291275,0.186517851,0.194465146,0.7429
27,5,first,15,0.168628345,0.169040680,0.002369888,0.165976766,0.173386824,0.3705
27,6,all,15,0.186095768,0.186418933,0.001059512,0.184873293,0.189141168,0.0000
27,6,first,15,0.168005923,0.168782290,0.001866237,0.166649897,0.172842117,0.0000
27,7,all,15,0.192225774,0.192310098,0.000812897,0.190949614,0.193624852,3.2940
27,7,first,15,0.173196437,0.173144446,0.002594992,0.169242223,0.176991713,3.0895
27,8,all,15,0.204141049,0.205802471,0.004180477,0.202595393,0.215157759,9.6968
27,8,first,15,0.185237817,0.185442513,0.001960273,0.182888599,0.189461178,10.2567
27,9,all,15,0.215229451,0.218147728,0.005172329,0.213763763,0.227565338,15.6552
27,9,first,15,0.188730028,0.189633570,0.002840372,0.187090056,0.198818495,12.3353
27,10,all,15,0.226011912,0.225260020,0.003657297,0.219865163,0.233941813,21.4492
27,10,first,15,0.198787757,0.198653422,0.001294688,0.196316333,0.201274728,18.3219
27,11,all,15,0.245710154,0.245216058,0.002871148,0.241668274,0.250546773,32.0343
27,11,first,15,0.211471985,0.212333314,0.002449683,0.209487488,0.217043132,25.8717
27,12,all,15,0.253871282,0.254393049,0.002575358,0.250242551,0.258960724,36.4197
27,12,first,15,0.227868398,0.230210876,0.010909640,0.223372142,0.268920471,35.6312
28,1,all,15,0.416231503,0.415744310,0.011406142,0.405959388,0.451953328,121.3075
28,1,first,15,0.336200562,0.337199883,0.004324177,0.331257002,0.346990509,99.7960
28,2,all,15,0.348683811,0.350208050,0.005319647,0.343816545,0.365779300,85.3928
28,2,first,15,0.287153982,0.289641732,0.005454854,0.284539324,0.300973790,70.6488
28,3,all,15,0.293820165,0.297906415,0.009722225,0.290712242,0.322886047,56.2222
28,3,first,15,0.250499509,0.252589896,0.005896525,0.246277390,0.263947906,48.8659
28,4,all,15,0.206649780,0.208550517,0.005530826,0.202729970,0.224078278,9.8743
28,4,first,15,0.181144079,0.184129785,0.005562607,0.179438061,0.197308155,7.6496
28,5,all,15,0.189650150,0.189678522,0.001746225,0.187196019,0.193021918,0.8357
28,5,first,15,0.168271951,0.170087298,0.005464322,0.166753845,0.189048631,0.0000
28,6,all,15,0.188078350,0.188635767,0.001490981,0.186484655,0.192071067,0.0000
28,6,first,15,0.169304439,0.170487903,0.003095672,0.167535146,0.177832104,0.6136
28,7,all,15,0.195651584,0.196795403,0.002784257,0.193255386,0.202575963,4.0266
28,7,first,15,0.174317890,0.176269838,0.005183194,0.172136095,0.192690599,3.5930
28,8,all,15,0.199572662,0.239672173,0.115407492,0.197057088,0.643294871,6.1114
28,8,first,15,0.179332801,0.180461978,0.002894482,0.176633547,0.186766875,6.5732
28,9,all,15,0.218846212,0.219505252,0.004497500,0.213812510,0.229479889,16.3591
28,9,first,15,0.188752636,0.189097276,0.001405358,0.187200614,0.191410209,12.1712
28,10,all,15,0.227791260,0.228705399,0.009741452,0.221250326,0.261947205,21.1151
28,10,first,15,0.200280796,0.200314652,0.001978035,0.197529619,0.204237832,19.0221
28,11,all,15,0.241597493,0.247582134,0.025999949,0.232595235,0.336422394,28.4558
28,11,first,15,0.204461843,0.204610132,0.002740762,0.201484680,0.211602102,21.5068
28,12,all,15,0.254391561,0.261169519,0.019174972,0.248725891,0.323613068,35.2583
28,12,first,15,0.227302551,0.228044071,0.003585237,0.223150035,0.236390859,35.0805
29,1,all,15,0.414849735,0.414792049,0.007760650,0.399978078,0.431057960,123.5898
29,1,first,15,0.345915341,0.352647565,0.027415506,0.329286787,0.435829858,102.1113
29,2,all,15,0.347604387,0.350007940,0.005049339,0.344905853,0.362135569,87.3469
29,2,first,15,0.294014079,0.299241100,0.013756942,0.285822550,0.327410164,71.7864
29,3,all,15,0.297244390,0.301636096,0.009198343,0.293747050,0.327941043,60.2046
29,3,first,15,0.258168640,0.258366583,0.005318483,0.252235196,0.273518028,50.8427
29,4,all,15,0.210069448,0.210563207,0.001968964,0.207661102,0.214235942,13.2203
29,4,first,15,0.187926119,0.191744934,0.012305425,0.183759969,0.232671458,9.8014
29,5,all,15,0.185540517,0.193338654,0.023951159,0.183961309,0.279118568,0.0000
29,5,first,15,0.171150934,0.177116515,0.015971350,0.164779176,0.215943654,0.0000
29,6,all,15,0.190048930,0.194784024,0.014645491,0.186934645,0.243856642,2.4299
29,6,first,15,0.177207870,0.178527385,0.010404829,0.169188885,0.211325395,3.5389
29,7,all,15,0.196341061,0.197532959,0.002836447,0.195025694,0.203578737,5.8211
29,7,first,15,0.179521773,0.180212539,0.005066147,0.173838577,0.192201758,4.8909
29,8,all,15,0.201412133,0.210044318,0.022642716,0.200270547,0.290048031,8.5543
29,8,first,15,0.182162738,0.184294641,0.004178443,0.179542262,0.191877857,6.4340
29,9,all,15,0.213790466,0.215086137,0.008724287,0.206309845,0.241444478,15.2258
29,9,first,15,0.187923296,0.191939178,0.009685194,0.183074383,0.216961967,9.7997
29,10,all,15,0.226157725,0.226562752,0.003807050,0.221039235,0.234036764,21.8913
29,10,first,15,0.201696464,0.211118885,0.020578952,0.197846442,0.276603699,17.8471
29,11,all,15,0.240720957,0.261514140,0.063275495,0.234319468,0.483748962,29.7404
29,11,first,15,0.207583110,0.210749251,0.010338553,0.203718821,0.245497813,21.2866
29,12,all,15,0.244307200,0.248446571,0.013761456,0.242025157,0.297072520,31.6732
29,12,first,15,0.220359385,0.221422773,0.005352513,0.215545654,0.235077332,28.7515
30,1,all,15,0.407327016,0.408804765,0.008863858,0.396815406,0.432761163,121.5127
30,1,first,15,0.337292701,0.337964375,0.006659377,0.330624763,0.352013906,100.7345
30,2,all,15,0.343152500,0.344719780,0.006206273,0.339193692,0.363042619,86.6133
30,2,first,15,0.289824282,0.291251183,0.007314081,0.283306440,0.303179423,72.4844
30,3,all,15,0.300285187,0.305096804,0.018149454,0.293347405,0.368781620,63.3012
30,3,first,15,0.255905253,0.256872493,0.003754303,0.252936681,0.267279943,52.2980
30,4,all,15,0.212129384,0.212287225,0.002920904,0.207995941,0.218674550,15.3602
30,4,first,15,0.186684570,0.188745075,0.004167224,0.186137797,0.198040356,11.1024
30,5,all,15,0.187948015,0.190005856,0.004262997,0.185804020,0.202450570,2.2099
30,5,first,15,0.169071924,0.169958166,0.002765462,0.167077077,0.176801227,0.6205
30,6,all,15,0.183884303,0.184571253,0.001694383,0.182193120,0.188343608,0.0000
30,6,first,15,0.168029240,0.168289750,0.001414675,0.166718016,0.171840304,0.0000
30,7,all,15,0.195827128,0.197993219,0.005713228,0.192704731,0.209636332,6.4947
30,7,first,15,0.181189287,0.180666769,0.003763795,0.175398017,0.186482883,7.8320
30,8,all,15,0.202226420,0.203753832,0.003868290,0.198403676,0.210394541,9.9748
30,8,first,15,0.184408468,0.184755325,0.002941197,0.180825127,0.191260444,9.7478
30,9,all,15,0.210039358,0.211717704,0.004506743,0.207035492,0.223229726,14.2236
30,9,first,15,0.185579012,0.186477119,0.002709944,0.183850394,0.192379422,10.4445
30,10,all,15,0.219272614,0.219360153,0.003559292,0.212722778,0.226266652,19.2449
30,10,first,15,0.195134481,0.197311496,0.005600806,0.191789907,0.212333111,16.1313
30,11,all,15,0.237019012,0.237317516,0.004978171,0.230595052,0.248983592,28.8957
30,11,first,15,0.205775367,0.206180173,0.003008605,0.203008652,0.214251412,22.4640
30,12,all,15,0.243233571,0.245923161,0.013002970,0.237368683,0.291768392,32.2753
30,12,first,15,0.222585042,0.223035995,0.004835266,0.217589060,0.234661957,32.4680
31,1,all,15,0.362607473,0.367988822,0.008729191,0.358882480,0.383548737,92.6588
31,1,first,15,0.299508311,0.299097379,0.002099729,0.295518239,0.302654368,76.6553
31,2,all,15,0.319469248,0.319419117,0.001513884,0.317191544,0.322273572,69.7388
31,2,first,15,0.270114479,0.272129131,0.007335294,0.266924438,0.296086210,59.3183
31,3,all,15,0.299675738,0.301382630,0.005906108,0.296045405,0.316356023,59.2223
31,3,first,15,0.257691803,0.258070983,0.003987726,0.254193942,0.269866524,51.9912
31,4,all,15,0.213397980,0.214292232,0.002502855,0.211566498,0.219053904,13.3816
31,4,first,15,0.187761163,0.189371910,0.003507103,0.186382573,0.198021647,10.7449
31,5,all,15,0.190332913,0.190200994,0.000807463,0.189096663,0.191383718,1.1268
31,5,first,15,0.171017117,0.173185327,0.006143651,0.168696866,0.193801804,0.8689
31,6,all,15,0.188212221,0.188303913,0.001590099,0.186291801,0.191770486,0.0000
31,6,first,15,0.169543915,0.169688776,0.001660630,0.168057098,0.174709204,0.0000
31,7,all,15,0.193118345,0.193268834,0.001560537,0.191265394,0.197195477,2.6067
31,7,first,15,0.171167230,0.171468617,0.002520266,0.168061786,0.177274636,0.9575
31,8,all,15,0.195422702,0.196694409,0.003416235,0.193279054,0.203269323,3.8310
31,8,first,15,0.176650501,0.176502204,0.001719130,0.173540819,0.180421761,4.1916
31,9,all,15,0.209575653,0.211462375,0.003792140,0.208304515,0.220243663,11.3507
31,9,first,15,0.185497420,0.187673167,0.006627480,0.184186300,0.210845735,9.4097
31,10,all,15,0.220210185,0.219851261,0.002960081,0.215463847,0.224648794,17.0010
31,10,first,15,0.195265876,0.195927491,0.004771524,0.192059063,0.212031114,15.1713
31,11,all,15,0.228063792,0.229041714,0.006972128,0.224268595,0.252583822,21.1737
31,11,first,15,0.198364614,0.198614639,0.002067359,0.195845150,0.203893094,16.9990
31,12,all,15,0.231320699,0.232921232,0.005994994,0.228708059,0.253906250,22.9042
31,12,first,15,0.208045105,0.208596348,0.001811073,0.205963552,0.213074158,22.7087
32,1,all,15,0.364889221,0.367003923,0.006081998,0.360359616,0.379316542,93.3468
32,1,first,15,0.303218091,0.304105795,0.004672864,0.295822360,0.315088692,75.3478
32,2,all,15,0.312554042,0.314523484,0.004910021,0.310731455,0.327486992,65.6156
32,2,first,15,0.263206698,0.264625938,0.003766916,0.260356801,0.274283625,52.2097
32,3,all,15,0.278967756,0.279514984,0.002480091,0.277124507,0.287247238,47.8189
32,3,first,15,0.242589732,0.243435499,0.003598568,0.239521454,0.254937073,40.2871
32,4,all,15,0.213412384,0.214054448,0.001996728,0.211639832,0.218168040,13.0826
32,4,first,15,0.190314187,0.191486476,0.003463222,0.188340081,0.200703235,10.0567
32,5,all,15,0.191367467,0.191624276,0.001631661,0.189330487,0.195637461,1.4015
32,5,first,15,0.174500504,0.174342590,0.001632054,0.170942942,0.177361170,0.9118
32,6,all,15,0.188722610,0.190907798,0.008913727,0.187663684,0.223054182,0.0000
32,6,first,15,0.172923762,0.173311493,0.002012232,0.170733134,0.178670180,0.0000
32,7,all,15,0.195233027,0.195331997,0.001304820,0.193059709,0.197576235,3.4497
32,7,first,15,0.173747101,0.174232625,0.002359343,0.172345200,0.182080799,0.4761
32,8,all,15,0.197046424,0.197884195,0.002165235,0.195902718,0.204931191,4.4106
32,8,first,15,0.179154782,0.180539167,0.003348634,0.176720445,0.189073698,3.6033
32,9,all,15,0.204630958,0.206127543,0.004139303,0.202614466,0.215632477,8.4295
32,9,first,15,0.181354243,0.181747672,0.002286738,0.178990538,0.188303350,4.8753
32,10,all,15,0.219356964,0.218548387,0.002854846,0.214881053,0.222199758,16.2325
32,10,first,15,0.196362601,0.197051226,0.002167082,0.194388496,0.202192730,13.5544
32,11,all,15,0.226001312,0.227397183,0.003357957,0.223531087,0.236200541,19.7532
32,11,first,15,0.199777111,0.200124246,0.001975910,0.197629225,0.206241608,15.5290
32,12,all,15,0.232650340,0.233011430,0.003240954,0.229966054,0.243394216,23.2763
32,12,first,15,0.211073140,0.211385121,0.002277925,0.207782745,0.215648234,22.0614
33,1,all,15,0.377849308,0.377426761,0.002437876,0.373073849,0.380556318,99.6182
33,1,first,15,0.300196546,0.300101918,0.002576598,0.296041692,0.305731036,72.7730
33,2,all,15,0.313286781,0.315474614,0.005249064,0.310843252,0.330735842,65.5098
33,2,first,15,0.267269351,0.268239623,0.004494377,0.261821747,0.280176799,53.8223
33,3,all,15,0.280742645,0.280771786,0.003428143,0.276275736,0.288974444,48.3167
33,3,first,15,0.243754496,0.246205479,0.005419514,0.241664886,0.258367757,40.2887
33,4,all,15,0.207664490,0.207573955,0.001477127,0.204863658,0.210238983,9.7094
33,4,first,15,0.184602737,0.187181332,0.003875416,0.182389509,0.193229955,6.2449
33,5,all,15,0.190952801,0.191138750,0.000963496,0.190065520,0.193433762,0.8806
33,5,first,15,0.173917694,0.175128700,0.002911273,0.172592799,0.182298737,0.0953
33,6,all,15,0.189285990,0.189754510,0.001309093,0.188507504,0.192590993,0.0000
33,6,first,15,0.173752043,0.174394630,0.002112025,0.172266083,0.179076021,0.0000
33,7,all,15,0.196119588,0.196518793,0.001449705,0.194473979,0.198524263,3.6102
33,7,first,15,0.175293113,0.175508876,0.002258714,0.172205327,0.179833654,0.8869
33,8,all,15,0.199321815,0.201248121,0.004890413,0.196927041,0.213220740,5.3019
33,8,first,15,0.182253876,0.183650947,0.003607211,0.178698078,0.190964093,4.8931
33,9,all,15,0.206533641,0.209530357,0.005336160,0.204034170,0.220367004,9.1120
33,9,first,15,0.182802056,0.183530219,0.001834461,0.181057188,0.187142334,5.2086
33,10,all,15,0.213286499,0.212115026,0.003844708,0.206397166,0.218423208,12.6795
33,10,first,15,0.192249086,0.192218521,0.003022654,0.188002769,0.198268890,10.6457
33,11,all,15,0.228305400,0.228299205,0.002975965,0.223420888,0.232972046,20.6140
33,11,first,15,0.200601866,0.200749480,0.002041174,0.198360375,0.205138524,15.4530
33,12,all,15,0.233322571,0.233503555,0.002048363,0.229544749,0.237230092,23.2646
33,12,first,15,0.213503520,0.214504045,0.003469460,0.210138957,0.222760518,22.8783
34,1,all,15,0.359757741,0.360947459,0.004376105,0.356451670,0.372960832,90.5989
34,1,first,15,0.298359121,0.300024670,0.002647586,0.296988487,0.306195157,73.6278
34,2,all,15,0.313973427,0.314502715,0.003611045,0.310319265,0.323521296,66.3425
34,2,first,15,0.269237620,0.270892391,0.006126094,0.264286474,0.286669731,56.6808
34,3,all,15,0.280347404,0.281139235,0.002461252,0.278533300,0.288001175,48.5275
34,3,first,15,0.247961253,0.248484350,0.003449676,0.243926585,0.257164429,44.2991
34,4,all,15,0.209996969,0.210654619,0.002364847,0.208416402,0.218103200,11.2560
34,4,first,15,0.187143750,0.187744189,0.001982358,0.185527802,0.194094272,8.9069
34,5,all,15,0.188751221,0.189261236,0.001734625,0.187132094,0.194125002,0.0000
34,5,first,15,0.171838337,0.173389762,0.004761316,0.168798582,0.185643302,0.0000
34,6,all,15,0.190696013,0.193110549,0.008446340,0.188309708,0.221889284,1.0303
34,6,first,15,0.174408315,0.174511922,0.001045640,0.173125441,0.176645203,1.4956
34,7,all,15,0.196528252,0.197260067,0.002247458,0.194228838,0.202118200,4.1203
34,7,first,15,0.176547368,0.176849600,0.001699425,0.175077650,0.182637465,2.7404
34,8,all,15,0.199173821,0.200827351,0.003725098,0.198055547,0.208875512,5.5219
34,8,first,15,0.183730308,0.184380073,0.002465952,0.181734653,0.191345918,6.9204
34,9,all,15,0.207889130,0.209226479,0.003700886,0.205353628,0.216963450,10.1392
34,9,first,15,0.185268538,0.185371823,0.001229092,0.183713701,0.188732495,7.8156
34,10,all,15,0.215894908,0.215732574,0.004119436,0.209504862,0.224195689,14.3807
34,10,first,15,0.192579693,0.193261417,0.002159278,0.190950673,0.198433490,12.0703
34,11,all,15,0.220504344,0.220068587,0.002945937,0.216297577,0.225623657,16.8227
34,11,first,15,0.194158554,0.195246871,0.002377642,0.191912469,0.198381916,12.9891
34,12,all,15,0.232207397,0.232978113,0.002990752,0.229028910,0.240388234,23.0230
34,12,first,15,0.218091756,0.221537103,0.011078813,0.212239583,0.257184347,26.9168
35,1,all,15,0.356998444,0.357624521,0.002944803,0.353464186,0.365794152,89.8076
35,1,first,15,0.312729416,0.313887596,0.004972590,0.306098200,0.323844490,81.3898
35,2,all,15,0.312205950,0.312313185,0.001286065,0.310210648,0.315034116,65.9925
35,2,first,15,0.269597893,0.271076237,0.005498874,0.263918241,0.284571114,56.3726
35,3,all,15,0.282423770,0.283958400,0.004350145,0.280522766,0.296087265,50.1580
35,3,first,15,0.249320132,0.249819968,0.003575603,0.244815089,0.259746450,44.6111
35,4,all,15,0.213905334,0.214736150,0.003759881,0.211609731,0.226060232,13.7284
35,4,first,15,0.190000534,0.190076898,0.001051202,0.188060684,0.192458538,10.2044
35,5,all,15,0.190750410,0.191264048,0.001997119,0.188787960,0.196495056,1.4175
35,5,first,15,0.174239477,0.175514410,0.003295306,0.171226925,0.181505771,1.0627
35,6,all,15,0.188084352,0.188256862,0.001406506,0.186452866,0.191142468,0.0000
35,6,first,15,0.172408422,0.173687381,0.003457357,0.170056373,0.182499008,0.0006
35,7,all,15,0.192649629,0.192764612,0.002286330,0.189752223,0.197912496,2.4272
35,7,first,15,0.172407362,0.172898070,0.001888761,0.170916807,0.177758891,0.0000
35,8,all,15,0.199865409,0.201585038,0.003563813,0.198083098,0.207311842,6.2637
35,8,first,15,0.184259771,0.185121726,0.001830213,0.182539266,0.188406135,6.8747
35,9,all,15,0.209770203,0.211051742,0.005043146,0.205414235,0.220940908,11.5299
35,9,first,15,0.187273382,0.186737767,0.001491073,0.184086694,0.188749814,8.6226
35,10,all,15,0.214938263,0.213976712,0.002518102,0.210232635,0.217625519,14.2776
35,10,first,15,0.195295190,0.195860922,0.001769703,0.193081606,0.199227507,13.2754
35,11,all,15,0.221007884,0.223004348,0.004462912,0.216863851,0.233239065,17.5047
35,11,first,15,0.196090274,0.196520228,0.001438685,0.194868868,0.199267069,13.7366
35,12,all,15,0.225966980,0.226043108,0.003406097,0.221474965,0.234801402,20.1413
35,12,first,15,0.224945923,0.224719267,0.002053822,0.220461100,0.228522827,30.4735
36,1,all,15,0.369038747,0.368299931,0.004393898,0.360308041,0.375274370,93.5084
36,1,first,15,0.311587652,0.312551605,0.002803783,0.309730644,0.319652023,78.1533
36,2,all,15,0.312974180,0.315125607,0.005719479,0.310036341,0.326844851,64.1105
36,2,first,15,0.283610560,0.285259705,0.004137907,0.280438525,0.294967232,62.1572
36,3,all,15,0.285375913,0.287044169,0.004777168,0.283720754,0.299449488,49.6391
36,3,first,15,0.249805878,0.249839501,0.002644939,0.246975372,0.258113444,42.8290
36,4,all,15,0.215907206,0.216381186,0.002031504,0.213682383,0.222769419,13.2127
36,4,first,15,0.192053757,0.193210131,0.003492497,0.190789964,0.202537469,9.8086
36,5,all,15,0.194820828,0.195038052,0.001987705,0.192159017,0.198535207,2.1558
36,5,first,15,0.177845781,0.178276840,0.003787459,0.174615648,0.189084303,1.6851
36,6,all,15,0.190709432,0.191150453,0.002090734,0.188744159,0.196619381,0.0000
36,6,first,15,0.174898571,0.175780921,0.003520326,0.171880374,0.185717477,0.0000
36,7,all,15,0.195342517,0.195618804,0.001416939,0.193662643,0.198701935,2.4294
36,7,first,15,0.176598231,0.176727342,0.002000114,0.173891559,0.180121884,0.9718
36,8,all,15,0.194844488,0.196427920,0.003392986,0.193302010,0.203047502,2.1682
36,8,first,15,0.179668003,0.179809123,0.001890078,0.176892810,0.183262295,2.7270
36,9,all,15,0.209370087,0.210415027,0.003440251,0.206316203,0.217922638,9.7849
36,9,first,15,0.186807141,0.187202077,0.001616245,0.185444446,0.190151003,6.8088
36,10,all,15,0.215120951,0.214491867,0.003505703,0.209421794,0.220398376,12.8004
36,10,first,15,0.195117179,0.195314997,0.001839828,0.192194689,0.198721703,11.5602
36,11,all,15,0.223468353,0.223690852,0.003813666,0.217838287,0.232468496,17.1774
36,11,first,15,0.196655409,0.197147298,0.001221398,0.195968764,0.200121138,12.4397
36,12,all,15,0.226760864,0.226616130,0.002338830,0.222948283,0.230662028,18.9039
36,12,first,15,0.210248311,0.210390671,0.003011455,0.206889679,0.216711680,20.2116
37,1,all,15,0.374945882,0.373295398,0.007649921,0.360022651,0.388782654,93.2416
37,1,first,15,0.312827950,0.313835569,0.003808313,0.310777562,0.326430537,77.6851
37,2,all,15,0.315774282,0.318620188,0.011548936,0.308936971,0.353732109,62.7454
37,2,first,15,0.281366768,0.281407779,0.001836551,0.279099668,0.285709178,59.8153
37,3,all,15,0.287245636,0.287870053,0.003161283,0.284372431,0.297788518,48.0422
37,3,first,15,0.264635086,0.265640189,0.003718639,0.263151067,0.278044802,50.3118
37,4,all,15,0.219027618,0.221817864,0.008340780,0.216847310,0.248048574,12.8836
37,4,first,15,0.194141956,0.195651254,0.003010587,0.192430284,0.200871709,10.2719
37,5,all,15,0.197639821,0.200762054,0.009150575,0.194793277,0.231182310,1.8606
37,5,first,15,0.178622843,0.179591072,0.002640135,0.176993120,0.185935406,1.4571
37,6,all,15,0.194029626,0.196040942,0.005290066,0.191085960,0.207897822,0.0000
37,6,first,15,0.176057460,0.177798494,0.003817677,0.174531581,0.185430315,0.0000
37,7,all,15,0.199737193,0.200353082,0.002871483,0.197698458,0.209858153,2.9416
37,7,first,15,0.178410568,0.178801666,0.001556832,0.176466132,0.181516359,1.3366
37,8,all,15,0.199232449,0.201565352,0.005695367,0.194594413,0.212981610,2.6815
37,8,first,15,0.184865875,0.184639965,0.003899101,0.179510464,0.192230013,5.0031
37,9,all,15,0.204943907,0.206240690,0.004203956,0.200750919,0.214601449,5.6251
37,9,first,15,0.181775623,0.181878384,0.001477068,0.179964701,0.185532744,3.2479
37,10,all,15,0.218415578,0.218050950,0.003555977,0.211245219,0.225355784,12.5682
37,10,first,15,0.196167628,0.196579710,0.002152918,0.193535487,0.199926164,11.4225
37,11,all,15,0.224177897,0.225941128,0.005693182,0.219902883,0.236657033,15.5380
37,11,first,15,0.200117959,0.200005425,0.001693787,0.197924508,0.203509505,13.6663
37,12,all,15,0.231247793,0.232310541,0.005621112,0.225177338,0.244828969,19.1817
37,12,first,15,0.208686829,0.209103903,0.002405147,0.205635488,0.213219961,18.5334
38,1,all,15,0.334705082,0.337448734,0.005666237,0.333461049,0.349103444,69.8616
38,1,first,15,0.293955269,0.295126670,0.004915239,0.291385117,0.311649640,64.3657
38,2,all,15,0.316383938,0.317494806,0.002016078,0.315262824,0.321078830,60.5637
38,2,first,15,0.284008458,0.286835566,0.011030731,0.281913554,0.326168798,58.8039
38,3,all,15,0.286650658,0.287847237,0.003374345,0.284134547,0.296241964,45.4742
38,3,first,15,0.265500285,0.266300131,0.002425060,0.264052811,0.273760681,48.4551
38,4,all,15,0.220311483,0.220252624,0.001686024,0.216952006,0.223642985,11.8073
38,4,first,15,0.202793966,0.204077968,0.002984647,0.201657613,0.210639954,13.3927
38,5,all,15,0.199401644,0.199442405,0.001317745,0.196693208,0.201266954,1.1956
38,5,first,15,0.182702459,0.182466132,0.003211251,0.178222656,0.188198802,2.1585
38,6,all,15,0.197045720,0.196857241,0.001017086,0.194407213,0.198120897,0.0000
38,6,first,15,0.178842189,0.179616174,0.002572986,0.178069712,0.187891498,0.0000
38,7,all,15,0.201291690,0.201099514,0.001064665,0.198887719,0.202593274,2.1548
38,7,first,15,0.179885585,0.180725122,0.002429334,0.178322610,0.187689107,0.5834
38,8,all,15,0.200834066,0.201402593,0.003182631,0.197505951,0.209840993,1.9226
38,8,first,15,0.186598740,0.186729974,0.001907019,0.184308870,0.191169315,4.3371
38,9,all,15,0.207650930,0.208873466,0.003654728,0.204909424,0.215251506,5.3821
38,9,first,15,0.185404536,0.185682132,0.001788169,0.183593962,0.189330131,3.6694
38,10,all,15,0.210262726,0.209469320,0.003289694,0.204436412,0.214707265,6.7076
38,10,first,15,0.192637973,0.192522048,0.002035427,0.189018962,0.195953929,7.7139
38,11,all,15,0.222387950,0.221733940,0.002170451,0.218202799,0.225204885,12.8611
38,11,first,15,0.200884077,0.200728076,0.002009961,0.197684682,0.204629542,12.3248
38,12,all,15,0.228572845,0.228122315,0.002715389,0.223718852,0.233325958,15.9999
38,12,first,15,0.213677724,0.214563976,0.003017430,0.211237590,0.221665273,19.4784
39,1,all,15,0.325501760,0.335130291,0.016233600,0.323585934,0.385939992,65.0017
39,1,first,15,0.293200811,0.309900423,0.044380935,0.282373950,0.428125598,57.8431
39,2,all,15,0.289623998,0.290620027,0.004965867,0.285999514,0.306271973,46.8147
39,2,first,15,0.268573227,0.301713024,0.077837575,0.254484278,0.461832682,44.5850
39,3,all,15,0.293132464,0.293896500,0.005742962,0.288020248,0.311784223,48.5932
39,3,first,15,0.278311310,0.294628565,0.046152066,0.262787069,0.434379578,49.8274
39,4,all,15,0.220542480,0.221203303,0.003229368,0.218043854,0.229846100,11.7963
39,4,first,15,0.221753855,0.233559585,0.040466824,0.205966522,0.375370870,19.3800
39,5,all,15,0.201465463,0.202698082,0.006657017,0.197751083,0.224197532,2.1258
39,5,first,15,0.197265769,0.209567081,0.037482130,0.184603093,0.327454673,6.1970
39,6,all,15,0.197271771,0.197277281,0.002474607,0.193224657,0.203418028,0.0000
39,6,first,15,0.185754564,0.201764542,0.035228986,0.178574804,0.295516120,0.0000
39,7,all,15,0.203874020,0.205244606,0.006480820,0.200977681,0.227874824,3.3468
39,7,first,15,0.187715607,0.200878637,0.034379636,0.179077428,0.296358176,1.0557
39,8,all,15,0.203639130,0.206819296,0.007413181,0.200973094,0.228805969,3.2277
39,8,first,15,0.193318261,0.194416610,0.007220578,0.185055550,0.205248371,4.0719
39,9,all,15,0.210975220,0.212727411,0.007350942,0.204661469,0.233359863,6.9465
39,9,first,15,0.190757819,0.197482733,0.017924891,0.186109543,0.257541868,2.6935
39,10,all,15,0.215367208,0.214236365,0.004196094,0.206359436,0.220730672,9.1728
39,10,first,15,0.198056963,0.215552296,0.036895052,0.192754186,0.320101844,6.6229
39,11,all,15,0.219941874,0.220576025,0.004701069,0.214266042,0.231778463,11.4918
39,11,first,15,0.202376048,0.210772102,0.029039916,0.193283649,0.286182827,8.9481
39,12,all,15,0.221918742,0.221906791,0.003716980,0.216600210,0.229338755,12.4939
39,12,first,15,0.205368886,0.216071714,0.038677114,0.201057434,0.354418009,10.5593
40,1,all,15,0.325871035,0.326394858,0.003371152,0.321594874,0.331078110,63.1874
40,1,first,15,0.288985570,0.289866095,0.002794655,0.286440849,0.296030045,56.7924
40,2,all,15,0.294529597,0.294133928,0.002582896,0.289848646,0.298311971,47.4925
40,2,first,15,0.261101723,0.260963581,0.002881165,0.256511892,0.266726812,41.6637
40,3,all,15,0.274003347,0.274200049,0.002552915,0.270474218,0.279594523,37.2135
40,3,first,15,0.244624674,0.245848592,0.002953994,0.242902120,0.252230754,32.7239
40,4,all,15,0.221419017,0.220644095,0.002383650,0.216518829,0.224112610,10.8807
40,4,first,15,0.208189219,0.208999295,0.002606737,0.206010183,0.215887288,12.9554
40,5,all,15,0.203154526,0.203307210,0.001911630,0.199955834,0.205900057,1.7343
40,5,first,15,0.190025618,0.190473910,0.002821156,0.187686988,0.196954227,3.1005
40,6,all,15,0.199691281,0.199411817,0.001922922,0.195300496,0.201959262,0.0000
40,6,first,15,0.185598797,0.185824288,0.002377577,0.182138723,0.191544427,0.6987
40,7,all,15,0.205944478,0.206470968,0.002449968,0.203344981,0.213936279,3.1314
40,7,first,15,0.184310981,0.184908596,0.002612383,0.180978775,0.191063004,0.0000
40,8,all,15,0.206481506,0.205950646,0.002484213,0.201541056,0.212043762,3.4004
40,8,first,15,0.191547250,0.191536986,0.002775931,0.187068159,0.196596434,3.9261
40,9,all,15,0.212727010,0.214057554,0.004280327,0.209170868,0.224015127,6.5279
40,9,first,15,0.191722090,0.191733207,0.002108835,0.186904619,0.196216015,4.0210
40,10,all,15,0.218535950,0.217410784,0.003675544,0.210865865,0.222894450,9.4369
40,10,first,15,0.198286904,0.198650194,0.002159303,0.195498640,0.203409543,7.5828
40,11,all,15,0.224190613,0.223286184,0.003189907,0.217343648,0.227407664,12.2686
40,11,first,15,0.199400584,0.199224825,0.002136345,0.195703150,0.203473833,8.1870
40,12,all,15,0.224149485,0.223877262,0.002707048,0.219697316,0.228471547,12.2480
40,12,first,15,0.208310872,0.208256815,0.002404422,0.202123851,0.211096029,13.0214
41,1,all,15,0.325884819,0.330849046,0.008454943,0.322850011,0.347252413,64.3595
41,1,first,15,0.290993055,0.292775258,0.006901436,0.286355540,0.310839539,58.6413
41,2,all,15,0.289784533,0.292033763,0.005000278,0.288001175,0.304180781,46.1524
41,2,first,15,0.260547002,0.264119715,0.013421897,0.257330996,0.311177572,42.0430
41,3,all,15,0.273835932,0.275584751,0.005086048,0.270862579,0.289773941,38.1087
41,3,first,15,0.245604614,0.248004602,0.009162608,0.242674510,0.280670593,33.8968
41,4,all,15,0.219888051,0.221356541,0.003110655,0.218494415,0.227048665,10.9002
41,4,first,15,0.199821260,0.200795398,0.002391792,0.198612925,0.207379311,8.9370
41,5,all,15,0.198275604,0.199248161,0.002526521,0.196490114,0.205244132,0.0000
41,5,first,15,0.183428311,0.184316023,0.002251796,0.181756549,0.189231940,0.0000
41,6,all,15,0.198396047,0.198574654,0.001976263,0.196484460,0.204047801,0.0607
41,6,first,15,0.184416953,0.184958071,0.002290020,0.182898839,0.191533830,0.5390
41,7,all,15,0.204228302,0.204696627,0.001804098,0.202960968,0.210293660,3.0022
41,7,first,15,0.187769648,0.188252131,0.001660472,0.186038903,0.191447644,2.3668
41,8,all,15,0.204851359,0.205754513,0.003058058,0.202162425,0.211643219,3.3165
41,8,first,15,0.194690848,0.194941389,0.002697710,0.190935838,0.203159824,6.1400
41,9,all,15,0.212265442,0.213191958,0.004857836,0.208532969,0.227626383,7.0558
41,9,first,15,0.191605182,0.191475834,0.001627505,0.189820048,0.196147495,4.4578
41,10,all,15,0.216560364,0.217389651,0.003884833,0.212204834,0.227008820,9.2219
41,10,first,15,0.198434906,0.198626177,0.002821764,0.194451014,0.203286277,8.1812
41,11,all,15,0.223399272,0.223776500,0.002884006,0.219098826,0.230316162,12.6711
41,11,first,15,0.200081584,0.200279920,0.001619796,0.198348007,0.203099433,9.0789
41,12,all,15,0.224787821,0.224614292,0.002100049,0.220611145,0.228393127,13.3714
41,12,first,15,0.207310150,0.207124895,0.002046985,0.203839193,0.211421539,13.0197
42,1,all,15,0.327211482,0.332634749,0.015684915,0.321088371,0.382819697,66.5381
42,1,first,15,0.291820107,0.292439601,0.002694283,0.289574725,0.297565460,60.7235
42,2,all,15,0.291348038,0.302220063,0.041275512,0.289287033,0.451329015,48.2850
42,2,first,15,0.262345746,0.262278946,0.002322085,0.259081523,0.268766085,44.4902
42,3,all,15,0.275321007,0.277309524,0.006919303,0.273579496,0.302068392,40.1278
42,3,first,15,0.249072611,0.250324900,0.003933697,0.246922811,0.262997945,37.1798
42,4,all,15,0.222437541,0.223094487,0.003373924,0.220614543,0.234892527,13.2122
42,4,first,15,0.214384715,0.214755673,0.001840369,0.212686330,0.219821513,18.0750
42,5,all,15,0.203035136,0.203327378,0.002085279,0.199940572,0.209131032,3.3371
42,5,first,15,0.186919106,0.188042275,0.003080087,0.185157988,0.195263757,2.9480
42,6,all,15,0.196478458,0.196130211,0.001812126,0.194263111,0.201475355,0.0000
42,6,first,15,0.181566518,0.182108914,0.002242292,0.179149840,0.186642897,0.0000
42,7,all,15,0.204589844,0.204690637,0.000984363,0.203179677,0.206549327,4.1284
42,7,first,15,0.202211804,0.202587435,0.001506286,0.200539695,0.205684942,11.3706
42,8,all,15,0.206264572,0.207822918,0.003495579,0.203209635,0.213356366,4.9808
42,8,first,15,0.205630544,0.206504539,0.005458348,0.202164824,0.225156148,13.2536
42,9,all,15,0.213275055,0.214245012,0.003612358,0.210823059,0.223403514,8.5488
42,9,first,15,0.192688836,0.194548832,0.006977554,0.189853948,0.218030785,6.1258
42,10,all,15,0.219134867,0.218736352,0.004646394,0.212318837,0.229203969,11.5312
42,10,first,15,0.201823976,0.204906346,0.010237645,0.198793064,0.230075692,11.1570
42,11,all,15,0.224544098,0.224953913,0.004017813,0.221474965,0.238018890,14.2843
42,11,first,15,0.202983576,0.203148337,0.003008894,0.199724833,0.211549691,11.7957
42,12,all,15,0.227226257,0.227807985,0.002585125,0.222003092,0.232339650,15.6495
42,12,first,15,0.209543864,0.209681730,0.001769782,0.206954956,0.213703573,15.4089
43,1,all,15,0.329860416,0.331949682,0.007486251,0.323697544,0.347705417,64.5231
43,1,first,15,0.292885577,0.293956865,0.004771039,0.289119619,0.305785599,55.6928
43,2,all,15,0.291089478,0.292251197,0.004112502,0.288121427,0.305171013,45.1855
43,2,first,15,0.262471835,0.264855490,0.005023304,0.259550412,0.273935521,39.5254
43,3,all,15,0.277087949,0.277489735,0.001904023,0.274795431,0.281417643,38.2020
43,3,first,15,0.249463816,0.250941608,0.003763748,0.247067769,0.259018361,32.6106
43,4,all,15,0.224566569,0.225488255,0.001923338,0.222858429,0.230544200,12.0062
43,4,first,15,0.207374990,0.208570607,0.005287979,0.203827749,0.224953542,10.2369
43,5,all,15,0.204284668,0.205814418,0.003536031,0.202297211,0.215851247,1.8902
43,5,first,15,0.191411972,0.193058839,0.004293848,0.188910166,0.204310243,1.7513
43,6,all,15,0.200494834,0.201150258,0.002867112,0.197351244,0.208784739,0.0000
43,6,first,15,0.189342143,0.190181708,0.008117661,0.182186059,0.213634703,0.6510
43,7,all,15,0.201432546,0.202092177,0.002391151,0.200091888,0.209989329,0.4677
43,7,first,15,0.188117557,0.188769448,0.003566867,0.184002982,0.196846508,0.0000
43,8,all,15,0.200574239,0.201092247,0.002516962,0.197611491,0.205197225,0.0396
43,8,first,15,0.191048516,0.191904798,0.003911735,0.186592738,0.200312932,1.5580
43,9,all,15,0.212671071,0.214714587,0.003753041,0.210007558,0.219341695,6.0731
43,9,first,15,0.195628984,0.197250297,0.005502156,0.193667942,0.215225576,3.9929
43,10,all,15,0.220534007,0.219818878,0.003054155,0.214274089,0.225098501,9.9949
43,10,first,15,0.204037984,0.205213673,0.005082865,0.199986776,0.220946421,8.4630
43,11,all,15,0.225245158,0.224689880,0.002176862,0.221088409,0.227954865,12.3446
43,11,first,15,0.204697927,0.204573030,0.001994322,0.201179932,0.209072113,8.8138
43,12,all,15,0.227482697,0.227619934,0.003226493,0.223691305,0.237399200,13.4606
43,12,first,15,0.211835225,0.215024879,0.012089337,0.208604177,0.258176595,12.6079
44,1,all,15,0.329701106,0.331824515,0.006601426,0.324488220,0.340782267,62.9182
44,1,first,15,0.293382009,0.294296937,0.002420524,0.290852661,0.297848384,57.0935
44,2,all,15,0.291859843,0.293306419,0.004326838,0.289678040,0.307953618,44.2194
44,2,first,15,0.265976588,0.266093645,0.002619955,0.263456764,0.272862651,42.4191
44,3,all,15,0.278340454,0.279066155,0.002926593,0.276730855,0.288487015,37.5389
44,3,first,15,0.251417694,0.251306854,0.001027162,0.249238014,0.253218015,34.6234
44,4,all,15,0.227367401,0.227718042,0.002276694,0.225043406,0.232740611,12.3511
44,4,first,15,0.207524618,0.208326973,0.002402466,0.206242452,0.215269297,11.1206
44,5,all,15,0.207010478,0.207957120,0.003087550,0.205080241,0.218270620,2.2920
44,5,first,15,0.193713506,0.193859077,0.002826380,0.190847541,0.202203327,3.7253
44,6,all,15,0.202372157,0.202310891,0.000959129,0.200664376,0.204190504,0.0000
44,6,first,15,0.186756270,0.187451163,0.002502272,0.185027652,0.194834951,0.0000
44,7,all,15,0.204183797,0.204386451,0.001017021,0.202621043,0.206420898,0.8952
44,7,first,15,0.190788549,0.191654229,0.003126020,0.189015774,0.201004876,2.1591
44,8,all,15,0.205204578,0.207334920,0.009761918,0.201936654,0.241588660,1.3996
44,8,first,15,0.203770532,0.204148635,0.001172639,0.201928177,0.206162135,9.1104
44,9,all,15,0.206723958,0.207457874,0.002237404,0.204907735,0.212750326,2.1504
44,9,first,15,0.190973638,0.191836557,0.003314390,0.188465474,0.199663374,2.2582
44,10,all,15,0.220387349,0.220315636,0.002990417,0.215080678,0.226976186,8.9020
44,10,first,15,0.204543355,0.204378104,0.002546613,0.200804604,0.210161557,9.5242
44,11,all,15,0.226179759,0.227972864,0.009611005,0.221453349,0.261643311,11.7643
44,11,first,15,0.203760356,0.204328352,0.001812653,0.202075531,0.208497793,9.1050
44,12,all,15,0.228152384,0.228078942,0.001992538,0.224073201,0.231007894,12.7390
44,12,first,15,0.211509288,0.211637513,0.001452839,0.209961365,0.215140452,13.2542
45,1,all,15,0.334943136,0.331805524,0.007635858,0.321279449,0.342812720,64.1228
45,1,first,15,0.293483734,0.293638689,0.001501085,0.291298230,0.296976840,55.6998
45,2,all,15,0.292161306,0.293579277,0.004218095,0.290094477,0.307773488,43.1596
45,2,first,15,0.275792020,0.275621980,0.001144796,0.273496831,0.277255376,46.3139
45,3,all,15,0.280488332,0.280665749,0.001951823,0.277663867,0.285804532,37.4398
45,3,first,15,0.254655202,0.254323437,0.001914464,0.252272705,0.259668986,35.1003
45,4,all,15,0.229459981,0.230248008,0.002272314,0.228076508,0.235677083,12.4358
45,4,first,15,0.208425730,0.208593212,0.001176957,0.207040578,0.210951914,10.5746
45,5,all,15,0.209526062,0.209658784,0.001519189,0.207495372,0.213236074,2.6682
45,5,first,15,0.193937793,0.194153208,0.002205861,0.191581870,0.198394631,2.8884
45,6,all,15,0.204080800,0.204135641,0.000918589,0.202915192,0.205611328,0.0000
45,6,first,15,0.188493373,0.188950692,0.002365373,0.187034607,0.196270413,0.0000
45,7,all,15,0.206543396,0.206657693,0.001811320,0.205081512,0.212513387,1.2067
45,7,first,15,0.206422170,0.206334940,0.001574658,0.204143097,0.209398478,9.5116
45,8,all,15,0.206113180,0.206951282,0.002520185,0.203955750,0.210901896,0.9959
45,8,first,15,0.194233432,0.194738459,0.001963155,0.191851374,0.200087229,3.0452
45,9,all,15,0.211688995,0.212828036,0.003055260,0.209008952,0.219440887,3.7280
45,9,first,15,0.192653520,0.193228052,0.001940073,0.190888511,0.197327932,2.2071
45,10,all,15,0.212984721,0.212612888,0.002742301,0.208129038,0.217321604,4.3629
45,10,first,15,0.197074331,0.197243678,0.002023025,0.194024684,0.201009827,4.5524
45,11,all,15,0.223448435,0.223826146,0.001964574,0.220882416,0.227270335,9.4902
45,11,first,15,0.206045787,0.206079214,0.001708808,0.203537415,0.209945679,9.3120
45,12,all,15,0.228386353,0.227502384,0.002277851,0.222120921,0.230346680,11.9098
45,12,first,15,0.227015177,0.227350475,0.001779274,0.224627594,0.231267721,20.4367
46,1,all,15,0.335290171,0.335826804,0.002566644,0.332161585,0.340796051,61.7779
46,1,first,15,0.293071531,0.293070122,0.001231369,0.291503805,0.296481972,54.0178
46,2,all,15,0.293624140,0.296041879,0.005823296,0.289426918,0.306354103,41.6740
46,2,first,15,0.268804232,0.268690499,0.001227944,0.266152496,0.270524559,41.2646
46,3,all,15,0.281264521,0.283445075,0.005279205,0.279868965,0.300469933,35.7105
46,3,first,15,0.256016515,0.256140285,0.001471626,0.254007975,0.260667267,34.5443
46,4,all,15,0.230233938,0.230472819,0.001515621,0.228560974,0.234736552,11.0882
46,4,first,15,0.232599467,0.232369940,0.000786603,0.230968475,0.233720144,22.2379
46,5,all,15,0.211714854,0.211627480,0.002265338,0.208966156,0.215761820,2.1527
46,5,first,15,0.195843379,0.195927514,0.001330248,0.194361649,0.198679318,2.9215
46,6,all,15,0.207253347,0.209748415,0.009339598,0.204536021,0.242677480,0.0000
46,6,first,15,0.190284170,0.190237775,0.000524555,0.189277505,0.191343808,0.0000
46,7,all,15,0.209075511,0.209468305,0.001827429,0.207377543,0.213008881,0.8792
46,7,first,15,0.192715675,0.193751512,0.002697898,0.191375944,0.202082884,1.2778
46,8,all,15,0.209428996,0.209872719,0.003152627,0.206085205,0.216309438,1.0498
46,8,first,15,0.197487233,0.197461682,0.001892187,0.194294900,0.200734312,3.7854
46,9,all,15,0.212569346,0.212970762,0.002655951,0.209649404,0.218008250,2.5650
46,9,first,15,0.194943746,0.195221678,0.001086968,0.193551737,0.197207133,2.4487
46,10,all,15,0.214848419,0.215417481,0.004391190,0.211151123,0.227820506,3.6646
46,10,first,15,0.199937117,0.200367893,0.001803053,0.197030173,0.203150643,5.0729
46,11,all,15,0.219343394,0.218619990,0.002628521,0.214708547,0.222947866,5.8335
46,11,first,15,0.215150197,0.214937677,0.001379476,0.212746094,0.218135406,13.0678
46,12,all,15,0.221816600,0.221538234,0.001684478,0.218424479,0.224263936,7.0268
46,12,first,15,0.222846130,0.223275050,0.001659819,0.220520020,0.226313273,17.1123
47,1,all,15,0.326199697,0.327280727,0.004653274,0.322750939,0.341683841,56.5163
47,1,first,15,0.297919909,0.308723062,0.019690549,0.296327807,0.351356405,53.4056
47,2,all,15,0.293223063,0.293089760,0.001448917,0.290400187,0.295684598,40.6935
47,2,first,15,0.270233154,0.275842278,0.015176784,0.266802572,0.316003698,39.1490
47,3,all,15,0.281817118,0.281481460,0.001354712,0.279095968,0.283375854,35.2208
47,3,first,15,0.256439311,0.262126957,0.014216608,0.255051715,0.302594503,32.0463
47,4,all,15,0.232098043,0.232192455,0.000486961,0.231431753,0.233083506,11.3647
47,4,first,15,0.236204366,0.243767718,0.017817744,0.234122803,0.297823171,21.6269
47,5,all,15,0.221727580,0.221634956,0.002079076,0.217263540,0.225872457,6.3888
47,5,first,15,0.199718823,0.199910835,0.002380675,0.197281308,0.205940670,2.8396
47,6,all,15,0.208412598,0.208486431,0.001058166,0.206809998,0.210316549,0.0000
47,6,first,15,0.194204119,0.197040088,0.008591647,0.193014492,0.226729007,0.0000
47,7,all,15,0.211435109,0.211505071,0.000930240,0.209871073,0.213159780,1.4503
47,7,first,15,0.197547277,0.200417860,0.008575986,0.194922553,0.221373944,1.7215
47,8,all,15,0.210619609,0.211410494,0.002213122,0.208185415,0.215807597,1.0590
47,8,first,15,0.199704700,0.202381557,0.009041560,0.197338876,0.233582738,2.8324
47,9,all,15,0.215477834,0.216414868,0.003018982,0.212407857,0.222074717,3.3900
47,9,first,15,0.201068107,0.204040976,0.009052234,0.196943987,0.230914222,3.5344
47,10,all,15,0.219203949,0.218752713,0.002008511,0.215205302,0.221250743,5.1779
47,10,first,15,0.204841187,0.206302161,0.005453492,0.201977620,0.224462718,5.4773
47,11,all,15,0.223283976,0.222933707,0.001881961,0.219932129,0.226544698,7.1355
47,11,first,15,0.224240194,0.230931175,0.017617420,0.222187042,0.280881246,15.4662
47,12,all,15,0.222184499,0.222314537,0.001287569,0.219947815,0.224865804,6.6080
47,12,first,15,0.226756195,0.230984920,0.012876844,0.223599752,0.270098796,16.7618
48,1,all,15,0.321594874,0.330190730,0.025548492,0.319619179,0.420568784,52.4362
48,1,first,15,0.295452538,0.295862128,0.001601849,0.293396848,0.298506419,50.8154
48,2,all,15,0.293542544,0.296460790,0.006241089,0.290795962,0.310007210,39.1394
48,2,first,15,0.269249814,0.269813928,0.001323292,0.268155734,0.273631414,37.4401
48,3,all,15,0.283347232,0.296893298,0.035172186,0.280683835,0.401683388,34.3068
48,3,first,15,0.258260307,0.267447683,0.036106649,0.255444323,0.397901535,31.8304
48,4,all,15,0.235388438,0.239050292,0.012362950,0.232667287,0.282820801,11.5743
48,4,first,15,0.217333476,0.232167223,0.038481207,0.215775380,0.361571838,10.9391
48,5,all,15,0.215673655,0.220356723,0.009032485,0.214397858,0.241216868,2.2295
48,5,first,15,0.201122701,0.202053607,0.002437584,0.199607005,0.208162944,2.6642
48,6,all,15,0.210970133,0.212719359,0.003926782,0.209050079,0.222515961,0.0000
48,6,first,15,0.195903422,0.206147464,0.034285278,0.194382494,0.329397693,0.0000
48,7,all,15,0.214257558,0.215367211,0.002463907,0.213052541,0.222355316,1.5582
48,7,first,15,0.198393580,0.207358042,0.027376615,0.195567517,0.303200972,1.2711
48,8,all,15,0.214520772,0.221826426,0.024123971,0.211779704,0.308147858,1.6830
48,8,first,15,0.201735323,0.202676232,0.003166741,0.199691272,0.211522844,2.9769
48,9,all,15,0.219180206,0.222433105,0.008819496,0.215529551,0.250843892,3.8916
48,9,first,15,0.201049381,0.205516109,0.017096119,0.197664541,0.266982888,2.6268
48,10,all,15,0.222180257,0.224427825,0.007981467,0.219124685,0.251462301,5.3136
48,10,first,15,0.207468241,0.210559901,0.012132008,0.203687032,0.253081004,5.9033
48,11,all,15,0.227041880,0.227746186,0.008455273,0.220523834,0.256248057,7.6180
48,11,first,15,0.207913717,0.208248223,0.001433484,0.206512024,0.211503347,6.1307
48,12,all,15,0.227745056,0.232766921,0.021544653,0.224288940,0.310353170,7.9513
48,12,first,15,0.222313344,0.222547093,0.007462555,0.208669454,0.242594828,13.4811
49,1,all,15,0.329170227,0.329155355,0.003102991,0.322044156,0.333876076,56.0135
49,1,first,15,0.299677315,0.301675690,0.011928909,0.292527415,0.342255173,50.8465
49,2,all,15,0.289944013,0.291859027,0.003749994,0.288010699,0.299989916,37.4218
49,2,first,15,0.270564830,0.271740279,0.004311958,0.266252632,0.280557734,36.1923
49,3,all,15,0.282725220,0.287260267,0.015497268,0.278938611,0.341557388,34.0004
49,3,first,15,0.262102559,0.261558567,0.003150004,0.256314278,0.265587692,31.9327
49,4,all,15,0.234025736,0.234307947,0.001406873,0.231372833,0.236753255,10.9188
49,4,first,15,0.217391551,0.222241240,0.013571190,0.214676331,0.269303212,9.4269
49,5,all,15,0.217283885,0.217132655,0.002800095,0.212507029,0.222751617,2.9838
49,5,first,15,0.204908583,0.206909320,0.004748116,0.201724014,0.216389050,3.1434
49,6,all,15,0.210988363,0.212382026,0.006249606,0.208937754,0.234516988,0.0000
49,6,first,15,0.198663788,0.200081673,0.005017452,0.196495056,0.215983921,0.0000
49,7,all,15,0.214205424,0.214878790,0.002406636,0.212200592,0.221157501,1.5248
49,7,first,15,0.225351125,0.226667362,0.003944347,0.220829854,0.235697428,13.4334
49,8,all,15,0.212625285,0.215265683,0.005802444,0.211227417,0.232649485,0.7758
49,8,first,15,0.222307841,0.222027332,0.003793367,0.215400269,0.228208750,11.9015
49,9,all,15,0.218361755,0.218606765,0.003160574,0.215243022,0.227606455,3.4947
49,9,first,15,0.205226898,0.205781244,0.004098247,0.201066762,0.217549642,3.3036
49,10,all,15,0.221239309,0.221433033,0.002833677,0.217041870,0.229117076,4.8585
49,10,first,15,0.210123271,0.210442776,0.003228355,0.204989543,0.216778229,5.7683
49,11,all,15,0.224669556,0.224617512,0.002971131,0.220992198,0.229927480,6.4843
49,11,first,15,0.212505341,0.212484177,0.003208205,0.207191884,0.218374471,6.9673
49,12,all,15,0.228272756,0.228052605,0.002273512,0.223834564,0.231227030,8.1921
49,12,first,15,0.234792074,0.235943631,0.005579921,0.220537821,0.243586650,18.1856
50,1,all,15,0.318465767,0.321376907,0.007569674,0.315745672,0.338069598,49.8705
50,1,first,15,0.298466148,0.297657154,0.001931130,0.294176737,0.300077858,50.9726
50,2,all,15,0.288754578,0.289514861,0.004062547,0.285360552,0.302124557,35.8884
50,2,first,15,0.283358892,0.284066483,0.002667471,0.281183446,0.291984342,43.3309
50,3,all,15,0.279958522,0.280908302,0.004099437,0.277646917,0.295065765,31.7490
50,3,first,15,0.259252650,0.259205395,0.002000265,0.255859693,0.262638728,31.1373
50,4,all,15,0.234336426,0.234026929,0.001612686,0.231088847,0.236766815,10.2791
50,4,first,15,0.216663361,0.217062887,0.001427762,0.215227346,0.219848633,9.5944
50,5,all,15,0.221931458,0.221801023,0.001275725,0.219210307,0.223869324,4.4413
50,5,first,15,0.202504476,0.203629077,0.003857222,0.200169037,0.211911519,2.4325
50,6,all,15,0.212493896,0.212889354,0.001849376,0.210374613,0.216394216,0.0000
50,6,first,15,0.197695626,0.197931523,0.001359243,0.196401808,0.200445387,0.0000
50,7,all,15,0.215623647,0.215559191,0.001359066,0.212795258,0.217671712,1.4729
50,7,first,15,0.202280680,0.201886213,0.002993407,0.198182712,0.207960697,2.3192
50,8,all,15,0.216646413,0.217181481,0.002870215,0.212793142,0.222020467,1.9542
50,8,first,15,0.204076767,0.204542514,0.002006203,0.201979040,0.208652284,3.2278
50,9,all,15,0.222068787,0.222134313,0.003293254,0.216425151,0.226275126,4.5060
50,9,first,15,0.205900760,0.206204921,0.002987279,0.202055689,0.211929389,4.1504
50,10,all,15,0.222452372,0.222701234,0.002190769,0.218906820,0.226388295,4.6865
50,10,first,15,0.211326172,0.210656963,0.002794988,0.205331594,0.215305745,6.8947
50,11,all,15,0.228060404,0.227063582,0.002812784,0.221931885,0.231234650,7.3256
50,11,first,15,0.212015788,0.211640929,0.003256989,0.207237671,0.216774414,7.2435
50,12,all,15,0.230149160,0.230044301,0.002217766,0.226020813,0.233602305,8.3086
50,12,first,15,0.217284302,0.217439977,0.002270726,0.214355896,0.221420288,9.9085
51,1,all,15,0.303867137,0.303777235,0.002763464,0.301024653,0.311906598,41.9755
51,1,first,15,0.270620982,0.271117884,0.003723371,0.266705615,0.281882820,34.0137
51,2,all,15,0.266990128,0.268169651,0.003130387,0.264967817,0.276147525,24.7455
51,2,first,15,0.247333527,0.249184702,0.005292098,0.245140503,0.265293976,22.4816
51,3,all,15,0.281025035,0.282466571,0.005557540,0.277714729,0.298494759,31.3030
51,3,first,15,0.260439453,0.262799685,0.006096606,0.257315102,0.278473422,28.9718
51,4,all,15,0.234391530,0.235269221,0.003714961,0.232460022,0.248182933,9.5145
51,4,first,15,0.221157074,0.221922726,0.003098439,0.218797475,0.229471842,9.5188
51,5,all,15,0.217924337,0.217777480,0.001330920,0.215215047,0.220236033,1.8206
51,5,first,15,0.205846568,0.206751306,0.003024632,0.203589539,0.214717448,1.9369
51,6,all,15,0.214027832,0.216461211,0.010574933,0.212035288,0.254577637,0.0000
51,6,first,15,0.201935238,0.202359918,0.003095212,0.198443731,0.209039408,0.0000
51,7,all,15,0.216847310,0.217358907,0.002331895,0.215494364,0.225298136,1.3173
51,7,first,15,0.204076131,0.205032378,0.002679122,0.201048106,0.210675130,1.0602
51,8,all,15,0.217486908,0.217517938,0.001901058,0.214879354,0.220558167,1.6162
51,8,first,15,0.224767476,0.224772785,0.001823944,0.222176870,0.229662150,11.3067
51,9,all,15,0.221694519,0.223103615,0.003468360,0.218821208,0.228825470,3.5821
51,9,first,15,0.208197703,0.209896173,0.004516356,0.204092234,0.220995158,3.1012
51,10,all,15,0.224587331,0.224454159,0.002284433,0.220200012,0.227393260,4.9337
51,10,first,15,0.214724650,0.217769284,0.008702975,0.210989634,0.244839986,6.3334
51,11,all,15,0.229359517,0.228660187,0.002515618,0.224562754,0.231400391,7.1634
51,11,first,15,0.215294729,0.215605614,0.002253036,0.212186595,0.220238576,6.6157
51,12,all,15,0.231903503,0.234223260,0.008877607,0.229985982,0.265950521,8.3520
51,12,first,15,0.220380992,0.223822727,0.008368985,0.218226532,0.250530243,9.1345
52,1,all,15,0.292741992,0.293748077,0.004222170,0.288931529,0.301164513,36.8475
52,1,first,15,0.267735062,0.267885174,0.001925833,0.265293655,0.273424263,32.6807
52,2,all,15,0.266297658,0.268720273,0.006397378,0.261932487,0.283257167,24.4856
52,2,first,15,0.245702535,0.246778251,0.003414891,0.244422068,0.257818014,21.7621
52,3,all,15,0.256812833,0.258512745,0.004618648,0.253458023,0.270805359,20.0517
52,3,first,15,0.235764821,0.236778797,0.003411415,0.233471771,0.246222605,16.8373
52,4,all,15,0.233421326,0.235582931,0.004108823,0.231939107,0.243835022,9.1170
52,4,first,15,0.219963501,0.219905459,0.000807532,0.218682607,0.221508026,9.0067
52,5,all,15,0.218724996,0.220008201,0.004148432,0.215949158,0.230335236,2.2469
52,5,first,15,0.207831909,0.207219525,0.001729483,0.204784810,0.210246613,2.9947
52,6,all,15,0.213918467,0.214157385,0.002526632,0.212089539,0.222810109,0.0000
52,6,first,15,0.201789012,0.202025433,0.001796463,0.199561218,0.206161499,0.0000
52,7,all,15,0.217667480,0.218864130,0.003668120,0.216448039,0.229236603,1.7525
52,7,first,15,0.203755269,0.203918173,0.001019837,0.202908407,0.206692169,0.9744
52,8,all,15,0.219566772,0.221402854,0.006584885,0.216226369,0.236932973,2.6404
52,8,first,15,0.208625376,0.209877524,0.004752707,0.206511607,0.225614756,3.3879
52,9,all,15,0.222153137,0.225494722,0.006757879,0.219956289,0.238921265,3.8494
52,9,first,15,0.207808594,0.209375254,0.004398670,0.205676605,0.223894755,2.9831
52,10,all,15,0.227148692,0.227301252,0.003212529,0.221672058,0.235894094,6.1847
52,10,first,15,0.214022319,0.214706363,0.002469163,0.211543182,0.220080485,6.0624
52,11,all,15,0.232978394,0.233301261,0.004536969,0.225562622,0.240724355,8.9099
52,11,first,15,0.216902842,0.216600093,0.001813099,0.213255564,0.219944427,7.4899
52,12,all,15,0.234384328,0.235705539,0.004781171,0.230235626,0.247746358,9.5671
52,12,first,15,0.244478017,0.244109458,0.001751751,0.240640432,0.247160594,21.1553
53,1,all,15,0.292154948,0.291915364,0.002643478,0.288441442,0.296080373,37.8419
53,1,first,15,0.271128540,0.272514202,0.002447239,0.270649592,0.277280286,34.8746
53,2,all,15,0.265302124,0.265292521,0.001030763,0.263879038,0.267629623,25.1725
53,2,first,15,0.254931559,0.254835229,0.000774322,0.253712545,0.256106913,26.8173
53,3,all,15,0.258264542,0.258008783,0.001549886,0.254301503,0.260508334,21.8521
53,3,first,15,0.236854980,0.236916324,0.000895991,0.235259165,0.238338043,17.8250
53,4,all,15,0.225524475,0.225479380,0.001302030,0.223722249,0.227716654,6.4049
53,4,first,15,0.215584656,0.215714123,0.001228362,0.213910004,0.218852997,7.2439
53,5,all,15,0.211949249,0.211987134,0.001051879,0.210226695,0.214388529,0.0000
53,5,first,15,0.201022675,0.201021349,0.001434697,0.198761403,0.204345286,0.0000
53,6,all,15,0.213349660,0.212993877,0.001453821,0.210698873,0.216190765,0.6607
53,6,first,15,0.202302229,0.202577026,0.001564860,0.200874888,0.207451011,0.6365
53,7,all,15,0.217384755,0.217529296,0.000931475,0.215508352,0.218819509,2.5645
53,7,first,15,0.205062022,0.205837448,0.001886378,0.203379730,0.209581584,2.0094
53,8,all,15,0.218928019,0.219709863,0.002417236,0.215649068,0.223269999,3.2927
53,8,first,15,0.210595022,0.210943631,0.002190530,0.208118439,0.215510468,4.7618
53,9,all,15,0.221752594,0.223920808,0.003643913,0.220581055,0.230609894,4.6253
53,9,first,15,0.208495239,0.208751197,0.001476293,0.206323832,0.212157786,3.7173
53,10,all,15,0.225029836,0.225335948,0.003079084,0.221382985,0.230296234,6.1716
53,10,first,15,0.215457489,0.216151116,0.002430937,0.213011851,0.222905477,7.1807
53,11,all,15,0.229998271,0.230643435,0.001987215,0.228512655,0.233736674,8.5157
53,11,first,15,0.237531871,0.237825946,0.001727654,0.234804789,0.240754445,18.1617
53,12,all,15,0.234314819,0.234387745,0.000888174,0.232588450,0.235903005,10.5523
53,12,first,15,0.242237935,0.241970374,0.002311466,0.238315582,0.245534261,20.5028
54,1,all,15,0.290996755,0.292204647,0.002880165,0.288663445,0.298022168,37.5579
54,1,first,15,0.278046392,0.278304593,0.003655100,0.273946660,0.290257136,38.3515
54,2,all,15,0.267686844,0.268200803,0.002624635,0.264520111,0.275616112,26.5390
54,2,first,15,0.251071075,0.251798926,0.003382399,0.249636332,0.263797333,24.9290
54,3,all,15,0.260417201,0.261228739,0.003227217,0.258668264,0.272301572,23.1026
54,3,first,15,0.239130239,0.238943596,0.001215184,0.237203807,0.241218140,18.9875
54,4,all,15,0.228609294,0.229864302,0.006642847,0.225437581,0.253405680,8.0666
54,4,first,15,0.237303833,0.237562814,0.001850719,0.234753082,0.241410146,18.0787
54,5,all,15,0.214485596,0.214787376,0.000888449,0.213220805,0.217140615,1.3901
54,5,first,15,0.205163320,0.205454650,0.001822396,0.202554911,0.207737823,2.0860
54,6,all,15,0.211544881,0.211690407,0.001909187,0.209936351,0.217578461,0.0000
54,6,first,15,0.200970968,0.201141334,0.001162725,0.199814555,0.204829466,0.0000
54,7,all,15,0.216851980,0.217845804,0.003966696,0.215371450,0.231699626,2.5087
54,7,first,15,0.206486593,0.206583630,0.000672758,0.205577006,0.207949748,2.7445
54,8,all,15,0.222501546,0.222603805,0.003776259,0.218068858,0.230547587,5.1794
54,8,first,15,0.210671743,0.210858523,0.002345754,0.207707306,0.216488312,4.8270
54,9,all,15,0.227865000,0.226853124,0.003355307,0.221710632,0.232257416,7.7147
54,9,first,15,0.209803680,0.210521133,0.002288133,0.207539449,0.215254049,4.3950
54,10,all,15,0.228259196,0.228748182,0.003601355,0.222323100,0.237197459,7.9011
54,10,first,15,0.216704895,0.216645871,0.002318650,0.214174906,0.222550293,7.8290
54,11,all,15,0.232390086,0.232455246,0.002086788,0.228362620,0.235124807,9.8538
54,11,first,15,0.217769623,0.218658024,0.003060993,0.215203186,0.224732290,8.3587
54,12,all,15,0.235045115,0.234091609,0.003065649,0.230141530,0.241329620,11.1089
54,12,first,15,0.244500895,0.244504742,0.002283801,0.240898549,0.248822530,21.6598
55,1,all,15,0.298551979,0.298919571,0.002707124,0.294497808,0.305620829,39.5001
55,1,first,15,0.281606776,0.282873860,0.004247985,0.276638667,0.295531476,37.9517
55,2,all,15,0.270286674,0.270882572,0.002812819,0.267694257,0.278372231,26.2930
55,2,first,15,0.254146792,0.255192757,0.003827474,0.252584356,0.264527003,24.4998
55,3,all,15,0.262610118,0.262422101,0.002933066,0.259536107,0.271826846,22.7061
55,3,first,15,0.242734701,0.245309278,0.008545956,0.240954508,0.274791718,18.9093
55,4,all,15,0.231210073,0.232367198,0.003897954,0.229490916,0.243321737,8.0342
55,4,first,15,0.217114766,0.219334608,0.005679144,0.214952250,0.235429128,6.3588
55,5,all,15,0.217816254,0.217984292,0.001002117,0.216079712,0.220227559,1.7759
55,5,first,15,0.208170146,0.208547635,0.001559123,0.206523051,0.212350210,1.9770
55,6,all,15,0.214015544,0.214902583,0.002762297,0.212407013,0.223504812,0.0000
55,6,first,15,0.204416199,0.204878467,0.001490090,0.202926000,0.207946565,0.1381
55,7,all,15,0.216891815,0.217407197,0.002316855,0.214714467,0.222947021,1.3440
55,7,first,15,0.204134335,0.204585935,0.001611853,0.202518395,0.207567215,0.0000
55,8,all,15,0.215598633,0.216358326,0.002661020,0.212470154,0.223535746,0.7397
55,8,first,15,0.206709971,0.207414501,0.002985840,0.203442047,0.214961578,1.2617
55,9,all,15,0.226315389,0.225799759,0.002961643,0.221301615,0.230411112,5.7472
55,9,first,15,0.212643514,0.215826331,0.010631238,0.208108266,0.251589030,4.1684
55,10,all,15,0.227935374,0.227894649,0.002283599,0.225057810,0.233525167,6.5041
55,10,first,15,0.217008382,0.217574112,0.001731837,0.215611776,0.220758647,6.3067
55,11,all,15,0.232868622,0.233654869,0.003794442,0.227833211,0.243524333,8.8092
55,11,first,15,0.218443553,0.220174716,0.004260628,0.216263662,0.232067952,7.0097
55,12,all,15,0.234556407,0.234843924,0.001206286,0.233263652,0.237656067,9.5978
55,12,first,15,0.227803975,0.228627070,0.003597102,0.224057515,0.235446503,11.5951
56,1,all,15,0.298865102,0.397991710,0.371723312,0.295832952,1.741225459,37.2669
56,1,first,15,0.279029210,0.279730232,0.001923648,0.277231000,0.283244451,35.9695
56,2,all,15,0.273215510,0.277065912,0.006814413,0.270588659,0.287556648,25.4862
56,2,first,15,0.258684158,0.258539270,0.001175836,0.256668727,0.260594152,26.0554
56,3,all,15,0.267133713,0.292221669,0.078453475,0.263557434,0.570720558,22.6929
56,3,first,15,0.246158173,0.245864105,0.001504045,0.242744446,0.247623861,19.9516
56,4,all,15,0.235949198,0.238832574,0.008049706,0.233694285,0.263370941,8.3700
56,4,first,15,0.221084595,0.221087107,0.001128768,0.219071706,0.223357300,7.7334
56,5,all,15,0.221215993,0.222891941,0.004000316,0.219913900,0.232295146,1.6031
56,5,first,15,0.210541199,0.210355378,0.001223619,0.208684285,0.212473551,2.5956
56,6,all,15,0.217725545,0.220770068,0.007834070,0.215449015,0.245371928,0.0000
56,6,first,15,0.206513723,0.206515389,0.000695585,0.205149333,0.207684408,0.6331
56,7,all,15,0.221107910,0.228068006,0.018475093,0.217722148,0.290798615,1.5535
56,7,first,15,0.206752350,0.207339788,0.002992609,0.203877340,0.216879527,0.7493
56,8,all,15,0.221925527,0.223839937,0.009376754,0.216335724,0.253520549,1.9290
56,8,first,15,0.230237325,0.230309522,0.002067633,0.225940704,0.235073934,12.1934
56,9,all,15,0.221702576,0.222902935,0.004678908,0.216818919,0.235307912,1.8266
56,9,first,15,0.205214600,0.206043978,0.002108434,0.203468323,0.211642802,0.0000
56,10,all,15,0.228829285,0.230789551,0.008165142,0.223470469,0.257448405,5.0999
56,10,first,15,0.216983368,0.217817573,0.002691934,0.213800639,0.223002543,5.7349
56,11,all,15,0.234911601,0.235882456,0.004368501,0.228816986,0.244823456,7.8934
56,11,first,15,0.222365489,0.221886953,0.002236501,0.218004435,0.225899587,8.3575
56,12,all,15,0.237426331,0.238803807,0.005742204,0.232858449,0.254464467,9.0484
56,12,first,15,0.229475230,0.229022670,0.002081587,0.226161112,0.232566416,11.8221
57,1,all,15,0.300347544,0.301133864,0.003555900,0.295852025,0.311530965,35.6545
57,1,first,15,0.283835729,0.286972858,0.007015306,0.282000974,0.303259951,35.8873
57,2,all,15,0.275215569,0.275611524,0.002219093,0.272005399,0.281048342,24.3034
57,2,first,15,0.270493291,0.271769490,0.003547044,0.268836021,0.280764364,29.4995
57,3,all,15,0.268137728,0.268817021,0.002371288,0.265622139,0.272800649,21.1066
57,3,first,15,0.248571604,0.249068028,0.002772043,0.245030304,0.257157644,19.0045
57,4,all,15,0.238552511,0.238661957,0.001555824,0.235880117,0.241738637,7.7442
57,4,first,15,0.222648621,0.224014425,0.003247290,0.221616536,0.231651306,6.5937
57,5,all,15,0.224668294,0.224787931,0.001759106,0.222761790,0.230374654,1.4733
57,5,first,15,0.215282440,0.218932852,0.009764785,0.212387939,0.250495056,3.0672
57,6,all,15,0.221406301,0.223343009,0.007536279,0.218478729,0.249885559,0.0000
57,6,first,15,0.208875875,0.209840929,0.002581978,0.207870911,0.217758179,0.0000
57,7,all,15,0.223449707,0.223632219,0.001794289,0.221229126,0.226888438,0.9229
57,7,first,15,0.209684153,0.211317133,0.004334743,0.208213389,0.224970500,0.3870
57,8,all,15,0.223910868,0.223685371,0.002779862,0.219611705,0.229249736,1.1312
57,8,first,15,0.212489665,0.212956236,0.003520728,0.208109111,0.222842743,1.7301
57,9,all,15,0.225324839,0.224523274,0.002671827,0.220179240,0.229710470,1.7698
57,9,first,15,0.209057281,0.210231753,0.003213960,0.207524618,0.218730927,0.0868
57,10,all,15,0.223664602,0.224253506,0.005578010,0.218819509,0.242584656,1.0200
57,10,first,15,0.211609731,0.212865760,0.003699062,0.209198425,0.224387695,1.3088
57,11,all,15,0.226245453,0.225621117,0.002843588,0.220692952,0.230792999,2.1856
57,11,first,15,0.212977091,0.213051659,0.002729907,0.209564209,0.219725291,1.9635
57,12,all,15,0.235246450,0.236027781,0.002972001,0.231721242,0.243319194,6.2510
57,12,first,15,0.228188833,0.228234721,0.002565689,0.224103719,0.235485921,9.2461
58,1,all,15,0.305522804,0.308115677,0.011310651,0.297664007,0.333716075,36.7575
58,1,first,15,0.286614100,0.287544354,0.002348012,0.284638926,0.292251905,35.3051
58,2,all,15,0.277185974,0.278287854,0.002570628,0.275841293,0.283068555,24.0734
58,2,first,15,0.260773239,0.261103524,0.002233842,0.258376338,0.265906652,23.1061
58,3,all,15,0.271041654,0.271293959,0.002957845,0.267252922,0.280712446,21.3231
58,3,first,15,0.251650920,0.252157876,0.001959673,0.248055359,0.255542755,18.7996
58,4,all,15,0.241561473,0.241682942,0.002653222,0.238402476,0.250295848,8.1273
58,4,first,15,0.250040169,0.250501809,0.002080332,0.248223406,0.255444845,18.0392
58,5,all,15,0.226504008,0.227087375,0.002337611,0.224841644,0.234818349,1.3873
58,5,first,15,0.216562063,0.216293364,0.001226042,0.213689168,0.218265533,2.2349
58,6,all,15,0.223404775,0.224298663,0.003327340,0.221557200,0.235471517,0.0000
58,6,first,15,0.211854726,0.212181599,0.001212609,0.210523387,0.214791616,0.0126
58,7,all,15,0.224696686,0.226206746,0.003532015,0.223846863,0.237164398,0.5783
58,7,first,15,0.211828023,0.212172587,0.001075136,0.210866292,0.214352081,0.0000
58,8,all,15,0.223800232,0.225324815,0.003241964,0.221762339,0.233815094,0.1770
58,8,first,15,0.238180796,0.238026032,0.001469355,0.236036082,0.241297404,12.4406
58,9,all,15,0.225539744,0.227811743,0.008365152,0.223398844,0.257598450,0.9557
58,9,first,15,0.213893463,0.213963827,0.002704697,0.209877014,0.219541341,0.9751
58,10,all,15,0.224970500,0.225163013,0.002650074,0.221130798,0.230898956,0.7008
58,10,first,15,0.217320760,0.216895296,0.002579593,0.210863749,0.220379303,2.5930
58,11,all,15,0.228565216,0.229097747,0.004124872,0.223490397,0.240616272,2.3099
58,11,first,15,0.241317332,0.241696704,0.001984355,0.238964925,0.244996806,13.9213
58,12,all,15,0.226062775,0.227028969,0.003428110,0.223829488,0.236958822,1.1898
58,12,first,15,0.219731649,0.220912058,0.002779479,0.216284434,0.226300130,3.7312
59,1,all,15,0.303709234,0.304016607,0.002046638,0.301435254,0.308566093,34.5618
59,1,first,15,0.290730260,0.290875610,0.002058959,0.288365148,0.297238566,35.4321
59,2,all,15,0.279680367,0.279690603,0.001189643,0.278047460,0.281787987,23.9155
59,2,first,15,0.266947212,0.266915639,0.002091537,0.264052811,0.271400350,24.3531
59,3,all,15,0.271890424,0.271634561,0.001056102,0.269513652,0.272871119,20.4641
59,3,first,15,0.254682961,0.255675315,0.004314957,0.250845477,0.266436462,18.6400
59,4,all,15,0.243429392,0.243057648,0.001875093,0.240319143,0.246017039,7.8541
59,4,first,15,0.230204264,0.230553604,0.001518609,0.228345235,0.234574209,7.2370
59,5,all,15,0.230244537,0.230457985,0.001277318,0.228446106,0.232710093,2.0124
59,5,first,15,0.220018606,0.219812662,0.001460742,0.216789673,0.222230703,2.4922
59,6,all,15,0.225702494,0.225803684,0.001231272,0.223832448,0.228354553,0.0000
59,6,first,15,0.215056101,0.215206994,0.001099278,0.213285238,0.216874441,0.1805
59,7,all,15,0.228876322,0.228560640,0.001218799,0.225437592,0.230351349,1.4062
59,7,first,15,0.215940257,0.216184375,0.001241568,0.213595500,0.218374471,0.5923
59,8,all,15,0.228026072,0.228332804,0.001869522,0.225960632,0.231534749,1.0295
59,8,first,15,0.219648570,0.219571149,0.002253547,0.216512472,0.224295298,2.3198
59,9,all,15,0.228142639,0.228780960,0.002484412,0.225599070,0.235425313,1.0811
59,9,first,15,0.214668701,0.215252460,0.001919052,0.213136892,0.220786621,0.0000
59,10,all,15,0.229896545,0.229235839,0.001923849,0.225648661,0.232001831,1.8582
59,10,first,15,0.220168223,0.220427873,0.002419536,0.215902964,0.225019674,2.5619
59,11,all,15,0.233113607,0.232812670,0.003315619,0.228398214,0.237393697,3.2836
59,11,first,15,0.239834259,0.240252264,0.002424600,0.236572266,0.244272024,11.7230
59,12,all,15,0.230722636,0.230226729,0.001992088,0.226871918,0.233112762,2.2242
59,12,first,15,0.242793610,0.243014697,0.002580553,0.238977641,0.248973846,13.1015
60,1,all,15,0.306164424,0.307909858,0.005582057,0.301802432,0.319738909,34.0358
60,1,first,15,0.287559827,0.287863059,0.001370601,0.285763206,0.290551186,32.2939
60,2,all,15,0.281362000,0.282452229,0.003271924,0.279382591,0.290822983,23.1776
60,2,first,15,0.265622673,0.265897787,0.001803465,0.263196627,0.269354184,22.2015
60,3,all,15,0.274998347,0.275107206,0.001789068,0.271487770,0.279277166,20.3916
60,3,first,15,0.255922737,0.255500899,0.001931010,0.251738230,0.259675446,17.7390
60,4,all,15,0.246184875,0.246623542,0.002650401,0.243065735,0.254772186,7.7774
60,4,first,15,0.230502665,0.230690539,0.000622640,0.229865184,0.232418488,6.0443
60,5,all,15,0.231372833,0.231660828,0.002056470,0.229783803,0.238453756,1.2928
60,5,first,15,0.220770945,0.220839608,0.000938713,0.219420115,0.222413381,1.5672
60,6,all,15,0.228419830,0.229019107,0.001938904,0.227311452,0.235165487,0.0000
60,6,first,15,0.217364421,0.217625059,0.000898965,0.215784709,0.219184875,0.0000
60,7,all,15,0.230864207,0.232195083,0.004313529,0.229232371,0.246687154,1.0701
60,7,first,15,0.217930695,0.218279013,0.001186467,0.216393361,0.220562826,0.2605
60,8,all,15,0.230453908,0.233172805,0.009335757,0.227158437,0.264771779,0.8905
60,8,first,15,0.220549683,0.220644689,0.001488061,0.217055420,0.223054250,1.4654
60,9,all,15,0.230120768,0.232106048,0.004048220,0.227306366,0.240851501,0.7447
60,9,first,15,0.217411886,0.217568716,0.000962427,0.216476440,0.220194926,0.0218
60,10,all,15,0.233057658,0.232544596,0.003602403,0.225805918,0.239922424,2.0304
60,10,first,15,0.222087016,0.222171897,0.002903085,0.217620850,0.226302256,2.1727
60,11,all,15,0.234761129,0.234512216,0.003308315,0.230032603,0.242477844,2.7762
60,11,first,15,0.237909108,0.238642940,0.003126979,0.235418528,0.248551687,9.4517
60,12,all,15,0.234173248,0.233849024,0.002055690,0.230159342,0.236751984,2.5188
60,12,first,15,0.225823293,0.225819254,0.001975509,0.221772512,0.228435933,3.8916
61,1,all,15,0.305556730,0.306083043,0.002698882,0.303307648,0.311388969,31.3349
61,1,first,15,0.289464531,0.290324104,0.001831776,0.287737846,0.293874741,31.5525
61,2,all,15,0.284210841,0.285914031,0.004894159,0.281409162,0.295764071,22.1600
61,2,first,15,0.266758080,0.266837332,0.001591482,0.264653104,0.270302022,21.2332
61,3,all,15,0.277436574,0.277909773,0.004294897,0.273633003,0.291285515,19.2483
61,3,first,15,0.256152153,0.256601229,0.001792730,0.254903895,0.260356801,16.4131
61,4,all,15,0.248521169,0.248809709,0.002075998,0.246759516,0.255756378,6.8198
61,4,first,15,0.232949575,0.233334774,0.001380641,0.231568227,0.237143199,5.8682
61,5,all,15,0.234940847,0.235745974,0.002871200,0.232406189,0.243682007,0.9827
61,5,first,15,0.223472168,0.223596024,0.001199653,0.221571177,0.225931386,1.5611
61,6,all,15,0.236050069,0.236438271,0.002924052,0.233539581,0.246036957,1.4595
61,6,first,15,0.220821798,0.221492399,0.001623444,0.219774455,0.225465566,0.3566
61,7,all,15,0.241619110,0.242023440,0.002751778,0.238279124,0.249902944,3.8532
61,7,first,15,0.221525401,0.221321527,0.001300482,0.219202250,0.224454244,0.6763
61,8,all,15,0.232654572,0.234076577,0.004242426,0.229861369,0.242954681,0.0000
61,8,first,15,0.247492472,0.247639776,0.002280126,0.243748556,0.251458903,12.4775
61,9,all,15,0.234913717,0.235193493,0.003411793,0.230770955,0.241411845,0.9710
61,9,first,15,0.220037242,0.220512587,0.002364830,0.217842519,0.226590892,0.0000
61,10,all,15,0.235293488,0.235535488,0.003895373,0.230267415,0.243412862,1.1343
61,10,first,15,0.226240367,0.225296784,0.002216800,0.220907420,0.227847636,2.8191
61,11,all,15,0.238560150,0.239095645,0.004608160,0.233354350,0.248135457,2.5383
61,11,first,15,0.224987885,0.225615607,0.002056511,0.223620941,0.230790456,2.2499
61,12,all,15,0.237685730,0.237711730,0.003233598,0.234901428,0.247451365,2.1625
61,12,first,15,0.246674428,0.246947282,0.001913846,0.244597117,0.251573771,12.1058
62,1,all,15,0.308130048,0.309431852,0.004519905,0.305614471,0.320874850,31.2810
62,1,first,15,0.302941538,0.304086861,0.002771855,0.300623042,0.309398969,35.8733
62,2,all,15,0.285502548,0.286864350,0.003927262,0.284002622,0.297756195,21.6404
62,2,first,15,0.269465446,0.269876340,0.002749741,0.266715164,0.277469419,20.8588
62,3,all,15,0.279064178,0.278855431,0.001169258,0.276595751,0.280656815,18.8973
62,3,first,15,0.260949656,0.263915981,0.011699529,0.256571248,0.304674034,17.0394
62,4,all,15,0.251263509,0.251100441,0.000663405,0.249895732,0.252205739,7.0526
62,4,first,15,0.236427307,0.237200814,0.002558604,0.234154592,0.244283040,6.0408
62,5,all,15,0.237326721,0.237798224,0.001821130,0.236553609,0.244063059,1.1148
62,5,first,15,0.227338999,0.227354771,0.001498247,0.225005259,0.230077962,1.9645
62,6,all,15,0.234710276,0.234719680,0.001409119,0.232448578,0.237744232,0.0000
62,6,first,15,0.222958883,0.225493173,0.010784885,0.220509430,0.264336487,0.0000
62,7,all,15,0.235745321,0.236797445,0.004171500,0.234536906,0.251412282,0.4410
62,7,first,15,0.249553680,0.249492363,0.001974451,0.244894663,0.252449036,11.9281
62,8,all,15,0.235109965,0.235340599,0.002734941,0.232657532,0.243689646,0.1703
62,8,first,15,0.250866364,0.249390130,0.007010267,0.225281189,0.255723745,12.5169
62,9,all,15,0.237416585,0.237620375,0.002435842,0.234249115,0.242457072,1.1530
62,9,first,15,0.223775655,0.224576681,0.003125891,0.221540232,0.231212616,0.3663
62,10,all,15,0.236479441,0.236106422,0.002756592,0.232270986,0.239681244,0.7538
62,10,first,15,0.228160431,0.228233114,0.001711178,0.224785706,0.231185069,2.3330
62,11,all,15,0.241924713,0.242089729,0.004333867,0.235374878,0.252234558,3.0738
62,11,first,15,0.227266947,0.228249417,0.002324836,0.225757172,0.233254751,1.9322
62,12,all,15,0.239332408,0.238644069,0.002491852,0.234748840,0.241925985,1.9693
62,12,first,15,0.230442047,0.231279698,0.003695344,0.227583567,0.243144562,3.3563
63,1,all,15,0.307517573,0.308819981,0.002550996,0.306403898,0.315850042,30.3122
63,1,first,15,0.310699145,0.311002201,0.002439910,0.308266741,0.318184954,37.5208
63,2,all,15,0.287256775,0.287499852,0.001697043,0.284525553,0.290749868,21.7266
63,2,first,15,0.288966497,0.289184570,0.002677719,0.285879771,0.297673009,27.9016
63,3,all,15,0.279963277,0.279863358,0.001461058,0.277868373,0.282554105,18.6359
63,3,first,15,0.262009303,0.263613242,0.003742316,0.257903201,0.272837219,15.9698
63,4,all,15,0.254046967,0.254230074,0.001332379,0.252788961,0.257764608,7.6538
63,4,first,15,0.239480764,0.239878931,0.001956177,0.237207204,0.243979563,5.9983
63,5,all,15,0.239346822,0.239384007,0.000779789,0.238255819,0.240542094,1.4245
63,5,first,15,0.228637268,0.228917668,0.001193289,0.226938039,0.230943461,1.1988
63,6,all,15,0.236698151,0.236974337,0.001311376,0.235094279,0.239864349,0.3021
63,6,first,15,0.226245880,0.226528421,0.001877230,0.224068115,0.231806864,0.1403
63,7,all,15,0.238185038,0.237852449,0.001208549,0.235908508,0.240346690,0.9322
63,7,first,15,0.226694316,0.227344286,0.002622427,0.225218028,0.236189524,0.3388
63,8,all,15,0.235985229,0.237268970,0.002638325,0.234167735,0.241880625,0.0000
63,8,first,15,0.229320526,0.229105662,0.002431400,0.225644430,0.234244873,1.5012
63,9,all,15,0.237705658,0.238309169,0.001793495,0.236473083,0.242129862,0.7290
63,9,first,15,0.225928843,0.226235059,0.001693131,0.224271139,0.229881287,0.0000
63,10,all,15,0.240250478,0.239581273,0.002267572,0.233990987,0.242342631,1.8074
63,10,first,15,0.229421824,0.230321250,0.003134443,0.226778249,0.236187408,1.5461
63,11,all,15,0.243210683,0.243096217,0.003170226,0.239067505,0.250691305,3.0618
63,11,first,15,0.229636302,0.229587583,0.001593513,0.227389872,0.232443919,1.6410
63,12,all,15,0.242017110,0.241945224,0.001805632,0.238779704,0.244780223,2.5560
63,12,first,15,0.236126790,0.236081046,0.002549105,0.232070496,0.240054230,4.5138
64,1,all,15,0.312119586,0.312265325,0.003153753,0.308681056,0.320215747,31.3018
64,1,first,15,0.314958890,0.315793921,0.004245778,0.311479034,0.329096057,38.6178
64,2,all,15,0.290028788,0.291371557,0.003403959,0.288602511,0.300813243,22.0087
64,2,first,15,0.297528381,0.298184642,0.004194110,0.292952334,0.305397250,30.9463
64,3,all,15,0.281822421,0.283107156,0.004295284,0.279255969,0.297831955,18.5564
64,3,first,15,0.285178286,0.286380485,0.005080091,0.281413396,0.297320150,25.5109
64,4,all,15,0.256106593,0.256129689,0.000929813,0.254377263,0.257995923,7.7384
64,4,first,15,0.240551849,0.241821403,0.003377965,0.238453756,0.250085195,5.8702
64,5,all,15,0.241401245,0.241808969,0.001560069,0.239814758,0.245838593,1.5522
64,5,first,15,0.230876506,0.232071462,0.003434318,0.228135427,0.242207001,1.6119
64,6,all,15,0.237711589,0.238881995,0.002993033,0.236527761,0.246612549,0.0000
64,6,first,15,0.227213959,0.228460861,0.003244448,0.225139201,0.236400177,0.0000
64,7,all,15,0.239510427,0.239932759,0.001612106,0.237587402,0.243540446,0.7567
64,7,first,15,0.229250590,0.229193257,0.001980860,0.226764679,0.235086233,0.8963
64,8,all,15,0.238471141,0.239303589,0.002403159,0.236715525,0.244862874,0.3195
64,8,first,15,0.232567688,0.232637703,0.002405585,0.230233938,0.240400533,2.3563
64,9,all,15,0.241508067,0.241243547,0.002394566,0.237889608,0.246808787,1.5971
64,9,first,15,0.229188711,0.230174084,0.003428591,0.226219594,0.240149597,0.8691
64,10,all,15,0.242216746,0.242338137,0.006541452,0.237202545,0.263928731,1.8952
64,10,first,15,0.232762655,0.233370632,0.003656052,0.229215413,0.242574473,2.4421
64,11,all,15,0.243706177,0.244161791,0.003102072,0.240348389,0.252279917,2.5218
64,11,first,15,0.232647786,0.233634157,0.003994423,0.229428609,0.243069967,2.3915
64,12,all,15,0.245308339,0.245496961,0.003726307,0.240430196,0.255959401,3.1958
64,12,first,15,0.263925133,0.263429748,0.008223090,0.238571701,0.276316007,16.1571
