k,patterns,algorithm,mode,run,iterations,banks,sequences_per_bank,sequence_length,target_bases_per_cell,bases,build_ns,search_ns,total_ns,fixed_ns_per_matcher,build_ns_per_matcher,search_ns_per_base,reference_total_ns,reference_ns_per_base,validation_checksum,matching_records,matches,timed_checksum
10,360,aho_corasick,all,0,1,1,666668,150,100000000,100000200,813347,266561738,267399912,838174.000,813347.000,2.665612049,267399912.000,2.673993772,9145746620046620368,348953,365516,9145746620046620368
10,360,aho_corasick,all,1,1,1,666668,150,100000000,100000200,713762,266252808,266997668,744860.000,713762.000,2.662522755,266997668.000,2.669971340,9145746620046620368,348953,365516,9145746620046620368
10,360,aho_corasick,all,2,1,1,666668,150,100000000,100000200,771369,272525385,273322301,796916.000,771369.000,2.725248400,273322301.000,2.733217544,9145746620046620368,348953,365516,9145746620046620368
10,360,aho_corasick,all,3,1,1,666668,150,100000000,100000200,671132,281966122,282662051,695929.000,671132.000,2.819655581,282662051.000,2.826614857,9145746620046620368,348953,365516,9145746620046620368
10,360,aho_corasick,all,4,1,1,666668,150,100000000,100000200,1046572,273413962,274485762,1071800.000,1046572.000,2.734134152,274485762.000,2.744852130,9145746620046620368,348953,365516,9145746620046620368
10,360,hash,all,0,1,1,666668,150,100000000,100000200,36107,345186227,345224368,38141.000,36107.000,3.451855366,345224368.000,3.452236776,9145746620046620368,348953,365516,9145746620046620368
10,360,hash,all,1,1,1,666668,150,100000000,100000200,13656,347539483,347555212,15729.000,13656.000,3.475387879,347555212.000,3.475545169,9145746620046620368,348953,365516,9145746620046620368
10,360,hash,all,2,1,1,666668,150,100000000,100000200,6462,354100445,354109102,8657.000,6462.000,3.540997368,354109102.000,3.541083938,9145746620046620368,348953,365516,9145746620046620368
10,360,hash,all,3,1,1,666668,150,100000000,100000200,7644,342334787,342344796,10009.000,7644.000,3.423341023,342344796.000,3.423441113,9145746620046620368,348953,365516,9145746620046620368
10,360,hash,all,4,1,1,666668,150,100000000,100000200,6722,338448914,338457599,8685.000,6722.000,3.384482371,338457599.000,3.384569221,9145746620046620368,348953,365516,9145746620046620368
10,427,hash,all,0,1,1,666668,150,100000000,100000200,14227,606950288,606966749,16461.000,14227.000,6.069490741,606966749.000,6.069655351,5163645844465175640,351835,371507,5163645844465175640
10,427,hash,all,1,1,1,666668,150,100000000,100000200,12984,604376762,604391890,15128.000,12984.000,6.043755532,604391890.000,6.043906812,5163645844465175640,351835,371507,5163645844465175640
10,427,hash,all,2,1,1,666668,150,100000000,100000200,8796,603698858,603709487,10629.000,8796.000,6.036976506,603709487.000,6.037082796,5163645844465175640,351835,371507,5163645844465175640
10,427,hash,all,3,1,1,666668,150,100000000,100000200,8115,601863638,601873687,10049.000,8115.000,6.018624343,601873687.000,6.018724833,5163645844465175640,351835,371507,5163645844465175640
10,427,hash,all,4,1,1,666668,150,100000000,100000200,7915,603939096,603949255,10159.000,7915.000,6.039378881,603949255.000,6.039480471,5163645844465175640,351835,371507,5163645844465175640
10,427,aho_corasick,all,0,1,1,666668,150,100000000,100000200,907944,269022398,269955228,932830.000,907944.000,2.690218600,269955228.000,2.699546881,5163645844465175640,351835,371507,5163645844465175640
10,427,aho_corasick,all,1,1,1,666668,150,100000000,100000200,820791,261406219,262251136,844917.000,820791.000,2.614056962,262251136.000,2.622506115,5163645844465175640,351835,371507,5163645844465175640
10,427,aho_corasick,all,2,1,1,666668,150,100000000,100000200,804611,267578043,268410325,832282.000,804611.000,2.675775078,268410325.000,2.684097882,5163645844465175640,351835,371507,5163645844465175640
10,427,aho_corasick,all,3,1,1,666668,150,100000000,100000200,847150,270718491,271591028,872537.000,847150.000,2.707179496,271591028.000,2.715904848,5163645844465175640,351835,371507,5163645844465175640
10,427,aho_corasick,all,4,1,1,666668,150,100000000,100000200,796255,263395228,264216500,821272.000,796255.000,2.633947012,264216500.000,2.642159716,5163645844465175640,351835,371507,5163645844465175640
10,5,aho_corasick,all,0,1,52,12822,150,100000000,100011600,1163981,218470920,219656601,22801.558,22384.250,2.184455803,218493721.558,2.184683792,11888437530397224244,333599,333815,11888437530397224244
10,5,aho_corasick,all,1,1,52,12822,150,100000000,100011600,1068463,218496570,219607772,21369.269,20547.365,2.184712273,218517939.269,2.184925941,11888437530397224244,333599,333815,11888437530397224244
10,5,aho_corasick,all,2,1,52,12822,150,100000000,100011600,1031524,207777118,208837015,20382.635,19837.000,2.077530186,207797500.635,2.077733989,11888437530397224244,333599,333815,11888437530397224244
10,5,aho_corasick,all,3,1,52,12822,150,100000000,100011600,1039780,209342643,210410154,20529.058,19995.769,2.093183621,209363172.058,2.093388887,11888437530397224244,333599,333815,11888437530397224244
10,5,aho_corasick,all,4,1,52,12822,150,100000000,100011600,1013731,213945081,214993627,20164.346,19494.827,2.139202662,213965245.346,2.139404283,11888437530397224244,333599,333815,11888437530397224244
10,5,hash,all,0,1,52,12822,150,100000000,100011600,43190,227171692,227219200,913.615,830.577,2.271453431,227172605.615,2.271462566,11888437530397224244,333599,333815,11888437530397224244
10,5,hash,all,1,1,52,12822,150,100000000,100011600,23524,239194751,239222523,534.077,452.385,2.391670076,239195285.077,2.391675416,11888437530397224244,333599,333815,11888437530397224244
10,5,hash,all,2,1,52,12822,150,100000000,100011600,18745,246707133,246730447,448.346,360.481,2.466785183,246707581.346,2.466789666,11888437530397224244,333599,333815,11888437530397224244
10,5,hash,all,3,1,52,12822,150,100000000,100011600,17412,245965200,245987240,423.846,334.846,2.459366713,245965623.846,2.459370951,11888437530397224244,333599,333815,11888437530397224244
10,5,hash,all,4,1,52,12822,150,100000000,100011600,16450,246773782,246797947,464.712,316.346,2.467451596,246774246.712,2.467456242,11888437530397224244,333599,333815,11888437530397224244
10,5,bndmq,all,0,1,52,12822,150,100000000,100011600,130594,184957557,185118768,3100.212,2511.423,1.849361044,184960657.212,1.849392043,11888437530397224244,333599,333815,11888437530397224244
10,5,bndmq,all,1,1,52,12822,150,100000000,100011600,111909,186830120,186970622,2701.962,2152.096,1.868084502,186832821.962,1.868111519,11888437530397224244,333599,333815,11888437530397224244
10,5,bndmq,all,2,1,52,12822,150,100000000,100011600,111458,185980700,186126071,2795.596,2143.423,1.859591287,185983495.596,1.859619240,11888437530397224244,333599,333815,11888437530397224244
10,5,bndmq,all,3,1,52,12822,150,100000000,100011600,128891,188169566,188329655,3078.635,2478.673,1.881477409,188172644.635,1.881508191,11888437530397224244,333599,333815,11888437530397224244
10,5,bndmq,all,4,1,52,12822,150,100000000,100011600,110617,193514301,193656336,2731.442,2127.250,1.934918559,193517032.442,1.934945871,11888437530397224244,333599,333815,11888437530397224244
10,506,hash,all,0,1,1,666668,150,100000000,100000200,16631,258133965,258152871,18906.000,16631.000,2.581334487,258152871.000,2.581523547,1760778058964834498,355108,378510,1760778058964834498
10,506,hash,all,1,1,1,666668,150,100000000,100000200,18134,255498903,255518901,19998.000,18134.000,2.554983920,255518901.000,2.555183900,1760778058964834498,355108,378510,1760778058964834498
10,506,hash,all,2,1,1,666668,150,100000000,100000200,8445,258100776,258111296,10520.000,8445.000,2.581002598,258111296.000,2.581107798,1760778058964834498,355108,378510,1760778058964834498
10,506,hash,all,3,1,1,666668,150,100000000,100000200,8015,261228613,261238692,10079.000,8015.000,2.612280905,261238692.000,2.612381695,1760778058964834498,355108,378510,1760778058964834498
10,506,hash,all,4,1,1,666668,150,100000000,100000200,8145,261895627,261905566,9939.000,8145.000,2.618951032,261905566.000,2.619050422,1760778058964834498,355108,378510,1760778058964834498
10,506,aho_corasick,all,0,1,1,666668,150,100000000,100000200,1040200,264431470,265496046,1064576.000,1040200.000,2.644309411,265496046.000,2.654955150,1760778058964834498,355108,378510,1760778058964834498
10,506,aho_corasick,all,1,1,1,666668,150,100000000,100000200,985518,269843605,270833501,989896.000,985518.000,2.698430653,270833501.000,2.708329593,1760778058964834498,355108,378510,1760778058964834498
10,506,aho_corasick,all,2,1,1,666668,150,100000000,100000200,951415,270926517,271885155,958638.000,951415.000,2.709259751,271885155.000,2.718846112,1760778058964834498,355108,378510,1760778058964834498
10,506,aho_corasick,all,3,1,1,666668,150,100000000,100000200,948419,273393608,274346365,952757.000,948419.000,2.733930612,274346365.000,2.743458163,1760778058964834498,355108,378510,1760778058964834498
10,506,aho_corasick,all,4,1,1,666668,150,100000000,100000200,942037,282037780,282984145,946365.000,942037.000,2.820372159,282984145.000,2.829835790,1760778058964834498,355108,378510,1760778058964834498
10,6,aho_corasick,all,0,1,43,15504,150,100000000,100000800,1009303,219099081,220129113,23954.233,23472.163,2.190973282,219123035.233,2.191212823,883688603394637402,333596,333861,883688603394637402
10,6,aho_corasick,all,1,1,43,15504,150,100000000,100000800,951435,212442373,213412874,22569.791,22126.395,2.124406735,212464942.791,2.124632431,883688603394637402,333596,333861,883688603394637402
10,6,aho_corasick,all,2,1,43,15504,150,100000000,100000800,1055851,216488419,217564147,25016.930,24554.674,2.164866871,216513435.930,2.165117038,883688603394637402,333596,333861,883688603394637402
10,6,aho_corasick,all,3,1,43,15504,150,100000000,100000800,970801,217249802,218273091,23797.419,22576.767,2.172480640,217273599.419,2.172718612,883688603394637402,333596,333861,883688603394637402
10,6,aho_corasick,all,4,1,43,15504,150,100000000,100000800,1194628,210032729,211250070,28310.256,27782.047,2.100310488,210061039.256,2.100593588,883688603394637402,333596,333861,883688603394637402
10,6,hash,all,0,1,43,15504,150,100000000,100000800,22512,242064613,242090972,613.000,523.535,2.420626765,242065226.000,2.420632895,883688603394637402,333596,333861,883688603394637402
10,6,hash,all,1,1,43,15504,150,100000000,100000800,23283,236534214,236561023,623.465,541.465,2.365323217,236534837.465,2.365329452,883688603394637402,333596,333861,883688603394637402
10,6,hash,all,2,1,43,15504,150,100000000,100000800,15068,241109581,241128136,431.512,350.419,2.411076521,241110012.512,2.411080836,883688603394637402,333596,333861,883688603394637402
10,6,hash,all,3,1,43,15504,150,100000000,100000800,14918,242978021,242997126,444.302,346.930,2.429760772,242978465.302,2.429765215,883688603394637402,333596,333861,883688603394637402
10,6,hash,all,4,1,43,15504,150,100000000,100000800,14377,241345666,241363369,411.698,334.349,2.413437353,241346077.698,2.413441469,883688603394637402,333596,333861,883688603394637402
10,6,bndmq,all,0,1,43,15504,150,100000000,100000800,176649,239571632,239785390,4971.116,4108.116,2.395697154,239576603.116,2.395746865,883688603394637402,333596,333861,883688603394637402
10,6,bndmq,all,1,1,43,15504,150,100000000,100000800,110136,238334810,238476505,3295.233,2561.302,2.383329033,238338105.233,2.383361985,883688603394637402,333596,333861,883688603394637402
10,6,bndmq,all,2,1,43,15504,150,100000000,100000800,106880,240558543,240698604,3257.233,2485.581,2.405566185,240561800.233,2.405598758,883688603394637402,333596,333861,883688603394637402
10,6,bndmq,all,3,1,43,15504,150,100000000,100000800,299539,237260337,237598468,7863.512,6966.023,2.372584389,237268200.512,2.372663024,883688603394637402,333596,333861,883688603394637402
10,6,bndmq,all,4,1,43,15504,150,100000000,100000800,132056,238123219,238287455,3819.442,3071.070,2.381213140,238127038.442,2.381251334,883688603394637402,333596,333861,883688603394637402
11,6,hash,all,0,1,43,15504,150,100000000,100000800,22822,235917785,235944974,632.302,530.744,2.359158977,235918417.302,2.359165300,9540962536298771519,333409,333468,9540962536298771519
11,6,hash,all,1,1,43,15504,150,100000000,100000800,22082,238713436,238739095,596.721,513.535,2.387115263,238714032.721,2.387121230,9540962536298771519,333409,333468,9540962536298771519
11,6,hash,all,2,1,43,15504,150,100000000,100000800,17863,246243760,246266883,537.744,415.419,2.462417901,246244297.744,2.462423278,9540962536298771519,333409,333468,9540962536298771519
11,6,hash,all,3,1,43,15504,150,100000000,100000800,16261,241645349,241665818,476.023,378.163,2.416434159,241645825.023,2.416438919,9540962536298771519,333409,333468,9540962536298771519
11,6,hash,all,4,1,43,15504,150,100000000,100000800,14457,248653106,248674185,490.209,336.209,2.486511168,248653596.209,2.486516070,9540962536298771519,333409,333468,9540962536298771519
11,6,aho_corasick,all,0,1,43,15504,150,100000000,100000800,1059056,218262724,219341557,25089.140,24629.209,2.182609779,218287813.140,2.182860669,9540962536298771519,333409,333468,9540962536298771519
11,6,aho_corasick,all,1,1,43,15504,150,100000000,100000800,1050549,218880819,219992842,25861.000,24431.372,2.188790680,218906680.000,2.189049288,9540962536298771519,333409,333468,9540962536298771519
11,6,aho_corasick,all,2,1,43,15504,150,100000000,100000800,1312814,203799421,205136100,31085.558,30530.558,2.037977906,203830506.558,2.038288759,9540962536298771519,333409,333468,9540962536298771519
11,6,aho_corasick,all,3,1,43,15504,150,100000000,100000800,1008662,194034123,195065848,23993.605,23457.256,1.940325707,194058116.605,1.940565642,9540962536298771519,333409,333468,9540962536298771519
11,6,aho_corasick,all,4,1,43,15504,150,100000000,100000800,1013420,204922883,205959296,24102.628,23567.907,2.049212436,204946985.628,2.049453461,9540962536298771519,333409,333468,9540962536298771519
11,6,bndmq,all,0,1,43,15504,150,100000000,100000800,305490,198318126,198652910,7785.674,7104.419,1.983165395,198325911.674,1.983243251,9540962536298771519,333409,333468,9540962536298771519
11,6,bndmq,all,1,1,43,15504,150,100000000,100000800,109224,203285358,203418657,3099.977,2540.093,2.032837317,203288457.977,2.032868317,9540962536298771519,333409,333468,9540962536298771519
11,6,bndmq,all,2,1,43,15504,150,100000000,100000800,107200,208011649,208147793,3166.140,2493.023,2.080099849,208014815.140,2.080131510,9540962536298771519,333409,333468,9540962536298771519
11,6,bndmq,all,3,1,43,15504,150,100000000,100000800,110296,202100952,202252936,3534.512,2565.023,2.020993352,202104486.512,2.021028697,9540962536298771519,333409,333468,9540962536298771519
11,6,bndmq,all,4,1,43,15504,150,100000000,100000800,108422,210893432,211029075,3154.488,2521.442,2.108917449,210896586.488,2.108948993,9540962536298771519,333409,333468,9540962536298771519
112,1,hash,all,0,1,64,10418,150,100000000,100012800,36177,143157084,143196607,617.547,565.266,1.431387622,143157701.547,1.431393797,15295193642815837322,333376,333376,15295193642815837322
112,1,hash,all,1,1,64,10418,150,100000000,100012800,30367,143190516,143225181,541.641,474.484,1.431721900,143191057.641,1.431727315,15295193642815837322,333376,333376,15295193642815837322
112,1,hash,all,2,1,64,10418,150,100000000,100012800,25607,146721254,146752010,480.562,400.109,1.467024761,146721734.562,1.467029566,15295193642815837322,333376,333376,15295193642815837322
112,1,hash,all,3,1,64,10418,150,100000000,100012800,23794,147152474,147180505,437.984,371.781,1.471336409,147152911.984,1.471340788,15295193642815837322,333376,333376,15295193642815837322
112,1,hash,all,4,1,64,10418,150,100000000,100012800,24065,150499102,150530440,489.656,376.016,1.504798406,150499591.656,1.504803302,15295193642815837322,333376,333376,15295193642815837322
112,1,aho_corasick,all,0,1,64,10418,150,100000000,100012800,2064843,126076648,128185984,32958.375,32263.172,1.260605123,126109606.375,1.260934664,15295193642815837322,333376,333376,15295193642815837322
112,1,aho_corasick,all,1,1,64,10418,150,100000000,100012800,2203822,128953655,131189707,34938.312,34434.719,1.289371510,128988593.312,1.289720849,15295193642815837322,333376,333376,15295193642815837322
112,1,aho_corasick,all,2,1,64,10418,150,100000000,100012800,2468195,127440094,129938194,39032.812,38565.547,1.274237838,127479126.812,1.274628116,15295193642815837322,333376,333376,15295193642815837322
112,1,aho_corasick,all,3,1,64,10418,150,100000000,100012800,1920794,133819131,135772275,30517.875,30012.406,1.338020043,133849648.875,1.338325183,15295193642815837322,333376,333376,15295193642815837322
112,1,aho_corasick,all,4,1,64,10418,150,100000000,100012800,1912909,129303320,131253879,30477.484,29889.203,1.292867713,129333797.484,1.293172449,15295193642815837322,333376,333376,15295193642815837322
12,360,aho_corasick,all,0,1,1,666668,150,100000000,100000200,1224635,261232665,262480503,1247838.000,1224635.000,2.612321425,262480503.000,2.624799780,7292282085563703415,334364,335344,7292282085563703415
12,360,aho_corasick,all,1,1,1,666668,150,100000000,100000200,1102362,258499259,259605699,1106440.000,1102362.000,2.584987420,259605699.000,2.596051798,7292282085563703415,334364,335344,7292282085563703415
12,360,aho_corasick,all,2,1,1,666668,150,100000000,100000200,1013201,261676890,262724064,1047174.000,1013201.000,2.616763666,262724064.000,2.627235386,7292282085563703415,334364,335344,7292282085563703415
12,360,aho_corasick,all,3,1,1,666668,150,100000000,100000200,1143058,262457747,263630390,1172643.000,1143058.000,2.624572221,263630390.000,2.636298627,7292282085563703415,334364,335344,7292282085563703415
12,360,aho_corasick,all,4,1,1,666668,150,100000000,100000200,1126051,263272304,264426788,1154484.000,1126051.000,2.632717775,264426788.000,2.644262591,7292282085563703415,334364,335344,7292282085563703415
12,360,hash,all,0,1,1,666668,150,100000000,100000200,11612,358772745,358786431,13686.000,11612.000,3.587720275,358786431.000,3.587857134,7292282085563703415,334364,335344,7292282085563703415
12,360,hash,all,1,1,1,666668,150,100000000,100000200,12964,358462103,358477170,15067.000,12964.000,3.584613861,358477170.000,3.584764530,7292282085563703415,334364,335344,7292282085563703415
12,360,hash,all,2,1,1,666668,150,100000000,100000200,7144,363982355,363991683,9328.000,7144.000,3.639816270,363991683.000,3.639909550,7292282085563703415,334364,335344,7292282085563703415
12,360,hash,all,3,1,1,666668,150,100000000,100000200,8937,358421111,358432322,11211.000,8937.000,3.584203942,358432322.000,3.584316051,7292282085563703415,334364,335344,7292282085563703415
12,360,hash,all,4,1,1,666668,150,100000000,100000200,6933,356442919,356452326,9407.000,6933.000,3.564422061,356452326.000,3.564516131,7292282085563703415,334364,335344,7292282085563703415
12,427,aho_corasick,all,0,1,1,666668,150,100000000,100000200,1081648,265719315,266827322,1108007.000,1081648.000,2.657187836,266827322.000,2.668267883,6882041994293526278,334532,335649,6882041994293526278
12,427,aho_corasick,all,1,1,1,666668,150,100000000,100000200,1355218,266943429,268305831,1362402.000,1355218.000,2.669428951,268305831.000,2.683052944,6882041994293526278,334532,335649,6882041994293526278
12,427,aho_corasick,all,2,1,1,666668,150,100000000,100000200,1001689,263332980,264338886,1005906.000,1001689.000,2.633324533,264338886.000,2.643383573,6882041994293526278,334532,335649,6882041994293526278
12,427,aho_corasick,all,3,1,1,666668,150,100000000,100000200,966252,263434600,264405190,970590.000,966252.000,2.634340731,264405190.000,2.644046612,6882041994293526278,334532,335649,6882041994293526278
12,427,aho_corasick,all,4,1,1,666668,150,100000000,100000200,984627,270234660,271225378,990718.000,984627.000,2.702341195,271225378.000,2.712248356,6882041994293526278,334532,335649,6882041994293526278
12,427,hash,all,0,1,1,666668,150,100000000,100000200,13475,798356676,798372104,15428.000,13475.000,7.983550793,798372104.000,7.983705073,6882041994293526278,334532,335649,6882041994293526278
12,427,hash,all,1,1,1,666668,150,100000000,100000200,13896,853281536,853297526,15990.000,13896.000,8.532798294,853297526.000,8.532958194,6882041994293526278,334532,335649,6882041994293526278
12,427,hash,all,2,1,1,666668,150,100000000,100000200,8005,837427175,837436963,9788.000,8005.000,8.374255001,837436963.000,8.374352881,6882041994293526278,334532,335649,6882041994293526278
12,427,hash,all,3,1,1,666668,150,100000000,100000200,8165,825518310,825528399,10089.000,8165.000,8.255166590,825528399.000,8.255267479,6882041994293526278,334532,335649,6882041994293526278
12,427,hash,all,4,1,1,666668,150,100000000,100000200,8215,814402643,814412972,10329.000,8215.000,8.144010142,814412972.000,8.144113432,6882041994293526278,334532,335649,6882041994293526278
12,506,aho_corasick,all,0,1,1,666668,150,100000000,100000200,1641452,288016916,289689988,1673072.000,1641452.000,2.880163400,289689988.000,2.896894086,363344512646933183,334719,336130,363344512646933183
12,506,aho_corasick,all,1,1,1,666668,150,100000000,100000200,1318350,288976846,290328789,1351943.000,1318350.000,2.889762680,290328789.000,2.903282083,363344512646933183,334719,336130,363344512646933183
12,506,aho_corasick,all,2,1,1,666668,150,100000000,100000200,1257927,291210403,292503085,1292682.000,1257927.000,2.912098206,292503085.000,2.925025000,363344512646933183,334719,336130,363344512646933183
12,506,aho_corasick,all,3,1,1,666668,150,100000000,100000200,1250643,284924396,286214713,1290317.000,1250643.000,2.849238262,286214713.000,2.862141406,363344512646933183,334719,336130,363344512646933183
12,506,aho_corasick,all,4,1,1,666668,150,100000000,100000200,1269929,287748375,289075961,1327586.000,1269929.000,2.877477995,289075961.000,2.890753828,363344512646933183,334719,336130,363344512646933183
12,506,hash,all,0,1,1,666668,150,100000000,100000200,16881,253318671,253338308,19637.000,16881.000,2.533181644,253338308.000,2.533378013,363344512646933183,334719,336130,363344512646933183
12,506,hash,all,1,1,1,666668,150,100000000,100000200,17633,249938310,249957916,19606.000,17633.000,2.499378101,249957916.000,2.499574161,363344512646933183,334719,336130,363344512646933183
12,506,hash,all,2,1,1,666668,150,100000000,100000200,8807,250666593,250677675,11082.000,8807.000,2.506660917,250677675.000,2.506771736,363344512646933183,334719,336130,363344512646933183
12,506,hash,all,3,1,1,666668,150,100000000,100000200,8826,254412056,254423568,11512.000,8826.000,2.544115472,254423568.000,2.544230592,363344512646933183,334719,336130,363344512646933183
12,506,hash,all,4,1,1,666668,150,100000000,100000200,9037,254543226,254554507,11281.000,9037.000,2.545427169,254554507.000,2.545539979,363344512646933183,334719,336130,363344512646933183
12,6,bndmq,all,0,1,43,15504,150,100000000,100000800,142927,182481374,182800580,7423.395,3323.884,1.824799142,182488797.395,1.824873375,10529161458045662895,333350,333373,10529161458045662895
12,6,bndmq,all,1,1,43,15504,150,100000000,100000800,119974,186181545,186338999,3661.721,2790.093,1.861800556,186185206.721,1.861837173,10529161458045662895,333350,333373,10529161458045662895
12,6,bndmq,all,2,1,43,15504,150,100000000,100000800,111959,183489039,183637566,3454.116,2603.698,1.834875711,183492493.116,1.834910252,10529161458045662895,333350,333373,10529161458045662895
12,6,bndmq,all,3,1,43,15504,150,100000000,100000800,116127,183101663,183252004,3496.302,2700.628,1.831001982,183105159.302,1.831036945,10529161458045662895,333350,333373,10529161458045662895
12,6,bndmq,all,4,1,43,15504,150,100000000,100000800,111628,185204062,185349743,3387.930,2596.000,1.852025804,185207449.930,1.852059683,10529161458045662895,333350,333373,10529161458045662895
12,6,aho_corasick,all,0,1,43,15504,150,100000000,100000800,1135919,219345920,220503129,26911.837,26416.721,2.193441652,219372831.837,2.193710769,10529161458045662895,333350,333373,10529161458045662895
12,6,aho_corasick,all,1,1,43,15504,150,100000000,100000800,1113107,217010863,218147794,26440.256,25886.209,2.170091269,217037303.256,2.170355670,10529161458045662895,333350,333373,10529161458045662895
12,6,aho_corasick,all,2,1,43,15504,150,100000000,100000800,1085094,212902689,214010696,25767.605,25234.744,2.129009858,212928456.605,2.129267532,10529161458045662895,333350,333373,10529161458045662895
12,6,aho_corasick,all,3,1,43,15504,150,100000000,100000800,1238811,210869917,212135618,29434.907,28809.558,2.108682301,210899351.907,2.108976647,10529161458045662895,333350,333373,10529161458045662895
12,6,aho_corasick,all,4,1,43,15504,150,100000000,100000800,1054337,215609584,216687856,25076.093,24519.465,2.156078591,215634660.093,2.156329350,10529161458045662895,333350,333373,10529161458045662895
12,6,hash,all,0,1,43,15504,150,100000000,100000800,21961,228592300,228618348,605.767,510.721,2.285904713,228592905.767,2.285910770,10529161458045662895,333350,333373,10529161458045662895
12,6,hash,all,1,1,43,15504,150,100000000,100000800,22843,234071893,234098052,608.349,531.233,2.340700204,234072501.349,2.340706288,10529161458045662895,333350,333373,10529161458045662895
12,6,hash,all,2,1,43,15504,150,100000000,100000800,14317,225938659,225956823,422.419,332.953,2.259368515,225939081.419,2.259372739,10529161458045662895,333350,333373,10529161458045662895
12,6,hash,all,3,1,43,15504,150,100000000,100000800,14827,235712305,235731180,438.953,344.814,2.357104193,235712743.953,2.357108583,10529161458045662895,333350,333373,10529161458045662895
12,6,hash,all,4,1,43,15504,150,100000000,100000800,15088,225948045,225967781,458.977,350.884,2.259462374,225948503.977,2.259466964,10529161458045662895,333350,333373,10529161458045662895
12,7,aho_corasick,all,0,1,37,18020,150,100000000,100011000,1409941,219219967,220661376,38957.000,38106.514,2.191958555,219258924.000,2.192348082,2540591164163135858,333391,333409,2540591164163135858
12,7,aho_corasick,all,1,1,37,18020,150,100000000,100011000,1056942,214301406,215383796,29253.784,28566.000,2.142778354,214330659.784,2.143070860,2540591164163135858,333391,333409,2540591164163135858
12,7,aho_corasick,all,2,1,37,18020,150,100000000,100011000,1022197,210249420,211294802,28253.568,27626.946,2.102262951,210277673.568,2.102545456,2540591164163135858,333391,333409,2540591164163135858
12,7,aho_corasick,all,3,1,37,18020,150,100000000,100011000,1343335,208605784,209972743,36944.838,36306.351,2.085828399,208642728.838,2.086197807,2540591164163135858,333391,333409,2540591164163135858
12,7,aho_corasick,all,4,1,37,18020,150,100000000,100011000,1111923,214017506,215158793,30845.595,30051.973,2.139939667,214048351.595,2.140248089,2540591164163135858,333391,333409,2540591164163135858
12,7,hash,all,0,1,37,18020,150,100000000,100011000,26730,250600429,250630805,820.973,722.432,2.505728660,250601249.973,2.505736869,2540591164163135858,333391,333409,2540591164163135858
12,7,hash,all,1,1,37,18020,150,100000000,100011000,25858,243532900,243562877,810.189,698.865,2.435061143,243533710.189,2.435069244,2540591164163135858,333391,333409,2540591164163135858
12,7,hash,all,2,1,37,18020,150,100000000,100011000,16941,241896561,241919463,618.973,457.865,2.418699553,241897179.973,2.418705742,2540591164163135858,333391,333409,2540591164163135858
12,7,hash,all,3,1,37,18020,150,100000000,100011000,15549,248764594,248784271,531.811,420.243,2.487372329,248765125.811,2.487377647,2540591164163135858,333391,333409,2540591164163135858
12,7,hash,all,4,1,37,18020,150,100000000,100011000,59621,240155749,240220199,1741.892,1611.378,2.401293348,240157490.892,2.401310765,2540591164163135858,333391,333409,2540591164163135858
12,7,bndmq,all,0,1,37,18020,150,100000000,100011000,359529,208453929,208840198,10439.703,9717.000,2.084310016,208464368.703,2.084414401,2540591164163135858,333391,333409,2540591164163135858
12,7,bndmq,all,1,1,37,18020,150,100000000,100011000,116477,213144651,213286715,3839.568,3148.027,2.131212077,213148490.568,2.131250468,2540591164163135858,333391,333409,2540591164163135858
12,7,bndmq,all,2,1,37,18020,150,100000000,100011000,101439,212283853,212410780,3430.459,2741.595,2.122605043,212287283.459,2.122639344,2540591164163135858,333391,333409,2540591164163135858
12,7,bndmq,all,3,1,37,18020,150,100000000,100011000,125815,214705963,214854630,4018.027,3400.405,2.146823479,214709981.027,2.146863655,2540591164163135858,333391,333409,2540591164163135858
12,7,bndmq,all,4,1,37,18020,150,100000000,100011000,100397,217156626,217285095,3472.135,2713.432,2.171327414,217160098.135,2.171362132,2540591164163135858,333391,333409,2540591164163135858
120,1,hash,all,0,1,64,10418,150,100000000,100012800,29906,137845284,137878376,517.062,467.281,1.378276421,137845801.062,1.378281591,4670672026281898361,333376,333376,4670672026281898361
120,1,hash,all,1,1,64,10418,150,100000000,100012800,26950,135232519,135263778,488.422,421.094,1.352152115,135233007.422,1.352156998,4670672026281898361,333376,333376,4670672026281898361
120,1,hash,all,2,1,64,10418,150,100000000,100012800,23223,137456269,137485843,462.094,362.859,1.374386768,137456731.094,1.374391389,4670672026281898361,333376,333376,4670672026281898361
120,1,hash,all,3,1,64,10418,150,100000000,100012800,27821,141978195,142011317,517.531,434.703,1.419600241,141978712.531,1.419605416,4670672026281898361,333376,333376,4670672026281898361
120,1,hash,all,4,1,64,10418,150,100000000,100012800,23725,143821052,143849496,444.438,370.703,1.438026453,143821496.438,1.438030896,4670672026281898361,333376,333376,4670672026281898361
120,1,aho_corasick,all,0,1,64,10418,150,100000000,100012800,2353090,128157081,130548492,37365.797,36767.031,1.281406790,128194446.797,1.281780400,4670672026281898361,333376,333376,4670672026281898361
120,1,aho_corasick,all,1,1,64,10418,150,100000000,100012800,2011763,132575713,134607964,31753.922,31433.797,1.325587455,132607466.922,1.325904953,4670672026281898361,333376,333376,4670672026281898361
120,1,aho_corasick,all,2,1,64,10418,150,100000000,100012800,3000538,139876311,142897127,47200.250,46883.406,1.398584091,139923511.250,1.399056033,4670672026281898361,333376,333376,4670672026281898361
120,1,aho_corasick,all,3,1,64,10418,150,100000000,100012800,2017043,133626654,135683631,32140.266,31516.297,1.336095520,133658794.266,1.336416881,4670672026281898361,333376,333376,4670672026281898361
120,1,aho_corasick,all,4,1,64,10418,150,100000000,100012800,2008307,131975966,134012145,31815.297,31379.797,1.319590752,132007781.297,1.319908865,4670672026281898361,333376,333376,4670672026281898361
124,1,hash,all,0,1,64,10418,150,100000000,100012800,42288,136021732,136068349,728.391,660.750,1.360043234,136022460.391,1.360050517,2116292139717130644,333376,333376,2116292139717130644
124,1,hash,all,1,1,64,10418,150,100000000,100012800,27591,137997558,138029487,498.891,431.109,1.379798966,137998056.891,1.379803954,2116292139717130644,333376,333376,2116292139717130644
124,1,hash,all,2,1,64,10418,150,100000000,100012800,22732,136468828,136495227,412.484,355.188,1.364513622,136469240.484,1.364517747,2116292139717130644,333376,333376,2116292139717130644
124,1,hash,all,3,1,64,10418,150,100000000,100012800,22832,137364057,137391367,426.719,356.750,1.373464767,137364483.719,1.373469033,2116292139717130644,333376,333376,2116292139717130644
124,1,hash,all,4,1,64,10418,150,100000000,100012800,23544,139019603,139047635,438.000,367.875,1.390018108,139020041.000,1.390022487,2116292139717130644,333376,333376,2116292139717130644
124,1,aho_corasick,all,0,1,64,10418,150,100000000,100012800,2507018,124819374,127372578,39893.812,39172.156,1.248033992,124859267.812,1.248432879,2116292139717130644,333376,333376,2116292139717130644
124,1,aho_corasick,all,1,1,64,10418,150,100000000,100012800,2253334,130316862,132633684,36200.344,35208.344,1.303001836,130353062.344,1.303363793,2116292139717130644,333376,333376,2116292139717130644
124,1,aho_corasick,all,2,1,64,10418,150,100000000,100012800,2155722,126862208,129074124,34561.188,33683.156,1.268459717,126896769.188,1.268805285,2116292139717130644,333376,333376,2116292139717130644
124,1,aho_corasick,all,3,1,64,10418,150,100000000,100012800,2132238,143023507,145206930,34115.984,33316.219,1.430052023,143057622.984,1.430393140,2116292139717130644,333376,333376,2116292139717130644
124,1,aho_corasick,all,4,1,64,10418,150,100000000,100012800,2123311,136587931,138768549,34072.156,33176.734,1.365704500,136622003.156,1.366045178,2116292139717130644,333376,333376,2116292139717130644
14,256,hash,all,0,1,1,666668,150,100000000,100000200,10099,254079447,254091409,11962.000,10099.000,2.540789388,254091409.000,2.540909008,3999505915798068108,333374,333412,3999505915798068108
14,256,hash,all,1,1,1,666668,150,100000000,100000200,12163,252241338,252255554,14216.000,12163.000,2.522408335,252255554.000,2.522550495,3999505915798068108,333374,333412,3999505915798068108
14,256,hash,all,2,1,1,666668,150,100000000,100000200,6201,261408677,261419427,10750.000,6201.000,2.614081542,261419427.000,2.614189042,3999505915798068108,333374,333412,3999505915798068108
14,256,hash,all,3,1,1,666668,150,100000000,100000200,10179,254399262,254411134,11872.000,10179.000,2.543987532,254411134.000,2.544106252,3999505915798068108,333374,333412,3999505915798068108
14,256,hash,all,4,1,1,666668,150,100000000,100000200,6291,257710486,257718651,8165.000,6291.000,2.577099706,257718651.000,2.577181356,3999505915798068108,333374,333412,3999505915798068108
14,256,aho_corasick,all,0,1,1,666668,150,100000000,100000200,829157,246215346,247071743,856397.000,829157.000,2.462148536,247071743.000,2.470712489,3999505915798068108,333374,333412,3999505915798068108
14,256,aho_corasick,all,1,1,1,666668,150,100000000,100000200,787890,243909241,244718631,809390.000,787890.000,2.439087532,244718631.000,2.447181416,3999505915798068108,333374,333412,3999505915798068108
14,256,aho_corasick,all,2,1,1,666668,150,100000000,100000200,729771,242431827,243184130,752303.000,729771.000,2.424313421,243184130.000,2.431836436,3999505915798068108,333374,333412,3999505915798068108
14,256,aho_corasick,all,3,1,1,666668,150,100000000,100000200,726586,246144339,246892896,748557.000,726586.000,2.461438467,246892896.000,2.468924022,3999505915798068108,333374,333412,3999505915798068108
14,256,aho_corasick,all,4,1,1,666668,150,100000000,100000200,721706,241708201,242453060,744859.000,721706.000,2.417077176,242453060.000,2.424525751,3999505915798068108,333374,333412,3999505915798068108
14,8,hash,all,0,1,32,20834,150,100000000,100003200,20138,255195137,255220815,802.438,629.312,2.551869710,255195939.438,2.551877734,12753543703126299394,333347,333350,12753543703126299394
14,8,hash,all,1,1,32,20834,150,100000000,100003200,19947,252876131,252900907,774.250,623.344,2.528680392,252876905.250,2.528688134,12753543703126299394,333347,333350,12753543703126299394
14,8,hash,all,2,1,32,20834,150,100000000,100003200,13855,251459320,251476771,545.344,432.969,2.514512736,251459865.344,2.514518189,12753543703126299394,333347,333350,12753543703126299394
14,8,hash,all,3,1,32,20834,150,100000000,100003200,14988,249517854,249537400,610.812,468.375,2.495098697,249518464.812,2.495104805,12753543703126299394,333347,333350,12753543703126299394
14,8,hash,all,4,1,32,20834,150,100000000,100003200,16611,243978112,243998891,649.344,519.094,2.439703050,243978761.344,2.439709543,12753543703126299394,333347,333350,12753543703126299394
14,8,aho_corasick,all,0,1,32,20834,150,100000000,100003200,1230315,219329911,220580334,39075.719,38447.344,2.193228927,219368986.719,2.193619671,12753543703126299394,333347,333350,12753543703126299394
14,8,aho_corasick,all,1,1,32,20834,150,100000000,100003200,1448331,212394728,213863518,45899.688,45260.344,2.123879316,212440627.688,2.124338298,12753543703126299394,333347,333350,12753543703126299394
14,8,aho_corasick,all,2,1,32,20834,150,100000000,100003200,1073773,214127275,215217870,34081.094,33555.406,2.141204231,214161356.094,2.141545031,12753543703126299394,333347,333350,12753543703126299394
14,8,aho_corasick,all,3,1,32,20834,150,100000000,100003200,1074273,208478941,209570236,34102.969,33571.031,2.084722699,208513043.969,2.085063718,12753543703126299394,333347,333350,12753543703126299394
14,8,aho_corasick,all,4,1,32,20834,150,100000000,100003200,1573576,214483829,216075288,49733.094,49174.250,2.144769657,214533562.094,2.145266972,12753543703126299394,333347,333350,12753543703126299394
14,8,bndmq,all,0,1,32,20834,150,100000000,100003200,153185,226897284,227080796,5734.750,4787.031,2.268900235,226903018.750,2.268957581,12753543703126299394,333347,333350,12753543703126299394
14,8,bndmq,all,1,1,32,20834,150,100000000,100003200,119924,226333966,226483555,4674.656,3747.625,2.263267235,226338640.656,2.263313981,12753543703126299394,333347,333350,12753543703126299394
14,8,bndmq,all,2,1,32,20834,150,100000000,100003200,102862,222284772,222416668,4121.750,3214.438,2.222776591,222288893.750,2.222817807,12753543703126299394,333347,333350,12753543703126299394
14,8,bndmq,all,3,1,32,20834,150,100000000,100003200,104525,226704444,226834577,4066.656,3266.406,2.266971897,226708510.656,2.267012562,12753543703126299394,333347,333350,12753543703126299394
14,8,bndmq,all,4,1,32,20834,150,100000000,100003200,100097,228717239,228845548,4009.656,3128.031,2.287099203,228721248.656,2.287139298,12753543703126299394,333347,333350,12753543703126299394
15,256,hash,all,0,1,1,666668,150,100000000,100000200,31098,252193846,252226927,33081.000,31098.000,2.521933416,252226927.000,2.522264225,14878211724219559474,333343,333355,14878211724219559474
15,256,hash,all,1,1,1,666668,150,100000000,100000200,12253,258051626,258066334,14708.000,12253.000,2.580511099,258066334.000,2.580658179,14878211724219559474,333343,333355,14878211724219559474
15,256,hash,all,2,1,1,666668,150,100000000,100000200,6603,258321343,258329800,8457.000,6603.000,2.583208264,258329800.000,2.583292833,14878211724219559474,333343,333355,14878211724219559474
15,256,hash,all,3,1,1,666668,150,100000000,100000200,6552,263230478,263238854,8376.000,6552.000,2.632299515,263238854.000,2.632383275,14878211724219559474,333343,333355,14878211724219559474
15,256,hash,all,4,1,1,666668,150,100000000,100000200,6552,252051094,252059810,8716.000,6552.000,2.520505899,252059810.000,2.520593059,14878211724219559474,333343,333355,14878211724219559474
15,256,aho_corasick,all,0,1,1,666668,150,100000000,100000200,869212,254963489,255853229,889740.000,869212.000,2.549629791,255853229.000,2.558527173,14878211724219559474,333343,333355,14878211724219559474
15,256,aho_corasick,all,1,1,1,666668,150,100000000,100000200,880152,250461375,251367776,906401.000,880152.000,2.504608741,251367776.000,2.513672733,14878211724219559474,333343,333355,14878211724219559474
15,256,aho_corasick,all,2,1,1,666668,150,100000000,100000200,1224294,261471731,262699351,1227620.000,1224294.000,2.614712081,262699351.000,2.626988256,14878211724219559474,333343,333355,14878211724219559474
15,256,aho_corasick,all,3,1,1,666668,150,100000000,100000200,761531,259629439,260394567,765128.000,761531.000,2.596289197,260394567.000,2.603940462,14878211724219559474,333343,333355,14878211724219559474
15,256,aho_corasick,all,4,1,1,666668,150,100000000,100000200,1121302,263699167,264824416,1125249.000,1121302.000,2.636986396,264824416.000,2.648238864,14878211724219559474,333343,333355,14878211724219559474
15,45,hash,all,0,1,6,111112,150,100000000,100000800,18935,304269430,304291461,3671.833,3155.833,3.042669959,304273101.833,3.042706677,7811417401860004691,333337,333338,7811417401860004691
15,45,hash,all,1,1,6,111112,150,100000000,100000800,12975,302680175,302695945,2628.333,2162.500,3.026777536,302682803.333,3.026803819,7811417401860004691,333337,333338,7811417401860004691
15,45,hash,all,2,1,6,111112,150,100000000,100000800,9197,318920626,318932808,2030.333,1532.833,3.189180747,318922656.333,3.189201050,7811417401860004691,333337,333338,7811417401860004691
15,45,hash,all,3,1,6,111112,150,100000000,100000800,10179,313518423,313531498,2179.167,1696.500,3.135159149,313520602.167,3.135180940,7811417401860004691,333337,333338,7811417401860004691
15,45,hash,all,4,1,6,111112,150,100000000,100000800,9628,298455473,298467826,2058.833,1604.667,2.984530854,298457531.833,2.984551442,7811417401860004691,333337,333338,7811417401860004691
15,45,aho_corasick,all,0,1,6,111112,150,100000000,100000800,977714,218875381,219879684,167383.833,162952.333,2.188736300,219042764.833,2.190410125,7811417401860004691,333337,333338,7811417401860004691
15,45,aho_corasick,all,1,1,6,111112,150,100000000,100000800,919575,221102113,222051664,158258.500,153262.500,2.211003442,221260371.500,2.212586014,7811417401860004691,333337,333338,7811417401860004691
15,45,aho_corasick,all,2,1,6,111112,150,100000000,100000800,921729,213934487,214883928,158240.167,153621.500,2.139327755,214092727.167,2.140910144,7811417401860004691,333337,333338,7811417401860004691
15,45,aho_corasick,all,3,1,6,111112,150,100000000,100000800,909356,223136887,224079695,157134.667,151559.333,2.231351019,223294021.667,2.232922353,7811417401860004691,333337,333338,7811417401860004691
15,45,aho_corasick,all,4,1,6,111112,150,100000000,100000800,913905,217031290,217986603,159218.833,152317.500,2.170295538,217190508.833,2.171887713,7811417401860004691,333337,333338,7811417401860004691
15,45,bndmq,all,0,1,6,111112,150,100000000,100000800,146143,1117273052,1117431027,26329.167,24357.167,11.172641139,1117299381.167,11.172904428,7811417401860004691,333337,333338,7811417401860004691
15,45,bndmq,all,1,1,6,111112,150,100000000,100000800,56245,1119867622,1119945046,12904.000,9374.167,11.198586631,1119880526.000,11.198715670,7811417401860004691,333337,333338,7811417401860004691
15,45,bndmq,all,2,1,6,111112,150,100000000,100000800,50414,1088895754,1088967689,11989.167,8402.333,10.888870429,1088907743.167,10.888990320,7811417401860004691,333337,333338,7811417401860004691
15,45,bndmq,all,3,1,6,111112,150,100000000,100000800,50464,1099772179,1099844194,12002.500,8410.667,10.997633809,1099784181.500,10.997753833,7811417401860004691,333337,333338,7811417401860004691
15,45,bndmq,all,4,1,6,111112,150,100000000,100000800,49993,1085989399,1086059048,11608.167,8332.167,10.859807112,1086001007.167,10.859923192,7811417401860004691,333337,333338,7811417401860004691
15,8,aho_corasick,all,0,1,32,20834,150,100000000,100003200,1267876,211677459,212967897,40326.188,39621.125,2.116706855,211717785.188,2.117110104,13457228446878677419,333344,333345,13457228446878677419
15,8,aho_corasick,all,1,1,32,20834,150,100000000,100003200,1192755,209570712,210787182,38014.688,37273.594,2.095640060,209608726.688,2.096020194,13457228446878677419,333344,333345,13457228446878677419
15,8,aho_corasick,all,2,1,32,20834,150,100000000,100003200,1192585,211000087,212214122,37938.594,37268.281,2.109933352,211038025.594,2.110312726,13457228446878677419,333344,333345,13457228446878677419
15,8,aho_corasick,all,3,1,32,20834,150,100000000,100003200,1123806,208602913,209748730,35806.781,35118.938,2.085962379,208638719.781,2.086320436,13457228446878677419,333344,333345,13457228446878677419
15,8,aho_corasick,all,4,1,32,20834,150,100000000,100003200,1116043,211490231,212626141,35497.188,34876.344,2.114834635,211525728.188,2.115189596,13457228446878677419,333344,333345,13457228446878677419
15,8,hash,all,0,1,32,20834,150,100000000,100003200,24596,254346429,254375673,913.875,768.625,2.543382902,254347342.875,2.543392040,13457228446878677419,333344,333345,13457228446878677419
15,8,hash,all,1,1,32,20834,150,100000000,100003200,24746,255784613,255813517,903.250,773.312,2.557764282,255785516.250,2.557773314,13457228446878677419,333344,333345,13457228446878677419
15,8,hash,all,2,1,32,20834,150,100000000,100003200,14417,259166061,259184646,580.781,450.531,2.591577680,259166641.781,2.591583487,13457228446878677419,333344,333345,13457228446878677419
15,8,hash,all,3,1,32,20834,150,100000000,100003200,13596,261618416,261637533,597.406,424.875,2.616100445,261619013.406,2.616106419,13457228446878677419,333344,333345,13457228446878677419
15,8,hash,all,4,1,32,20834,150,100000000,100003200,14727,250137714,250155767,564.156,460.219,2.501297098,250138278.156,2.501302740,13457228446878677419,333344,333345,13457228446878677419
15,8,bndmq,all,0,1,32,20834,150,100000000,100003200,244075,207708516,207980443,8497.719,7627.344,2.077018695,207717013.719,2.077103670,13457228446878677419,333344,333345,13457228446878677419
15,8,bndmq,all,1,1,32,20834,150,100000000,100003200,104696,211876762,212008799,4126.156,3271.750,2.118699822,211880888.156,2.118741082,13457228446878677419,333344,333345,13457228446878677419
15,8,bndmq,all,2,1,32,20834,150,100000000,100003200,102701,215185255,215313804,4017.156,3209.406,2.151783693,215189272.156,2.151823863,13457228446878677419,333344,333345,13457228446878677419
15,8,bndmq,all,3,1,32,20834,150,100000000,100003200,114253,222079862,222221556,4427.938,3570.406,2.220727557,222084289.938,2.220771835,13457228446878677419,333344,333345,13457228446878677419
15,8,bndmq,all,4,1,32,20834,150,100000000,100003200,101369,209682679,209810498,3994.344,3167.781,2.096759694,209686673.344,2.096799636,13457228446878677419,333344,333345,13457228446878677419
16,10,hash,all,0,1,26,25642,150,100000000,100003800,19737,261691752,261715266,904.385,759.115,2.616818081,261692656.385,2.616827124,6775537950707672767,333346,333346,6775537950707672767
16,10,hash,all,1,1,26,25642,150,100000000,100003800,17422,265944745,265966225,826.154,670.077,2.659346395,265945571.154,2.659354656,6775537950707672767,333346,333346,6775537950707672767
16,10,hash,all,2,1,26,25642,150,100000000,100003800,12914,269394174,269410795,639.269,496.692,2.693839374,269394813.269,2.693845767,6775537950707672767,333346,333346,6775537950707672767
16,10,hash,all,3,1,26,25642,150,100000000,100003800,13294,266737665,266755537,687.385,511.308,2.667275294,266738352.385,2.667282167,6775537950707672767,333346,333346,6775537950707672767
16,10,hash,all,4,1,26,25642,150,100000000,100003800,13174,268771828,268789340,673.538,506.692,2.687616151,268772501.538,2.687622886,6775537950707672767,333346,333346,6775537950707672767
16,10,bndmq,all,0,1,26,25642,150,100000000,100003800,129672,241740915,241897156,6009.269,4987.385,2.417317292,241746924.269,2.417377382,6775537950707672767,333346,333346,6775537950707672767
16,10,bndmq,all,1,1,26,25642,150,100000000,100003800,98103,233566300,233690091,4761.192,3773.192,2.335574248,233571061.192,2.335621858,6775537950707672767,333346,333346,6775537950707672767
16,10,bndmq,all,2,1,26,25642,150,100000000,100003800,96660,235961008,236083185,4699.115,3717.692,2.359520418,235965707.115,2.359567408,6775537950707672767,333346,333346,6775537950707672767
16,10,bndmq,all,3,1,26,25642,150,100000000,100003800,99987,240780689,240906564,4841.346,3845.654,2.407715397,240785530.346,2.407763808,6775537950707672767,333346,333346,6775537950707672767
16,10,bndmq,all,4,1,26,25642,150,100000000,100003800,95748,234184354,234308585,4778.115,3682.615,2.341754553,234189132.115,2.341802333,6775537950707672767,333346,333346,6775537950707672767
16,10,aho_corasick,all,0,1,26,25642,150,100000000,100003800,1513273,212026024,213557491,58902.577,58202.808,2.120179673,212084926.577,2.120768677,6775537950707672767,333346,333346,6775537950707672767
16,10,aho_corasick,all,1,1,26,25642,150,100000000,100003800,1412685,202413318,203903878,57329.231,54334.038,2.024056266,202470647.231,2.024629536,6775537950707672767,333346,333346,6775537950707672767
16,10,aho_corasick,all,2,1,26,25642,150,100000000,100003800,1179170,215363805,216585074,46971.885,45352.692,2.153556215,215410776.885,2.154025916,6775537950707672767,333346,333346,6775537950707672767
16,10,aho_corasick,all,3,1,26,25642,150,100000000,100003800,1142531,217387937,218549233,44665.231,43943.500,2.173796766,217432602.231,2.174243401,6775537950707672767,333346,333346,6775537950707672767
16,10,aho_corasick,all,4,1,26,25642,150,100000000,100003800,1764312,219849269,221634710,68670.808,67858.154,2.198409150,219917939.808,2.199095832,6775537950707672767,333346,333346,6775537950707672767
16,11,hash,all,0,1,24,27778,150,100000000,100000800,20217,272382407,272407313,1037.750,842.375,2.723802280,272383444.750,2.723812657,10935755049391634046,333337,333337,10935755049391634046
16,11,hash,all,1,1,24,27778,150,100000000,100000800,21750,270903958,270929706,1072.833,906.250,2.709017908,270905030.833,2.709028636,10935755049391634046,333337,333337,10935755049391634046
16,11,hash,all,2,1,24,27778,150,100000000,100000800,15209,275303554,275322790,801.500,633.708,2.753013516,275304355.500,2.753021531,10935755049391634046,333337,333337,10935755049391634046
16,11,hash,all,3,1,24,27778,150,100000000,100000800,15158,269000517,269019362,785.208,631.583,2.689983650,269001302.208,2.689991502,10935755049391634046,333337,333337,10935755049391634046
16,11,hash,all,4,1,24,27778,150,100000000,100000800,14427,270766652,270785267,775.625,601.125,2.707644859,270767427.625,2.707652615,10935755049391634046,333337,333337,10935755049391634046
16,11,aho_corasick,all,0,1,24,27778,150,100000000,100000800,1352944,222681243,224054786,57230.958,56372.667,2.226794616,222738473.958,2.227366921,10935755049391634046,333337,333337,10935755049391634046
16,11,aho_corasick,all,1,1,24,27778,150,100000000,100000800,1151398,214111157,215280478,48721.708,47974.917,2.141094441,214159878.708,2.141581654,10935755049391634046,333337,333337,10935755049391634046
16,11,aho_corasick,all,2,1,24,27778,150,100000000,100000800,1191182,213823980,215052782,51200.083,49632.583,2.138222694,213875180.083,2.138734691,10935755049391634046,333337,333337,10935755049391634046
16,11,aho_corasick,all,3,1,24,27778,150,100000000,100000800,1411213,216583672,218028348,60194.833,58800.542,2.165819393,216643866.833,2.166421337,10935755049391634046,333337,333337,10935755049391634046
16,11,aho_corasick,all,4,1,24,27778,150,100000000,100000800,1262997,216536789,217833298,54021.208,52624.875,2.165350567,216590810.208,2.165890775,10935755049391634046,333337,333337,10935755049391634046
16,11,bndmq,all,0,1,24,27778,150,100000000,100000800,131425,265641939,265802879,6705.833,5476.042,2.656398139,265648644.833,2.656465197,10935755049391634046,333337,333337,10935755049391634046
16,11,bndmq,all,1,1,24,27778,150,100000000,100000800,114914,258550939,258697893,6123.083,4788.083,2.585488706,258557062.083,2.585549936,10935755049391634046,333337,333337,10935755049391634046
16,11,bndmq,all,2,1,24,27778,150,100000000,100000800,97712,261943513,262071581,5336.167,4071.333,2.619414175,261948849.167,2.619467536,10935755049391634046,333337,333337,10935755049391634046
16,11,bndmq,all,3,1,24,27778,150,100000000,100000800,94807,255137313,255261194,5161.708,3950.292,2.551352719,255142474.708,2.551404336,10935755049391634046,333337,333337,10935755049391634046
16,11,bndmq,all,4,1,24,27778,150,100000000,100000800,96149,256549158,256675863,5279.375,4006.208,2.565471056,256554437.375,2.565523850,10935755049391634046,333337,333337,10935755049391634046
16,181,aho_corasick,all,0,1,2,333334,150,100000000,100000200,1593713,236823878,238449760,812941.000,796856.500,2.368234044,237636819.000,2.376363437,6943370097121866078,333335,333336,6943370097121866078
16,181,aho_corasick,all,1,1,2,333334,150,100000000,100000200,1282833,244444615,245761952,658668.500,641416.500,2.444441261,245103283.500,2.451027933,6943370097121866078,333335,333336,6943370097121866078
16,181,aho_corasick,all,2,1,2,333334,150,100000000,100000200,1252908,236976433,238262122,642844.500,626454.000,2.369759590,237619277.500,2.376188023,6943370097121866078,333335,333336,6943370097121866078
16,181,aho_corasick,all,3,1,2,333334,150,100000000,100000200,1460976,237383088,238879300,748106.000,730488.000,2.373826132,238131194.000,2.381307177,6943370097121866078,333335,333336,6943370097121866078
16,181,aho_corasick,all,4,1,2,333334,150,100000000,100000200,1779991,243180077,244991346,905634.500,889995.500,2.431795906,244085711.500,2.440852233,6943370097121866078,333335,333336,6943370097121866078
16,181,hash,all,0,1,2,333334,150,100000000,100000200,14677,316117544,316134936,8696.000,7338.500,3.161169118,316126240.000,3.161256077,6943370097121866078,333335,333336,6943370097121866078
16,181,hash,all,1,1,2,333334,150,100000000,100000200,13145,320978388,320994669,8140.500,6572.500,3.209777460,320986528.500,3.209858865,6943370097121866078,333335,333336,6943370097121866078
16,181,hash,all,2,1,2,333334,150,100000000,100000200,8907,317596176,317607517,5670.500,4453.500,3.175955408,317601846.500,3.176012113,6943370097121866078,333335,333336,6943370097121866078
16,181,hash,all,3,1,2,333334,150,100000000,100000200,9227,318080631,318092282,5825.500,4613.500,3.180799948,318086456.500,3.180858203,6943370097121866078,333335,333336,6943370097121866078
16,181,hash,all,4,1,2,333334,150,100000000,100000200,9548,310096833,310109617,6392.000,4774.000,3.100962128,310103225.000,3.101026048,6943370097121866078,333335,333336,6943370097121866078
16,215,hash,all,0,1,2,333334,150,100000000,100000200,15669,810474672,810492494,8911.000,7834.500,8.104730511,810483583.000,8.104819620,13555977628293549735,333338,333338,13555977628293549735
16,215,hash,all,1,1,2,333334,150,100000000,100000200,16511,817800910,817820436,9763.000,8255.500,8.177992744,817810673.000,8.178090374,13555977628293549735,333338,333338,13555977628293549735
16,215,hash,all,2,1,2,333334,150,100000000,100000200,10579,809504120,809517395,6637.500,5289.500,8.095025010,809510757.500,8.095091385,13555977628293549735,333338,333338,13555977628293549735
16,215,hash,all,3,1,2,333334,150,100000000,100000200,10710,810838590,810851744,6577.000,5355.000,8.108369683,810845167.000,8.108435453,13555977628293549735,333338,333338,13555977628293549735
16,215,hash,all,4,1,2,333334,150,100000000,100000200,10059,766776478,766789142,6332.000,5029.500,7.667749445,766782810.000,7.667812764,13555977628293549735,333338,333338,13555977628293549735
16,215,aho_corasick,all,0,1,2,333334,150,100000000,100000200,1520657,242957667,244502770,772551.500,760328.500,2.429571811,243730218.500,2.437297310,13555977628293549735,333338,333338,13555977628293549735
16,215,aho_corasick,all,1,1,2,333334,150,100000000,100000200,1489969,245738768,247259033,760132.500,744984.500,2.457382765,246498900.500,2.464984075,13555977628293549735,333338,333338,13555977628293549735
16,215,aho_corasick,all,2,1,2,333334,150,100000000,100000200,1800849,245579602,247412370,916384.000,900424.500,2.455791108,246495986.000,2.464954930,13555977628293549735,333338,333338,13555977628293549735
16,215,aho_corasick,all,3,1,2,333334,150,100000000,100000200,1447841,240985217,242464887,739835.000,723920.500,2.409847350,241725052.000,2.417245686,13555977628293549735,333338,333338,13555977628293549735
16,215,aho_corasick,all,4,1,2,333334,150,100000000,100000200,1441490,244613650,246099793,743071.500,720745.000,2.446131608,245356721.500,2.453562308,13555977628293549735,333338,333338,13555977628293549735
16,235,hash,all,0,1,2,333334,150,100000000,100000200,17954,242880915,242901614,10349.500,8977.000,2.428804292,242891264.500,2.428907787,4416431097104089225,333336,333337,4416431097104089225
16,235,hash,all,1,1,2,333334,150,100000000,100000200,15179,238688035,238706139,9052.000,7589.500,2.386875576,238697087.000,2.386966096,4416431097104089225,333336,333337,4416431097104089225
16,235,hash,all,2,1,2,333334,150,100000000,100000200,10460,243483052,243496588,6768.000,5230.000,2.434825650,243489820.000,2.434893330,4416431097104089225,333336,333337,4416431097104089225
16,235,hash,all,3,1,2,333334,150,100000000,100000200,9788,244036096,244049080,6492.000,4894.000,2.440356079,244042588.000,2.440420999,4416431097104089225,333336,333337,4416431097104089225
16,235,hash,all,4,1,2,333334,150,100000000,100000200,10530,245043001,245056637,6818.000,5265.000,2.450425109,245049819.000,2.450493289,4416431097104089225,333336,333337,4416431097104089225
16,235,aho_corasick,all,0,1,2,333334,150,100000000,100000200,1663463,244410431,246104832,847200.500,831731.500,2.444099422,245257631.500,2.452571410,4416431097104089225,333336,333337,4416431097104089225
16,235,aho_corasick,all,1,1,2,333334,150,100000000,100000200,1616466,245788111,247435925,823907.000,808233.000,2.457876194,246612018.000,2.466115248,4416431097104089225,333336,333337,4416431097104089225
16,235,aho_corasick,all,2,1,2,333334,150,100000000,100000200,1584406,244279817,245893398,806790.500,792203.000,2.442793284,245086607.500,2.450861173,4416431097104089225,333336,333337,4416431097104089225
16,235,aho_corasick,all,3,1,2,333334,150,100000000,100000200,1765985,244251945,246048677,898366.000,882992.500,2.442514565,245150311.000,2.451498207,4416431097104089225,333336,333337,4416431097104089225
16,235,aho_corasick,all,4,1,2,333334,150,100000000,100000200,1565812,247229710,248824286,797288.000,782906.000,2.472292155,248026998.000,2.480265019,4416431097104089225,333336,333337,4416431097104089225
16,9,bndmq,all,0,1,29,22990,150,100000000,100006500,260296,211866057,212155677,9986.897,8975.724,2.118522866,211876043.897,2.118622728,178449341953684528,333355,333355,178449341953684528
16,9,bndmq,all,1,1,29,22990,150,100000000,100006500,136334,213709033,213871927,5617.034,4701.172,2.136951428,213714650.034,2.137007595,178449341953684528,333355,333355,178449341953684528
16,9,bndmq,all,2,1,29,22990,150,100000000,100006500,99566,213098436,213226826,4427.241,3433.310,2.130845855,213102863.241,2.130890125,178449341953684528,333355,333355,178449341953684528
16,9,bndmq,all,3,1,29,22990,150,100000000,100006500,99004,216526448,216653114,4367.793,3413.931,2.165123747,216530815.793,2.165167422,178449341953684528,333355,333355,178449341953684528
16,9,bndmq,all,4,1,29,22990,150,100000000,100006500,99757,214844011,214976859,4580.966,3439.897,2.148300470,214848591.966,2.148346277,178449341953684528,333355,333355,178449341953684528
16,9,hash,all,0,1,29,22990,150,100000000,100006500,25408,249508091,249538298,1041.621,876.138,2.494918740,249509132.621,2.494929156,178449341953684528,333355,333355,178449341953684528
16,9,hash,all,1,1,29,22990,150,100000000,100006500,66754,252279754,252351127,2461.138,2301.862,2.522633569,252282215.138,2.522658179,178449341953684528,333355,333355,178449341953684528
16,9,hash,all,2,1,29,22990,150,100000000,100006500,13295,260105295,260124311,655.724,458.448,2.600883893,260105950.724,2.600890449,178449341953684528,333355,333355,178449341953684528
16,9,hash,all,3,1,29,22990,150,100000000,100006500,21921,253069615,253096225,917.586,755.897,2.530531665,253070532.586,2.530540841,178449341953684528,333355,333355,178449341953684528
16,9,hash,all,4,1,29,22990,150,100000000,100006500,13726,258497820,258516716,651.586,473.310,2.584810187,258498471.586,2.584816703,178449341953684528,333355,333355,178449341953684528
16,9,aho_corasick,all,0,1,29,22990,150,100000000,100006500,1715530,221577862,223348646,61061.517,59156.207,2.215634604,221638923.517,2.216245179,178449341953684528,333355,333355,178449341953684528
16,9,aho_corasick,all,1,1,29,22990,150,100000000,100006500,1374955,214648274,216044028,48129.448,47412.241,2.146343228,214696403.448,2.146824491,178449341953684528,333355,333355,178449341953684528
16,9,aho_corasick,all,2,1,29,22990,150,100000000,100006500,1188478,211862798,213075211,41807.345,40982.000,2.118490278,211904605.345,2.118908324,178449341953684528,333355,333355,178449341953684528
16,9,aho_corasick,all,3,1,29,22990,150,100000000,100006500,1320805,214281531,215624888,46322.655,45545.000,2.142676036,214327853.655,2.143139233,178449341953684528,333355,333355,178449341953684528
16,9,aho_corasick,all,4,1,29,22990,150,100000000,100006500,1181845,217915308,219119976,41540.276,40753.276,2.179011444,217956848.276,2.179426820,178449341953684528,333355,333355,178449341953684528
20,10,aho_corasick,all,0,1,26,25642,150,100000000,100003800,1478628,211859866,213366055,57930.346,56870.308,2.118518156,211917796.346,2.119097438,14787196223518385162,333346,333346,14787196223518385162
20,10,aho_corasick,all,1,1,26,25642,150,100000000,100003800,1362922,218350060,219732309,53163.423,52420.077,2.183417630,218403223.423,2.183949244,14787196223518385162,333346,333346,14787196223518385162
20,10,aho_corasick,all,2,1,26,25642,150,100000000,100003800,1421502,213826502,215268372,55456.538,54673.154,2.138183769,213881958.538,2.138738313,14787196223518385162,333346,333346,14787196223518385162
20,10,aho_corasick,all,3,1,26,25642,150,100000000,100003800,1492665,206243035,207770224,58738.038,57410.192,2.062351981,206301773.038,2.062939339,14787196223518385162,333346,333346,14787196223518385162
20,10,aho_corasick,all,4,1,26,25642,150,100000000,100003800,1519074,200457771,201996181,59169.615,58425.923,2.004501539,200516940.615,2.005093213,14787196223518385162,333346,333346,14787196223518385162
20,10,bndmq,all,0,1,26,25642,150,100000000,100003800,129211,186038893,186195796,6034.731,4969.654,1.860318238,186044927.731,1.860378583,14787196223518385162,333346,333346,14787196223518385162
20,10,bndmq,all,1,1,26,25642,150,100000000,100003800,94867,189472350,189591061,4565.808,3648.731,1.894651503,189476915.808,1.894697160,14787196223518385162,333346,333346,14787196223518385162
20,10,bndmq,all,2,1,26,25642,150,100000000,100003800,98134,193442683,193566966,4780.115,3774.385,1.934353325,193447463.115,1.934401124,14787196223518385162,333346,333346,14787196223518385162
20,10,bndmq,all,3,1,26,25642,150,100000000,100003800,97071,190209812,190334144,4782.000,3733.500,1.902025843,190214594.000,1.902073661,14787196223518385162,333346,333346,14787196223518385162
20,10,bndmq,all,4,1,26,25642,150,100000000,100003800,97261,191794431,191917991,4752.308,3740.808,1.917871431,191799183.308,1.917918952,14787196223518385162,333346,333346,14787196223518385162
20,10,hash,all,0,1,26,25642,150,100000000,100003800,22011,253710000,253737131,1043.500,846.577,2.537003594,253711043.500,2.537014028,14787196223518385162,333346,333346,14787196223518385162
20,10,hash,all,1,1,26,25642,150,100000000,100003800,25057,257493054,257523541,1172.577,963.731,2.574832696,257494226.577,2.574844422,14787196223518385162,333346,333346,14787196223518385162
20,10,hash,all,2,1,26,25642,150,100000000,100003800,15889,258661779,258682667,803.385,611.115,2.586519502,258662582.385,2.586527536,14787196223518385162,333346,333346,14787196223518385162
20,10,hash,all,3,1,26,25642,150,100000000,100003800,22762,264805647,264833689,1078.538,875.462,2.647955848,264806725.538,2.647966633,14787196223518385162,333346,333346,14787196223518385162
20,10,hash,all,4,1,26,25642,150,100000000,100003800,15118,258443207,258463354,774.885,581.462,2.584333865,258443981.885,2.584341614,14787196223518385162,333346,333346,14787196223518385162
20,11,bndmq,all,0,1,24,27778,150,100000000,100000800,129863,210306872,210467292,6684.167,5410.958,2.103051896,210313556.167,2.103118737,1630018436444667844,333336,333336,1630018436444667844
20,11,bndmq,all,1,1,24,27778,150,100000000,100000800,98925,209846800,209973737,5289.042,4121.875,2.098451212,209852089.042,2.098504102,1630018436444667844,333336,333336,1630018436444667844
20,11,bndmq,all,2,1,24,27778,150,100000000,100000800,96240,208892480,209017554,5211.417,4010.000,2.088908089,208897691.417,2.088960202,1630018436444667844,333336,333336,1630018436444667844
20,11,bndmq,all,3,1,24,27778,150,100000000,100000800,95338,213995590,214122607,5292.375,3972.417,2.139938780,214000882.375,2.139991704,1630018436444667844,333336,333336,1630018436444667844
20,11,bndmq,all,4,1,24,27778,150,100000000,100000800,96961,214775635,214901841,5258.583,4040.042,2.147739168,214780893.583,2.147791753,1630018436444667844,333336,333336,1630018436444667844
20,11,hash,all,0,1,24,27778,150,100000000,100000800,19135,277199243,277222727,978.500,797.292,2.771970254,277200221.500,2.771980039,1630018436444667844,333336,333336,1630018436444667844
20,11,hash,all,1,1,24,27778,150,100000000,100000800,19717,274220666,274244190,980.167,821.542,2.742184723,274221646.167,2.742194524,1630018436444667844,333336,333336,1630018436444667844
20,11,hash,all,2,1,24,27778,150,100000000,100000800,12563,279264156,279280816,694.167,523.458,2.792619219,279264850.167,2.792626161,1630018436444667844,333336,333336,1630018436444667844
20,11,hash,all,3,1,24,27778,150,100000000,100000800,22603,272708595,272734333,1072.417,941.792,2.727064133,272709667.417,2.727074858,1630018436444667844,333336,333336,1630018436444667844
20,11,hash,all,4,1,24,27778,150,100000000,100000800,12614,273119513,273135914,683.375,525.583,2.731173281,273120196.375,2.731180114,1630018436444667844,333336,333336,1630018436444667844
20,11,aho_corasick,all,0,1,24,27778,150,100000000,100000800,1426291,216206697,217655440,60364.292,59428.792,2.162049674,216267061.292,2.162653312,1630018436444667844,333336,333336,1630018436444667844
20,11,aho_corasick,all,1,1,24,27778,150,100000000,100000800,1592591,208505325,210129505,67674.167,66357.958,2.085036570,208572999.167,2.085713306,1630018436444667844,333336,333336,1630018436444667844
20,11,aho_corasick,all,2,1,24,27778,150,100000000,100000800,1358505,214775079,216165904,57951.042,56604.375,2.147733608,214833030.042,2.148313114,1630018436444667844,333336,333336,1630018436444667844
20,11,aho_corasick,all,3,1,24,27778,150,100000000,100000800,1350680,205195230,206578521,57637.125,56278.333,2.051935885,205252867.125,2.052512251,1630018436444667844,333336,333336,1630018436444667844
20,11,aho_corasick,all,4,1,24,27778,150,100000000,100000800,1778438,209892527,211719456,76122.042,74101.583,2.098908479,209968649.042,2.099669693,1630018436444667844,333336,333336,1630018436444667844
20,181,hash,all,0,1,2,333334,150,100000000,100000200,16511,349956140,349975376,9618.000,8255.500,3.499554401,349965758.000,3.499650581,16574647232017042454,333334,333334,16574647232017042454
20,181,hash,all,1,1,2,333334,150,100000000,100000200,13245,349014056,349030297,8120.500,6622.500,3.490133580,349022176.500,3.490214785,16574647232017042454,333334,333334,16574647232017042454
20,181,hash,all,2,1,2,333334,150,100000000,100000200,9267,364137908,364149890,5991.000,4633.500,3.641371797,364143899.000,3.641431707,16574647232017042454,333334,333334,16574647232017042454
20,181,hash,all,3,1,2,333334,150,100000000,100000200,9518,360820134,360832557,6211.500,4759.000,3.608194124,360826345.500,3.608256238,16574647232017042454,333334,333334,16574647232017042454
20,181,hash,all,4,1,2,333334,150,100000000,100000200,9447,369234417,369246619,6101.000,4723.500,3.692336785,369240518.000,3.692397795,16574647232017042454,333334,333334,16574647232017042454
20,181,aho_corasick,all,0,1,2,333334,150,100000000,100000200,1846255,240354452,242241382,943465.000,923127.500,2.403539713,241297917.000,2.412974344,16574647232017042454,333334,333334,16574647232017042454
20,181,aho_corasick,all,1,1,2,333334,150,100000000,100000200,2334255,237881010,240248196,1183593.000,1167127.500,2.378805342,239064603.000,2.390641249,16574647232017042454,333334,333334,16574647232017042454
20,181,aho_corasick,all,2,1,2,333334,150,100000000,100000200,1635752,241188715,242859372,835328.500,817876.000,2.411882326,242024043.500,2.420235595,16574647232017042454,333334,333334,16574647232017042454
20,181,aho_corasick,all,3,1,2,333334,150,100000000,100000200,1677660,241030024,242747829,858902.500,838830.000,2.410295419,241888926.500,2.418884427,16574647232017042454,333334,333334,16574647232017042454
20,181,aho_corasick,all,4,1,2,333334,150,100000000,100000200,1767107,241784211,243584821,900305.000,883553.500,2.417837274,242684516.000,2.426840306,16574647232017042454,333334,333334,16574647232017042454
20,215,hash,all,0,1,2,333334,150,100000000,100000200,16190,652855041,652874077,9518.000,8095.000,6.528537353,652864559.000,6.528632533,10933907516043793447,333334,333334,10933907516043793447
20,215,hash,all,1,1,2,333334,150,100000000,100000200,17502,665766411,665786959,10274.000,8751.000,6.657650795,665776685.000,6.657753534,10933907516043793447,333334,333334,10933907516043793447
20,215,hash,all,2,1,2,333334,150,100000000,100000200,11171,652559836,652573492,6828.000,5585.500,6.525585309,652566664.000,6.525653589,10933907516043793447,333334,333334,10933907516043793447
20,215,hash,all,3,1,2,333334,150,100000000,100000200,10820,664371547,664384871,6662.000,5410.000,6.643702183,664378209.000,6.643768802,10933907516043793447,333334,333334,10933907516043793447
20,215,hash,all,4,1,2,333334,150,100000000,100000200,11451,670900665,670915162,7248.500,5725.500,6.708993232,670907913.500,6.709065717,10933907516043793447,333334,333334,10933907516043793447
20,215,aho_corasick,all,0,1,2,333334,150,100000000,100000200,3210039,248732930,251973857,1620463.500,1605019.500,2.487324325,250353393.500,2.503528928,10933907516043793447,333334,333334,10933907516043793447
20,215,aho_corasick,all,1,1,2,333334,150,100000000,100000200,1879276,251553098,253461459,954180.500,939638.000,2.515525949,252507278.500,2.525067735,10933907516043793447,333334,333334,10933907516043793447
20,215,aho_corasick,all,2,1,2,333334,150,100000000,100000200,2063249,250609575,252712517,1051471.000,1031624.500,2.506090738,251661046.000,2.516605427,10933907516043793447,333334,333334,10933907516043793447
20,215,aho_corasick,all,3,1,2,333334,150,100000000,100000200,2530471,251367416,253934555,1283569.500,1265235.500,2.513669133,252650985.500,2.526504802,10933907516043793447,333334,333334,10933907516043793447
20,215,aho_corasick,all,4,1,2,333334,150,100000000,100000200,2226273,252907123,255163041,1127959.000,1113136.500,2.529066172,254035082.000,2.540345739,10933907516043793447,333334,333334,10933907516043793447
20,235,hash,all,0,1,2,333334,150,100000000,100000200,33142,237636343,237676077,19867.000,16571.000,2.376358677,237656210.000,2.376557347,16197641807990873024,333334,333334,16197641807990873024
20,235,hash,all,1,1,2,333334,150,100000000,100000200,22392,235534764,235560432,12834.000,11196.000,2.355342929,235547598.000,2.355471269,16197641807990873024,333334,333334,16197641807990873024
20,235,hash,all,2,1,2,333334,150,100000000,100000200,12994,241097426,241113556,8065.000,6497.000,2.410969438,241105491.000,2.411050088,16197641807990873024,333334,333334,16197641807990873024
20,235,hash,all,3,1,2,333334,150,100000000,100000200,11922,238233137,238248796,7829.500,5961.000,2.382326605,238240966.500,2.382404900,16197641807990873024,333334,333334,16197641807990873024
20,235,hash,all,4,1,2,333334,150,100000000,100000200,15860,237979523,237998829,9653.000,7930.000,2.379790470,237989176.000,2.379887000,16197641807990873024,333334,333334,16197641807990873024
20,235,aho_corasick,all,0,1,2,333334,150,100000000,100000200,2237725,252292562,254563829,1135633.500,1118862.500,2.522920574,253428195.500,2.534276886,16197641807990873024,333334,333334,16197641807990873024
20,235,aho_corasick,all,1,1,2,333334,150,100000000,100000200,2133020,254213467,256399947,1093240.000,1066510.000,2.542129586,255306707.000,2.553061964,16197641807990873024,333334,333334,16197641807990873024
20,235,aho_corasick,all,2,1,2,333334,150,100000000,100000200,2444351,257732926,260212482,1239778.000,1222175.500,2.577324105,258972704.000,2.589721861,16197641807990873024,333334,333334,16197641807990873024
20,235,aho_corasick,all,3,1,2,333334,150,100000000,100000200,2090730,254873586,257000745,1063579.500,1045365.000,2.548730763,255937165.500,2.559366536,16197641807990873024,333334,333334,16197641807990873024
20,235,aho_corasick,all,4,1,2,333334,150,100000000,100000200,2036900,248186866,250262068,1037601.000,1018450.000,2.481863696,249224467.000,2.492239686,16197641807990873024,333334,333334,16197641807990873024
20,9,hash,all,0,1,29,22990,150,100000000,100006500,38162,252937836,252980817,1482.103,1315.931,2.529213961,252939318.103,2.529228781,8045989747142053471,333355,333355,8045989747142053471
20,9,hash,all,1,1,29,22990,150,100000000,100006500,17743,253969996,253992778,785.586,611.828,2.539534890,253970781.586,2.539542746,8045989747142053471,333355,333355,8045989747142053471
20,9,hash,all,2,1,29,22990,150,100000000,100006500,22582,262143575,262170435,926.207,778.690,2.621265368,262144501.207,2.621274629,8045989747142053471,333355,333355,8045989747142053471
20,9,hash,all,3,1,29,22990,150,100000000,100006500,13605,258908759,258927203,636.000,469.138,2.588919310,258909395.000,2.588925670,8045989747142053471,333355,333355,8045989747142053471
20,9,hash,all,4,1,29,22990,150,100000000,100006500,13665,255835256,255853419,626.310,471.207,2.558186278,255835882.310,2.558192541,8045989747142053471,333355,333355,8045989747142053471
20,9,aho_corasick,all,0,1,29,22990,150,100000000,100006500,1628048,211456373,213101733,56736.552,56139.586,2.114426292,211513109.552,2.114993621,8045989747142053471,333355,333355,8045989747142053471
20,9,aho_corasick,all,1,1,29,22990,150,100000000,100006500,1395113,214702076,216118839,48853.897,48107.345,2.146881213,214750929.897,2.147369720,8045989747142053471,333355,333355,8045989747142053471
20,9,aho_corasick,all,2,1,29,22990,150,100000000,100006500,1612328,210761435,212409449,56828.069,55597.517,2.107477364,210818263.069,2.108045608,8045989747142053471,333355,333355,8045989747142053471
20,9,aho_corasick,all,3,1,29,22990,150,100000000,100006500,1530575,211740135,213292801,53540.207,52778.448,2.117263728,211793675.207,2.117799095,8045989747142053471,333355,333355,8045989747142053471
20,9,aho_corasick,all,4,1,29,22990,150,100000000,100006500,1469401,202255866,203759862,51861.931,50669.000,2.022427202,202307727.931,2.022945788,8045989747142053471,333355,333355,8045989747142053471
20,9,bndmq,all,0,1,29,22990,150,100000000,100006500,153446,170409723,170599908,6558.103,5291.241,1.703986471,170416281.103,1.704052048,8045989747142053471,333355,333355,8045989747142053471
20,9,bndmq,all,1,1,29,22990,150,100000000,100006500,116397,171643062,171784195,4866.655,4013.690,1.716319059,171647928.655,1.716367723,8045989747142053471,333355,333355,8045989747142053471
20,9,bndmq,all,2,1,29,22990,150,100000000,100006500,98644,170355694,170481018,4321.517,3401.517,1.703446216,170360015.517,1.703489428,8045989747142053471,333355,333355,8045989747142053471
20,9,bndmq,all,3,1,29,22990,150,100000000,100006500,100908,179703174,179844497,4873.207,3479.586,1.796914941,179708047.207,1.796963669,8045989747142053471,333355,333355,8045989747142053471
20,9,bndmq,all,4,1,29,22990,150,100000000,100006500,139300,185018398,185184037,5711.690,4803.448,1.850063726,185024109.690,1.850120839,8045989747142053471,333355,333355,8045989747142053471
22,128,hash,all,0,1,2,333334,150,100000000,100000200,13515,254850368,254866167,7899.500,6757.500,2.548498583,254858267.500,2.548577578,11244036797285517000,333334,333334,11244036797285517000
22,128,hash,all,1,1,2,333334,150,100000000,100000200,13155,246082220,246097749,7764.500,6577.500,2.460817278,246089984.500,2.460894923,11244036797285517000,333334,333334,11244036797285517000
22,128,hash,all,2,1,2,333334,150,100000000,100000200,8616,245954171,245965382,5605.500,4308.000,2.459536791,245959776.500,2.459592846,11244036797285517000,333334,333334,11244036797285517000
22,128,hash,all,3,1,2,333334,150,100000000,100000200,8746,256185403,256196073,5335.000,4373.000,2.561848906,256190738.000,2.561902256,11244036797285517000,333334,333334,11244036797285517000
22,128,hash,all,4,1,2,333334,150,100000000,100000200,8155,248740284,248751394,5555.000,4077.500,2.487397865,248745839.000,2.487453415,11244036797285517000,333334,333334,11244036797285517000
22,128,aho_corasick,all,0,1,2,333334,150,100000000,100000200,1340281,230258325,231633370,687522.500,670140.500,2.302578645,230945847.500,2.309453856,11244036797285517000,333334,333334,11244036797285517000
22,128,aho_corasick,all,1,1,2,333334,150,100000000,100000200,1556081,230336849,231921043,792097.000,778040.500,2.303363883,231128946.000,2.311284837,11244036797285517000,333334,333334,11244036797285517000
22,128,aho_corasick,all,2,1,2,333334,150,100000000,100000200,1272494,229331403,230634795,651696.000,636247.000,2.293309443,229983099.000,2.299826390,11244036797285517000,333334,333334,11244036797285517000
22,128,aho_corasick,all,3,1,2,333334,150,100000000,100000200,1259941,232229630,233520208,645289.000,629970.500,2.322291655,232874919.000,2.328744533,11244036797285517000,333334,333334,11244036797285517000
22,128,aho_corasick,all,4,1,2,333334,150,100000000,100000200,1266854,231238110,232537845,649867.500,633427.000,2.312376475,231887977.500,2.318875137,11244036797285517000,333334,333334,11244036797285517000
24,11,bndmq,all,0,1,24,27778,150,100000000,100000800,137276,169910224,170080762,7105.750,5719.833,1.699088647,169917329.750,1.699159704,15626354441059486085,333336,333336,15626354441059486085
24,11,bndmq,all,1,1,24,27778,150,100000000,100000800,115897,171858315,172004779,6102.667,4829.042,1.718569401,171864417.667,1.718630428,15626354441059486085,333336,333336,15626354441059486085
24,11,bndmq,all,2,1,24,27778,150,100000000,100000800,99777,163151135,163280277,5380.917,4157.375,1.631498298,163156515.917,1.631552107,15626354441059486085,333336,333336,15626354441059486085
24,11,bndmq,all,3,1,24,27778,150,100000000,100000800,97972,169835397,169960601,5216.833,4082.167,1.698340383,169840613.833,1.698392551,15626354441059486085,333336,333336,15626354441059486085
24,11,bndmq,all,4,1,24,27778,150,100000000,100000800,97312,168312192,168439821,5317.875,4054.667,1.683108455,168317509.875,1.683161633,15626354441059486085,333336,333336,15626354441059486085
24,11,hash,all,0,1,24,27778,150,100000000,100000800,21210,260748892,260774751,1077.458,883.750,2.607468060,260749969.458,2.607478835,15626354441059486085,333336,333336,15626354441059486085
24,11,hash,all,1,1,24,27778,150,100000000,100000800,22392,253510783,253536842,1085.792,933.000,2.535087549,253511868.792,2.535098407,15626354441059486085,333336,333336,15626354441059486085
24,11,hash,all,2,1,24,27778,150,100000000,100000800,20177,253663133,253686476,972.625,840.708,2.536611037,253664105.625,2.536620763,15626354441059486085,333336,333336,15626354441059486085
24,11,hash,all,3,1,24,27778,150,100000000,100000800,14537,252407370,252426265,787.292,605.708,2.524053508,252408157.292,2.524061380,15626354441059486085,333336,333336,15626354441059486085
24,11,hash,all,4,1,24,27778,150,100000000,100000800,15669,260388330,260408598,844.500,652.875,2.603862469,260389174.500,2.603870914,15626354441059486085,333336,333336,15626354441059486085
24,11,aho_corasick,all,0,1,24,27778,150,100000000,100000800,1703598,218083645,219806950,71804.375,70983.250,2.180819003,218155449.375,2.181537041,15626354441059486085,333336,333336,15626354441059486085
24,11,aho_corasick,all,1,1,24,27778,150,100000000,100000800,1653013,214642860,216312675,69575.625,68875.542,2.146411429,214712435.625,2.147107179,15626354441059486085,333336,333336,15626354441059486085
24,11,aho_corasick,all,2,1,24,27778,150,100000000,100000800,1643937,218797817,220462413,69358.167,68497.375,2.187960666,218867175.167,2.188654242,15626354441059486085,333336,333336,15626354441059486085
24,11,aho_corasick,all,3,1,24,27778,150,100000000,100000800,1644868,214642652,216304361,69237.875,68536.167,2.146409349,214711889.875,2.147101722,15626354441059486085,333336,333336,15626354441059486085
24,11,aho_corasick,all,4,1,24,27778,150,100000000,100000800,1743894,215520260,217288710,73685.417,72662.250,2.155185359,215593945.417,2.155922207,15626354441059486085,333336,333336,15626354441059486085
24,13,aho_corasick,all,0,1,20,33334,150,100000000,100002000,1705812,229281366,231020691,86966.250,85290.600,2.292767805,229368332.250,2.293637450,16106174259094367862,333340,333340,16106174259094367862
24,13,aho_corasick,all,1,1,20,33334,150,100000000,100002000,1807281,211209690,213050454,92038.200,90364.050,2.112054659,211301728.200,2.112975022,16106174259094367862,333340,333340,16106174259094367862
24,13,aho_corasick,all,2,1,20,33334,150,100000000,100002000,1561503,208698065,210297659,79979.700,78075.150,2.086938911,208778044.700,2.087738692,16106174259094367862,333340,333340,16106174259094367862
24,13,aho_corasick,all,3,1,20,33334,150,100000000,100002000,1548158,206050716,207636153,79271.850,77407.900,2.060465951,206129987.850,2.061258653,16106174259094367862,333340,333340,16106174259094367862
24,13,aho_corasick,all,4,1,20,33334,150,100000000,100002000,1533691,210626302,212198917,78630.750,76684.550,2.106220896,210704932.750,2.107007187,16106174259094367862,333340,333340,16106174259094367862
24,13,bndmq,all,0,1,20,33334,150,100000000,100002000,128089,196594234,196751076,7842.100,6404.450,1.965903022,196602076.100,1.965981441,16106174259094367862,333340,333340,16106174259094367862
24,13,bndmq,all,1,1,20,33334,150,100000000,100002000,99185,200688129,200811750,6181.050,4959.250,2.006841153,200694310.050,2.006902962,16106174259094367862,333340,333340,16106174259094367862
24,13,bndmq,all,2,1,20,33334,150,100000000,100002000,96500,199630017,199752085,6103.400,4825.000,1.996260245,199636120.400,1.996321278,16106174259094367862,333340,333340,16106174259094367862
24,13,bndmq,all,3,1,20,33334,150,100000000,100002000,91300,198265201,198381558,5817.850,4565.000,1.982612358,198271018.850,1.982670535,16106174259094367862,333340,333340,16106174259094367862
24,13,bndmq,all,4,1,20,33334,150,100000000,100002000,105907,195118415,195250410,6599.750,5295.350,1.951145127,195125014.750,1.951211123,16106174259094367862,333340,333340,16106174259094367862
24,13,hash,all,0,1,20,33334,150,100000000,100002000,31388,280703951,280739508,1777.850,1569.400,2.806983370,280705728.850,2.807001148,16106174259094367862,333340,333340,16106174259094367862
24,13,hash,all,1,1,20,33334,150,100000000,100002000,42119,283261973,283307909,2296.800,2105.950,2.832563079,283264269.800,2.832586046,16106174259094367862,333340,333340,16106174259094367862
24,13,hash,all,2,1,20,33334,150,100000000,100002000,15218,280970869,280989944,953.750,760.900,2.809652497,280971822.750,2.809662034,16106174259094367862,333340,333340,16106174259094367862
24,13,hash,all,3,1,20,33334,150,100000000,100002000,14507,281360747,281379893,957.300,725.350,2.813551199,281361704.300,2.813560772,16106174259094367862,333340,333340,16106174259094367862
24,13,hash,all,4,1,20,33334,150,100000000,100002000,24316,280067634,280095596,1398.100,1215.800,2.800620328,280069032.100,2.800634308,16106174259094367862,333340,333340,16106174259094367862
24,14,bndmq,all,0,1,19,35088,150,100000000,100000800,226843,211136573,211391518,13418.158,11939.105,2.111348839,211149991.158,2.111483020,13306081613976107003,333336,333336,13306081613976107003
24,14,bndmq,all,1,1,19,35088,150,100000000,100000800,128670,216248726,216403926,8168.421,6772.105,2.162469960,216256894.421,2.162551644,13306081613976107003,333336,333336,13306081613976107003
24,14,bndmq,all,2,1,19,35088,150,100000000,100000800,92132,222356767,222475138,6230.053,4849.053,2.223549882,222362997.053,2.223612182,13306081613976107003,333336,333336,13306081613976107003
24,14,bndmq,all,3,1,19,35088,150,100000000,100000800,92313,213913008,214029125,6111.421,4858.579,2.139112967,213919119.421,2.139174081,13306081613976107003,333336,333336,13306081613976107003
24,14,bndmq,all,4,1,19,35088,150,100000000,100000800,116697,220539907,220682052,7481.316,6141.947,2.205381427,220547388.316,2.205456240,13306081613976107003,333336,333336,13306081613976107003
24,14,hash,all,0,1,19,35088,150,100000000,100000800,23774,278493239,278520810,1451.105,1251.263,2.784910111,278494690.105,2.784924622,13306081613976107003,333336,333336,13306081613976107003
24,14,hash,all,1,1,19,35088,150,100000000,100000800,19416,283042985,283066869,1257.053,1021.895,2.830407207,283044242.053,2.830419777,13306081613976107003,333336,333336,13306081613976107003
24,14,hash,all,2,1,19,35088,150,100000000,100000800,13566,286163929,286181713,936.000,714.000,2.861616397,286164865.000,2.861625757,13306081613976107003,333336,333336,13306081613976107003
24,14,hash,all,3,1,19,35088,150,100000000,100000800,12624,286098163,286113662,815.737,664.421,2.860958742,286098978.737,2.860966900,13306081613976107003,333336,333336,13306081613976107003
24,14,hash,all,4,1,19,35088,150,100000000,100000800,13044,278302573,278320135,924.316,686.526,2.783003466,278303497.316,2.783012709,13306081613976107003,333336,333336,13306081613976107003
24,14,aho_corasick,all,0,1,19,35088,150,100000000,100000800,1695062,216300688,218028552,90940.211,89213.789,2.162989576,216391628.211,2.163898971,13306081613976107003,333336,333336,13306081613976107003
24,14,aho_corasick,all,1,1,19,35088,150,100000000,100000800,1845844,202362049,204225365,98069.263,97149.684,2.023604301,202460118.263,2.024584986,13306081613976107003,333336,333336,13306081613976107003
24,14,aho_corasick,all,2,1,19,35088,150,100000000,100000800,1633697,208110258,209764765,87079.316,85984.053,2.081085931,208197337.316,2.081956718,13306081613976107003,333336,333336,13306081613976107003
24,14,aho_corasick,all,3,1,19,35088,150,100000000,100000800,1723466,211690379,213433060,91720.053,90708.737,2.116886855,211782099.053,2.117804048,13306081613976107003,333336,333336,13306081613976107003
24,14,aho_corasick,all,4,1,19,35088,150,100000000,100000800,1609442,215364686,216990308,85559.053,84707.474,2.153629631,215450245.053,2.154485215,13306081613976107003,333336,333336,13306081613976107003
24,181,aho_corasick,all,0,1,2,333334,150,100000000,100000200,2686321,248060601,250792898,1366148.500,1343160.500,2.480601049,249426749.500,2.494262506,4694184827459893063,333334,333334,4694184827459893063
24,181,aho_corasick,all,1,1,2,333334,150,100000000,100000200,2727839,253353880,256115412,1380766.000,1363919.500,2.533533733,254734646.000,2.547341365,4694184827459893063,333334,333334,4694184827459893063
24,181,aho_corasick,all,2,1,2,333334,150,100000000,100000200,2014709,245231944,247278712,1023384.000,1007354.500,2.452314535,246255328.000,2.462548355,4694184827459893063,333334,333334,4694184827459893063
24,181,aho_corasick,all,3,1,2,333334,150,100000000,100000200,1966809,251370476,253367261,998392.500,983404.500,2.513699733,252368868.500,2.523683638,4694184827459893063,333334,333334,4694184827459893063
24,181,aho_corasick,all,4,1,2,333334,150,100000000,100000200,2013105,247521805,249566269,1022232.000,1006552.500,2.475213100,248544037.000,2.485435399,4694184827459893063,333334,333334,4694184827459893063
24,181,hash,all,0,1,2,333334,150,100000000,100000200,16040,342136729,342154823,9047.000,8020.000,3.421360447,342145776.000,3.421450917,4694184827459893063,333334,333334,4694184827459893063
24,181,hash,all,1,1,2,333334,150,100000000,100000200,18945,349068712,349090402,10845.000,9472.500,3.490680139,349079557.000,3.490788588,4694184827459893063,333334,333334,4694184827459893063
24,181,hash,all,2,1,2,333334,150,100000000,100000200,10710,339678400,339692236,6918.000,5355.000,3.396777206,339685318.000,3.396846386,4694184827459893063,333334,333334,4694184827459893063
24,181,hash,all,3,1,2,333334,150,100000000,100000200,10389,339371709,339384904,6597.500,5194.500,3.393710303,339378306.500,3.393776277,4694184827459893063,333334,333334,4694184827459893063
24,181,hash,all,4,1,2,333334,150,100000000,100000200,11150,336038401,336051806,6702.500,5575.000,3.360377289,336045103.500,3.360444314,4694184827459893063,333334,333334,4694184827459893063
24,215,hash,all,0,1,2,333334,150,100000000,100000200,17813,690306110,690326177,10033.500,8906.500,6.903047294,690316143.500,6.903147629,8514482209954152617,333334,333334,8514482209954152617
24,215,hash,all,1,1,2,333334,150,100000000,100000200,19446,705670941,705692932,10995.500,9723.000,7.056695297,705681936.500,7.056805251,8514482209954152617,333334,333334,8514482209954152617
24,215,hash,all,2,1,2,333334,150,100000000,100000200,12393,694714064,694729202,7569.000,6196.500,6.947126746,694721633.000,6.947202436,8514482209954152617,333334,333334,8514482209954152617
24,215,hash,all,3,1,2,333334,150,100000000,100000200,12053,679377623,679392782,7579.500,6026.500,6.793762642,679385202.500,6.793838437,8514482209954152617,333334,333334,8514482209954152617
24,215,hash,all,4,1,2,333334,150,100000000,100000200,16922,687377494,687396580,9543.000,8461.000,6.873761192,687387037.000,6.873856622,8514482209954152617,333334,333334,8514482209954152617
24,215,aho_corasick,all,0,1,2,333334,150,100000000,100000200,2781882,252575119,255389692,1407286.500,1390941.000,2.525746139,253982405.500,2.539818975,8514482209954152617,333334,333334,8514482209954152617
24,215,aho_corasick,all,1,1,2,333334,150,100000000,100000200,2514902,258879194,261446825,1283815.500,1257451.000,2.588786762,260163009.500,2.601624892,8514482209954152617,333334,333334,8514482209954152617
24,215,aho_corasick,all,2,1,2,333334,150,100000000,100000200,2356577,258457451,260849915,1196232.000,1178288.500,2.584569341,259653683.000,2.596531637,8514482209954152617,333334,333334,8514482209954152617
24,215,aho_corasick,all,3,1,2,333334,150,100000000,100000200,2525392,262654625,265212508,1278941.500,1262696.000,2.626540997,263933566.500,2.639330386,8514482209954152617,333334,333334,8514482209954152617
24,215,aho_corasick,all,4,1,2,333334,150,100000000,100000200,3077531,263539404,266650488,1555542.000,1538765.500,2.635388769,265094946.000,2.650944158,8514482209954152617,333334,333334,8514482209954152617
24,235,hash,all,0,1,2,333334,150,100000000,100000200,38372,240877049,240918747,20849.000,19186.000,2.408765672,240897898.000,2.408974162,858833369714453253,333334,333334,858833369714453253
24,235,hash,all,1,1,2,333334,150,100000000,100000200,62987,255063476,255129819,33171.500,31493.500,2.550629659,255096647.500,2.550961373,858833369714453253,333334,333334,858833369714453253
24,235,hash,all,2,1,2,333334,150,100000000,100000200,13585,264702429,264719610,8590.500,6792.500,2.647018996,264711019.500,2.647104901,858833369714453253,333334,333334,858833369714453253
24,235,hash,all,3,1,2,333334,150,100000000,100000200,15770,259318233,259336939,9353.000,7885.000,2.593177144,259327586.000,2.593270673,858833369714453253,333334,333334,858833369714453253
24,235,hash,all,4,1,2,333334,150,100000000,100000200,13324,278586647,278603939,8646.000,6662.000,2.785860898,278595293.000,2.785947358,858833369714453253,333334,333334,858833369714453253
24,235,aho_corasick,all,0,1,2,333334,150,100000000,100000200,2849115,270983477,273869630,1443076.500,1424557.500,2.709829350,272426553.500,2.724260086,858833369714453253,333334,333334,858833369714453253
24,235,aho_corasick,all,1,1,2,333334,150,100000000,100000200,2842092,264361685,267244282,1441298.500,1421046.000,2.643611563,265802983.500,2.658024519,858833369714453253,333334,333334,858833369714453253
24,235,aho_corasick,all,2,1,2,333334,150,100000000,100000200,2693885,262371458,265104346,1366444.000,1346942.500,2.623709333,263737902.000,2.637373745,858833369714453253,333334,333334,858833369714453253
24,235,aho_corasick,all,3,1,2,333334,150,100000000,100000200,2721157,271123219,273878299,1377540.000,1360578.500,2.711226768,272500759.000,2.725002140,858833369714453253,333334,333334,858833369714453253
24,235,aho_corasick,all,4,1,2,333334,150,100000000,100000200,2707982,264941054,267682899,1370922.500,1353991.000,2.649405241,266311976.500,2.663114439,858833369714453253,333334,333334,858833369714453253
24,91,hash,all,0,1,3,222224,150,100000000,100000800,14347,372375392,372392504,5704.000,4782.333,3.723724130,372381096.000,3.723781170,17030647116867964670,333336,333336,17030647116867964670
24,91,hash,all,1,1,3,222224,150,100000000,100000800,13095,376318744,376334414,5223.333,4365.000,3.763157335,376323967.333,3.763209568,17030647116867964670,333336,333336,17030647116867964670
24,91,hash,all,2,1,3,222224,150,100000000,100000800,8356,377793217,377804629,3804.000,2785.333,3.777901947,377797021.000,3.777939986,17030647116867964670,333336,333336,17030647116867964670
24,91,hash,all,3,1,3,222224,150,100000000,100000800,8787,372403091,372421305,6071.333,2929.000,3.724001118,372409162.333,3.724061831,17030647116867964670,333336,333336,17030647116867964670
24,91,hash,all,4,1,3,222224,150,100000000,100000800,8476,376160333,376171764,3810.333,2825.333,3.761573237,376164143.333,3.761611340,17030647116867964670,333336,333336,17030647116867964670
24,91,bndmq,all,0,1,3,222224,150,100000000,100000800,136224,1261610683,1261786502,58606.333,45408.000,12.616005902,1261669289.333,12.616591961,17030647116867964670,333336,333336,17030647116867964670
24,91,bndmq,all,1,1,3,222224,150,100000000,100000800,152474,1254536099,1254723398,62433.000,50824.667,12.545260628,1254598532.000,12.545884953,17030647116867964670,333336,333336,17030647116867964670
24,91,bndmq,all,2,1,3,222224,150,100000000,100000800,109054,1280949657,1281091011,47118.000,36351.333,12.809394095,1280996775.000,12.809865271,17030647116867964670,333336,333336,17030647116867964670
24,91,bndmq,all,3,1,3,222224,150,100000000,100000800,111508,1254198069,1254349020,50317.000,37169.333,12.541880355,1254248386.000,12.542383521,17030647116867964670,333336,333336,17030647116867964670
24,91,bndmq,all,4,1,3,222224,150,100000000,100000800,108653,1294520655,1294659474,46273.000,36217.667,12.945102989,1294566928.000,12.945565715,17030647116867964670,333336,333336,17030647116867964670
24,91,aho_corasick,all,0,1,3,222224,150,100000000,100000800,1514395,221536036,223085667,516543.667,504798.333,2.215342637,222052579.667,2.220508033,17030647116867964670,333336,333336,17030647116867964670
24,91,aho_corasick,all,1,1,3,222224,150,100000000,100000800,1469862,226007318,227503429,498703.667,489954.000,2.260055100,226506021.667,2.265042096,17030647116867964670,333336,333336,17030647116867964670
24,91,aho_corasick,all,2,1,3,222224,150,100000000,100000800,1576672,224010366,225620110,536581.333,525557.333,2.240085739,224546947.333,2.245451510,17030647116867964670,333336,333336,17030647116867964670
24,91,aho_corasick,all,3,1,3,222224,150,100000000,100000800,1493586,230499899,232025805,508635.333,497862.000,2.304980550,231008534.333,2.310066863,17030647116867964670,333336,333336,17030647116867964670
24,91,aho_corasick,all,4,1,3,222224,150,100000000,100000800,1588173,228442882,230068033,541717.000,529391.000,2.284410545,228984599.000,2.289827671,17030647116867964670,333336,333336,17030647116867964670
27,128,aho_corasick,all,0,1,2,333334,150,100000000,100000200,2080542,230316231,232434823,1059296.000,1040271.000,2.303157704,231375527.000,2.313750642,2222460034664610703,333334,333334,2222460034664610703
27,128,aho_corasick,all,1,1,2,333334,150,100000000,100000200,2322904,241137485,243494432,1178473.500,1161452.000,2.411370027,242315958.500,2.423154739,2222460034664610703,333334,333334,2222460034664610703
27,128,aho_corasick,all,2,1,2,333334,150,100000000,100000200,1569538,233446617,235049287,801335.000,784769.000,2.334461501,234247952.000,2.342474835,2222460034664610703,333334,333334,2222460034664610703
27,128,aho_corasick,all,3,1,2,333334,150,100000000,100000200,1574627,226788355,228395132,803388.500,787313.500,2.267879014,227591743.500,2.275912883,2222460034664610703,333334,333334,2222460034664610703
27,128,aho_corasick,all,4,1,2,333334,150,100000000,100000200,1541376,234161084,235735231,787073.500,770688.000,2.341606157,234948157.500,2.349476876,2222460034664610703,333334,333334,2222460034664610703
27,128,hash,all,0,1,2,333334,150,100000000,100000200,13846,235688477,235704928,8225.500,6923.000,2.356880056,235696702.500,2.356962311,2222460034664610703,333334,333334,2222460034664610703
27,128,hash,all,1,1,2,333334,150,100000000,100000200,15349,241440181,241457644,8731.500,7674.500,2.414396981,241448912.500,2.414484296,2222460034664610703,333334,333334,2222460034664610703
27,128,hash,all,2,1,2,333334,150,100000000,100000200,9157,238888207,238899608,5700.500,4578.500,2.388877292,238893907.500,2.388934297,2222460034664610703,333334,333334,2222460034664610703
27,128,hash,all,3,1,2,333334,150,100000000,100000200,9237,237466210,237478733,6261.500,4618.500,2.374657351,237472471.500,2.374719966,2222460034664610703,333334,333334,2222460034664610703
27,128,hash,all,4,1,2,333334,150,100000000,100000200,9828,244021135,244034139,6502.000,4914.000,2.440206470,244027637.000,2.440271489,2222460034664610703,333334,333334,2222460034664610703
27,128,bndmq,all,0,1,2,333334,150,100000000,100000200,128369,1710920181,1711083405,81612.000,64184.500,17.109167592,1711001793.000,17.109983710,2222460034664610703,333334,333334,2222460034664610703
27,128,bndmq,all,1,1,2,333334,150,100000000,100000200,335987,1730344726,1730708805,182039.500,167993.500,17.303412653,1730526765.500,17.305233045,2222460034664610703,333334,333334,2222460034664610703
27,128,bndmq,all,2,1,2,333334,150,100000000,100000200,105808,1698778717,1698916104,68693.500,52904.000,16.987753194,1698847410.500,16.988440128,2222460034664610703,333334,333334,2222460034664610703
27,128,bndmq,all,3,1,2,333334,150,100000000,100000200,113492,1727646021,1727787315,70647.000,56746.000,17.276425657,1727716668.000,17.277132126,2222460034664610703,333334,333334,2222460034664610703
27,128,bndmq,all,4,1,2,333334,150,100000000,100000200,95878,1704638920,1704766378,63729.000,47939.000,17.046355107,1704702649.000,17.046992396,2222460034664610703,333334,333334,2222460034664610703
27,16,bndmq,all,0,1,16,41668,150,100000000,100003200,129001,227427016,227584530,9844.625,8062.562,2.274197386,227436860.625,2.274295829,15187139420829767087,333344,333344,15187139420829767087
27,16,bndmq,all,1,1,16,41668,150,100000000,100003200,99536,240844082,240972000,7994.875,6221.000,2.408363752,240852076.875,2.408443699,15187139420829767087,333344,333344,15187139420829767087
27,16,bndmq,all,2,1,16,41668,150,100000000,100003200,94847,233272474,233393630,7572.250,5927.938,2.332650095,233280046.250,2.332725815,15187139420829767087,333344,333344,15187139420829767087
27,16,bndmq,all,3,1,16,41668,150,100000000,100003200,87343,229355827,229470050,7138.938,5458.938,2.293484878,229362965.938,2.293556266,15187139420829767087,333344,333344,15187139420829767087
27,16,bndmq,all,4,1,16,41668,150,100000000,100003200,85249,227161511,227269993,6780.125,5328.062,2.271542421,227168291.125,2.271610220,15187139420829767087,333344,333344,15187139420829767087
27,16,hash,all,0,1,16,41668,150,100000000,100003200,20789,233296496,233322114,1601.125,1299.312,2.332890308,233298097.125,2.332906318,15187139420829767087,333344,333344,15187139420829767087
27,16,hash,all,1,1,16,41668,150,100000000,100003200,18955,241263032,241285173,1383.812,1184.688,2.412553118,241264415.812,2.412566956,15187139420829767087,333344,333344,15187139420829767087
27,16,hash,all,2,1,16,41668,150,100000000,100003200,12023,237370517,237386277,985.000,751.438,2.373629214,237371502.000,2.373639064,15187139420829767087,333344,333344,15187139420829767087
27,16,hash,all,3,1,16,41668,150,100000000,100003200,12944,235712627,235729107,1030.000,809.000,2.357050844,235713657.000,2.357061144,15187139420829767087,333344,333344,15187139420829767087
27,16,hash,all,4,1,16,41668,150,100000000,100003200,14086,235034170,235052604,1152.125,880.375,2.350266491,235035322.125,2.350278012,15187139420829767087,333344,333344,15187139420829767087
27,16,aho_corasick,all,0,1,16,41668,150,100000000,100003200,2221865,221857410,224092409,139687.438,138866.562,2.218503108,221997097.438,2.219899938,15187139420829767087,333344,333344,15187139420829767087
27,16,aho_corasick,all,1,1,16,41668,150,100000000,100003200,2192940,222463258,224676686,138339.250,137058.750,2.224561394,222601597.250,2.225944742,15187139420829767087,333344,333344,15187139420829767087
27,16,aho_corasick,all,2,1,16,41668,150,100000000,100003200,2172252,221219506,223428987,138092.562,135765.750,2.212124272,221357598.562,2.213505153,15187139420829767087,333344,333344,15187139420829767087
27,16,aho_corasick,all,3,1,16,41668,150,100000000,100003200,1628638,220741368,222388721,102959.562,101789.875,2.207343045,220844327.562,2.208372608,15187139420829767087,333344,333344,15187139420829767087
27,16,aho_corasick,all,4,1,16,41668,150,100000000,100003200,1825095,222165861,224005052,114949.438,114068.438,2.221587519,222280810.438,2.222736977,15187139420829767087,333344,333344,15187139420829767087
29,16,hash,all,0,1,16,41668,150,100000000,100003200,43471,234699140,234747069,2995.562,2716.938,2.346916299,234702135.562,2.346946253,14428833582868254624,333344,333344,14428833582868254624
29,16,hash,all,1,1,16,41668,150,100000000,100003200,19807,242458876,242483502,1539.125,1237.938,2.424511176,242460415.125,2.424526566,14428833582868254624,333344,333344,14428833582868254624
29,16,hash,all,2,1,16,41668,150,100000000,100003200,13525,248583161,248602257,1193.500,845.312,2.485752066,248584354.500,2.485764001,14428833582868254624,333344,333344,14428833582868254624
29,16,hash,all,3,1,16,41668,150,100000000,100003200,19236,240989296,241012379,1442.688,1202.250,2.409815846,240990738.688,2.409830272,14428833582868254624,333344,333344,14428833582868254624
29,16,hash,all,4,1,16,41668,150,100000000,100003200,12904,242184783,242202045,1078.875,806.500,2.421770333,242185861.875,2.421781122,14428833582868254624,333344,333344,14428833582868254624
29,16,bndmq,all,0,1,16,41668,150,100000000,100003200,215432,228222185,228462013,14989.250,13464.500,2.282148821,228237174.250,2.282298709,14428833582868254624,333344,333344,14428833582868254624
29,16,bndmq,all,1,1,16,41668,150,100000000,100003200,98985,223086848,223209366,7657.375,6186.562,2.230797094,223094505.375,2.230873666,14428833582868254624,333344,333344,14428833582868254624
29,16,bndmq,all,2,1,16,41668,150,100000000,100003200,82584,227930332,228053031,7668.688,5161.500,2.279230385,227938000.688,2.279307069,14428833582868254624,333344,333344,14428833582868254624
29,16,bndmq,all,3,1,16,41668,150,100000000,100003200,90369,233315176,233429019,7115.188,5648.062,2.333077102,233322291.188,2.333148251,14428833582868254624,333344,333344,14428833582868254624
29,16,bndmq,all,4,1,16,41668,150,100000000,100003200,83987,232339277,232450024,6921.688,5249.188,2.323318424,232346198.688,2.323387638,14428833582868254624,333344,333344,14428833582868254624
29,16,aho_corasick,all,0,1,16,41668,150,100000000,100003200,2170689,219972935,222171306,137398.188,135668.062,2.199658961,220110333.188,2.201032899,14428833582868254624,333344,333344,14428833582868254624
29,16,aho_corasick,all,1,1,16,41668,150,100000000,100003200,1918890,220710895,222652367,121342.000,119930.625,2.207038325,220832237.000,2.208251706,14428833582868254624,333344,333344,14428833582868254624
29,16,aho_corasick,all,2,1,16,41668,150,100000000,100003200,1775412,212325659,214116038,111898.688,110963.250,2.123188648,212437557.688,2.124307599,14428833582868254624,333344,333344,14428833582868254624
29,16,aho_corasick,all,3,1,16,41668,150,100000000,100003200,1723856,211454848,213196097,108828.062,107741.000,2.114480817,211563676.062,2.115569062,14428833582868254624,333344,333344,14428833582868254624
29,16,aho_corasick,all,4,1,16,41668,150,100000000,100003200,2120576,212906583,215041525,133433.875,132536.000,2.128997702,213040016.875,2.130331998,14428833582868254624,333344,333344,14428833582868254624
30,16,bndmq,all,0,1,16,41668,150,100000000,100003200,228487,198089689,198344945,15953.500,14280.438,1.980833503,198105642.500,1.980993033,3355608129942535110,333344,333344,3355608129942535110
30,16,bndmq,all,1,1,16,41668,150,100000000,100003200,142916,197634986,197802528,10471.375,8932.250,1.976286619,197645457.375,1.976391329,3355608129942535110,333344,333344,3355608129942535110
30,16,bndmq,all,2,1,16,41668,150,100000000,100003200,82815,203214197,203323682,6842.812,5175.938,2.032076944,203221039.812,2.032145369,3355608129942535110,333344,333344,3355608129942535110
30,16,bndmq,all,3,1,16,41668,150,100000000,100003200,92953,207825928,207945602,7479.625,5809.562,2.078192778,207833407.625,2.078267572,3355608129942535110,333344,333344,3355608129942535110
30,16,bndmq,all,4,1,16,41668,150,100000000,100003200,86231,206850598,206962407,6988.062,5389.438,2.068439790,206857586.062,2.068509668,3355608129942535110,333344,333344,3355608129942535110
30,16,hash,all,0,1,16,41668,150,100000000,100003200,19466,239449027,239473021,1499.625,1216.625,2.394413649,239450526.625,2.394428645,3355608129942535110,333344,333344,3355608129942535110
30,16,hash,all,1,1,16,41668,150,100000000,100003200,18995,234571039,234594863,1489.000,1187.188,2.345635330,234572528.000,2.345650219,3355608129942535110,333344,333344,3355608129942535110
30,16,hash,all,2,1,16,41668,150,100000000,100003200,14167,238694729,238713875,1196.625,885.438,2.386870910,238695925.625,2.386882876,3355608129942535110,333344,333344,3355608129942535110
30,16,hash,all,3,1,16,41668,150,100000000,100003200,17482,240800404,240822244,1365.000,1092.625,2.407926986,240801769.000,2.407940636,3355608129942535110,333344,333344,3355608129942535110
30,16,hash,all,4,1,16,41668,150,100000000,100003200,14127,237961231,237979485,1140.875,882.938,2.379536165,237962371.875,2.379547573,3355608129942535110,333344,333344,3355608129942535110
30,16,aho_corasick,all,0,1,16,41668,150,100000000,100003200,2001043,220863955,222893170,126825.938,125065.188,2.208568876,220990780.938,2.209837095,3355608129942535110,333344,333344,3355608129942535110
30,16,aho_corasick,all,1,1,16,41668,150,100000000,100003200,1983050,216325707,218326771,125066.500,123940.625,2.163187848,216450773.500,2.164438473,3355608129942535110,333344,333344,3355608129942535110
30,16,aho_corasick,all,2,1,16,41668,150,100000000,100003200,1982188,216721704,218738025,126020.062,123886.750,2.167147691,216847724.062,2.168407852,3355608129942535110,333344,333344,3355608129942535110
30,16,aho_corasick,all,3,1,16,41668,150,100000000,100003200,1888002,213121782,215037956,119760.875,118000.125,2.131149623,213241542.875,2.132347194,3355608129942535110,333344,333344,3355608129942535110
30,16,aho_corasick,all,4,1,16,41668,150,100000000,100003200,1887891,208857604,210763308,119106.500,117993.188,2.088509208,208976710.500,2.089700235,3355608129942535110,333344,333344,3355608129942535110
31,17,bndmq,all,0,1,16,41668,150,100000000,100003200,124112,210245847,210394384,9283.562,7757.000,2.102391193,210255130.562,2.102484026,17546395505026109562,333344,333344,17546395505026109562
31,17,bndmq,all,1,1,16,41668,150,100000000,100003200,102922,213946326,214078793,8279.188,6432.625,2.139394799,213954605.188,2.139477589,17546395505026109562,333344,333344,17546395505026109562
31,17,bndmq,all,2,1,16,41668,150,100000000,100003200,102702,222051908,222180839,8058.188,6418.875,2.220448026,222059966.188,2.220528605,17546395505026109562,333344,333344,17546395505026109562
31,17,bndmq,all,3,1,16,41668,150,100000000,100003200,87994,221091062,221207429,7272.938,5499.625,2.210839873,221098334.938,2.210912600,17546395505026109562,333344,333344,17546395505026109562
31,17,bndmq,all,4,1,16,41668,150,100000000,100003200,100518,220816022,220943019,7937.312,6282.375,2.208089561,220823959.312,2.208168932,17546395505026109562,333344,333344,17546395505026109562
31,17,hash,all,0,1,16,41668,150,100000000,100003200,39995,236791046,236835479,2777.062,2499.688,2.367834689,236793823.062,2.367862459,17546395505026109562,333344,333344,17546395505026109562
31,17,hash,all,1,1,16,41668,150,100000000,100003200,22441,244655162,244682523,1710.062,1402.562,2.446473333,244656872.062,2.446490433,17546395505026109562,333344,333344,17546395505026109562
31,17,hash,all,2,1,16,41668,150,100000000,100003200,22512,246791902,246818622,1670.000,1407.000,2.467840049,246793572.000,2.467856749,17546395505026109562,333344,333344,17546395505026109562
31,17,hash,all,3,1,16,41668,150,100000000,100003200,16160,247442931,247464491,1347.500,1010.000,2.474350131,247444278.500,2.474363605,17546395505026109562,333344,333344,17546395505026109562
31,17,hash,all,4,1,16,41668,150,100000000,100003200,20167,245943221,245967896,1542.188,1260.438,2.459353511,245944763.188,2.459368932,17546395505026109562,333344,333344,17546395505026109562
31,17,aho_corasick,all,0,1,16,41668,150,100000000,100003200,2156894,216865305,219049219,136494.625,134805.875,2.168583655,217001799.625,2.169948558,17546395505026109562,333344,333344,17546395505026109562
31,17,aho_corasick,all,1,1,16,41668,150,100000000,100003200,1917847,210415190,212350841,120978.188,119865.438,2.104084569,210536168.188,2.105294312,17546395505026109562,333344,333344,17546395505026109562
31,17,aho_corasick,all,2,1,16,41668,150,100000000,100003200,2196308,211844695,214056793,138256.125,137269.250,2.118379162,211982951.125,2.119761679,17546395505026109562,333344,333344,17546395505026109562
31,17,aho_corasick,all,3,1,16,41668,150,100000000,100003200,1939979,216387794,218362678,123430.250,121248.688,2.163808698,216511224.250,2.165042961,17546395505026109562,333344,333344,17546395505026109562
31,17,aho_corasick,all,4,1,16,41668,150,100000000,100003200,2565816,208764493,211347160,161416.688,160363.500,2.087578127,208925909.688,2.089192243,17546395505026109562,333344,333344,17546395505026109562
31,181,aho_corasick,all,0,1,2,333334,150,100000000,100000200,2722819,256678979,259452363,1386692.000,1361409.500,2.566784656,258065671.000,2.580651549,16747194899696552665,333334,333334,16747194899696552665
31,181,aho_corasick,all,1,1,2,333334,150,100000000,100000200,3138405,256885615,260074304,1594344.500,1569202.500,2.568851012,258479959.500,2.584794425,16747194899696552665,333334,333334,16747194899696552665
31,181,aho_corasick,all,2,1,2,333334,150,100000000,100000200,3535246,262559380,266148116,1794368.000,1767623.000,2.625588549,264353748.000,2.643532193,16747194899696552665,333334,333334,16747194899696552665
31,181,aho_corasick,all,3,1,2,333334,150,100000000,100000200,2576807,254050855,256675220,1312182.500,1288403.500,2.540503469,255363037.500,2.553625268,16747194899696552665,333334,333334,16747194899696552665
31,181,aho_corasick,all,4,1,2,333334,150,100000000,100000200,2570835,257461891,260089452,1313780.500,1285417.500,2.574613761,258775671.500,2.587751539,16747194899696552665,333334,333334,16747194899696552665
31,181,hash,all,0,1,2,333334,150,100000000,100000200,18003,417197902,417218441,10269.500,9001.500,4.171970676,417208171.500,4.172073371,16747194899696552665,333334,333334,16747194899696552665
31,181,hash,all,1,1,2,333334,150,100000000,100000200,16881,419184300,419203406,9553.000,8440.500,4.191834616,419193853.000,4.191930146,16747194899696552665,333334,333334,16747194899696552665
31,181,hash,all,2,1,2,333334,150,100000000,100000200,12443,415325040,415339588,7274.000,6221.500,4.153242094,415332314.000,4.153314833,16747194899696552665,333334,333334,16747194899696552665
31,181,hash,all,3,1,2,333334,150,100000000,100000200,12494,423541125,423555883,7379.000,6247.000,4.235402779,423548504.000,4.235476569,16747194899696552665,333334,333334,16747194899696552665
31,181,hash,all,4,1,2,333334,150,100000000,100000200,12463,413308699,413323276,7288.500,6231.500,4.133078724,413315987.500,4.133151609,16747194899696552665,333334,333334,16747194899696552665
31,19,aho_corasick,all,0,1,14,47620,150,100000000,100002000,2640907,212755621,215428298,190905.500,188636.214,2.127513660,212946526.500,2.129422677,1141955283974194314,333340,333340,1141955283974194314
31,19,aho_corasick,all,1,1,14,47620,150,100000000,100002000,1995282,213640202,215668335,144866.643,142520.143,2.136359293,213785068.643,2.137807930,1141955283974194314,333340,333340,1141955283974194314
31,19,aho_corasick,all,2,1,14,47620,150,100000000,100002000,2615600,217212276,219859705,189102.071,186828.571,2.172079318,217401378.071,2.173970301,1141955283974194314,333340,333340,1141955283974194314
31,19,aho_corasick,all,3,1,14,47620,150,100000000,100002000,1915714,217325588,219257012,137958.857,136836.714,2.173212416,217463546.857,2.174591977,1141955283974194314,333340,333340,1141955283974194314
31,19,aho_corasick,all,4,1,14,47620,150,100000000,100002000,1878766,213104082,214999930,135417.714,134197.571,2.130998200,213239499.714,2.132352350,1141955283974194314,333340,333340,1141955283974194314
31,19,bndmq,all,0,1,14,47620,150,100000000,100002000,277598,236462672,236757903,21087.929,19828.429,2.364579428,236483759.929,2.364790303,1141955283974194314,333340,333340,1141955283974194314
31,19,bndmq,all,1,1,14,47620,150,100000000,100002000,141925,264231330,264398593,11947.357,10137.500,2.642260455,264243277.357,2.642379926,1141955283974194314,333340,333340,1141955283974194314
31,19,bndmq,all,2,1,14,47620,150,100000000,100002000,87523,245343934,245457876,8138.714,6251.643,2.453390272,245352072.714,2.453471658,1141955283974194314,333340,333340,1141955283974194314
31,19,bndmq,all,3,1,14,47620,150,100000000,100002000,83195,246058290,246166742,7746.571,5942.500,2.460533689,246066036.571,2.460611153,1141955283974194314,333340,333340,1141955283974194314
31,19,bndmq,all,4,1,14,47620,150,100000000,100002000,88205,244302160,244414560,8028.571,6300.357,2.442972741,244310188.571,2.443053025,1141955283974194314,333340,333340,1141955283974194314
31,19,hash,all,0,1,14,47620,150,100000000,100002000,20879,253021537,253046653,1794.000,1491.357,2.530164767,253023331.000,2.530182706,1141955283974194314,333340,333340,1141955283974194314
31,19,hash,all,1,1,14,47620,150,100000000,100002000,20408,254701323,254725688,1740.357,1457.714,2.546962291,254703063.357,2.546979694,1141955283974194314,333340,333340,1141955283974194314
31,19,hash,all,2,1,14,47620,150,100000000,100002000,14077,253900934,253918567,1259.500,1005.500,2.538958561,253902193.500,2.538971156,1141955283974194314,333340,333340,1141955283974194314
31,19,hash,all,3,1,14,47620,150,100000000,100002000,22061,259080949,259107018,1862.071,1575.786,2.590757675,259082811.071,2.590776295,1141955283974194314,333340,333340,1141955283974194314
31,19,hash,all,4,1,14,47620,150,100000000,100002000,14528,255440141,255457874,1266.643,1037.714,2.554350323,255441407.643,2.554362989,1141955283974194314,333340,333340,1141955283974194314
31,215,hash,all,0,1,2,333334,150,100000000,100000200,20789,665249279,665272382,11551.500,10394.500,6.652479485,665260830.500,6.652595000,2194866020954197662,333334,333334,2194866020954197662
31,215,hash,all,1,1,2,333334,150,100000000,100000200,18244,688802142,688823141,10499.500,9122.000,6.888007644,688812641.500,6.888112639,2194866020954197662,333334,333334,2194866020954197662
31,215,hash,all,2,1,2,333334,150,100000000,100000200,14747,659636049,659653331,8641.000,7373.500,6.596347297,659644690.000,6.596433707,2194866020954197662,333334,333334,2194866020954197662
31,215,hash,all,3,1,2,333334,150,100000000,100000200,15319,663181496,663198828,8666.000,7659.500,6.631801696,663190162.000,6.631888356,2194866020954197662,333334,333334,2194866020954197662
31,215,hash,all,4,1,2,333334,150,100000000,100000200,15599,664789335,664807609,9137.000,7799.500,6.647880054,664798472.000,6.647971424,2194866020954197662,333334,333334,2194866020954197662
31,215,aho_corasick,all,0,1,2,333334,150,100000000,100000200,3612119,283659198,287308216,1824509.000,1806059.500,2.836586307,285483707.000,2.854831360,2194866020954197662,333334,333334,2194866020954197662
31,215,aho_corasick,all,1,1,2,333334,150,100000000,100000200,3737513,277845799,281632584,1893392.500,1868756.500,2.778452433,279739191.500,2.797386320,2194866020954197662,333334,333334,2194866020954197662
31,215,aho_corasick,all,2,1,2,333334,150,100000000,100000200,3023170,282105372,285169859,1532243.500,1511585.000,2.821048078,283637615.500,2.836370482,2194866020954197662,333334,333334,2194866020954197662
31,215,aho_corasick,all,3,1,2,333334,150,100000000,100000200,3048668,288868018,291954877,1543429.500,1524334.000,2.888674403,290411447.500,2.904108667,2194866020954197662,333334,333334,2194866020954197662
31,215,aho_corasick,all,4,1,2,333334,150,100000000,100000200,3129057,276204768,279366796,1581014.000,1564528.500,2.762042156,277785782.000,2.777852264,2194866020954197662,333334,333334,2194866020954197662
31,23,hash,all,0,1,12,55556,150,100000000,100000800,19676,280444497,280468071,1964.500,1639.667,2.804422535,280446461.500,2.804442179,4053404369192834940,333336,333336,4053404369192834940
31,23,hash,all,1,1,12,55556,150,100000000,100000800,20769,284765739,284789934,2016.250,1730.750,2.847634609,284767755.250,2.847654771,4053404369192834940,333336,333336,4053404369192834940
31,23,hash,all,2,1,12,55556,150,100000000,100000800,14457,288848186,288866070,1490.333,1204.750,2.888458752,288849676.333,2.888473656,4053404369192834940,333336,333336,4053404369192834940
31,23,hash,all,3,1,12,55556,150,100000000,100000800,14427,283275262,283294107,1570.417,1202.250,2.832729958,283276832.417,2.832745662,4053404369192834940,333336,333336,4053404369192834940
31,23,hash,all,4,1,12,55556,150,100000000,100000800,16932,280120342,280140941,1716.583,1411.000,2.801181011,280122058.583,2.801198176,4053404369192834940,333336,333336,4053404369192834940
31,23,aho_corasick,all,0,1,12,55556,150,100000000,100000800,2519140,225891887,228442786,212574.917,209928.333,2.258900799,226104461.917,2.261026531,4053404369192834940,333336,333336,4053404369192834940
31,23,aho_corasick,all,1,1,12,55556,150,100000000,100000800,2658670,229149640,231843075,224452.917,221555.833,2.291478068,229374092.917,2.293722579,4053404369192834940,333336,333336,4053404369192834940
31,23,aho_corasick,all,2,1,12,55556,150,100000000,100000800,1983851,218742969,220767816,168737.250,165320.917,2.187412191,218911706.250,2.189099550,4053404369192834940,333336,333336,4053404369192834940
31,23,aho_corasick,all,3,1,12,55556,150,100000000,100000800,2023305,233037959,235100817,171904.833,168608.750,2.330360947,233209863.833,2.332079982,4053404369192834940,333336,333336,4053404369192834940
31,23,aho_corasick,all,4,1,12,55556,150,100000000,100000800,2038784,215985884,218064212,173194.000,169898.667,2.159841561,216159078.000,2.161573487,4053404369192834940,333336,333336,4053404369192834940
31,23,bndmq,all,0,1,12,55556,150,100000000,100000800,140633,286646117,286809081,13580.333,11719.417,2.866438238,286659697.333,2.866574041,4053404369192834940,333336,333336,4053404369192834940
31,23,bndmq,all,1,1,12,55556,150,100000000,100000800,97392,285095114,285219396,10356.833,8116.000,2.850928333,285105470.833,2.851031900,4053404369192834940,333336,333336,4053404369192834940
31,23,bndmq,all,2,1,12,55556,150,100000000,100000800,87293,290700997,290816512,9626.250,7274.417,2.906986714,290710623.250,2.907082976,4053404369192834940,333336,333336,4053404369192834940
31,23,bndmq,all,3,1,12,55556,150,100000000,100000800,87723,282939623,283050759,9261.333,7310.250,2.829373595,282948884.333,2.829466208,4053404369192834940,333336,333336,4053404369192834940
31,23,bndmq,all,4,1,12,55556,150,100000000,100000800,105126,291158656,291302514,11988.167,8760.500,2.911563267,291170644.167,2.911683148,4053404369192834940,333336,333336,4053404369192834940
31,235,hash,all,0,1,2,333334,150,100000000,100000200,24706,237898814,237926796,13991.000,12353.000,2.378983382,237912805.000,2.379123292,8371951724826515856,333334,333334,8371951724826515856
31,235,hash,all,1,1,2,333334,150,100000000,100000200,20157,232631877,232655791,11957.000,10078.500,2.326314117,232643834.000,2.326433687,8371951724826515856,333334,333334,8371951724826515856
31,235,hash,all,2,1,2,333334,150,100000000,100000200,16451,235747940,235767466,9763.000,8225.500,2.357474685,235757703.000,2.357572315,8371951724826515856,333334,333334,8371951724826515856
31,235,hash,all,3,1,2,333334,150,100000000,100000200,15589,254430372,254449749,9688.500,7794.500,2.544298631,254440060.500,2.544395516,8371951724826515856,333334,333334,8371951724826515856
31,235,hash,all,4,1,2,333334,150,100000000,100000200,16251,275622621,275642609,9994.000,8125.500,2.756220698,275632615.000,2.756320637,8371951724826515856,333334,333334,8371951724826515856
31,235,aho_corasick,all,0,1,2,333334,150,100000000,100000200,5372924,297915539,303332536,2708498.500,2686462.000,2.979149432,300624037.500,3.006234363,8371951724826515856,333334,333334,8371951724826515856
31,235,aho_corasick,all,1,1,2,333334,150,100000000,100000200,3437984,267625050,271102788,1738869.000,1718992.000,2.676245148,269363919.000,2.693633803,8371951724826515856,333334,333334,8371951724826515856
31,235,aho_corasick,all,2,1,2,333334,150,100000000,100000200,3298865,278842909,282182210,1669650.500,1649432.500,2.788423513,280512559.500,2.805119985,8371951724826515856,333334,333334,8371951724826515856
31,235,aho_corasick,all,3,1,2,333334,150,100000000,100000200,3229545,272795297,276056781,1630742.000,1614772.500,2.727947514,274426039.000,2.744254901,8371951724826515856,333334,333334,8371951724826515856
31,235,aho_corasick,all,4,1,2,333334,150,100000000,100000200,3481515,275711132,279231249,1760058.500,1740757.500,2.757105806,277471190.500,2.774706356,8371951724826515856,333334,333334,8371951724826515856
35,128,aho_corasick,all,0,1,2,333334,150,100000000,100000200,2231233,227135931,229398843,1131456.000,1115616.500,2.271354767,228267387.000,2.282669305,3578563272479294554,333334,333334,3578563272479294554
35,128,aho_corasick,all,1,1,2,333334,150,100000000,100000200,3147312,239894668,243077065,1591198.500,1573656.000,2.398941882,241485866.500,2.414853835,3578563272479294554,333334,333334,3578563272479294554
35,128,aho_corasick,all,2,1,2,333334,150,100000000,100000200,2294401,235356528,237698417,1170944.500,1147200.500,2.353560573,236527472.500,2.365269994,3578563272479294554,333334,333334,3578563272479294554
35,128,aho_corasick,all,3,1,2,333334,150,100000000,100000200,2256289,240851247,243174100,1161426.500,1128144.500,2.408507653,242012673.500,2.420121895,3578563272479294554,333334,333334,3578563272479294554
35,128,aho_corasick,all,4,1,2,333334,150,100000000,100000200,2528657,240015762,242580427,1282332.500,1264328.500,2.400152820,241298094.500,2.412976119,3578563272479294554,333334,333334,3578563272479294554
35,128,bndmq,all,0,1,2,333334,150,100000000,100000200,112220,1187267064,1187413287,73111.500,56110.000,11.872646895,1187340175.500,11.873378008,3578563272479294554,333334,333334,3578563272479294554
35,128,bndmq,all,1,1,2,333334,150,100000000,100000200,133269,1184755805,1184911886,78040.500,66634.500,11.847534355,1184833845.500,11.848314758,3578563272479294554,333334,333334,3578563272479294554
35,128,bndmq,all,2,1,2,333334,150,100000000,100000200,89807,1203425410,1203543109,58849.500,44903.500,12.034230032,1203484259.500,12.034818525,3578563272479294554,333334,333334,3578563272479294554
35,128,bndmq,all,3,1,2,333334,150,100000000,100000200,93284,1160167196,1160285186,58995.000,46642.000,11.601648757,1160226191.000,11.602238706,3578563272479294554,333334,333334,3578563272479294554
35,128,bndmq,all,4,1,2,333334,150,100000000,100000200,90890,1175873858,1175990326,58234.000,45445.000,11.758715063,1175932092.000,11.759297401,3578563272479294554,333334,333334,3578563272479294554
35,128,hash,all,0,1,2,333334,150,100000000,100000200,32490,244699787,244734941,17577.000,16245.000,2.446992976,244717364.000,2.447168746,3578563272479294554,333334,333334,3578563272479294554
35,128,hash,all,1,1,2,333334,150,100000000,100000200,24215,245895293,245922313,13510.000,12107.500,2.458948012,245908803.000,2.459083112,3578563272479294554,333334,333334,3578563272479294554
35,128,hash,all,2,1,2,333334,150,100000000,100000200,9678,240803177,240815470,6146.500,4839.000,2.408026954,240809323.500,2.408088419,3578563272479294554,333334,333334,3578563272479294554
35,128,hash,all,3,1,2,333334,150,100000000,100000200,11762,245697468,245711975,7253.500,5881.000,2.456969766,245704721.500,2.457042301,3578563272479294554,333334,333334,3578563272479294554
35,128,hash,all,4,1,2,333334,150,100000000,100000200,10039,228318054,228330657,6301.500,5019.500,2.283175974,228324355.500,2.283238989,3578563272479294554,333334,333334,3578563272479294554
36,128,hash,all,0,1,2,333334,150,100000000,100000200,16210,238473866,238492541,9337.500,8105.000,2.384733891,238483203.500,2.384827265,11956698918350671829,333334,333334,11956698918350671829
36,128,hash,all,1,1,2,333334,150,100000000,100000200,17713,235192571,235213209,10319.000,8856.500,2.351921006,235202890.000,2.352024196,11956698918350671829,333334,333334,11956698918350671829
36,128,hash,all,2,1,2,333334,150,100000000,100000200,10670,238543915,238556699,6392.000,5335.000,2.385434379,238550307.000,2.385498299,11956698918350671829,333334,333334,11956698918350671829
36,128,hash,all,3,1,2,333334,150,100000000,100000200,12643,241607876,241623544,7834.000,6321.500,2.416073928,241615710.000,2.416152268,11956698918350671829,333334,333334,11956698918350671829
36,128,hash,all,4,1,2,333334,150,100000000,100000200,11772,240828920,240842986,7033.000,5886.000,2.408284383,240835953.000,2.408354713,11956698918350671829,333334,333334,11956698918350671829
36,128,bndmq,all,0,1,2,333334,150,100000000,100000200,227835,1178251762,1178506047,127142.500,113917.500,11.782494055,1178378904.500,11.783765477,11956698918350671829,333334,333334,11956698918350671829
36,128,bndmq,all,1,1,2,333334,150,100000000,100000200,109024,1192522410,1192654286,65938.000,54512.000,11.925200250,1192588348.000,11.925859628,11956698918350671829,333334,333334,11956698918350671829
36,128,bndmq,all,2,1,2,333334,150,100000000,100000200,122408,1155008789,1155155573,73392.000,61204.000,11.550064790,1155082181.000,11.550798708,11956698918350671829,333334,333334,11956698918350671829
36,128,bndmq,all,3,1,2,333334,150,100000000,100000200,92282,1152296398,1152413778,58690.000,46141.000,11.522940934,1152355088.000,11.523527833,11956698918350671829,333334,333334,11956698918350671829
36,128,bndmq,all,4,1,2,333334,150,100000000,100000200,91350,1170878226,1170995425,58599.500,45675.000,11.708758842,1170936825.500,11.709344836,11956698918350671829,333334,333334,11956698918350671829
36,128,aho_corasick,all,0,1,2,333334,150,100000000,100000200,3134878,235672369,238836702,1582166.500,1567439.000,2.356718977,237254535.500,2.372540610,11956698918350671829,333334,333334,11956698918350671829
36,128,aho_corasick,all,1,1,2,333334,150,100000000,100000200,2219080,243470645,245761850,1145602.500,1109540.000,2.434701581,244616247.500,2.446157583,11956698918350671829,333334,333334,11956698918350671829
36,128,aho_corasick,all,2,1,2,333334,150,100000000,100000200,3439436,239359317,242835232,1737957.500,1719718.000,2.393588383,241097274.500,2.410967923,11956698918350671829,333334,333334,11956698918350671829
36,128,aho_corasick,all,3,1,2,333334,150,100000000,100000200,2219340,232063320,234319369,1128024.500,1109670.000,2.320628559,233191344.500,2.331908781,11956698918350671829,333334,333334,11956698918350671829
36,128,aho_corasick,all,4,1,2,333334,150,100000000,100000200,2244156,238974420,241252790,1139185.000,1122078.000,2.389739421,240113605.000,2.401131248,11956698918350671829,333334,333334,11956698918350671829
37,128,aho_corasick,all,0,1,2,333334,150,100000000,100000200,2464929,233470148,235968920,1249386.000,1232464.500,2.334696811,234719534.000,2.347190646,14814554440598262403,333334,333334,14814554440598262403
37,128,aho_corasick,all,1,1,2,333334,150,100000000,100000200,2464628,242263557,244760736,1248589.500,1232314.000,2.422630725,243512146.500,2.435116595,14814554440598262403,333334,333334,14814554440598262403
37,128,aho_corasick,all,2,1,2,333334,150,100000000,100000200,2250448,239282443,241565273,1141415.000,1125224.000,2.392819644,240423858.000,2.404233772,14814554440598262403,333334,333334,14814554440598262403
37,128,aho_corasick,all,3,1,2,333334,150,100000000,100000200,2498942,239371238,241919452,1274107.000,1249471.000,2.393707593,240645345.000,2.406448637,14814554440598262403,333334,333334,14814554440598262403
37,128,aho_corasick,all,4,1,2,333334,150,100000000,100000200,2169347,242952448,245166098,1106825.000,1084673.500,2.429519621,244059273.000,2.440587849,14814554440598262403,333334,333334,14814554440598262403
37,128,hash,all,0,1,2,333334,150,100000000,100000200,16891,232995054,233014390,9668.000,8445.500,2.329945880,233004722.000,2.330042560,14814554440598262403,333334,333334,14814554440598262403
37,128,hash,all,1,1,2,333334,150,100000000,100000200,15068,236046828,236064430,8801.000,7534.000,2.360463559,236055629.000,2.360551569,14814554440598262403,333334,333334,14814554440598262403
37,128,hash,all,2,1,2,333334,150,100000000,100000200,10780,232046253,232059339,6543.000,5390.000,2.320457889,232052796.000,2.320523319,14814554440598262403,333334,333334,14814554440598262403
37,128,hash,all,3,1,2,333334,150,100000000,100000200,10840,237451076,237464270,6597.000,5420.000,2.374506011,237457673.000,2.374571981,14814554440598262403,333334,333334,14814554440598262403
37,128,hash,all,4,1,2,333334,150,100000000,100000200,12904,236136972,236152370,7699.000,6452.000,2.361364997,236144671.000,2.361441987,14814554440598262403,333334,333334,14814554440598262403
37,128,bndmq,all,0,1,2,333334,150,100000000,100000200,235990,1232450380,1232713931,131775.500,117995.000,12.324479151,1232582155.500,12.325796903,14814554440598262403,333334,333334,14814554440598262403
37,128,bndmq,all,1,1,2,333334,150,100000000,100000200,111478,1206995791,1207130342,67275.500,55739.000,12.069933770,1207063066.500,12.070606524,14814554440598262403,333334,333334,14814554440598262403
37,128,bndmq,all,2,1,2,333334,150,100000000,100000200,91521,1239244920,1239361197,58138.500,45760.500,12.392424415,1239303058.500,12.393005799,14814554440598262403,333334,333334,14814554440598262403
37,128,bndmq,all,3,1,2,333334,150,100000000,100000200,91050,1223950432,1224066038,57803.000,45525.000,12.239479841,1224008235.000,12.240057870,14814554440598262403,333334,333334,14814554440598262403
37,128,bndmq,all,4,1,2,333334,150,100000000,100000200,92512,1223236184,1223353672,58744.000,46256.000,12.232337375,1223294928.000,12.232924814,14814554440598262403,333334,333334,14814554440598262403
4,3,bndmq,all,0,1,64,10418,150,100000000,100012800,117519,348285170,348430853,2276.297,1836.234,3.482405952,348287446.297,3.482428712,16555577882958454112,607746,1479239,16555577882958454112
4,3,bndmq,all,1,1,64,10418,150,100000000,100012800,108442,346141550,346275248,2089.031,1694.406,3.460972496,346143639.031,3.460993383,16555577882958454112,607746,1479239,16555577882958454112
4,3,bndmq,all,2,1,64,10418,150,100000000,100012800,92412,348747012,348867386,1880.844,1443.938,3.487023781,348748892.844,3.487042587,16555577882958454112,607746,1479239,16555577882958454112
4,3,bndmq,all,3,1,64,10418,150,100000000,100012800,90940,349196270,349314160,1842.031,1420.938,3.491515786,349198112.031,3.491534204,16555577882958454112,607746,1479239,16555577882958454112
4,3,bndmq,all,4,1,64,10418,150,100000000,100012800,90890,348270614,348384146,1773.938,1420.156,3.482260411,348272387.938,3.482278148,16555577882958454112,607746,1479239,16555577882958454112
4,3,aho_corasick,all,0,1,64,10418,150,100000000,100012800,941496,419829362,420793690,15067.625,14710.875,4.197756307,419844429.625,4.197906964,16555577882958454112,607746,1479239,16555577882958454112
4,3,aho_corasick,all,1,1,64,10418,150,100000000,100012800,887124,421485012,422392874,14185.344,13861.312,4.214310688,421499197.344,4.214452524,16555577882958454112,607746,1479239,16555577882958454112
4,3,aho_corasick,all,2,1,64,10418,150,100000000,100012800,1172107,420957077,422149292,18628.359,18314.172,4.209032014,420975705.359,4.209218274,16555577882958454112,607746,1479239,16555577882958454112
4,3,aho_corasick,all,3,1,64,10418,150,100000000,100012800,755720,415882410,416662976,12196.344,11808.125,4.158291839,415894606.344,4.158413786,16555577882958454112,607746,1479239,16555577882958454112
4,3,aho_corasick,all,4,1,64,10418,150,100000000,100012800,753005,422747704,423526938,12175.531,11765.703,4.226935992,422759879.531,4.227057732,16555577882958454112,607746,1479239,16555577882958454112
4,3,hash,all,0,1,64,10418,150,100000000,100012800,23113,284788742,284814991,410.141,361.141,2.847522937,284789152.141,2.847527038,16555577882958454112,607746,1479239,16555577882958454112
4,3,hash,all,1,1,64,10418,150,100000000,100012800,22111,291010559,291036739,409.062,345.484,2.909733144,291010968.062,2.909737234,16555577882958454112,607746,1479239,16555577882958454112
4,3,hash,all,2,1,64,10418,150,100000000,100012800,15599,290214123,290234902,324.672,243.734,2.901769803,290214447.672,2.901773050,16555577882958454112,607746,1479239,16555577882958454112
4,3,hash,all,3,1,64,10418,150,100000000,100012800,17753,295411939,295433640,339.078,277.391,2.953741311,295412278.078,2.953744701,16555577882958454112,607746,1479239,16555577882958454112
4,3,hash,all,4,1,64,10418,150,100000000,100012800,15119,284166689,284185445,293.062,236.234,2.841303203,284166982.062,2.841306133,16555577882958454112,607746,1479239,16555577882958454112
40,108,hash,all,0,1,3,222224,150,100000000,100000800,21119,700923134,700946738,7868.000,7039.667,7.009175267,700931002.000,7.009253946,13045454330046514932,333336,333336,13045454330046514932
40,108,hash,all,1,1,3,222224,150,100000000,100000800,21180,708255890,708279625,7911.667,7060.000,7.082502240,708263801.667,7.082581356,13045454330046514932,333336,333336,13045454330046514932
40,108,hash,all,2,1,3,222224,150,100000000,100000800,15118,688265059,688282902,5947.667,5039.333,6.882595529,688271006.667,6.882655005,13045454330046514932,333336,333336,13045454330046514932
40,108,hash,all,3,1,3,222224,150,100000000,100000800,15899,691845569,691864524,6318.333,5299.667,6.918400343,691851887.333,6.918463526,13045454330046514932,333336,333336,13045454330046514932
40,108,hash,all,4,1,3,222224,150,100000000,100000800,14938,688121387,688139250,5954.333,4979.333,6.881158821,688127341.333,6.881218364,13045454330046514932,333336,333336,13045454330046514932
40,108,bndmq,all,0,1,3,222224,150,100000000,100000800,238264,1006988392,1007285576,99061.333,79421.333,10.069803362,1007087453.333,10.070793967,13045454330046514932,333336,333336,13045454330046514932
40,108,bndmq,all,1,1,3,222224,150,100000000,100000800,192109,1067592531,1067827951,78473.333,64036.333,10.675839903,1067671004.333,10.676624630,13045454330046514932,333336,333336,13045454330046514932
40,108,bndmq,all,2,1,3,222224,150,100000000,100000800,139721,1125863778,1126038484,58235.333,46573.667,11.258547712,1125922013.333,11.259130060,13045454330046514932,333336,333336,13045454330046514932
40,108,bndmq,all,3,1,3,222224,150,100000000,100000800,127067,974449094,974613401,54769.000,42355.667,9.744412985,974503863.000,9.744960670,13045454330046514932,333336,333336,13045454330046514932
40,108,bndmq,all,4,1,3,222224,150,100000000,100000800,157063,968097448,968289937,64163.000,52354.333,9.680897033,968161611.000,9.681538658,13045454330046514932,333336,333336,13045454330046514932
40,108,aho_corasick,all,0,1,3,222224,150,100000000,100000800,3589517,232413178,236041728,1209516.667,1196505.667,2.324113187,233622694.667,2.336208257,13045454330046514932,333336,333336,13045454330046514932
40,108,aho_corasick,all,1,1,3,222224,150,100000000,100000800,3189671,240339576,243562659,1074361.000,1063223.667,2.403376533,241413937.000,2.414120057,13045454330046514932,333336,333336,13045454330046514932
40,108,aho_corasick,all,2,1,3,222224,150,100000000,100000800,3098251,240794120,243941743,1049207.667,1032750.333,2.407921937,241843327.667,2.418413929,13045454330046514932,333336,333336,13045454330046514932
40,108,aho_corasick,all,3,1,3,222224,150,100000000,100000800,3229054,240346332,243623226,1092298.000,1076351.333,2.403444092,241438630.000,2.414366985,13045454330046514932,333336,333336,13045454330046514932
40,108,aho_corasick,all,4,1,3,222224,150,100000000,100000800,3625374,238938181,242606034,1222617.667,1208458.000,2.389362695,240160798.667,2.401588774,13045454330046514932,333336,333336,13045454330046514932
40,118,bndmq,all,0,1,3,222224,150,100000000,100000800,151273,1114509657,1114698380,62907.667,50424.333,11.145007410,1114572564.667,11.145636482,9846547562280019037,333336,333336,9846547562280019037
40,118,bndmq,all,1,1,3,222224,150,100000000,100000800,152454,1124076725,1124262090,61788.333,50818.000,11.240677325,1124138513.333,11.241295203,9846547562280019037,333336,333336,9846547562280019037
40,118,bndmq,all,2,1,3,222224,150,100000000,100000800,153987,1082348935,1082533098,61387.667,51329.000,10.823402763,1082410322.667,10.824016635,9846547562280019037,333336,333336,9846547562280019037
40,118,bndmq,all,3,1,3,222224,150,100000000,100000800,132037,1095582347,1095744991,54214.667,44012.333,10.955735824,1095636561.667,10.956277966,9846547562280019037,333336,333336,9846547562280019037
40,118,bndmq,all,4,1,3,222224,150,100000000,100000800,146674,1085625527,1085801105,58526.000,48891.333,10.856168421,1085684053.000,10.856753676,9846547562280019037,333336,333336,9846547562280019037
40,118,aho_corasick,all,0,1,3,222224,150,100000000,100000800,3771335,238921771,242727902,1268710.333,1257111.667,2.389198596,240190481.333,2.401885598,9846547562280019037,333336,333336,9846547562280019037
40,118,aho_corasick,all,1,1,3,222224,150,100000000,100000800,4374391,234235469,238651517,1472016.000,1458130.333,2.342335951,235707485.000,2.357055994,9846547562280019037,333336,333336,9846547562280019037
40,118,aho_corasick,all,2,1,3,222224,150,100000000,100000800,3221070,239173525,242497216,1107897.000,1073690.000,2.391716116,240281422.000,2.402794998,9846547562280019037,333336,333336,9846547562280019037
40,118,aho_corasick,all,3,1,3,222224,150,100000000,100000800,3909673,242879274,246836216,1318980.667,1303224.333,2.428773310,244198254.667,2.441963011,9846547562280019037,333336,333336,9846547562280019037
40,118,aho_corasick,all,4,1,3,222224,150,100000000,100000800,3900328,241946433,245888870,1314145.667,1300109.333,2.419444974,243260578.667,2.432586326,9846547562280019037,333336,333336,9846547562280019037
40,118,hash,all,0,1,3,222224,150,100000000,100000800,23915,230318520,230345491,8990.333,7971.667,2.303166775,230327510.333,2.303256677,9846547562280019037,333336,333336,9846547562280019037
40,118,hash,all,1,1,3,222224,150,100000000,100000800,24526,227245197,227273089,9297.333,8175.333,2.272433791,227254494.333,2.272526763,9846547562280019037,333336,333336,9846547562280019037
40,118,hash,all,2,1,3,222224,150,100000000,100000800,15999,223552860,223571545,6228.333,5333.000,2.235510716,223559088.333,2.235572999,9846547562280019037,333336,333336,9846547562280019037
40,118,hash,all,3,1,3,222224,150,100000000,100000800,16130,221352316,221371752,6478.667,5376.667,2.213505452,221358794.667,2.213570238,9846547562280019037,333336,333336,9846547562280019037
40,118,hash,all,4,1,3,222224,150,100000000,100000800,16441,220463274,220482781,6502.333,5480.333,2.204615103,220469776.333,2.204680126,9846547562280019037,333336,333336,9846547562280019037
40,139,aho_corasick,all,0,1,2,333334,150,100000000,100000200,2628544,233914850,236577177,1331163.500,1314272.000,2.339143822,235246013.500,2.352455430,17238543480776413422,333334,333334,17238543480776413422
40,139,aho_corasick,all,1,1,2,333334,150,100000000,100000200,2639073,251057983,253733153,1337585.000,1319536.500,2.510574809,252395568.000,2.523950632,17238543480776413422,333334,333334,17238543480776413422
40,139,aho_corasick,all,2,1,2,333334,150,100000000,100000200,3166388,236475758,239680106,1602174.000,1583194.000,2.364752850,238077932.000,2.380774558,17238543480776413422,333334,333334,17238543480776413422
40,139,aho_corasick,all,3,1,2,333334,150,100000000,100000200,2560136,247474427,250078645,1302109.000,1280068.000,2.474739321,248776536.000,2.487760384,17238543480776413422,333334,333334,17238543480776413422
40,139,aho_corasick,all,4,1,2,333334,150,100000000,100000200,3080317,245603889,248725484,1560797.500,1540158.500,2.456033978,247164686.500,2.471641922,17238543480776413422,333334,333334,17238543480776413422
40,139,hash,all,0,1,2,333334,150,100000000,100000200,30547,229898461,229931523,16531.000,15273.500,2.298980012,229914992.000,2.299145322,17238543480776413422,333334,333334,17238543480776413422
40,139,hash,all,1,1,2,333334,150,100000000,100000200,15899,230109459,230128043,9292.000,7949.500,2.301089988,230118751.000,2.301182908,17238543480776413422,333334,333334,17238543480776413422
40,139,hash,all,2,1,2,333334,150,100000000,100000200,12504,237388050,237403309,7629.500,6252.000,2.373875752,237395679.500,2.373952047,17238543480776413422,333334,333334,17238543480776413422
40,139,hash,all,3,1,2,333334,150,100000000,100000200,12463,236905319,236920567,7624.000,6231.500,2.369048452,236912943.000,2.369124692,17238543480776413422,333334,333334,17238543480776413422
40,139,hash,all,4,1,2,333334,150,100000000,100000200,12383,250924045,250939243,7599.000,6191.500,2.509235432,250931644.000,2.509311421,17238543480776413422,333334,333334,17238543480776413422
40,139,bndmq,all,0,1,2,333334,150,100000000,100000200,120746,1308087733,1308234618,73442.500,60373.000,13.080851168,1308161175.500,13.081585592,17238543480776413422,333334,333334,17238543480776413422
40,139,bndmq,all,1,1,2,333334,150,100000000,100000200,139069,1324019834,1324184250,82208.000,69534.500,13.240171860,1324102042.000,13.240993938,17238543480776413422,333334,333334,17238543480776413422
40,139,bndmq,all,2,1,2,333334,150,100000000,100000200,105316,1338640886,1338793310,76212.000,52658.000,13.386382087,1338717098.000,13.387144206,17238543480776413422,333334,333334,17238543480776413422
40,139,bndmq,all,3,1,2,333334,150,100000000,100000200,112070,1328237535,1328373409,67937.000,56035.000,13.282348785,1328305472.000,13.283028154,17238543480776413422,333334,333334,17238543480776413422
40,139,bndmq,all,4,1,2,333334,150,100000000,100000200,98975,1306632342,1306753909,60783.500,49487.500,13.066297287,1306693125.500,13.066905121,17238543480776413422,333334,333334,17238543480776413422
40,152,bndmq,all,0,1,2,333334,150,100000000,100000200,387723,1410319280,1410737550,209135.000,193861.500,14.103164594,1410528415.000,14.105255939,10240257339285526916,333334,333334,10240257339285526916
40,152,bndmq,all,1,1,2,333334,150,100000000,100000200,172352,1405216633,1405418410,100888.500,86176.000,14.052138226,1405317521.500,14.053147109,10240257339285526916,333334,333334,10240257339285526916
40,152,bndmq,all,2,1,2,333334,150,100000000,100000200,120044,1407957952,1408106429,74238.500,60022.000,14.079551361,1408032190.500,14.080293744,10240257339285526916,333334,333334,10240257339285526916
40,152,bndmq,all,3,1,2,333334,150,100000000,100000200,123050,1425535190,1425682465,73637.500,61525.000,14.255323389,1425608827.500,14.256059763,10240257339285526916,333334,333334,10240257339285526916
40,152,bndmq,all,4,1,2,333334,150,100000000,100000200,110346,1391440035,1391575017,67491.000,55173.000,13.914372521,1391507526.000,13.915047430,10240257339285526916,333334,333334,10240257339285526916
40,152,hash,all,0,1,2,333334,150,100000000,100000200,28864,271651172,271682851,15839.500,14432.000,2.716506287,271667011.500,2.716664682,10240257339285526916,333334,333334,10240257339285526916
40,152,hash,all,1,1,2,333334,150,100000000,100000200,22182,275975419,276000737,12659.000,11091.000,2.759748671,275988078.000,2.759875260,10240257339285526916,333334,333334,10240257339285526916
40,152,hash,all,2,1,2,333334,150,100000000,100000200,16981,273082363,273101808,9722.500,8490.500,2.730818168,273092085.500,2.730915393,10240257339285526916,333334,333334,10240257339285526916
40,152,hash,all,3,1,2,333334,150,100000000,100000200,14477,274863471,274881314,8921.500,7238.500,2.748629213,274872392.500,2.748718428,10240257339285526916,333334,333334,10240257339285526916
40,152,hash,all,4,1,2,333334,150,100000000,100000200,14056,268209912,268226763,8425.500,7028.000,2.682093756,268218337.500,2.682178011,10240257339285526916,333334,333334,10240257339285526916
40,152,aho_corasick,all,0,1,2,333334,150,100000000,100000200,2869723,259452795,262357474,1452339.500,1434861.500,2.594522761,260905134.500,2.609046127,10240257339285526916,333334,333334,10240257339285526916
40,152,aho_corasick,all,1,1,2,333334,150,100000000,100000200,3056212,261003067,264097380,1547156.500,1528106.000,2.610025450,262550223.500,2.625496984,10240257339285526916,333334,333334,10240257339285526916
40,152,aho_corasick,all,2,1,2,333334,150,100000000,100000200,2812727,254123119,256971182,1424031.500,1406363.500,2.541226108,255547150.500,2.555466394,10240257339285526916,333334,333334,10240257339285526916
40,152,aho_corasick,all,3,1,2,333334,150,100000000,100000200,2774485,250385788,253192934,1403573.000,1387242.500,2.503852872,251789361.000,2.517888574,10240257339285526916,333334,333334,10240257339285526916
40,152,aho_corasick,all,4,1,2,333334,150,100000000,100000200,2912543,249092687,252043792,1475552.500,1456271.500,2.490921888,250568239.500,2.505677384,10240257339285526916,333334,333334,10240257339285526916
40,17,bndmq,all,0,1,16,41668,150,100000000,100003200,259985,172827476,173154947,20466.938,16249.062,1.728219457,172847942.938,1.728424120,8297171974640894219,333344,333344,8297171974640894219
40,17,bndmq,all,1,1,16,41668,150,100000000,100003200,306732,172952830,173292613,21236.438,19170.750,1.729472957,172974066.438,1.729685314,8297171974640894219,333344,333344,8297171974640894219
40,17,bndmq,all,2,1,16,41668,150,100000000,100003200,98775,173365151,173498320,8323.062,6173.438,1.733596035,173373474.062,1.733679263,8297171974640894219,333344,333344,8297171974640894219
40,17,bndmq,all,3,1,16,41668,150,100000000,100003200,101389,181902619,182043011,8774.500,6336.812,1.818967983,181911393.500,1.819055725,8297171974640894219,333344,333344,8297171974640894219
40,17,bndmq,all,4,1,16,41668,150,100000000,100003200,117669,174534747,174684667,9370.000,7354.312,1.745291621,174544117.000,1.745385318,8297171974640894219,333344,333344,8297171974640894219
40,17,aho_corasick,all,0,1,16,41668,150,100000000,100003200,3598804,220153094,223779379,226642.812,224925.250,2.201460493,220379736.812,2.203726849,8297171974640894219,333344,333344,8297171974640894219
40,17,aho_corasick,all,1,1,16,41668,150,100000000,100003200,2841210,217942001,220798680,178542.438,177575.625,2.179350271,218120543.438,2.181135638,8297171974640894219,333344,333344,8297171974640894219
40,17,aho_corasick,all,2,1,16,41668,150,100000000,100003200,2499924,211295010,213811665,157290.938,156245.250,2.112882488,211452300.938,2.114455347,8297171974640894219,333344,333344,8297171974640894219
40,17,aho_corasick,all,3,1,16,41668,150,100000000,100003200,2478203,208564761,211061288,156032.938,154887.688,2.085580871,208720793.938,2.087141151,8297171974640894219,333344,333344,8297171974640894219
40,17,aho_corasick,all,4,1,16,41668,150,100000000,100003200,2446985,203790369,206255167,154049.875,152936.562,2.037838479,203944418.875,2.039378929,8297171974640894219,333344,333344,8297171974640894219
40,17,hash,all,0,1,16,41668,150,100000000,100003200,23865,226014694,226042656,1747.625,1491.562,2.260074618,226016441.625,2.260092093,8297171974640894219,333344,333344,8297171974640894219
40,17,hash,all,1,1,16,41668,150,100000000,100003200,24926,231964644,231993738,1818.375,1557.875,2.319572214,231966462.375,2.319590397,8297171974640894219,333344,333344,8297171974640894219
40,17,hash,all,2,1,16,41668,150,100000000,100003200,17032,242081696,242103166,1341.875,1064.500,2.420739496,242083037.875,2.420752915,8297171974640894219,333344,333344,8297171974640894219
40,17,hash,all,3,1,16,41668,150,100000000,100003200,16762,238298560,238319870,1331.875,1047.625,2.382909347,238299891.875,2.382922665,8297171974640894219,333344,333344,8297171974640894219
40,17,hash,all,4,1,16,41668,150,100000000,100003200,16821,234590619,234611377,1297.375,1051.312,2.345831123,234591916.375,2.345844097,8297171974640894219,333344,333344,8297171974640894219
40,181,bndmq,all,0,1,2,333334,150,100000000,100000200,190796,1707654764,1707888561,116898.500,95398.000,17.076513487,1707771662.500,17.077682470,18092595944520075355,333334,333334,18092595944520075355
40,181,bndmq,all,1,1,2,333334,150,100000000,100000200,173614,1709376444,1709585935,104745.500,86807.000,17.093730253,1709481189.500,17.094777705,18092595944520075355,333334,333334,18092595944520075355
40,181,bndmq,all,2,1,2,333334,150,100000000,100000200,147665,1694586180,1694776735,95277.500,73832.500,16.945827908,1694681457.500,16.946780681,18092595944520075355,333334,333334,18092595944520075355
40,181,bndmq,all,3,1,2,333334,150,100000000,100000200,153045,1667015475,1667208735,96630.000,76522.500,16.670121410,1667112105.000,16.671087708,18092595944520075355,333334,333334,18092595944520075355
40,181,bndmq,all,4,1,2,333334,150,100000000,100000200,153937,1696208001,1696403756,97877.500,76968.500,16.962046086,1696305878.500,16.963024859,18092595944520075355,333334,333334,18092595944520075355
40,181,aho_corasick,all,0,1,2,333334,150,100000000,100000200,3553209,268776825,272383353,1803264.000,1776604.500,2.687762874,270580089.000,2.705795478,18092595944520075355,333334,333334,18092595944520075355
40,181,aho_corasick,all,1,1,2,333334,150,100000000,100000200,3579508,273632599,277272409,1819905.000,1789754.000,2.736320517,275452504.000,2.754519531,18092595944520075355,333334,333334,18092595944520075355
40,181,aho_corasick,all,2,1,2,333334,150,100000000,100000200,3450687,274684912,278187586,1751337.000,1725343.500,2.746843626,276436249.000,2.764356961,18092595944520075355,333334,333334,18092595944520075355
40,181,aho_corasick,all,3,1,2,333334,150,100000000,100000200,4249979,273655152,277950356,2147602.000,2124989.500,2.736546047,275802754.000,2.758022024,18092595944520075355,333334,333334,18092595944520075355
40,181,aho_corasick,all,4,1,2,333334,150,100000000,100000200,3496793,274369968,277913448,1771740.000,1748396.500,2.743694193,276141708.000,2.761411557,18092595944520075355,333334,333334,18092595944520075355
40,181,hash,all,0,1,2,333334,150,100000000,100000200,150230,361077774,361230450,76338.000,75115.000,3.610770518,361154112.000,3.611533897,18092595944520075355,333334,333334,18092595944520075355
40,181,hash,all,1,1,2,333334,150,100000000,100000200,23864,352230910,352257188,13139.000,11932.000,3.522302055,352244049.000,3.522433445,18092595944520075355,333334,333334,18092595944520075355
40,181,hash,all,2,1,2,333334,150,100000000,100000200,15599,342492887,342511391,9252.000,7799.500,3.424922020,342502139.000,3.425014540,18092595944520075355,333334,333334,18092595944520075355
40,181,hash,all,3,1,2,333334,150,100000000,100000200,18395,346248949,346270069,10560.000,9197.500,3.462482565,346259509.000,3.462588165,18092595944520075355,333334,333334,18092595944520075355
40,181,hash,all,4,1,2,333334,150,100000000,100000200,15509,351090843,351108866,9011.500,7754.500,3.510901408,351099854.500,3.510991523,18092595944520075355,333334,333334,18092595944520075355
40,19,hash,all,0,1,14,47620,150,100000000,100002000,24726,230580409,230609423,2072.429,1766.143,2.305757975,230582481.429,2.305778699,9071848173530581323,333340,333340,9071848173530581323
40,19,hash,all,1,1,14,47620,150,100000000,100002000,22061,237759002,237784820,1844.143,1575.786,2.377542469,237760846.143,2.377560910,9071848173530581323,333340,333340,9071848173530581323
40,19,hash,all,2,1,14,47620,150,100000000,100002000,17263,236098734,236120225,1535.071,1233.071,2.360940121,236100269.071,2.360955472,9071848173530581323,333340,333340,9071848173530581323
40,19,hash,all,3,1,14,47620,150,100000000,100002000,17112,247573454,247594984,1537.857,1222.286,2.475685026,247574991.857,2.475700405,9071848173530581323,333340,333340,9071848173530581323
40,19,hash,all,4,1,14,47620,150,100000000,100002000,17783,246669233,246691555,1594.429,1270.214,2.466642997,246670827.429,2.466658941,9071848173530581323,333340,333340,9071848173530581323
40,19,aho_corasick,all,0,1,14,47620,150,100000000,100002000,2707310,222219350,224974129,196769.929,193379.286,2.222149057,222416119.929,2.224116717,9071848173530581323,333340,333340,9071848173530581323
40,19,aho_corasick,all,1,1,14,47620,150,100000000,100002000,2660954,214684766,217382418,192689.429,190068.143,2.146804724,214877455.429,2.148731580,9071848173530581323,333340,333340,9071848173530581323
40,19,aho_corasick,all,2,1,14,47620,150,100000000,100002000,2433801,216745568,219214655,176363.357,173842.929,2.167412332,216921931.357,2.169175930,9071848173530581323,333340,333340,9071848173530581323
40,19,aho_corasick,all,3,1,14,47620,150,100000000,100002000,2812676,212328712,215181002,203735.000,200905.429,2.123244655,212532447.000,2.125281964,9071848173530581323,333340,333340,9071848173530581323
40,19,aho_corasick,all,4,1,14,47620,150,100000000,100002000,2701797,215361270,218108551,196234.357,192985.500,2.153569629,215557504.357,2.155531933,9071848173530581323,333340,333340,9071848173530581323
40,19,bndmq,all,0,1,14,47620,150,100000000,100002000,121447,202988072,203133694,10401.571,8674.786,2.029840123,202998473.571,2.029944137,9071848173530581323,333340,333340,9071848173530581323
40,19,bndmq,all,1,1,14,47620,150,100000000,100002000,111748,197887599,198023722,9723.071,7982.000,1.978836413,197897322.071,1.978933642,9071848173530581323,333340,333340,9071848173530581323
40,19,bndmq,all,2,1,14,47620,150,100000000,100002000,86000,223955531,224077458,8709.071,6142.857,2.239510520,223964240.071,2.239597609,9071848173530581323,333340,333340,9071848173530581323
40,19,bndmq,all,3,1,14,47620,150,100000000,100002000,117830,278893931,279045544,10829.500,8416.429,2.788883532,278904760.500,2.788991825,9071848173530581323,333340,333340,9071848173530581323
40,19,bndmq,all,4,1,14,47620,150,100000000,100002000,120054,464276822,464426682,10704.286,8575.286,4.642675366,464287526.286,4.642782407,9071848173530581323,333340,333340,9071848173530581323
40,215,bndmq,all,0,1,2,333334,150,100000000,100000200,431175,1990592446,1991057394,232474.000,215587.500,19.905884648,1990824920.000,19.908209384,4264735323480622770,333334,333334,4264735323480622770
40,215,bndmq,all,1,1,2,333334,150,100000000,100000200,182300,1966167048,1966379915,106433.500,91150.000,19.661631157,1966273481.500,19.662695490,4264735323480622770,333334,333334,4264735323480622770
40,215,bndmq,all,2,1,2,333334,150,100000000,100000200,161752,1992754365,1992946785,96210.000,80876.000,19.927503795,1992850575.000,19.928465893,4264735323480622770,333334,333334,4264735323480622770
40,215,bndmq,all,3,1,2,333334,150,100000000,100000200,158766,2014839142,2015029948,95403.000,79383.000,20.148351123,2014934545.000,20.149305151,4264735323480622770,333334,333334,4264735323480622770
40,215,bndmq,all,4,1,2,333334,150,100000000,100000200,161892,1978193064,1978386425,96680.500,80946.000,19.781891076,1978289744.500,19.782857879,4264735323480622770,333334,333334,4264735323480622770
40,215,aho_corasick,all,0,1,2,333334,150,100000000,100000200,4868713,279828979,284736364,2453692.500,2434356.500,2.798284193,282282671.500,2.822821069,4264735323480622770,333334,333334,4264735323480622770
40,215,aho_corasick,all,1,1,2,333334,150,100000000,100000200,5079384,281452274,286576702,2562214.000,2539692.000,2.814517111,284014488.000,2.840139200,4264735323480622770,333334,333334,4264735323480622770
40,215,aho_corasick,all,2,1,2,333334,150,100000000,100000200,5167019,277065934,282294259,2614162.500,2583509.500,2.770653799,279680096.500,2.796795371,4264735323480622770,333334,333334,4264735323480622770
40,215,aho_corasick,all,3,1,2,333334,150,100000000,100000200,4910573,286907799,291874157,2483179.000,2455286.500,2.869072252,289390978.000,2.893903992,4264735323480622770,333334,333334,4264735323480622770
40,215,aho_corasick,all,4,1,2,333334,150,100000000,100000200,4236043,291004789,295277330,2136270.500,2118021.500,2.910042070,293141059.500,2.931404732,4264735323480622770,333334,333334,4264735323480622770
40,215,hash,all,0,1,2,333334,150,100000000,100000200,25708,732504816,732532829,14006.500,12854.000,7.325033510,732518822.500,7.325173575,4264735323480622770,333334,333334,4264735323480622770
40,215,hash,all,1,1,2,333334,150,100000000,100000200,27942,732382700,732414389,15844.500,13971.000,7.323812352,732398544.500,7.323970797,4264735323480622770,333334,333334,4264735323480622770
40,215,hash,all,2,1,2,333334,150,100000000,100000200,23725,716988510,717015290,13390.000,11862.500,7.169870760,717001900.000,7.170004660,4264735323480622770,333334,333334,4264735323480622770
40,215,hash,all,3,1,2,333334,150,100000000,100000200,18615,708841430,708862991,10780.500,9307.500,7.088400123,708852210.500,7.088507928,4264735323480622770,333334,333334,4264735323480622770
40,215,hash,all,4,1,2,333334,150,100000000,100000200,26820,707475351,707505237,14943.000,13410.000,7.074739361,707490294.000,7.074888790,4264735323480622770,333334,333334,4264735323480622770
40,23,bndmq,all,0,1,12,55556,150,100000000,100000800,183732,224516468,224727472,17583.667,15311.000,2.245146719,224534051.667,2.245322554,17394517359549433940,333336,333336,17394517359549433940
40,23,bndmq,all,1,1,12,55556,150,100000000,100000800,95799,219928855,220050613,10146.500,7983.250,2.199270956,219939001.500,2.199372420,17394517359549433940,333336,333336,17394517359549433940
40,23,bndmq,all,2,1,12,55556,150,100000000,100000800,83496,224352712,224459291,8881.583,6958.000,2.243509172,224361593.583,2.243597987,17394517359549433940,333336,333336,17394517359549433940
40,23,bndmq,all,3,1,12,55556,150,100000000,100000800,86842,228026174,228138092,9326.500,7236.833,2.280243498,228035500.500,2.280336762,17394517359549433940,333336,333336,17394517359549433940
40,23,bndmq,all,4,1,12,55556,150,100000000,100000800,83886,222442231,222551915,9140.333,6990.500,2.224404515,222451371.333,2.224495917,17394517359549433940,333336,333336,17394517359549433940
40,23,hash,all,0,1,12,55556,150,100000000,100000800,32210,249964232,249999859,2968.917,2684.167,2.499622323,249967200.917,2.499652012,17394517359549433940,333336,333336,17394517359549433940
40,23,hash,all,1,1,12,55556,150,100000000,100000800,25568,251238179,251266973,2399.500,2130.667,2.512361691,251240578.500,2.512385686,17394517359549433940,333336,333336,17394517359549433940
40,23,hash,all,2,1,12,55556,150,100000000,100000800,23834,247416761,247444092,2277.583,1986.167,2.474147817,247419038.583,2.474170592,17394517359549433940,333336,333336,17394517359549433940
40,23,hash,all,3,1,12,55556,150,100000000,100000800,15969,247194477,247214263,1648.833,1330.750,2.471924995,247196125.833,2.471941483,17394517359549433940,333336,333336,17394517359549433940
40,23,hash,all,4,1,12,55556,150,100000000,100000800,17623,245902616,245923735,1759.917,1468.583,2.459006488,245904375.917,2.459024087,17394517359549433940,333336,333336,17394517359549433940
40,23,aho_corasick,all,0,1,12,55556,150,100000000,100000800,2681393,208696582,211405295,225726.083,223449.417,2.086949124,208922308.083,2.089206367,17394517359549433940,333336,333336,17394517359549433940
40,23,aho_corasick,all,1,1,12,55556,150,100000000,100000800,2854946,217905902,220790342,240370.000,237912.167,2.179041588,218146272.000,2.181445268,17394517359549433940,333336,333336,17394517359549433940
40,23,aho_corasick,all,2,1,12,55556,150,100000000,100000800,2420686,220868450,223302972,202876.833,201723.833,2.208666831,221071326.833,2.210695583,17394517359549433940,333336,333336,17394517359549433940
40,23,aho_corasick,all,3,1,12,55556,150,100000000,100000800,2417229,224387610,226818615,202583.750,201435.750,2.243858149,224590193.750,2.245883970,17394517359549433940,333336,333336,17394517359549433940
40,23,aho_corasick,all,4,1,12,55556,150,100000000,100000800,2450382,220452945,222916842,205324.750,204198.500,2.204511814,220658269.750,2.206565045,17394517359549433940,333336,333336,17394517359549433940
40,235,aho_corasick,all,0,1,2,333334,150,100000000,100000200,5139458,290839069,296018112,2589521.500,2569729.000,2.908384873,293428590.500,2.934280036,15610748816590755770,333334,333334,15610748816590755770
40,235,aho_corasick,all,1,1,2,333334,150,100000000,100000200,4672236,289131019,293852507,2360744.000,2336118.000,2.891304407,291491763.000,2.914911800,15610748816590755770,333334,333334,15610748816590755770
40,235,aho_corasick,all,2,1,2,333334,150,100000000,100000200,4771401,281011175,285841456,2415140.500,2385700.500,2.810106130,283426315.500,2.834257486,15610748816590755770,333334,333334,15610748816590755770
40,235,aho_corasick,all,3,1,2,333334,150,100000000,100000200,5030012,285445778,290523379,2538800.500,2515006.000,2.854452071,287984578.500,2.879840025,15610748816590755770,333334,333334,15610748816590755770
40,235,aho_corasick,all,4,1,2,333334,150,100000000,100000200,5091018,294443050,299582077,2569513.500,2545509.000,2.944424611,297012563.500,2.970119695,15610748816590755770,333334,333334,15610748816590755770
40,235,hash,all,0,1,2,333334,150,100000000,100000200,43601,218847302,218893839,23268.500,21800.500,2.188468643,218870570.500,2.188701328,15610748816590755770,333334,333334,15610748816590755770
40,235,hash,all,1,1,2,333334,150,100000000,100000200,24886,219895988,219923499,13755.500,12443.000,2.198955482,219909743.500,2.199093037,15610748816590755770,333334,333334,15610748816590755770
40,235,hash,all,2,1,2,333334,150,100000000,100000200,19656,225138357,225161279,11461.000,9828.000,2.251379067,225149818.000,2.251493677,15610748816590755770,333334,333334,15610748816590755770
40,235,hash,all,3,1,2,333334,150,100000000,100000200,19206,220465823,220488585,11381.000,9603.000,2.204653821,220477204.000,2.204767630,15610748816590755770,333334,333334,15610748816590755770
40,235,hash,all,4,1,2,333334,150,100000000,100000200,19426,222820202,222842474,11136.000,9713.000,2.228197564,222831338.000,2.228308923,15610748816590755770,333334,333334,15610748816590755770
40,91,aho_corasick,all,0,1,3,222224,150,100000000,100000800,3180553,231867094,235080980,1071295.333,1060184.333,2.318652391,232938389.333,2.329365258,32521748304460082,333336,333336,32521748304460082
40,91,aho_corasick,all,1,1,3,222224,150,100000000,100000800,2670583,232791710,235500444,902911.333,890194.333,2.327898477,233694621.333,2.336927518,32521748304460082,333336,333336,32521748304460082
40,91,aho_corasick,all,2,1,3,222224,150,100000000,100000800,2520683,241371667,243928878,852403.667,840227.667,2.413697360,242224070.667,2.422221329,32521748304460082,333336,333336,32521748304460082
40,91,aho_corasick,all,3,1,3,222224,150,100000000,100000800,2505955,229172318,231713849,847177.000,835318.333,2.291704846,230019495.000,2.300176549,32521748304460082,333336,333336,32521748304460082
40,91,aho_corasick,all,4,1,3,222224,150,100000000,100000800,2593537,231447443,234074383,875646.667,864512.333,2.314455914,232323089.667,2.323212311,32521748304460082,333336,333336,32521748304460082
40,91,hash,all,0,1,3,222224,150,100000000,100000800,25096,287345052,287372914,9287.333,8365.333,2.873427533,287354339.333,2.873520405,32521748304460082,333336,333336,32521748304460082
40,91,hash,all,1,1,3,222224,150,100000000,100000800,17493,291388977,291409245,6756.000,5831.000,2.913866459,291395733.000,2.913934019,32521748304460082,333336,333336,32521748304460082
40,91,hash,all,2,1,3,222224,150,100000000,100000800,14276,293022728,293039499,5590.333,4758.667,2.930203838,293028318.333,2.930259741,32521748304460082,333336,333336,32521748304460082
40,91,hash,all,3,1,3,222224,150,100000000,100000800,12523,291500647,291516105,5152.667,4174.333,2.914983150,291505799.667,2.915034676,32521748304460082,333336,333336,32521748304460082
40,91,hash,all,4,1,3,222224,150,100000000,100000800,14767,299439416,299457169,5917.667,4922.333,2.994370205,299445333.667,2.994429381,32521748304460082,333336,333336,32521748304460082
40,91,bndmq,all,0,1,3,222224,150,100000000,100000800,123821,851335482,851491062,51860.000,41273.667,8.513286714,851387342.000,8.513805310,32521748304460082,333336,333336,32521748304460082
40,91,bndmq,all,1,1,3,222224,150,100000000,100000800,118792,852701007,852842271,47088.000,39597.333,8.526941854,852748095.000,8.527412731,32521748304460082,333336,333336,32521748304460082
40,91,bndmq,all,2,1,3,222224,150,100000000,100000800,97282,824031915,824153362,40482.333,32427.333,8.240253228,824072397.333,8.240658048,32521748304460082,333336,333336,32521748304460082
40,91,bndmq,all,3,1,3,222224,150,100000000,100000800,98474,823298004,823428858,43618.000,32824.667,8.232914177,823341622.000,8.233350353,32521748304460082,333336,333336,32521748304460082
40,91,bndmq,all,4,1,3,222224,150,100000000,100000800,101218,839409322,839533694,41457.333,33739.333,8.394026068,839450779.333,8.394440638,32521748304460082,333336,333336,32521748304460082
42,32,hash,all,0,1,8,83334,150,100000000,100000800,23003,226517740,226545241,3437.625,2875.375,2.265159279,226521177.625,2.265193655,3477179957850065843,333336,333336,3477179957850065843
42,32,hash,all,1,1,8,83334,150,100000000,100000800,22412,221032977,221059266,3286.125,2801.500,2.210312088,221036263.125,2.210344948,3477179957850065843,333336,333336,3477179957850065843
42,32,hash,all,2,1,8,83334,150,100000000,100000800,16471,228717879,228738217,2542.250,2058.875,2.287160493,228720421.250,2.287185915,3477179957850065843,333336,333336,3477179957850065843
42,32,hash,all,3,1,8,83334,150,100000000,100000800,19276,228865347,228888771,2928.000,2409.500,2.288635161,228868275.000,2.288664441,3477179957850065843,333336,333336,3477179957850065843
42,32,hash,all,4,1,8,83334,150,100000000,100000800,16230,219457911,219477879,2496.000,2028.750,2.194561554,219460407.000,2.194586513,3477179957850065843,333336,333336,3477179957850065843
42,32,aho_corasick,all,0,1,8,83334,150,100000000,100000800,3075511,210187724,213297699,388746.875,384438.875,2.101860425,210576470.875,2.105747863,3477179957850065843,333336,333336,3477179957850065843
42,32,aho_corasick,all,1,1,8,83334,150,100000000,100000800,2527366,216609853,219180069,321277.000,315920.750,2.166081201,216931130.000,2.169293946,3477179957850065843,333336,333336,3477179957850065843
42,32,aho_corasick,all,2,1,8,83334,150,100000000,100000800,2485236,209294076,211815601,315190.625,310654.500,2.092924017,209609266.625,2.096075898,3477179957850065843,333336,333336,3477179957850065843
42,32,aho_corasick,all,3,1,8,83334,150,100000000,100000800,2429422,216129970,218597774,308475.500,303677.750,2.161282410,216438445.500,2.164367140,3477179957850065843,333336,333336,3477179957850065843
42,32,aho_corasick,all,4,1,8,83334,150,100000000,100000800,2708724,219459803,222206758,343369.375,338590.500,2.194580473,219803172.375,2.198014140,3477179957850065843,333336,333336,3477179957850065843
42,32,bndmq,all,0,1,8,83334,150,100000000,100000800,119533,231256394,231393800,17175.750,14941.625,2.312545440,231273569.750,2.312717196,3477179957850065843,333336,333336,3477179957850065843
42,32,bndmq,all,1,1,8,83334,150,100000000,100000800,86331,233123904,233234400,13812.000,10791.375,2.331220390,233137716.000,2.331358509,3477179957850065843,333336,333336,3477179957850065843
42,32,bndmq,all,2,1,8,83334,150,100000000,100000800,61815,237010705,237096645,10742.500,7726.875,2.370088089,237021447.500,2.370195513,3477179957850065843,333336,333336,3477179957850065843
42,32,bndmq,all,3,1,8,83334,150,100000000,100000800,63859,236624987,236713983,11124.500,7982.375,2.366230940,236636111.500,2.366342184,3477179957850065843,333336,333336,3477179957850065843
42,32,bndmq,all,4,1,8,83334,150,100000000,100000800,64029,236732928,236820371,10930.375,8003.625,2.367310342,236743858.375,2.367419644,3477179957850065843,333336,333336,3477179957850065843
43,32,aho_corasick,all,0,1,8,83334,150,100000000,100000800,2873490,220417599,223325114,363439.375,359186.250,2.204158357,220781038.375,2.207792721,8259710948786360885,333336,333336,8259710948786360885
43,32,aho_corasick,all,1,1,8,83334,150,100000000,100000800,2734041,220947678,223721373,346711.875,341755.125,2.209459104,221294389.875,2.212926195,8259710948786360885,333336,333336,8259710948786360885
43,32,aho_corasick,all,2,1,8,83334,150,100000000,100000800,2660984,214337995,217039505,337688.750,332623.000,2.143362803,214675683.750,2.146739664,8259710948786360885,333336,333336,8259710948786360885
43,32,aho_corasick,all,3,1,8,83334,150,100000000,100000800,2887718,207422737,210347434,365587.125,360964.750,2.074210776,207788324.125,2.077866618,8259710948786360885,333336,333336,8259710948786360885
43,32,aho_corasick,all,4,1,8,83334,150,100000000,100000800,2468024,221279347,223783148,312975.125,308503.000,2.212775768,221592322.125,2.215905494,8259710948786360885,333336,333336,8259710948786360885
43,32,hash,all,0,1,8,83334,150,100000000,100000800,22763,221937775,221964115,3292.500,2845.375,2.219359995,221941067.500,2.219392920,8259710948786360885,333336,333336,8259710948786360885
43,32,hash,all,1,1,8,83334,150,100000000,100000800,23293,223306102,223334925,3602.875,2911.625,2.233043156,223309704.875,2.233079184,8259710948786360885,333336,333336,8259710948786360885
43,32,hash,all,2,1,8,83334,150,100000000,100000800,16921,228939107,228960226,2639.875,2115.125,2.289372755,228941746.875,2.289399154,8259710948786360885,333336,333336,8259710948786360885
43,32,hash,all,3,1,8,83334,150,100000000,100000800,18845,216563369,216586321,2869.000,2355.625,2.165616365,216566238.000,2.165645055,8259710948786360885,333336,333336,8259710948786360885
43,32,hash,all,4,1,8,83334,150,100000000,100000800,15880,229292676,229312764,2511.000,1985.000,2.292908417,229295187.000,2.292933527,8259710948786360885,333336,333336,8259710948786360885
43,32,bndmq,all,0,1,8,83334,150,100000000,100000800,168625,244205821,244393512,23461.375,21078.125,2.442038674,244229282.375,2.442273286,8259710948786360885,333336,333336,8259710948786360885
43,32,bndmq,all,1,1,8,83334,150,100000000,100000800,63799,245188072,245275505,10929.125,7974.875,2.451861105,245199001.125,2.451970395,8259710948786360885,333336,333336,8259710948786360885
43,32,bndmq,all,2,1,8,83334,150,100000000,100000800,66554,248019574,248109482,11238.500,8319.250,2.480175899,248030812.500,2.480288283,8259710948786360885,333336,333336,8259710948786360885
43,32,bndmq,all,3,1,8,83334,150,100000000,100000800,63178,248924779,249011811,10879.000,7897.250,2.489227876,248935658.000,2.489336665,8259710948786360885,333336,333336,8259710948786360885
43,32,bndmq,all,4,1,8,83334,150,100000000,100000800,64671,244802434,244890789,11044.375,8083.875,2.448004756,244813478.375,2.448115199,8259710948786360885,333336,333336,8259710948786360885
44,108,aho_corasick,all,0,1,3,222224,150,100000000,100000800,3508406,242615861,246161266,1181801.667,1169468.667,2.426139201,243797662.667,2.437957123,16775501742268222632,333336,333336,16775501742268222632
44,108,aho_corasick,all,1,1,3,222224,150,100000000,100000800,3590007,235223574,238846572,1207666.000,1196669.000,2.352216922,236431240.000,2.364293486,16775501742268222632,333336,333336,16775501742268222632
44,108,aho_corasick,all,2,1,3,222224,150,100000000,100000800,3565472,238070424,241680560,1203378.667,1188490.667,2.380685195,239273802.667,2.392718885,16775501742268222632,333336,333336,16775501742268222632
44,108,aho_corasick,all,3,1,3,222224,150,100000000,100000800,3280288,234375241,237692849,1105869.333,1093429.333,2.343733660,235481110.333,2.354792265,16775501742268222632,333336,333336,16775501742268222632
44,108,aho_corasick,all,4,1,3,222224,150,100000000,100000800,3435319,241254383,244723986,1156534.333,1145106.333,2.412524530,242410917.333,2.424089781,16775501742268222632,333336,333336,16775501742268222632
44,108,bndmq,all,0,1,3,222224,150,100000000,100000800,306592,783765406,784105600,113398.000,102197.333,7.837591359,783878804.000,7.838725330,16775501742268222632,333336,333336,16775501742268222632
44,108,bndmq,all,1,1,3,222224,150,100000000,100000800,136745,782095223,782251494,52090.333,45581.667,7.820889663,782147313.333,7.821410562,16775501742268222632,333336,333336,16775501742268222632
44,108,bndmq,all,2,1,3,222224,150,100000000,100000800,129271,778948865,779106189,52441.333,43090.333,7.789426335,779001306.333,7.789950744,16775501742268222632,333336,333336,16775501742268222632
44,108,bndmq,all,3,1,3,222224,150,100000000,100000800,118190,774470338,774614436,48032.667,39396.667,7.744641423,774518370.667,7.745121746,16775501742268222632,333336,333336,16775501742268222632
44,108,bndmq,all,4,1,3,222224,150,100000000,100000800,264493,776905966,777196717,96917.000,88164.333,7.768997508,777002883.000,7.769966670,16775501742268222632,333336,333336,16775501742268222632
44,108,hash,all,0,1,3,222224,150,100000000,100000800,21410,457159648,457183553,7968.333,7136.667,4.571559908,457167616.333,4.571639590,16775501742268222632,333336,333336,16775501742268222632
44,108,hash,all,1,1,3,222224,150,100000000,100000800,20809,448734455,448757769,7771.333,6936.333,4.487308652,448742226.333,4.487386364,16775501742268222632,333336,333336,16775501742268222632
44,108,hash,all,2,1,3,222224,150,100000000,100000800,15860,446324644,446343028,6128.000,5286.667,4.463210734,446330772.000,4.463272014,16775501742268222632,333336,333336,16775501742268222632
44,108,hash,all,3,1,3,222224,150,100000000,100000800,15839,448671167,448689292,6041.667,5279.667,4.486675777,448677208.667,4.486736193,16775501742268222632,333336,333336,16775501742268222632
44,108,hash,all,4,1,3,222224,150,100000000,100000800,16350,448937208,448956043,6278.333,5450.000,4.489336165,448943486.333,4.489398948,16775501742268222632,333336,333336,16775501742268222632
44,128,hash,all,0,1,2,333334,150,100000000,100000200,18935,226718429,226739828,10699.500,9467.500,2.267179756,226729128.500,2.267286750,4505804390781148899,333334,333334,4505804390781148899
44,128,hash,all,1,1,2,333334,150,100000000,100000200,23013,230543821,230568998,12588.500,11506.500,2.305433599,230556409.500,2.305559484,4505804390781148899,333334,333334,4505804390781148899
44,128,hash,all,2,1,2,333334,150,100000000,100000200,12854,226514938,226530918,7990.000,6427.000,2.265144850,226522928.000,2.265224750,4505804390781148899,333334,333334,4505804390781148899
44,128,hash,all,3,1,2,333334,150,100000000,100000200,11932,223314904,223329702,7399.000,5966.000,2.233144574,223322303.000,2.233218564,4505804390781148899,333334,333334,4505804390781148899
44,128,hash,all,4,1,2,333334,150,100000000,100000200,12283,229656230,229670346,7058.000,6141.500,2.296557707,229663288.000,2.296628287,4505804390781148899,333334,333334,4505804390781148899
44,128,aho_corasick,all,0,1,2,333334,150,100000000,100000200,2762481,253333028,256137638,1402305.000,1381240.500,2.533325213,254735333.000,2.547348235,4505804390781148899,333334,333334,4505804390781148899
44,128,aho_corasick,all,1,1,2,333334,150,100000000,100000200,2659131,252277879,254983426,1352773.500,1329565.500,2.522773744,253630652.500,2.536301452,4505804390781148899,333334,333334,4505804390781148899
44,128,aho_corasick,all,2,1,2,333334,150,100000000,100000200,2625318,264212203,266884950,1336373.500,1312659.000,2.642116746,265548576.500,2.655480454,4505804390781148899,333334,333334,4505804390781148899
44,128,aho_corasick,all,3,1,2,333334,150,100000000,100000200,2603588,258054920,260696229,1320654.500,1301794.000,2.580544039,259375574.500,2.593750557,4505804390781148899,333334,333334,4505804390781148899
44,128,aho_corasick,all,4,1,2,333334,150,100000000,100000200,2575405,255765918,258386216,1310149.000,1287702.500,2.557654065,257076067.000,2.570755528,4505804390781148899,333334,333334,4505804390781148899
44,128,bndmq,all,0,1,2,333334,150,100000000,100000200,128109,954542306,954707525,82609.500,64054.500,9.545403969,954624915.500,9.546230063,4505804390781148899,333334,333334,4505804390781148899
44,128,bndmq,all,1,1,2,333334,150,100000000,100000200,127187,936521475,936681824,80174.500,63593.500,9.365196020,936601649.500,9.365997763,4505804390781148899,333334,333334,4505804390781148899
44,128,bndmq,all,2,1,2,333334,150,100000000,100000200,99656,933124102,933256990,66444.000,49828.000,9.331222358,933190546.000,9.331886796,4505804390781148899,333334,333334,4505804390781148899
44,128,bndmq,all,3,1,2,333334,150,100000000,100000200,107842,935984893,936126488,70797.500,53921.000,9.359830210,936055690.500,9.360538184,4505804390781148899,333334,333334,4505804390781148899
44,128,bndmq,all,4,1,2,333334,150,100000000,100000200,100978,939276286,939410025,66869.500,50489.000,9.392744075,939343155.500,9.393412768,4505804390781148899,333334,333334,4505804390781148899
44,32,bndmq,all,0,1,8,83334,150,100000000,100000800,131215,244772967,244924359,18924.000,16401.875,2.447710088,244791891.000,2.447899327,13406160018839369433,333336,333336,13406160018839369433
44,32,bndmq,all,1,1,8,83334,150,100000000,100000800,65683,243879060,243969809,11343.625,8210.375,2.438771090,243890403.625,2.438884525,13406160018839369433,333336,333336,13406160018839369433
44,32,bndmq,all,2,1,8,83334,150,100000000,100000800,117790,240473606,240608969,16920.375,14723.750,2.404716822,240490526.375,2.404886025,13406160018839369433,333336,333336,13406160018839369433
44,32,bndmq,all,3,1,8,83334,150,100000000,100000800,66534,245055545,245145823,11284.750,8316.750,2.450535846,245066829.750,2.450648692,13406160018839369433,333336,333336,13406160018839369433
44,32,bndmq,all,4,1,8,83334,150,100000000,100000800,64330,248783750,248933048,18662.250,8041.250,2.487817597,248802412.250,2.488004218,13406160018839369433,333336,333336,13406160018839369433
44,32,hash,all,0,1,8,83334,150,100000000,100000800,22632,227058511,227084599,3261.000,2829.000,2.270566945,227061772.000,2.270599555,13406160018839369433,333336,333336,13406160018839369433
44,32,hash,all,1,1,8,83334,150,100000000,100000800,26259,223611079,223641095,3752.000,3282.375,2.236092901,223614831.000,2.236130421,13406160018839369433,333336,333336,13406160018839369433
44,32,hash,all,2,1,8,83334,150,100000000,100000800,15799,218897582,218917198,2452.000,1974.875,2.188958308,218900034.000,2.188982828,13406160018839369433,333336,333336,13406160018839369433
44,32,hash,all,3,1,8,83334,150,100000000,100000800,16090,220766841,220787329,2561.000,2011.250,2.207650749,220769402.000,2.207676359,13406160018839369433,333336,333336,13406160018839369433
44,32,hash,all,4,1,8,83334,150,100000000,100000800,17423,220919949,220941099,2643.750,2177.875,2.209181817,220922592.750,2.209208254,13406160018839369433,333336,333336,13406160018839369433
44,32,aho_corasick,all,0,1,8,83334,150,100000000,100000800,3045689,222908536,225984694,384519.750,380711.125,2.229067527,223293055.750,2.232912694,13406160018839369433,333336,333336,13406160018839369433
44,32,aho_corasick,all,1,1,8,83334,150,100000000,100000800,2831012,221253775,224118450,358084.375,353876.500,2.212520050,221611859.375,2.216100865,13406160018839369433,333336,333336,13406160018839369433
44,32,aho_corasick,all,2,1,8,83334,150,100000000,100000800,2494063,220944470,223475452,316372.750,311757.875,2.209427025,221260842.750,2.212590727,13406160018839369433,333336,333336,13406160018839369433
44,32,aho_corasick,all,3,1,8,83334,150,100000000,100000800,2497289,235689320,238228989,317458.625,312161.125,2.356874345,236006778.625,2.360048906,13406160018839369433,333336,333336,13406160018839369433
44,32,aho_corasick,all,4,1,8,83334,150,100000000,100000800,3022198,219377836,222436142,382288.250,377774.750,2.193760810,219760124.250,2.197583662,13406160018839369433,333336,333336,13406160018839369433
44,38,aho_corasick,all,0,1,7,95240,150,100000000,100002000,2932661,220388694,223344768,422296.286,418951.571,2.203842863,220810990.286,2.208065742,7812281374538529337,333340,333340,7812281374538529337
44,38,aho_corasick,all,1,1,7,95240,150,100000000,100002000,2665693,224252125,226954927,386114.571,380813.286,2.242476400,224638239.571,2.246337469,7812281374538529337,333340,333340,7812281374538529337
44,38,aho_corasick,all,2,1,7,95240,150,100000000,100002000,2828417,220642301,223505092,408970.143,404059.571,2.206378882,221051271.143,2.210468502,7812281374538529337,333340,333340,7812281374538529337
44,38,aho_corasick,all,3,1,7,95240,150,100000000,100002000,2650826,220751983,223437794,383687.286,378689.429,2.207475680,221135670.286,2.211312477,7812281374538529337,333340,333340,7812281374538529337
44,38,aho_corasick,all,4,1,7,95240,150,100000000,100002000,2590623,220058291,222684220,375132.714,370089.000,2.200538899,220433423.714,2.204290151,7812281374538529337,333340,333340,7812281374538529337
44,38,hash,all,0,1,7,95240,150,100000000,100002000,22231,233186890,233212227,3619.571,3175.857,2.331822264,233190509.571,2.331858459,7812281374538529337,333340,333340,7812281374538529337
44,38,hash,all,1,1,7,95240,150,100000000,100002000,22623,234927840,234954229,3769.857,3231.857,2.349231415,234931609.857,2.349269113,7812281374538529337,333340,333340,7812281374538529337
44,38,hash,all,2,1,7,95240,150,100000000,100002000,16872,245514501,245534699,2885.429,2410.286,2.455095908,245517386.429,2.455124762,7812281374538529337,333340,333340,7812281374538529337
44,38,hash,all,3,1,7,95240,150,100000000,100002000,15659,238210007,238229584,2796.714,2237.000,2.382052429,238212803.714,2.382080396,7812281374538529337,333340,333340,7812281374538529337
44,38,hash,all,4,1,7,95240,150,100000000,100002000,16291,238609559,238629356,2828.143,2327.286,2.386047869,238612387.143,2.386076150,7812281374538529337,333340,333340,7812281374538529337
44,38,bndmq,all,0,1,7,95240,150,100000000,100002000,254716,276791101,277064051,38992.857,36388.000,2.767855653,276830093.857,2.768245574,7812281374538529337,333340,333340,7812281374538529337
44,38,bndmq,all,1,1,7,95240,150,100000000,100002000,68247,278708975,278798211,12748.000,9749.571,2.787034009,278721723.000,2.787161487,7812281374538529337,333340,333340,7812281374538529337
44,38,bndmq,all,2,1,7,95240,150,100000000,100002000,58429,285240705,285322428,11674.714,8347.000,2.852350003,285252379.714,2.852466748,7812281374538529337,333340,333340,7812281374538529337
44,38,bndmq,all,3,1,7,95240,150,100000000,100002000,59992,283196912,283279546,11804.857,8570.286,2.831912482,283208716.857,2.832030528,7812281374538529337,333340,333340,7812281374538529337
44,38,bndmq,all,4,1,7,95240,150,100000000,100002000,63749,276288783,276392658,14839.286,9107.000,2.762832573,276303622.286,2.762980963,7812281374538529337,333340,333340,7812281374538529337
44,45,aho_corasick,all,0,1,6,111112,150,100000000,100000800,3059277,218882442,221977846,515900.667,509879.500,2.188806910,219398342.667,2.193965875,4831869221001695147,333336,333336,4831869221001695147
44,45,aho_corasick,all,1,1,6,111112,150,100000000,100000800,2720716,222915624,225670353,459121.500,453452.667,2.229138407,223374745.500,2.233729585,4831869221001695147,333336,333336,4831869221001695147
44,45,aho_corasick,all,2,1,6,111112,150,100000000,100000800,2636579,218794565,221473113,446424.667,439429.833,2.187928147,219240989.667,2.192392358,4831869221001695147,333336,333336,4831869221001695147
44,45,aho_corasick,all,3,1,6,111112,150,100000000,100000800,2894219,217917980,220847866,488314.333,482369.833,2.179162367,218406294.333,2.184045471,4831869221001695147,333336,333336,4831869221001695147
44,45,aho_corasick,all,4,1,6,111112,150,100000000,100000800,3236769,215201541,218475970,545738.167,539461.500,2.151998194,215747279.167,2.157455532,4831869221001695147,333336,333336,4831869221001695147
44,45,bndmq,all,0,1,6,111112,150,100000000,100000800,238135,319119390,319360190,40133.333,39689.167,3.191168371,319159523.333,3.191569701,4831869221001695147,333336,333336,4831869221001695147
44,45,bndmq,all,1,1,6,111112,150,100000000,100000800,122359,322688869,322831897,23838.000,20393.167,3.226862875,322712707.000,3.227101253,4831869221001695147,333336,333336,4831869221001695147
44,45,bndmq,all,2,1,6,111112,150,100000000,100000800,63879,329683539,329767826,14047.833,10646.500,3.296809016,329697586.833,3.296949493,4831869221001695147,333336,333336,4831869221001695147
44,45,bndmq,all,3,1,6,111112,150,100000000,100000800,53500,324894358,324967384,12171.000,8916.667,3.248917589,324906529.000,3.249039298,4831869221001695147,333336,333336,4831869221001695147
44,45,bndmq,all,4,1,6,111112,150,100000000,100000800,54111,330317544,330392493,12491.500,9018.500,3.303149015,330330035.500,3.303273929,4831869221001695147,333336,333336,4831869221001695147
44,45,hash,all,0,1,6,111112,150,100000000,100000800,22462,269351371,269377069,4283.000,3743.667,2.693492162,269355654.000,2.693534992,4831869221001695147,333336,333336,4831869221001695147
44,45,hash,all,1,1,6,111112,150,100000000,100000800,23133,263383060,263409238,4363.000,3855.500,2.633809530,263387423.000,2.633853159,4831869221001695147,333336,333336,4831869221001695147
44,45,hash,all,2,1,6,111112,150,100000000,100000800,15600,264940573,264959389,3136.000,2600.000,2.649384535,264943709.000,2.649415895,4831869221001695147,333336,333336,4831869221001695147
44,45,hash,all,3,1,6,111112,150,100000000,100000800,16130,267833654,267853040,3231.000,2688.333,2.678315113,267836885.000,2.678347423,4831869221001695147,333336,333336,4831869221001695147
44,45,hash,all,4,1,6,111112,150,100000000,100000800,15770,276421582,276440457,3145.833,2628.333,2.764193706,276424727.833,2.764225165,4831869221001695147,333336,333336,4831869221001695147
44,64,aho_corasick,all,0,1,4,166668,150,100000000,100000800,2695689,223641935,226394930,688248.750,673922.250,2.236401459,224330183.750,2.243283891,11774067494008655569,333336,333336,11774067494008655569
44,64,aho_corasick,all,1,1,4,166668,150,100000000,100000800,2745692,225936905,228720838,695983.250,686423.000,2.259350975,226632888.250,2.266310752,11774067494008655569,333336,333336,11774067494008655569
44,64,aho_corasick,all,2,1,4,166668,150,100000000,100000800,2908827,225487001,228436424,737355.750,727206.750,2.254851971,226224356.750,2.262225470,11774067494008655569,333336,333336,11774067494008655569
44,64,aho_corasick,all,3,1,4,166668,150,100000000,100000800,3587793,225366242,228994480,907059.500,896948.250,2.253644391,226273301.500,2.262714913,11774067494008655569,333336,333336,11774067494008655569
44,64,aho_corasick,all,4,1,4,166668,150,100000000,100000800,2713532,223591815,226348567,689188.000,678383.000,2.235900263,224281003.000,2.242792088,11774067494008655569,333336,333336,11774067494008655569
44,64,bndmq,all,0,1,4,166668,150,100000000,100000800,128731,470685672,470854748,42269.000,32182.750,4.706819065,470727941.000,4.707241752,11774067494008655569,333336,333336,11774067494008655569
44,64,bndmq,all,1,1,4,166668,150,100000000,100000800,123691,472660372,472814610,38559.500,30922.750,4.726565907,472698931.500,4.726951499,11774067494008655569,333336,333336,11774067494008655569
44,64,bndmq,all,2,1,4,166668,150,100000000,100000800,102601,471140231,471264903,31168.000,25650.250,4.711364619,471171399.000,4.711676297,11774067494008655569,333336,333336,11774067494008655569
44,64,bndmq,all,3,1,4,166668,150,100000000,100000800,99426,471533682,471663495,32453.250,24856.500,4.715299098,471566135.250,4.715623628,11774067494008655569,333336,333336,11774067494008655569
44,64,bndmq,all,4,1,4,166668,150,100000000,100000800,109725,464084185,464230077,36473.000,27431.250,4.640804724,464120658.000,4.641169451,11774067494008655569,333336,333336,11774067494008655569
44,64,hash,all,0,1,4,166668,150,100000000,100000800,21440,230663054,230687349,6073.750,5360.000,2.306612087,230669127.750,2.306672824,11774067494008655569,333336,333336,11774067494008655569
44,64,hash,all,1,1,4,166668,150,100000000,100000800,21651,225291812,225316759,6236.750,5412.750,2.252900097,225298048.750,2.252962464,11774067494008655569,333336,333336,11774067494008655569
44,64,hash,all,2,1,4,166668,150,100000000,100000800,13105,227487627,227504008,4095.250,3276.250,2.274858071,227491722.250,2.274899023,11774067494008655569,333336,333336,11774067494008655569
44,64,hash,all,3,1,4,166668,150,100000000,100000800,13235,232036746,232053097,4087.750,3308.750,2.320348897,232040833.750,2.320389774,11774067494008655569,333336,333336,11774067494008655569
44,64,hash,all,4,1,4,166668,150,100000000,100000800,16160,226524106,226544003,4974.250,4040.000,2.265222938,226529080.250,2.265272680,11774067494008655569,333336,333336,11774067494008655569
44,91,bndmq,all,0,1,3,222224,150,100000000,100000800,125264,651546558,651694715,49385.667,41754.667,6.515413457,651595943.667,6.515907309,12689668011779783608,333336,333336,12689668011779783608
44,91,bndmq,all,1,1,3,222224,150,100000000,100000800,142405,644379072,644560620,60516.000,47468.333,6.443739170,644439588.000,6.444344325,12689668011779783608,333336,333336,12689668011779783608
44,91,bndmq,all,2,1,3,222224,150,100000000,100000800,119684,624799253,624958611,53119.333,39894.667,6.247942546,624852372.333,6.248473736,12689668011779783608,333336,333336,12689668011779783608
44,91,bndmq,all,3,1,3,222224,150,100000000,100000800,127888,634181026,634348999,55991.000,42629.333,6.341759526,634237017.000,6.342319431,12689668011779783608,333336,333336,12689668011779783608
44,91,bndmq,all,4,1,3,222224,150,100000000,100000800,121577,629671563,629831421,53286.000,40525.667,6.296665257,629724849.000,6.297198112,12689668011779783608,333336,333336,12689668011779783608
44,91,hash,all,0,1,3,222224,150,100000000,100000800,23093,296276764,296302373,8536.333,7697.667,2.962743938,296285300.333,2.962829301,12689668011779783608,333336,333336,12689668011779783608
44,91,hash,all,1,1,3,222224,150,100000000,100000800,18314,298442786,298463664,6959.333,6104.667,2.984403985,298449745.333,2.984473578,12689668011779783608,333336,333336,12689668011779783608
44,91,hash,all,2,1,3,222224,150,100000000,100000800,14216,297512235,297529106,5623.667,4738.667,2.975098549,297517858.667,2.975154785,12689668011779783608,333336,333336,12689668011779783608
44,91,hash,all,3,1,3,222224,150,100000000,100000800,14066,297266210,297282841,5543.667,4688.667,2.972638319,297271753.667,2.972693755,12689668011779783608,333336,333336,12689668011779783608
44,91,hash,all,4,1,3,222224,150,100000000,100000800,14868,295155673,295173236,5854.333,4956.000,2.951533118,295161527.333,2.951591661,12689668011779783608,333336,333336,12689668011779783608
44,91,aho_corasick,all,0,1,3,222224,150,100000000,100000800,3187567,230109972,233334317,1074781.667,1062522.333,2.301081311,231184753.667,2.311829042,12689668011779783608,333336,333336,12689668011779783608
44,91,aho_corasick,all,1,1,3,222224,150,100000000,100000800,2972656,230829765,233837296,1002510.333,990885.333,2.308279184,231832275.333,2.318304207,12689668011779783608,333336,333336,12689668011779783608
44,91,aho_corasick,all,2,1,3,222224,150,100000000,100000800,2928663,229106275,232066358,986694.333,976221.000,2.291044422,230092969.333,2.300911286,12689668011779783608,333336,333336,12689668011779783608
44,91,aho_corasick,all,3,1,3,222224,150,100000000,100000800,2952712,231818730,234816505,999258.333,984237.333,2.318168755,232817988.333,2.328161258,12689668011779783608,333336,333336,12689668011779783608
44,91,aho_corasick,all,4,1,3,222224,150,100000000,100000800,2857832,231277309,234169715,964135.333,952610.667,2.312754588,232241444.333,2.322395864,12689668011779783608,333336,333336,12689668011779783608
45,32,bndmq,all,0,1,8,83334,150,100000000,100000800,281926,240434986,240738391,37925.625,35240.750,2.404330625,240472911.625,2.404709879,5242250811605597515,333336,333336,5242250811605597515
45,32,bndmq,all,1,1,8,83334,150,100000000,100000800,113702,233983849,234121395,17193.250,14212.750,2.339819771,234001042.250,2.339991703,5242250811605597515,333336,333336,5242250811605597515
45,32,bndmq,all,2,1,8,83334,150,100000000,100000800,64911,244692007,244783197,11398.750,8113.875,2.446900495,244703405.750,2.447014481,5242250811605597515,333336,333336,5242250811605597515
45,32,bndmq,all,3,1,8,83334,150,100000000,100000800,67966,241263651,241351123,10934.000,8495.750,2.412617209,241274585.000,2.412726548,5242250811605597515,333336,333336,5242250811605597515
45,32,bndmq,all,4,1,8,83334,150,100000000,100000800,63428,239425651,239509818,10520.875,7928.500,2.394237356,239436171.875,2.394342564,5242250811605597515,333336,333336,5242250811605597515
45,32,aho_corasick,all,0,1,8,83334,150,100000000,100000800,2695879,223297312,226023838,340815.750,336984.875,2.232955256,223638127.750,2.236363387,5242250811605597515,333336,333336,5242250811605597515
45,32,aho_corasick,all,1,1,8,83334,150,100000000,100000800,2869714,221765859,224668284,362803.125,358714.250,2.217640849,222128662.125,2.221268851,5242250811605597515,333336,333336,5242250811605597515
45,32,aho_corasick,all,2,1,8,83334,150,100000000,100000800,2528858,224087967,226649917,320243.750,316107.250,2.240861743,224408210.750,2.244064155,5242250811605597515,333336,333336,5242250811605597515
45,32,aho_corasick,all,3,1,8,83334,150,100000000,100000800,2542103,218007845,220586696,322356.375,317762.875,2.180061010,218330201.375,2.183284547,5242250811605597515,333336,333336,5242250811605597515
45,32,aho_corasick,all,4,1,8,83334,150,100000000,100000800,2768925,219625430,222430072,350580.250,346115.625,2.196236730,219976010.250,2.199742505,5242250811605597515,333336,333336,5242250811605597515
45,32,hash,all,0,1,8,83334,150,100000000,100000800,23624,213249020,213276862,3480.250,2953.000,2.132473140,213252500.250,2.132507942,5242250811605597515,333336,333336,5242250811605597515
45,32,hash,all,1,1,8,83334,150,100000000,100000800,24155,214563195,214591668,3559.125,3019.375,2.145614785,214566754.125,2.145650376,5242250811605597515,333336,333336,5242250811605597515
45,32,hash,all,2,1,8,83334,150,100000000,100000800,16130,217509935,217530152,2527.125,2016.250,2.175081949,217512462.125,2.175107220,5242250811605597515,333336,333336,5242250811605597515
45,32,hash,all,3,1,8,83334,150,100000000,100000800,17623,217340733,217362774,2755.125,2202.875,2.173389943,217343488.125,2.173417494,5242250811605597515,333336,333336,5242250811605597515
45,32,hash,all,4,1,8,83334,150,100000000,100000800,16691,218827763,218848341,2572.250,2086.375,2.188260124,218830335.250,2.188285846,5242250811605597515,333336,333336,5242250811605597515
45,64,bndmq,all,0,1,4,166668,150,100000000,100000800,117549,455562814,455719287,39118.250,29387.250,4.555591695,455601932.250,4.555982875,2909088540624206316,333336,333336,2909088540624206316
45,64,bndmq,all,1,1,4,166668,150,100000000,100000800,142215,462893544,463065384,42960.000,35553.750,4.628898409,462936504.000,4.629328005,2909088540624206316,333336,333336,2909088540624206316
45,64,bndmq,all,2,1,4,166668,150,100000000,100000800,114694,463791115,463932149,35258.500,28673.500,4.637874047,463826373.500,4.638226629,2909088540624206316,333336,333336,2909088540624206316
45,64,bndmq,all,3,1,4,166668,150,100000000,100000800,96790,458302682,458426693,31002.750,24197.500,4.582990156,458333684.750,4.583300181,2909088540624206316,333336,333336,2909088540624206316
45,64,bndmq,all,4,1,4,166668,150,100000000,100000800,97823,460176160,460303098,31734.500,24455.750,4.601724786,460207894.500,4.602042129,2909088540624206316,333336,333336,2909088540624206316
45,64,hash,all,0,1,4,166668,150,100000000,100000800,19807,244988942,245011765,5705.750,4951.750,2.449869821,244994647.750,2.449926878,2909088540624206316,333336,333336,2909088540624206316
45,64,hash,all,1,1,4,166668,150,100000000,100000800,20599,222398665,222422670,6001.250,5149.750,2.223968858,222404666.250,2.224028870,2909088540624206316,333336,333336,2909088540624206316
45,64,hash,all,2,1,4,166668,150,100000000,100000800,16511,222074677,222094354,4919.250,4127.750,2.220729004,222079596.250,2.220778196,2909088540624206316,333336,333336,2909088540624206316
45,64,hash,all,3,1,4,166668,150,100000000,100000800,13996,224374391,224391462,4267.750,3499.000,2.243725960,224378658.750,2.243768637,2909088540624206316,333336,333336,2909088540624206316
45,64,hash,all,4,1,4,166668,150,100000000,100000800,14216,224141014,224158306,4323.000,3554.000,2.241392209,224145337.000,2.241435439,2909088540624206316,333336,333336,2909088540624206316
45,64,aho_corasick,all,0,1,4,166668,150,100000000,100000800,2998394,225160396,228198353,759489.250,749598.500,2.251585947,225919885.250,2.259180779,2909088540624206316,333336,333336,2909088540624206316
45,64,aho_corasick,all,1,1,4,166668,150,100000000,100000800,3553089,228530164,232116335,896542.750,888272.250,2.285283358,229426706.750,2.294248714,2909088540624206316,333336,333336,2909088540624206316
45,64,aho_corasick,all,2,1,4,166668,150,100000000,100000800,2627121,231715000,234385392,667598.000,656780.250,2.317131463,232382598.000,2.323807390,2909088540624206316,333336,333336,2909088540624206316
45,64,aho_corasick,all,3,1,4,166668,150,100000000,100000800,2749710,227010757,229792247,695372.500,687427.500,2.270089409,227706129.500,2.277043079,2909088540624206316,333336,333336,2909088540624206316
45,64,aho_corasick,all,4,1,4,166668,150,100000000,100000800,2573591,227472784,230082282,652374.500,643397.750,2.274709642,228125158.500,2.281233335,2909088540624206316,333336,333336,2909088540624206316
46,32,bndmq,all,0,1,8,83334,150,100000000,100000800,225180,234197768,234445650,30985.250,28147.500,2.341958944,234228753.250,2.342268794,14073337220783904704,333336,333336,14073337220783904704
46,32,bndmq,all,1,1,8,83334,150,100000000,100000800,122519,242001090,242147743,18331.625,15314.875,2.419991540,242019421.625,2.420174855,14073337220783904704,333336,333336,14073337220783904704
46,32,bndmq,all,2,1,8,83334,150,100000000,100000800,62447,245386121,245478424,11537.875,7805.875,2.453841579,245397658.875,2.453956957,14073337220783904704,333336,333336,14073337220783904704
46,32,bndmq,all,3,1,8,83334,150,100000000,100000800,77124,241185264,241291833,13321.125,9640.500,2.411833345,241198585.125,2.411966556,14073337220783904704,333336,333336,14073337220783904704
46,32,bndmq,all,4,1,8,83334,150,100000000,100000800,76793,252357106,252460469,12920.375,9599.125,2.523550872,252370026.375,2.523680074,14073337220783904704,333336,333336,14073337220783904704
46,32,aho_corasick,all,0,1,8,83334,150,100000000,100000800,3094353,222945055,226075164,391263.625,386794.125,2.229432715,223336318.625,2.233345319,14073337220783904704,333336,333336,14073337220783904704
46,32,aho_corasick,all,1,1,8,83334,150,100000000,100000800,2803841,224449230,227288859,354953.625,350480.125,2.244474344,224804183.625,2.248023852,14073337220783904704,333336,333336,14073337220783904704
46,32,aho_corasick,all,2,1,8,83334,150,100000000,100000800,3107388,204460052,207603647,392949.375,388423.500,2.044584163,204853001.375,2.048513626,14073337220783904704,333336,333336,14073337220783904704
46,32,aho_corasick,all,3,1,8,83334,150,100000000,100000800,3203446,215111444,218353412,405246.000,400430.750,2.151097231,215516690.000,2.155149659,14073337220783904704,333336,333336,14073337220783904704
46,32,aho_corasick,all,4,1,8,83334,150,100000000,100000800,2692283,203196901,205926183,341160.250,336535.375,2.031952754,203538061.250,2.035364330,14073337220783904704,333336,333336,14073337220783904704
46,32,hash,all,0,1,8,83334,150,100000000,100000800,35497,215628134,215667938,4975.500,4437.125,2.156264090,215633109.500,2.156313844,14073337220783904704,333336,333336,14073337220783904704
46,32,hash,all,1,1,8,83334,150,100000000,100000800,23734,215807914,215835806,3486.500,2966.750,2.158061876,215811400.500,2.158096740,14073337220783904704,333336,333336,14073337220783904704
46,32,hash,all,2,1,8,83334,150,100000000,100000800,17132,224123838,224144997,2644.875,2141.500,2.241220450,224126482.875,2.241246899,14073337220783904704,333336,333336,14073337220783904704
46,32,hash,all,3,1,8,83334,150,100000000,100000800,16922,220021119,220041908,2598.625,2115.250,2.200193588,220023717.625,2.200219574,14073337220783904704,333336,333336,14073337220783904704
46,32,hash,all,4,1,8,83334,150,100000000,100000800,16350,218128804,218148901,2512.125,2043.750,2.181270590,218131316.125,2.181295711,14073337220783904704,333336,333336,14073337220783904704
46,45,bndmq,all,0,1,6,111112,150,100000000,100000800,201826,326146298,326350850,34092.000,33637.667,3.261436889,326180390.000,3.261777806,11703344805402602097,333336,333336,11703344805402602097
46,45,bndmq,all,1,1,6,111112,150,100000000,100000800,85750,338126713,338234904,18031.833,14291.667,3.381240080,338144744.833,3.381420397,11703344805402602097,333336,333336,11703344805402602097
46,45,bndmq,all,2,1,6,111112,150,100000000,100000800,56956,335008272,335086387,13019.167,9492.667,3.350055920,335021291.167,3.350186110,11703344805402602097,333336,333336,11703344805402602097
46,45,bndmq,all,3,1,6,111112,150,100000000,100000800,57187,328179745,328257090,12890.833,9531.167,3.281771196,328192635.833,3.281900103,11703344805402602097,333336,333336,11703344805402602097
46,45,bndmq,all,4,1,6,111112,150,100000000,100000800,57227,328264127,328343104,13162.833,9537.833,3.282615009,328277289.833,3.282746636,11703344805402602097,333336,333336,11703344805402602097
46,45,hash,all,0,1,6,111112,150,100000000,100000800,22071,240910740,240935927,4197.833,3678.500,2.409088127,240914937.833,2.409130105,11703344805402602097,333336,333336,11703344805402602097
46,45,hash,all,1,1,6,111112,150,100000000,100000800,24506,239653567,239681700,4688.833,4084.333,2.396516498,239658255.833,2.396563386,11703344805402602097,333336,333336,11703344805402602097
46,45,hash,all,2,1,6,111112,150,100000000,100000800,17503,246047561,246070123,3760.333,2917.167,2.460455926,246051321.333,2.460493529,11703344805402602097,333336,333336,11703344805402602097
46,45,hash,all,3,1,6,111112,150,100000000,100000800,866444,245077876,245948068,145032.000,144407.333,2.450759154,245222908.000,2.452209462,11703344805402602097,333336,333336,11703344805402602097
46,45,hash,all,4,1,6,111112,150,100000000,100000800,24054,247427545,247455507,4660.333,4009.000,2.474255656,247432205.333,2.474302259,11703344805402602097,333336,333336,11703344805402602097
46,45,aho_corasick,all,0,1,6,111112,150,100000000,100000800,2920749,225192550,228154035,493580.833,486791.500,2.251907485,225686130.833,2.256843254,11703344805402602097,333336,333336,11703344805402602097
46,45,aho_corasick,all,1,1,6,111112,150,100000000,100000800,2907925,223270276,226222413,492022.833,484654.167,2.232684899,223762298.833,2.237605087,11703344805402602097,333336,333336,11703344805402602097
46,45,aho_corasick,all,2,1,6,111112,150,100000000,100000800,3588785,221684323,225311830,604584.500,598130.833,2.216825495,222288907.500,2.222871292,11703344805402602097,333336,333336,11703344805402602097
46,45,aho_corasick,all,3,1,6,111112,150,100000000,100000800,3335673,221548934,224925744,562801.667,555945.500,2.215471616,222111735.667,2.221099588,11703344805402602097,333336,333336,11703344805402602097
46,45,aho_corasick,all,4,1,6,111112,150,100000000,100000800,3044720,216457722,219543799,514346.167,507453.333,2.164559904,216972068.167,2.169703324,11703344805402602097,333336,333336,11703344805402602097
46,64,hash,all,0,1,4,166668,150,100000000,100000800,19647,212733413,212755645,5558.000,4911.750,2.127317111,212738971.000,2.127372691,7149171284265078295,333336,333336,7149171284265078295
46,64,hash,all,1,1,4,166668,150,100000000,100000800,22692,215527922,215554120,6549.500,5673.000,2.155261978,215534471.500,2.155327472,7149171284265078295,333336,333336,7149171284265078295
46,64,hash,all,2,1,4,166668,150,100000000,100000800,14356,218550270,218568333,4515.750,3589.000,2.185485216,218554785.750,2.185530373,7149171284265078295,333336,333336,7149171284265078295
46,64,hash,all,3,1,4,166668,150,100000000,100000800,18365,215668769,215690310,5385.250,4591.250,2.156670437,215674154.250,2.156724289,7149171284265078295,333336,333336,7149171284265078295
46,64,hash,all,4,1,4,166668,150,100000000,100000800,13695,220121143,220138073,4232.500,3423.750,2.201193820,220125375.500,2.201236145,7149171284265078295,333336,333336,7149171284265078295
46,64,bndmq,all,0,1,4,166668,150,100000000,100000800,229788,464647478,464911580,66025.500,57447.000,4.646437608,464713503.500,4.647097858,7149171284265078295,333336,333336,7149171284265078295
46,64,bndmq,all,1,1,4,166668,150,100000000,100000800,111769,474565721,474701705,33996.000,27942.250,4.745619245,474599717.000,4.745959202,7149171284265078295,333336,333336,7149171284265078295
46,64,bndmq,all,2,1,4,166668,150,100000000,100000800,95649,465131916,465253693,30444.250,23912.250,4.651281950,465162360.250,4.651586390,7149171284265078295,333336,333336,7149171284265078295
46,64,bndmq,all,3,1,4,166668,150,100000000,100000800,95618,451908341,452026953,29653.000,23904.500,4.519047258,451937994.000,4.519343785,7149171284265078295,333336,333336,7149171284265078295
46,64,bndmq,all,4,1,4,166668,150,100000000,100000800,94266,463775842,463896817,30243.750,23566.500,4.637721318,463806085.750,4.638023753,7149171284265078295,333336,333336,7149171284265078295
46,64,aho_corasick,all,0,1,4,166668,150,100000000,100000800,2727779,227008931,229774731,691450.000,681944.750,2.270071149,227700381.000,2.276985594,7149171284265078295,333336,333336,7149171284265078295
46,64,aho_corasick,all,1,1,4,166668,150,100000000,100000800,3157649,226726631,229915950,797329.750,789412.250,2.267248172,227523960.750,2.275221406,7149171284265078295,333336,333336,7149171284265078295
46,64,aho_corasick,all,2,1,4,166668,150,100000000,100000800,3053707,223636927,226721934,771251.750,763426.750,2.236351379,224408178.750,2.244063835,7149171284265078295,333336,333336,7149171284265078295
46,64,aho_corasick,all,3,1,4,166668,150,100000000,100000800,2622883,224982490,227639557,664266.750,655720.750,2.249806902,225646756.750,2.256449516,7149171284265078295,333336,333336,7149171284265078295
46,64,aho_corasick,all,4,1,4,166668,150,100000000,100000800,3254093,229447586,232734871,821821.250,813523.250,2.294457504,230269407.250,2.302675651,7149171284265078295,333336,333336,7149171284265078295
48,23,hash,all,0,1,12,55556,150,100000000,100000800,26880,255498331,255528427,2508.000,2240.000,2.554962870,255500839.000,2.554987950,10522832238612516269,333336,333336,10522832238612516269
48,23,hash,all,1,1,12,55556,150,100000000,100000800,22422,257243727,257270357,2219.167,1868.500,2.572416691,257245946.167,2.572438882,10522832238612516269,333336,333336,10522832238612516269
48,23,hash,all,2,1,12,55556,150,100000000,100000800,20979,262398188,262423214,2085.500,1748.250,2.623960888,262400273.500,2.623981743,10522832238612516269,333336,333336,10522832238612516269
48,23,hash,all,3,1,12,55556,150,100000000,100000800,20599,258527404,258551660,2021.333,1716.583,2.585253358,258529425.333,2.585273571,10522832238612516269,333336,333336,10522832238612516269
48,23,hash,all,4,1,12,55556,150,100000000,100000800,19506,259561594,259585359,1980.417,1625.500,2.595595175,259563574.417,2.595614979,10522832238612516269,333336,333336,10522832238612516269
48,23,aho_corasick,all,0,1,12,55556,150,100000000,100000800,3691947,221311406,225038639,310602.750,307662.250,2.213096355,221622008.750,2.216202358,10522832238612516269,333336,333336,10522832238612516269
48,23,aho_corasick,all,1,1,12,55556,150,100000000,100000800,3161158,219071951,222270368,266534.750,263429.833,2.190701984,219338485.750,2.193367311,10522832238612516269,333336,333336,10522832238612516269
48,23,aho_corasick,all,2,1,12,55556,150,100000000,100000800,3022779,219999228,223060138,255075.833,251898.250,2.199974680,220254303.833,2.202525418,10522832238612516269,333336,333336,10522832238612516269
48,23,aho_corasick,all,3,1,12,55556,150,100000000,100000800,3686197,217756298,221472231,309661.083,307183.083,2.177545560,218065959.083,2.180642146,10522832238612516269,333336,333336,10522832238612516269
48,23,aho_corasick,all,4,1,12,55556,150,100000000,100000800,2953240,220110815,223103900,249423.750,246103.333,2.201090541,220360238.750,2.203584759,10522832238612516269,333336,333336,10522832238612516269
48,23,bndmq,all,0,1,12,55556,150,100000000,100000800,137667,181895185,182058159,13581.167,11472.250,1.818937299,181908766.167,1.819073109,10522832238612516269,333336,333336,10522832238612516269
48,23,bndmq,all,1,1,12,55556,150,100000000,100000800,90469,182797915,182916045,9844.167,7539.083,1.827964526,182807759.167,1.828062967,10522832238612516269,333336,333336,10522832238612516269
48,23,bndmq,all,2,1,12,55556,150,100000000,100000800,92964,186161396,186277954,9713.167,7747.000,1.861599067,186171109.167,1.861696198,10522832238612516269,333336,333336,10522832238612516269
48,23,bndmq,all,3,1,12,55556,150,100000000,100000800,86291,181215551,181325977,9202.167,7190.917,1.812141013,181224753.167,1.812233034,10522832238612516269,333336,333336,10522832238612516269
48,23,bndmq,all,4,1,12,55556,150,100000000,100000800,85429,189106419,189221152,9561.083,7119.083,1.891049062,189115980.083,1.891144672,10522832238612516269,333336,333336,10522832238612516269
48,27,bndmq,all,0,1,10,66668,150,100000000,100002000,262539,203452027,203736648,28462.100,26253.900,2.034479580,203480489.100,2.034764196,11753462395987383994,333340,333340,11753462395987383994
48,27,bndmq,all,1,1,10,66668,150,100000000,100002000,143859,200747773,200915316,16754.300,14385.900,2.007437581,200764527.300,2.007605121,11753462395987383994,333340,333340,11753462395987383994
48,27,bndmq,all,2,1,10,66668,150,100000000,100002000,78045,212820319,212925404,10508.500,7804.500,2.128160627,212830827.500,2.128265710,11753462395987383994,333340,333340,11753462395987383994
48,27,bndmq,all,3,1,10,66668,150,100000000,100002000,83025,221219104,221330552,11144.800,8302.500,2.212146797,221230248.800,2.212258243,11753462395987383994,333340,333340,11753462395987383994
48,27,bndmq,all,4,1,10,66668,150,100000000,100002000,89728,209992319,210105791,11347.200,8972.800,2.099881192,210003666.200,2.099994662,11753462395987383994,333340,333340,11753462395987383994
48,27,aho_corasick,all,0,1,10,66668,150,100000000,100002000,3144096,219982952,223156884,317393.200,314409.600,2.199785524,220300345.200,2.202959393,11753462395987383994,333340,333340,11753462395987383994
48,27,aho_corasick,all,1,1,10,66668,150,100000000,100002000,2937299,218225034,221203129,297809.500,293729.900,2.182206696,218522843.500,2.185184731,11753462395987383994,333340,333340,11753462395987383994
48,27,aho_corasick,all,2,1,10,66668,150,100000000,100002000,3825150,215846151,219703952,385780.100,382515.000,2.158418342,216231931.100,2.162276065,11753462395987383994,333340,333340,11753462395987383994
48,27,aho_corasick,all,3,1,10,66668,150,100000000,100002000,3137564,218197487,221367441,316995.400,313756.400,2.181931231,218514482.400,2.185101122,11753462395987383994,333340,333340,11753462395987383994
48,27,aho_corasick,all,4,1,10,66668,150,100000000,100002000,3542569,219262922,222839424,357650.200,354256.900,2.192585368,219620572.200,2.196161799,11753462395987383994,333340,333340,11753462395987383994
48,27,hash,all,0,1,10,66668,150,100000000,100002000,26630,313892767,313922643,2987.600,2663.000,3.138864893,313895754.600,3.138894768,11753462395987383994,333340,333340,11753462395987383994
48,27,hash,all,1,1,10,66668,150,100000000,100002000,27091,317821330,317851797,3046.700,2709.100,3.178149737,317824376.700,3.178180203,11753462395987383994,333340,333340,11753462395987383994
48,27,hash,all,2,1,10,66668,150,100000000,100002000,18785,317041167,317064190,2302.300,1878.500,3.170348263,317043469.300,3.170371286,11753462395987383994,333340,333340,11753462395987383994
48,27,hash,all,3,1,10,66668,150,100000000,100002000,21210,323492004,323516850,2484.600,2121.000,3.234855343,323494488.600,3.234880188,11753462395987383994,333340,333340,11753462395987383994
48,27,hash,all,4,1,10,66668,150,100000000,100002000,20558,304867682,304891596,2391.400,2055.800,3.048615848,304870073.400,3.048639761,11753462395987383994,333340,333340,11753462395987383994
48,29,aho_corasick,all,0,1,9,74076,150,100000000,100002600,3222281,221549534,224805477,361771.444,358031.222,2.215437739,221911305.444,2.219055359,15735353103811473115,333342,333342,15735353103811473115
48,29,aho_corasick,all,1,1,9,74076,150,100000000,100002600,3265143,218128614,221432609,367110.556,362793.667,2.181229428,218495724.556,2.184900438,15735353103811473115,333342,333342,15735353103811473115
48,29,aho_corasick,all,2,1,9,74076,150,100000000,100002600,3257942,222654216,225948365,366016.556,361993.556,2.226484271,223020232.556,2.230144342,15735353103811473115,333342,333342,15735353103811473115
48,29,aho_corasick,all,3,1,9,74076,150,100000000,100002600,2892417,213157097,216087084,325554.111,321379.667,2.131515551,213482651.111,2.134771007,15735353103811473115,333342,333342,15735353103811473115
48,29,aho_corasick,all,4,1,9,74076,150,100000000,100002600,3336594,213756434,217131800,375040.667,370732.667,2.137508765,214131474.667,2.141259074,15735353103811473115,333342,333342,15735353103811473115
48,29,hash,all,0,1,9,74076,150,100000000,100002600,38592,213053557,213095384,4647.444,4288.000,2.130480178,213058204.444,2.130526651,15735353103811473115,333342,333342,15735353103811473115
48,29,hash,all,1,1,9,74076,150,100000000,100002600,22853,212961920,212988610,2965.556,2539.222,2.129563831,212964885.556,2.129593486,15735353103811473115,333342,333342,15735353103811473115
48,29,hash,all,2,1,9,74076,150,100000000,100002600,26840,215938417,215969125,3412.000,2982.222,2.159328027,215941829.000,2.159362147,15735353103811473115,333342,333342,15735353103811473115
48,29,hash,all,3,1,9,74076,150,100000000,100002600,18544,213878309,213901052,2527.000,2060.444,2.138727483,213880836.000,2.138752752,15735353103811473115,333342,333342,15735353103811473115
48,29,hash,all,4,1,9,74076,150,100000000,100002600,18024,215635598,215657519,2435.667,2002.667,2.156299916,215638033.667,2.156324272,15735353103811473115,333342,333342,15735353103811473115
48,29,bndmq,all,0,1,9,74076,150,100000000,100002600,214961,217391276,217629400,26458.222,23884.556,2.173856240,217417734.222,2.174120815,15735353103811473115,333342,333342,15735353103811473115
48,29,bndmq,all,1,1,9,74076,150,100000000,100002600,127148,219133253,219286559,17034.000,14127.556,2.191275557,219150287.000,2.191445892,15735353103811473115,333342,333342,15735353103811473115
48,29,bndmq,all,2,1,9,74076,150,100000000,100002600,74128,222604459,222702121,10851.333,8236.444,2.225986714,222615310.333,2.226095225,15735353103811473115,333342,333342,15735353103811473115
48,29,bndmq,all,3,1,9,74076,150,100000000,100002600,67747,223583233,223675375,10238.000,7527.444,2.235774200,223593471.000,2.235876577,15735353103811473115,333342,333342,15735353103811473115
48,29,bndmq,all,4,1,9,74076,150,100000000,100002600,70031,224708679,224803887,10578.667,7781.222,2.247028367,224719257.667,2.247134151,15735353103811473115,333342,333342,15735353103811473115
48,45,hash,all,0,1,6,111112,150,100000000,100000800,22692,255482323,255508311,4331.333,3782.000,2.554802792,255486654.333,2.554846105,4004681029815183032,333336,333336,4004681029815183032
48,45,hash,all,1,1,6,111112,150,100000000,100000800,22382,267503905,267529803,4316.333,3730.333,2.675017650,267508221.333,2.675060813,4004681029815183032,333336,333336,4004681029815183032
48,45,hash,all,2,1,6,111112,150,100000000,100000800,17262,266961471,266982379,3484.667,2877.000,2.669593353,266964955.667,2.669628200,4004681029815183032,333336,333336,4004681029815183032
48,45,hash,all,3,1,6,111112,150,100000000,100000800,16782,264859274,264879643,3394.833,2797.000,2.648571551,264862668.833,2.648605499,4004681029815183032,333336,333336,4004681029815183032
48,45,hash,all,4,1,6,111112,150,100000000,100000800,21591,262211451,262236688,4206.167,3598.500,2.622093533,262215657.167,2.622135595,4004681029815183032,333336,333336,4004681029815183032
48,45,bndmq,all,0,1,6,111112,150,100000000,100000800,244456,324718193,324965164,41161.833,40742.667,3.247155953,324759354.833,3.247567568,4004681029815183032,333336,333336,4004681029815183032
48,45,bndmq,all,1,1,6,111112,150,100000000,100000800,140593,336103147,336262635,26581.333,23432.167,3.361004582,336129728.333,3.361270393,4004681029815183032,333336,333336,4004681029815183032
48,45,bndmq,all,2,1,6,111112,150,100000000,100000800,51046,337208745,337283616,12478.500,8507.667,3.372060474,337221223.500,3.372185258,4004681029815183032,333336,333336,4004681029815183032
48,45,bndmq,all,3,1,6,111112,150,100000000,100000800,60253,339470992,339554048,13842.667,10042.167,3.394682763,339484834.667,3.394821188,4004681029815183032,333336,333336,4004681029815183032
48,45,bndmq,all,4,1,6,111112,150,100000000,100000800,61204,334605834,334685823,13331.500,10200.667,3.346031572,334619165.500,3.346164886,4004681029815183032,333336,333336,4004681029815183032
48,45,aho_corasick,all,0,1,6,111112,150,100000000,100000800,3344139,220114792,223519073,567380.167,557356.500,2.201130311,220682172.167,2.206804067,4004681029815183032,333336,333336,4004681029815183032
48,45,aho_corasick,all,1,1,6,111112,150,100000000,100000800,3818552,216585480,220467831,647058.500,636425.333,2.165837473,217232538.500,2.172308007,4004681029815183032,333336,333336,4004681029815183032
48,45,aho_corasick,all,2,1,6,111112,150,100000000,100000800,5769604,217777636,223584089,967742.167,961600.667,2.177758938,218745378.167,2.187436282,4004681029815183032,333336,333336,4004681029815183032
48,45,aho_corasick,all,3,1,6,111112,150,100000000,100000800,2925287,214722665,217689450,494464.167,487547.833,2.147209472,215217129.167,2.152154074,4004681029815183032,333336,333336,4004681029815183032
48,45,aho_corasick,all,4,1,6,111112,150,100000000,100000800,3561318,214934202,218544141,601656.500,593553.000,2.149324825,215535858.500,2.155341342,4004681029815183032,333336,333336,4004681029815183032
48,54,aho_corasick,all,0,1,5,133334,150,100000000,100000500,3298655,230571917,233918011,669218.800,659731.000,2.305707641,231241135.800,2.312399796,3850704307314988923,333335,333335,3850704307314988923
48,54,aho_corasick,all,1,1,5,133334,150,100000000,100000500,3048217,230003322,233086574,616650.400,609643.400,2.300021720,230619972.400,2.306188193,3850704307314988923,333335,333335,3850704307314988923
48,54,aho_corasick,all,2,1,5,133334,150,100000000,100000500,3085136,221613425,224738545,625024.000,617027.200,2.216123169,222238449.000,2.222373378,3850704307314988923,333335,333335,3850704307314988923
48,54,aho_corasick,all,3,1,5,133334,150,100000000,100000500,3410573,222247475,225693243,689153.600,682114.600,2.222463638,222936628.600,2.229355139,3850704307314988923,333335,333335,3850704307314988923
48,54,aho_corasick,all,4,1,5,133334,150,100000000,100000500,3549099,221365664,224951883,717243.800,709819.800,2.213645572,222082907.800,2.220817974,3850704307314988923,333335,333335,3850704307314988923
48,54,bndmq,all,0,1,5,133334,150,100000000,100000500,355132,383594532,383951709,71435.400,71026.400,3.835926140,383665967.400,3.836640491,3850704307314988923,333335,333335,3850704307314988923
48,54,bndmq,all,1,1,5,133334,150,100000000,100000500,101669,400723074,400827649,20915.000,20333.800,4.007210704,400743989.000,4.007419853,3850704307314988923,333335,333335,3850704307314988923
48,54,bndmq,all,2,1,5,133334,150,100000000,100000500,40385,399243503,399286563,8612.000,8077.000,3.992415068,399252115.000,3.992501187,3850704307314988923,333335,333335,3850704307314988923
48,54,bndmq,all,3,1,5,133334,150,100000000,100000500,43772,386773998,386820124,9225.200,8754.400,3.867720641,386783223.200,3.867812893,3850704307314988923,333335,333335,3850704307314988923
48,54,bndmq,all,4,1,5,133334,150,100000000,100000500,51005,387159859,387213068,10641.800,10201.000,3.871579232,387170500.800,3.871685650,3850704307314988923,333335,333335,3850704307314988923
48,54,hash,all,0,1,5,133334,150,100000000,100000500,35837,375981353,376020446,7818.600,7167.400,3.759794731,375989171.600,3.759872917,3850704307314988923,333335,333335,3850704307314988923
48,54,hash,all,1,1,5,133334,150,100000000,100000500,25708,385573643,385602497,5770.800,5141.600,3.855717151,385579413.800,3.855774859,3850704307314988923,333335,333335,3850704307314988923
48,54,hash,all,2,1,5,133334,150,100000000,100000500,16591,385824947,385844493,3909.200,3318.200,3.858230179,385828856.200,3.858269271,3850704307314988923,333335,333335,3850704307314988923
48,54,hash,all,3,1,5,133334,150,100000000,100000500,16360,376657903,376677489,3917.200,3272.000,3.766560197,376661820.200,3.766599369,3850704307314988923,333335,333335,3850704307314988923
48,54,hash,all,4,1,5,133334,150,100000000,100000500,17002,375095451,375115528,4015.400,3400.400,3.750935755,375099466.400,3.750975909,3850704307314988923,333335,333335,3850704307314988923
48,59,bndmq,all,0,1,5,133334,150,100000000,100000500,262850,418013624,418278949,53065.000,52570.000,4.180115339,418066689.000,4.180645987,7468255341852350013,333335,333335,7468255341852350013
48,59,bndmq,all,1,1,5,133334,150,100000000,100000500,151293,431252157,431405574,30683.400,30258.600,4.312500007,431282840.400,4.312806840,7468255341852350013,333335,333335,7468255341852350013
48,59,bndmq,all,2,1,5,133334,150,100000000,100000500,41648,427419704,427464137,8886.600,8329.600,4.274175669,427428590.600,4.274264535,7468255341852350013,333335,333335,7468255341852350013
48,59,bndmq,all,3,1,5,133334,150,100000000,100000500,42168,427465576,427510569,8998.600,8433.600,4.274634387,427474574.600,4.274724372,7468255341852350013,333335,333335,7468255341852350013
48,59,bndmq,all,4,1,5,133334,150,100000000,100000500,44102,431907437,431953993,9311.200,8820.400,4.319052775,431916748.200,4.319145886,7468255341852350013,333335,333335,7468255341852350013
48,59,hash,all,0,1,5,133334,150,100000000,100000500,47348,208105910,208157386,10295.200,9469.600,2.081048695,208116205.200,2.081151646,7468255341852350013,333335,333335,7468255341852350013
48,59,hash,all,1,1,5,133334,150,100000000,100000500,27391,219334800,219366168,6273.600,5478.200,2.193337033,219341073.600,2.193399769,7468255341852350013,333335,333335,7468255341852350013
48,59,hash,all,2,1,5,133334,150,100000000,100000500,21841,221909424,221935744,5264.000,4368.200,2.219083145,221914688.000,2.219135784,7468255341852350013,333335,333335,7468255341852350013
48,59,hash,all,3,1,5,133334,150,100000000,100000500,21520,214154697,214181076,5275.800,4304.000,2.141536262,214159972.800,2.141589020,7468255341852350013,333335,333335,7468255341852350013
48,59,hash,all,4,1,5,133334,150,100000000,100000500,23393,218372634,218399313,5335.800,4678.600,2.183715421,218377969.800,2.183768779,7468255341852350013,333335,333335,7468255341852350013
48,59,aho_corasick,all,0,1,5,133334,150,100000000,100000500,3597471,226213951,229855676,728345.000,719494.200,2.262128199,226942296.000,2.269411613,7468255341852350013,333335,333335,7468255341852350013
48,59,aho_corasick,all,1,1,5,133334,150,100000000,100000500,3526279,225924483,229513569,717817.200,705255.800,2.259233534,226642300.200,2.266411670,7468255341852350013,333335,333335,7468255341852350013
48,59,aho_corasick,all,2,1,5,133334,150,100000000,100000500,5212834,224233671,229492651,1051796.000,1042566.800,2.242325498,225285467.000,2.252843406,7468255341852350013,333335,333335,7468255341852350013
48,59,aho_corasick,all,3,1,5,133334,150,100000000,100000500,3292030,226138746,229466643,665579.400,658406.000,2.261376153,226804325.400,2.268031914,7468255341852350013,333335,333335,7468255341852350013
48,59,aho_corasick,all,4,1,5,133334,150,100000000,100000500,3221169,221071642,224330501,651771.800,644233.800,2.210705366,221723413.800,2.217223052,7468255341852350013,333335,333335,7468255341852350013
50,32,aho_corasick,all,0,1,8,83334,150,100000000,100000800,3461859,225573516,229068888,436921.500,432732.375,2.255717114,226010437.500,2.260086294,14805220529452797845,333336,333336,14805220529452797845
50,32,aho_corasick,all,1,1,8,83334,150,100000000,100000800,3462300,222498364,226047916,443694.000,432787.500,2.224965840,222942058.000,2.229402745,14805220529452797845,333336,333336,14805220529452797845
50,32,aho_corasick,all,2,1,8,83334,150,100000000,100000800,3135629,217077820,220251782,396745.250,391953.625,2.170760834,217474565.250,2.174728255,14805220529452797845,333336,333336,14805220529452797845
50,32,aho_corasick,all,3,1,8,83334,150,100000000,100000800,2942099,218269670,221245311,371955.125,367762.375,2.182679239,218641625.125,2.186398760,14805220529452797845,333336,333336,14805220529452797845
50,32,aho_corasick,all,4,1,8,83334,150,100000000,100000800,2920348,221791833,224749471,369704.750,365043.500,2.217900587,222161537.750,2.221597605,14805220529452797845,333336,333336,14805220529452797845
50,32,hash,all,0,1,8,83334,150,100000000,100000800,24787,214102339,214130903,3570.500,3098.375,2.141006262,214105909.500,2.141041967,14805220529452797845,333336,333336,14805220529452797845
50,32,hash,all,1,1,8,83334,150,100000000,100000800,21811,216569733,216595301,3196.000,2726.375,2.165680005,216572929.000,2.165711964,14805220529452797845,333336,333336,14805220529452797845
50,32,hash,all,2,1,8,83334,150,100000000,100000800,18555,218735982,218759225,2905.375,2319.375,2.187342321,218738887.375,2.187371375,14805220529452797845,333336,333336,14805220529452797845
50,32,hash,all,3,1,8,83334,150,100000000,100000800,24946,217751616,217780169,3569.125,3118.250,2.177498740,217755185.125,2.177534431,14805220529452797845,333336,333336,14805220529452797845
50,32,hash,all,4,1,8,83334,150,100000000,100000800,27080,215167028,215198115,3885.875,3385.000,2.151653067,215170913.875,2.151691925,14805220529452797845,333336,333336,14805220529452797845
50,32,bndmq,all,0,1,8,83334,150,100000000,100000800,120364,244579066,244721993,17865.875,15045.500,2.445771094,244596931.875,2.445949751,14805220529452797845,333336,333336,14805220529452797845
50,32,bndmq,all,1,1,8,83334,150,100000000,100000800,75591,240552055,240651300,12405.625,9448.875,2.405501306,240564460.625,2.405625361,14805220529452797845,333336,333336,14805220529452797845
50,32,bndmq,all,2,1,8,83334,150,100000000,100000800,61845,245171268,245256016,10593.500,7730.625,2.451693066,245181861.500,2.451799001,14805220529452797845,333336,333336,14805220529452797845
50,32,bndmq,all,3,1,8,83334,150,100000000,100000800,63328,244419608,244510918,11413.750,7916.000,2.444176527,244431021.750,2.444290663,14805220529452797845,333336,333336,14805220529452797845
50,32,bndmq,all,4,1,8,83334,150,100000000,100000800,69821,248738906,248833463,11819.625,8727.625,2.487369161,248750725.625,2.487487356,14805220529452797845,333336,333336,14805220529452797845
52,32,aho_corasick,all,0,1,8,83334,150,100000000,100000800,3678893,225936233,229648568,464041.875,459861.625,2.259344255,226400274.875,2.263984637,10652080473344920095,333336,333336,10652080473344920095
52,32,aho_corasick,all,1,1,8,83334,150,100000000,100000800,3394735,223257262,226687092,428728.750,424341.875,2.232554760,223685990.750,2.236842013,10652080473344920095,333336,333336,10652080473344920095
52,32,aho_corasick,all,2,1,8,83334,150,100000000,100000800,3234004,220004827,223275720,408861.625,404250.500,2.200030670,220413688.625,2.204119253,10652080473344920095,333336,333336,10652080473344920095
52,32,aho_corasick,all,3,1,8,83334,150,100000000,100000800,3175044,223366225,226579560,401666.875,396880.500,2.233644381,223767891.875,2.237661017,10652080473344920095,333336,333336,10652080473344920095
52,32,aho_corasick,all,4,1,8,83334,150,100000000,100000800,3015185,221872444,224924087,381455.375,376898.125,2.218706690,222253899.375,2.222521214,10652080473344920095,333336,333336,10652080473344920095
52,32,bndmq,all,0,1,8,83334,150,100000000,100000800,263391,242077757,242363149,35674.000,32923.875,2.420758204,242113431.000,2.421114941,10652080473344920095,333336,333336,10652080473344920095
52,32,bndmq,all,1,1,8,83334,150,100000000,100000800,124733,244032540,244184524,18998.000,15591.625,2.440305878,244051538.000,2.440495856,10652080473344920095,333336,333336,10652080473344920095
52,32,bndmq,all,2,1,8,83334,150,100000000,100000800,65933,245726143,245817063,11365.000,8241.625,2.457241772,245737508.000,2.457355421,10652080473344920095,333336,333336,10652080473344920095
52,32,bndmq,all,3,1,8,83334,150,100000000,100000800,67356,250724901,250814849,11243.500,8419.500,2.507228952,250736144.500,2.507341386,10652080473344920095,333336,333336,10652080473344920095
52,32,bndmq,all,4,1,8,83334,150,100000000,100000800,65412,246805341,246895269,11241.000,8176.500,2.468033666,246816582.000,2.468146075,10652080473344920095,333336,333336,10652080473344920095
52,32,hash,all,0,1,8,83334,150,100000000,100000800,27171,210851685,210882924,3904.875,3396.375,2.108499982,210855589.875,2.108539030,10652080473344920095,333336,333336,10652080473344920095
52,32,hash,all,1,1,8,83334,150,100000000,100000800,22141,212473569,212499577,3251.000,2767.625,2.124718692,212476820.000,2.124751202,10652080473344920095,333336,333336,10652080473344920095
52,32,hash,all,2,1,8,83334,150,100000000,100000800,25247,213045317,213074392,3634.375,3155.875,2.130436127,213048951.375,2.130472470,10652080473344920095,333336,333336,10652080473344920095
52,32,hash,all,3,1,8,83334,150,100000000,100000800,18865,214123990,214147053,2882.875,2358.125,2.141222770,214126872.875,2.141251599,10652080473344920095,333336,333336,10652080473344920095
52,32,hash,all,4,1,8,83334,150,100000000,100000800,18033,218138099,218159949,2731.250,2254.125,2.181363539,218140830.250,2.181390851,10652080473344920095,333336,333336,10652080473344920095
54,32,aho_corasick,all,0,1,8,83334,150,100000000,100000800,3367502,223237059,226638985,425240.750,420937.750,2.232352731,223662299.750,2.236605105,8572461483709435449,333336,333336,8572461483709435449
54,32,aho_corasick,all,1,1,8,83334,150,100000000,100000800,3194780,218785459,222016546,403885.875,399347.500,2.187837087,219189344.875,2.191875914,8572461483709435449,333336,333336,8572461483709435449
54,32,aho_corasick,all,2,1,8,83334,150,100000000,100000800,3069737,217482063,220592455,388799.000,383717.125,2.174803232,217870862.000,2.178691190,8572461483709435449,333336,333336,8572461483709435449
54,32,aho_corasick,all,3,1,8,83334,150,100000000,100000800,3061482,215078238,218178642,387550.500,382685.250,2.150765174,215465788.500,2.154640648,8572461483709435449,333336,333336,8572461483709435449
54,32,aho_corasick,all,4,1,8,83334,150,100000000,100000800,3190031,217966521,221190174,402956.625,398753.875,2.179647773,218369477.625,2.183677307,8572461483709435449,333336,333336,8572461483709435449
54,32,bndmq,all,0,1,8,83334,150,100000000,100000800,240499,173468133,173729130,32624.625,30062.375,1.734667453,173500757.625,1.734993696,8572461483709435449,333336,333336,8572461483709435449
54,32,bndmq,all,1,1,8,83334,150,100000000,100000800,122618,174095888,174238174,17785.750,15327.250,1.740944952,174113673.750,1.741122809,8572461483709435449,333336,333336,8572461483709435449
54,32,bndmq,all,2,1,8,83334,150,100000000,100000800,64841,182120736,182209351,11076.875,8105.125,1.821192790,182131812.875,1.821303558,8572461483709435449,333336,333336,8572461483709435449
54,32,bndmq,all,3,1,8,83334,150,100000000,100000800,64771,181652442,181740206,10970.500,8096.375,1.816509888,181663412.500,1.816619592,8572461483709435449,333336,333336,8572461483709435449
54,32,bndmq,all,4,1,8,83334,150,100000000,100000800,65192,179255131,179346312,11397.625,8149.000,1.792536970,179266528.625,1.792650945,8572461483709435449,333336,333336,8572461483709435449
54,32,hash,all,0,1,8,83334,150,100000000,100000800,31208,212504882,212539256,4296.750,3901.000,2.125031820,212509178.750,2.125074787,8572461483709435449,333336,333336,8572461483709435449
54,32,hash,all,1,1,8,83334,150,100000000,100000800,27512,207288042,207319110,3883.500,3439.000,2.072863837,207291925.500,2.072902672,8572461483709435449,333336,333336,8572461483709435449
54,32,hash,all,2,1,8,83334,150,100000000,100000800,20909,206778739,206803375,3079.500,2613.625,2.067770848,206781818.500,2.067801643,8572461483709435449,333336,333336,8572461483709435449
54,32,hash,all,3,1,8,83334,150,100000000,100000800,18515,212196942,212219224,2785.250,2314.375,2.121952444,212199727.250,2.121980297,8572461483709435449,333336,333336,8572461483709435449
54,32,hash,all,4,1,8,83334,150,100000000,100000800,20889,213476484,213501311,3103.375,2611.125,2.134747762,213479587.375,2.134778796,8572461483709435449,333336,333336,8572461483709435449
56,32,bndmq,all,0,1,8,83334,150,100000000,100000800,135944,180245511,180402494,19622.875,16993.000,1.802440690,180265133.875,1.802636918,15637553090399845316,333336,333336,15637553090399845316
56,32,bndmq,all,1,1,8,83334,150,100000000,100000800,68989,180448135,180543403,11908.500,8623.625,1.804466914,180460043.500,1.804585998,15637553090399845316,333336,333336,15637553090399845316
56,32,bndmq,all,2,1,8,83334,150,100000000,100000800,67857,176608630,176705020,12048.750,8482.125,1.766072171,176620678.750,1.766192658,15637553090399845316,333336,333336,15637553090399845316
56,32,bndmq,all,3,1,8,83334,150,100000000,100000800,82183,177644072,177749709,13204.625,10272.875,1.776426509,177657276.625,1.776558554,15637553090399845316,333336,333336,15637553090399845316
56,32,bndmq,all,4,1,8,83334,150,100000000,100000800,68258,179961469,180060214,12343.125,8532.250,1.799600293,179973812.125,1.799723723,15637553090399845316,333336,333336,15637553090399845316
56,32,hash,all,0,1,8,83334,150,100000000,100000800,37740,216763172,216804989,5227.125,4717.500,2.167614379,216768399.125,2.167666650,15637553090399845316,333336,333336,15637553090399845316
56,32,hash,all,1,1,8,83334,150,100000000,100000800,24335,212672099,212700051,3494.000,3041.875,2.126703976,212675593.000,2.126738916,15637553090399845316,333336,333336,15637553090399845316
56,32,hash,all,2,1,8,83334,150,100000000,100000800,19136,215243476,215266129,2831.625,2392.000,2.152417541,215246307.625,2.152445857,15637553090399845316,333336,333336,15637553090399845316
56,32,hash,all,3,1,8,83334,150,100000000,100000800,19997,210113330,210136523,2899.125,2499.625,2.101116491,210116229.125,2.101145482,15637553090399845316,333336,333336,15637553090399845316
56,32,hash,all,4,1,8,83334,150,100000000,100000800,19106,221724738,221747721,2872.875,2388.250,2.217229642,221727610.875,2.217258371,15637553090399845316,333336,333336,15637553090399845316
56,32,aho_corasick,all,0,1,8,83334,150,100000000,100000800,3838350,224289531,228171172,485205.125,479793.750,2.242877367,224774736.125,2.247729379,15637553090399845316,333336,333336,15637553090399845316
56,32,aho_corasick,all,1,1,8,83334,150,100000000,100000800,3246346,220188230,223479200,411371.250,405793.250,2.201864685,220599601.250,2.205978365,15637553090399845316,333336,333336,15637553090399845316
56,32,aho_corasick,all,2,1,8,83334,150,100000000,100000800,3570058,215373049,218988652,451950.375,446257.250,2.153713260,215824999.375,2.158232728,15637553090399845316,333336,333336,15637553090399845316
56,32,aho_corasick,all,3,1,8,83334,150,100000000,100000800,3209287,217828517,221086506,407248.625,401160.875,2.178267744,218235765.625,2.182340198,15637553090399845316,333336,333336,15637553090399845316
56,32,aho_corasick,all,4,1,8,83334,150,100000000,100000800,3271924,219357437,222678061,415078.000,408990.500,2.193556822,219772515.000,2.197707568,15637553090399845316,333336,333336,15637553090399845316
6,3,bndmq,all,0,1,64,10418,150,100000000,100012800,121818,241886414,242036664,2347.656,1903.406,2.418554565,241888761.656,2.418578039,4245997940607039866,366914,404116,4245997940607039866
6,3,bndmq,all,1,1,64,10418,150,100000000,100012800,110415,246612523,246749519,2140.562,1725.234,2.465809606,246614663.562,2.465831009,4245997940607039866,366914,404116,4245997940607039866
6,3,bndmq,all,2,1,64,10418,150,100000000,100012800,91681,247328257,247448180,1873.797,1432.516,2.472966030,247330130.797,2.472984766,4245997940607039866,366914,404116,4245997940607039866
6,3,bndmq,all,3,1,64,10418,150,100000000,100012800,89998,241070725,241188745,1844.062,1406.219,2.410398719,241072569.062,2.410417157,4245997940607039866,366914,404116,4245997940607039866
6,3,bndmq,all,4,1,64,10418,150,100000000,100012800,89276,246000344,246115498,1799.281,1394.938,2.459688600,246002143.281,2.459706590,4245997940607039866,366914,404116,4245997940607039866
6,3,aho_corasick,all,0,1,64,10418,150,100000000,100012800,897294,360178682,361096244,14336.906,14020.219,3.601325850,360193018.906,3.601469201,4245997940607039866,366914,404116,4245997940607039866
6,3,aho_corasick,all,1,1,64,10418,150,100000000,100012800,1082350,365953390,367056949,17243.109,16911.719,3.659065540,365970633.109,3.659237949,4245997940607039866,366914,404116,4245997940607039866
6,3,aho_corasick,all,2,1,64,10418,150,100000000,100012800,848213,366867374,367739742,13630.750,13253.328,3.668204210,366881004.750,3.668340500,4245997940607039866,366914,404116,4245997940607039866
6,3,aho_corasick,all,3,1,64,10418,150,100000000,100012800,850397,358161981,359038717,13699.000,13287.453,3.581161421,358175680.000,3.581298394,4245997940607039866,366914,404116,4245997940607039866
6,3,aho_corasick,all,4,1,64,10418,150,100000000,100012800,837563,368942665,369807719,13516.469,13086.922,3.688954464,368956181.469,3.689089611,4245997940607039866,366914,404116,4245997940607039866
6,3,hash,all,0,1,64,10418,150,100000000,100012800,23313,224098652,224125462,418.906,364.266,2.240699710,224099070.906,2.240703899,4245997940607039866,366914,404116,4245997940607039866
6,3,hash,all,1,1,64,10418,150,100000000,100012800,23414,217691485,217718285,418.750,365.844,2.176636241,217691903.750,2.176640428,4245997940607039866,366914,404116,4245997940607039866
6,3,hash,all,2,1,64,10418,150,100000000,100012800,17322,220821978,220843718,339.688,270.656,2.207937164,220822317.688,2.207940560,4245997940607039866,366914,404116,4245997940607039866
6,3,hash,all,3,1,64,10418,150,100000000,100012800,16331,221976312,221997011,323.422,255.172,2.219479027,221976635.422,2.219482260,4245997940607039866,366914,404116,4245997940607039866
6,3,hash,all,4,1,64,10418,150,100000000,100012800,15960,218495647,218516246,321.859,249.375,2.184676831,218495968.859,2.184680050,4245997940607039866,366914,404116,4245997940607039866
64,35,bndmq,all,0,1,8,83334,150,100000000,100000800,131375,190461086,190615273,19273.375,16421.875,1.904595623,190480359.375,1.904788355,2303370813708423828,333336,333336,2303370813708423828
64,35,bndmq,all,1,1,8,83334,150,100000000,100000800,75231,195714051,195813267,12402.000,9403.875,1.957124853,195726453.000,1.957248872,2303370813708423828,333336,333336,2303370813708423828
64,35,bndmq,all,2,1,8,83334,150,100000000,100000800,80190,190782696,190886360,12958.000,10023.750,1.907811698,190795654.000,1.907941276,2303370813708423828,333336,333336,2303370813708423828
64,35,bndmq,all,3,1,8,83334,150,100000000,100000800,72114,192922366,193016321,11744.375,9014.250,1.929208226,192934110.375,1.929325669,2303370813708423828,333336,333336,2303370813708423828
64,35,bndmq,all,4,1,8,83334,150,100000000,100000800,70031,194057362,194152580,11902.250,8753.875,1.940558096,194069264.250,1.940677117,2303370813708423828,333336,333336,2303370813708423828
64,35,hash,all,0,1,8,83334,150,100000000,100000800,31258,201666202,201701277,4384.375,3907.250,2.016645887,201670586.375,2.016689730,2303370813708423828,333336,333336,2303370813708423828
64,35,hash,all,1,1,8,83334,150,100000000,100000800,31168,205972167,206006842,4334.375,3896.000,2.059705192,205976501.375,2.059748536,2303370813708423828,333336,333336,2303370813708423828
64,35,hash,all,2,1,8,83334,150,100000000,100000800,23433,204744456,204771425,3371.125,2929.125,2.047428181,204747827.125,2.047461892,2303370813708423828,333336,333336,2303370813708423828
64,35,hash,all,3,1,8,83334,150,100000000,100000800,23654,206330396,206357767,3421.375,2956.750,2.063287454,206333817.375,2.063321667,2303370813708423828,333336,333336,2303370813708423828
64,35,hash,all,4,1,8,83334,150,100000000,100000800,23775,205341277,205379558,4785.125,2971.875,2.053396343,205346062.125,2.053444194,2303370813708423828,333336,333336,2303370813708423828
64,35,aho_corasick,all,0,1,8,83334,150,100000000,100000800,4705778,220310423,225070312,594986.125,588222.250,2.203086605,220905409.125,2.209036419,2303370813708423828,333336,333336,2303370813708423828
64,35,aho_corasick,all,1,1,8,83334,150,100000000,100000800,4588591,223977729,228622675,580618.250,573573.875,2.239759372,224558347.250,2.245565508,2303370813708423828,333336,333336,2303370813708423828
64,35,aho_corasick,all,2,1,8,83334,150,100000000,100000800,4179647,218579405,222804677,528159.000,522455.875,2.185776564,219107564.000,2.191058112,2303370813708423828,333336,333336,2303370813708423828
64,35,aho_corasick,all,3,1,8,83334,150,100000000,100000800,4108755,222445713,226603710,519749.625,513594.375,2.224439334,222965462.625,2.229636789,2303370813708423828,333336,333336,2303370813708423828
64,35,aho_corasick,all,4,1,8,83334,150,100000000,100000800,4054364,219783706,223882253,512318.375,506795.500,2.197819477,220296024.375,2.202942620,2303370813708423828,333336,333336,2303370813708423828
64,38,hash,all,0,1,7,95240,150,100000000,100002000,28924,203373852,203405501,4521.286,4132.000,2.033697846,203378373.286,2.033743058,10503368139271327029,333340,333340,10503368139271327029
64,38,hash,all,1,1,7,95240,150,100000000,100002000,26861,210123344,210153771,4346.714,3837.286,2.101191416,210127690.714,2.101234882,10503368139271327029,333340,333340,10503368139271327029
64,38,hash,all,2,1,7,95240,150,100000000,100002000,23213,215763972,215790821,3835.571,3316.143,2.157596568,215767807.571,2.157634923,10503368139271327029,333340,333340,10503368139271327029
64,38,hash,all,3,1,7,95240,150,100000000,100002000,23033,213999455,214025523,3724.000,3290.429,2.139951751,214003179.000,2.139988990,10503368139271327029,333340,333340,10503368139271327029
64,38,hash,all,4,1,7,95240,150,100000000,100002000,23023,222145754,222172574,3831.429,3289.000,2.221413112,222149585.429,2.221451425,10503368139271327029,333340,333340,10503368139271327029
64,38,bndmq,all,0,1,7,95240,150,100000000,100002000,231262,218065251,218320748,36499.571,33037.429,2.180608898,218101750.571,2.180973886,10503368139271327029,333340,333340,10503368139271327029
64,38,bndmq,all,1,1,7,95240,150,100000000,100002000,103382,254719167,254848839,18524.571,14768.857,2.547140727,254737691.571,2.547325969,10503368139271327029,333340,333340,10503368139271327029
64,38,bndmq,all,2,1,7,95240,150,100000000,100002000,81342,575778353,575924155,20828.857,11620.286,5.757668377,575799181.857,5.757876661,10503368139271327029,333340,333340,10503368139271327029
64,38,bndmq,all,3,1,7,95240,150,100000000,100002000,86662,426032051,426168456,19486.429,12380.286,4.260235305,426051537.429,4.260430166,10503368139271327029,333340,333340,10503368139271327029
64,38,bndmq,all,4,1,7,95240,150,100000000,100002000,79188,337840463,337943746,14754.714,11312.571,3.378337063,337855217.714,3.378484607,10503368139271327029,333340,333340,10503368139271327029
64,38,aho_corasick,all,0,1,7,95240,150,100000000,100002000,6182464,232085286,238351147,895123.000,883209.143,2.320806444,232980409.000,2.329757495,10503368139271327029,333340,333340,10503368139271327029
64,38,aho_corasick,all,1,1,7,95240,150,100000000,100002000,4409427,230463070,234930305,638176.429,629918.143,2.304584608,231101246.429,2.310966245,10503368139271327029,333340,333340,10503368139271327029
64,38,aho_corasick,all,2,1,7,95240,150,100000000,100002000,3843400,228057242,231939735,554641.857,549057.143,2.280526809,228611883.857,2.286073117,10503368139271327029,333340,333340,10503368139271327029
64,38,aho_corasick,all,3,1,7,95240,150,100000000,100002000,3978051,220499423,224522529,574729.429,568293.000,2.204950131,221074152.429,2.210697310,10503368139271327029,333340,333340,10503368139271327029
64,38,aho_corasick,all,4,1,7,95240,150,100000000,100002000,4512171,219867633,224426491,651265.429,644595.857,2.198632357,220518898.429,2.205144881,10503368139271327029,333340,333340,10503368139271327029
64,41,hash,all,0,1,7,95240,150,100000000,100002000,31268,210322751,210357485,4962.000,4466.857,2.103185446,210327713.000,2.103235065,11306899675152434134,333340,333340,11306899675152434134
64,41,hash,all,1,1,7,95240,150,100000000,100002000,33262,213218049,213255459,5344.286,4751.714,2.132137847,213223393.286,2.132191289,11306899675152434134,333340,333340,11306899675152434134
64,41,hash,all,2,1,7,95240,150,100000000,100002000,23203,220092467,220119638,3881.571,3314.714,2.200880652,220096348.571,2.200919467,11306899675152434134,333340,333340,11306899675152434134
64,41,hash,all,3,1,7,95240,150,100000000,100002000,23564,219601996,219628836,3834.286,3366.286,2.195976040,219605830.286,2.196014383,11306899675152434134,333340,333340,11306899675152434134
64,41,hash,all,4,1,7,95240,150,100000000,100002000,24025,220869882,220897514,3947.429,3432.143,2.208654647,220873829.429,2.208694120,11306899675152434134,333340,333340,11306899675152434134
64,41,aho_corasick,all,0,1,7,95240,150,100000000,100002000,4790006,214763163,219619382,693745.571,684286.571,2.147588678,215456908.571,2.154525995,11306899675152434134,333340,333340,11306899675152434134
64,41,aho_corasick,all,1,1,7,95240,150,100000000,100002000,4554878,213920358,218515040,656383.143,650696.857,2.139160797,214576741.143,2.145724497,11306899675152434134,333340,333340,11306899675152434134
64,41,aho_corasick,all,2,1,7,95240,150,100000000,100002000,4973699,218388891,223402875,716283.429,710528.429,2.183845233,219105174.429,2.191007924,11306899675152434134,333340,333340,11306899675152434134
64,41,aho_corasick,all,3,1,7,95240,150,100000000,100002000,4320580,220875832,225240885,623579.000,617225.714,2.208714146,221499411.000,2.214949811,11306899675152434134,333340,333340,11306899675152434134
64,41,aho_corasick,all,4,1,7,95240,150,100000000,100002000,4090621,218085098,222215673,590082.143,584374.429,2.180807364,218675180.143,2.186708067,11306899675152434134,333340,333340,11306899675152434134
64,41,bndmq,all,0,1,7,95240,150,100000000,100002000,131165,224696006,224846647,21520.143,18737.857,2.246915122,224717526.143,2.247130319,11306899675152434134,333340,333340,11306899675152434134
64,41,bndmq,all,1,1,7,95240,150,100000000,100002000,68789,231824388,231911270,12411.714,9827.000,2.318197516,231836799.714,2.318321631,11306899675152434134,333340,333340,11306899675152434134
64,41,bndmq,all,2,1,7,95240,150,100000000,100002000,75421,222478478,222574668,13741.429,10774.429,2.224740285,222492219.429,2.224877697,11306899675152434134,333340,333340,11306899675152434134
64,41,bndmq,all,3,1,7,95240,150,100000000,100002000,67426,238716941,238809223,13183.143,9632.286,2.387121668,238730124.143,2.387253496,11306899675152434134,333340,333340,11306899675152434134
64,41,bndmq,all,4,1,7,95240,150,100000000,100002000,70301,224643854,224737669,13402.143,10043.000,2.246393612,224657256.143,2.246527631,11306899675152434134,333340,333340,11306899675152434134
64,45,aho_corasick,all,0,1,6,111112,150,100000000,100000800,4072447,225902412,230038658,689374.333,678741.167,2.259006048,226591786.333,2.265899736,15710586815758631609,333336,333336,15710586815758631609
64,45,aho_corasick,all,1,1,6,111112,150,100000000,100000800,4074041,226429461,230563203,688957.000,679006.833,2.264276496,227118418.000,2.271166011,15710586815758631609,333336,333336,15710586815758631609
64,45,aho_corasick,all,2,1,6,111112,150,100000000,100000800,4958701,222205985,227219710,835620.833,826450.167,2.222042074,223041605.833,2.230398215,15710586815758631609,333336,333336,15710586815758631609
64,45,aho_corasick,all,3,1,6,111112,150,100000000,100000800,4358221,219907927,224319097,735195.000,726370.167,2.199061678,220643122.000,2.206413569,15710586815758631609,333336,333336,15710586815758631609
64,45,aho_corasick,all,4,1,6,111112,150,100000000,100000800,4413152,222507627,226997782,748359.167,735525.333,2.225058470,223255986.167,2.232542001,15710586815758631609,333336,333336,15710586815758631609
64,45,bndmq,all,0,1,6,111112,150,100000000,100000800,148246,250691413,250841653,25040.000,24707.667,2.506894075,250716453.000,2.507144473,15710586815758631609,333336,333336,15710586815758631609
64,45,bndmq,all,1,1,6,111112,150,100000000,100000800,66775,244185565,244276205,15106.667,11129.167,2.441836115,244200671.667,2.441987181,15710586815758631609,333336,333336,15710586815758631609
64,45,bndmq,all,2,1,6,111112,150,100000000,100000800,54672,241631638,241705015,12229.500,9112.000,2.416297050,241643867.500,2.416419344,15710586815758631609,333336,333336,15710586815758631609
64,45,bndmq,all,3,1,6,111112,150,100000000,100000800,54472,244422612,244499716,12850.667,9078.667,2.444206566,244435462.667,2.444335072,15710586815758631609,333336,333336,15710586815758631609
64,45,bndmq,all,4,1,6,111112,150,100000000,100000800,56806,242754348,242830570,12703.667,9467.667,2.427524060,242767051.667,2.427651095,15710586815758631609,333336,333336,15710586815758631609
64,45,hash,all,0,1,6,111112,150,100000000,100000800,29164,229229229,229261480,5375.167,4860.667,2.292273952,229234604.167,2.292327703,15710586815758631609,333336,333336,15710586815758631609
64,45,hash,all,1,1,6,111112,150,100000000,100000800,31979,222106669,222141523,5809.000,5329.833,2.221048922,222112478.000,2.221107011,15710586815758631609,333336,333336,15710586815758631609
64,45,hash,all,2,1,6,111112,150,100000000,100000800,22542,229605327,229631646,4386.500,3757.000,2.296034902,229609713.500,2.296078766,15710586815758631609,333336,333336,15710586815758631609
64,45,hash,all,3,1,6,111112,150,100000000,100000800,22683,225320327,225346075,4291.333,3780.500,2.253185245,225324618.333,2.253228158,15710586815758631609,333336,333336,15710586815758631609
64,45,hash,all,4,1,6,111112,150,100000000,100000800,21640,222234588,222259604,4169.333,3606.667,2.222328101,222238757.333,2.222369794,15710586815758631609,333336,333336,15710586815758631609
64,54,aho_corasick,all,0,1,5,133334,150,100000000,100000500,4938123,227681832,232666231,996879.800,987624.600,2.276806936,228678711.800,2.286775684,7712349464333727567,333335,333335,7712349464333727567
64,54,aho_corasick,all,1,1,5,133334,150,100000000,100000500,4358131,231053231,235451577,879669.200,871626.200,2.310520757,231932900.200,2.319317405,7712349464333727567,333335,333335,7712349464333727567
64,54,aho_corasick,all,2,1,5,133334,150,100000000,100000500,4349625,228180418,232569787,877873.800,869925.000,2.281792771,229058291.800,2.290571465,7712349464333727567,333335,333335,7712349464333727567
64,54,aho_corasick,all,3,1,5,133334,150,100000000,100000500,3890973,237493426,241421639,785642.600,778194.600,2.374922385,238279068.600,2.382778772,7712349464333727567,333335,333335,7712349464333727567
64,54,aho_corasick,all,4,1,5,133334,150,100000000,100000500,4419916,234613403,239069227,891164.800,883983.200,2.346122299,235504567.800,2.355033903,7712349464333727567,333335,333335,7712349464333727567
64,54,hash,all,0,1,5,133334,150,100000000,100000500,29185,357255105,357287345,6448.000,5837.000,3.572533187,357261553.000,3.572597667,7712349464333727567,333335,333335,7712349464333727567
64,54,hash,all,1,1,5,133334,150,100000000,100000500,31699,356084011,356119126,7023.000,6339.800,3.560822306,356091034.000,3.560892536,7712349464333727567,333335,333335,7712349464333727567
64,54,hash,all,2,1,5,133334,150,100000000,100000500,23183,353953772,353979750,5195.600,4636.600,3.539520022,353958967.600,3.539571978,7712349464333727567,333335,333335,7712349464333727567
64,54,hash,all,3,1,5,133334,150,100000000,100000500,22342,349519792,349544869,5015.400,4468.400,3.495180444,349524807.400,3.495230598,7712349464333727567,333335,333335,7712349464333727567
64,54,hash,all,4,1,5,133334,150,100000000,100000500,22401,353472160,353497206,5009.200,4480.200,3.534703926,353477169.200,3.534754018,7712349464333727567,333335,333335,7712349464333727567
64,54,bndmq,all,0,1,5,133334,150,100000000,100000500,254725,278362470,278619889,51483.800,50945.000,2.783610782,278413953.800,2.784125617,7712349464333727567,333335,333335,7712349464333727567
64,54,bndmq,all,1,1,5,133334,150,100000000,100000500,122468,285213164,285337876,24942.400,24493.600,2.852117379,285238106.400,2.852366802,7712349464333727567,333335,333335,7712349464333727567
64,54,bndmq,all,2,1,5,133334,150,100000000,100000500,43902,284187791,284234178,9277.400,8780.400,2.841863701,284197068.400,2.841956474,7712349464333727567,333335,333335,7712349464333727567
64,54,bndmq,all,3,1,5,133334,150,100000000,100000500,44483,284655218,284702246,9405.600,8896.600,2.846537947,284664623.600,2.846632003,7712349464333727567,333335,333335,7712349464333727567
64,54,bndmq,all,4,1,5,133334,150,100000000,100000500,50565,283273224,283326174,10590.000,10113.000,2.832718076,283283814.000,2.832823976,7712349464333727567,333335,333335,7712349464333727567
64,59,aho_corasick,all,0,1,5,133334,150,100000000,100000500,4574344,229505926,234131636,925142.000,914868.800,2.295047785,230431068.000,2.304299159,5416065126268478560,333335,333335,5416065126268478560
64,59,aho_corasick,all,1,1,5,133334,150,100000000,100000500,4463417,236117880,240620401,900504.200,892683.400,2.361166994,237018384.200,2.370171991,5416065126268478560,333335,333335,5416065126268478560
64,59,aho_corasick,all,2,1,5,133334,150,100000000,100000500,4670493,225732038,230445131,942618.600,934098.600,2.257309093,226674656.600,2.266735232,5416065126268478560,333335,333335,5416065126268478560
64,59,aho_corasick,all,3,1,5,133334,150,100000000,100000500,4589613,229140635,233772356,926344.200,917922.600,2.291394893,230066979.200,2.300658289,5416065126268478560,333335,333335,5416065126268478560
64,59,aho_corasick,all,4,1,5,133334,150,100000000,100000500,4844697,230385257,235275018,977952.200,968939.400,2.303841051,231363209.200,2.313620524,5416065126268478560,333335,333335,5416065126268478560
64,59,bndmq,all,0,1,5,133334,150,100000000,100000500,259073,305236159,305497526,52273.400,51814.600,3.052346328,305288432.400,3.052869060,5416065126268478560,333335,333335,5416065126268478560
64,59,bndmq,all,1,1,5,133334,150,100000000,100000500,144871,312804449,312951824,29475.000,28974.200,3.128028850,312833924.000,3.128323598,5416065126268478560,333335,333335,5416065126268478560
64,59,bndmq,all,2,1,5,133334,150,100000000,100000500,47058,309615580,309665022,9888.400,9411.600,3.096140319,309625468.400,3.096239203,5416065126268478560,333335,333335,5416065126268478560
64,59,bndmq,all,3,1,5,133334,150,100000000,100000500,44744,309992072,310039050,9395.600,8948.800,3.099905220,310001467.600,3.099999176,5416065126268478560,333335,333335,5416065126268478560
64,59,bndmq,all,4,1,5,133334,150,100000000,100000500,45325,307497187,307544767,9516.000,9065.000,3.074956495,307506703.000,3.075051655,5416065126268478560,333335,333335,5416065126268478560
64,59,hash,all,0,1,5,133334,150,100000000,100000500,33182,199774697,199810984,7257.400,6636.400,1.997736981,199781954.400,1.997809555,5416065126268478560,333335,333335,5416065126268478560
64,59,hash,all,1,1,5,133334,150,100000000,100000500,35917,198032291,198071204,7782.600,7183.400,1.980313008,198040073.600,1.980390834,5416065126268478560,333335,333335,5416065126268478560
64,59,hash,all,2,1,5,133334,150,100000000,100000500,23644,202453164,202480014,5370.000,4728.800,2.024521517,202458534.000,2.024575217,5416065126268478560,333335,333335,5416065126268478560
64,59,hash,all,3,1,5,133334,150,100000000,100000500,23714,201584761,201611751,5398.000,4742.800,2.015837531,201590159.000,2.015891511,5416065126268478560,333335,333335,5416065126268478560
64,59,hash,all,4,1,5,133334,150,100000000,100000500,24015,201723365,201750846,5496.200,4803.000,2.017223564,201728861.200,2.017278526,5416065126268478560,333335,333335,5416065126268478560
65,1,aho_corasick,all,0,1,64,10418,150,100000000,100012800,1509606,110499882,112033633,23964.859,23587.594,1.104857398,110523846.859,1.105097016,3815439206341047368,333376,333376,3815439206341047368
65,1,aho_corasick,all,1,1,64,10418,150,100000000,100012800,1711523,109990291,111724757,27101.031,26742.547,1.099762140,110017392.031,1.100033116,3815439206341047368,333376,333376,3815439206341047368
65,1,aho_corasick,all,2,1,64,10418,150,100000000,100012800,1372450,111413428,112811145,21839.328,21444.531,1.113991689,111435267.328,1.114210054,3815439206341047368,333376,333376,3815439206341047368
65,1,aho_corasick,all,3,1,64,10418,150,100000000,100012800,1777245,109755745,111570170,28350.391,27769.453,1.097416981,109784095.391,1.097700448,3815439206341047368,333376,333376,3815439206341047368
65,1,aho_corasick,all,4,1,64,10418,150,100000000,100012800,1329891,112203377,113556691,21145.531,20779.547,1.121890168,112224522.531,1.122101596,3815439206341047368,333376,333376,3815439206341047368
65,1,hash,all,0,1,64,10418,150,100000000,100012800,23363,165720105,165747455,427.344,365.047,1.656988955,165720532.344,1.656993228,3815439206341047368,333376,333376,3815439206341047368
65,1,hash,all,1,1,64,10418,150,100000000,100012800,28352,163123004,163154915,498.609,443.000,1.631021269,163123502.609,1.631026255,3815439206341047368,333376,333376,3815439206341047368
65,1,hash,all,2,1,64,10418,150,100000000,100012800,16991,165687322,165708792,335.469,265.484,1.656661167,165687657.469,1.656664522,3815439206341047368,333376,333376,3815439206341047368
65,1,hash,all,3,1,64,10418,150,100000000,100012800,16110,163064900,163084587,307.609,251.719,1.630440304,163065207.609,1.630443379,3815439206341047368,333376,333376,3815439206341047368
65,1,hash,all,4,1,64,10418,150,100000000,100012800,22291,166280021,166306259,409.969,348.297,1.662587399,166280430.969,1.662591498,3815439206341047368,333376,333376,3815439206341047368
65,16,hash,all,0,1,16,41668,150,100000000,100003200,33081,220603075,220643882,2550.438,2067.562,2.205960159,220605625.438,2.205985663,6901730096891625205,333344,333344,6901730096891625205
65,16,hash,all,1,1,16,41668,150,100000000,100003200,38152,223181139,223228137,2937.375,2384.500,2.231739974,223184076.375,2.231769347,6901730096891625205,333344,333344,6901730096891625205
65,16,hash,all,2,1,16,41668,150,100000000,100003200,24987,217088154,217117679,1845.312,1561.688,2.170812074,217089999.312,2.170830527,6901730096891625205,333344,333344,6901730096891625205
65,16,hash,all,3,1,16,41668,150,100000000,100003200,28413,205979090,206012222,2070.750,1775.812,2.059724989,205981160.750,2.059745696,6901730096891625205,333344,333344,6901730096891625205
65,16,hash,all,4,1,16,41668,150,100000000,100003200,31920,206107682,206144591,2306.812,1995.000,2.061010868,206109988.812,2.061033935,6901730096891625205,333344,333344,6901730096891625205
65,16,aho_corasick,all,0,1,16,41668,150,100000000,100003200,4166073,230684928,234881839,262306.938,260379.562,2.306775463,230947234.938,2.309398449,6901730096891625205,333344,333344,6901730096891625205
65,16,aho_corasick,all,1,1,16,41668,150,100000000,100003200,3837229,228016576,231892918,242271.375,239826.812,2.280092797,228258847.375,2.282515433,6901730096891625205,333344,333344,6901730096891625205
65,16,aho_corasick,all,2,1,16,41668,150,100000000,100003200,4033695,234222701,238298023,254707.625,252105.938,2.342152061,234477408.625,2.344699056,6901730096891625205,333344,333344,6901730096891625205
65,16,aho_corasick,all,3,1,16,41668,150,100000000,100003200,3825928,232314653,236183751,241818.625,239120.500,2.323072192,232556471.625,2.325490301,6901730096891625205,333344,333344,6901730096891625205
65,16,aho_corasick,all,4,1,16,41668,150,100000000,100003200,4560849,235743772,240352100,288020.500,285053.062,2.357362284,236031792.500,2.360242397,6901730096891625205,333344,333344,6901730096891625205
65,2,aho_corasick,all,0,1,64,10418,150,100000000,100012800,2392133,527397900,529879309,38772.016,37377.078,5.273304017,527436672.016,5.273691688,9531300631416686205,333376,333376,9531300631416686205
65,2,aho_corasick,all,1,1,64,10418,150,100000000,100012800,2347420,519992984,522403081,37657.766,36678.438,5.199264334,520030641.766,5.199640864,9531300631416686205,333376,333376,9531300631416686205
65,2,aho_corasick,all,2,1,64,10418,150,100000000,100012800,2403915,524206517,526672829,38536.125,37561.172,5.241394272,524245053.125,5.241779583,9531300631416686205,333376,333376,9531300631416686205
65,2,aho_corasick,all,3,1,64,10418,150,100000000,100012800,2232885,516924939,519211374,35725.547,34888.828,5.168587811,516960664.547,5.168945021,9531300631416686205,333376,333376,9531300631416686205
65,2,aho_corasick,all,4,1,64,10418,150,100000000,100012800,2330818,516470934,518855913,37265.297,36419.031,5.164048342,516508199.297,5.164420947,9531300631416686205,333376,333376,9531300631416686205
65,2,hash,all,0,1,64,10418,150,100000000,100012800,33152,172840958,172878418,585.312,518.000,1.728188372,172841543.312,1.728194224,9531300631416686205,333376,333376,9531300631416686205
65,2,hash,all,1,1,64,10418,150,100000000,100012800,33742,173318204,173355304,579.688,527.219,1.732960221,173318783.688,1.732966017,9531300631416686205,333376,333376,9531300631416686205
65,2,hash,all,2,1,64,10418,150,100000000,100012800,22392,169664140,169690299,408.734,349.875,1.696424258,169664548.734,1.696428345,9531300631416686205,333376,333376,9531300631416686205
65,2,hash,all,3,1,64,10418,150,100000000,100012800,23915,167657714,167685657,436.609,373.672,1.676362566,167658150.609,1.676366931,9531300631416686205,333376,333376,9531300631416686205
65,2,hash,all,4,1,64,10418,150,100000000,100012800,22612,174065804,174092464,416.562,353.312,1.740435264,174066220.562,1.740439429,9531300631416686205,333376,333376,9531300631416686205
65,32,hash,all,0,1,8,83334,150,100000000,100000800,30427,206419619,206453592,4246.625,3803.375,2.064179677,206423865.625,2.064222142,12279311655930670409,333336,333336,12279311655930670409
65,32,hash,all,1,1,8,83334,150,100000000,100000800,32931,199445831,199482390,4569.875,4116.375,1.994442354,199450400.875,1.994488053,12279311655930670409,333336,333336,12279311655930670409
65,32,hash,all,2,1,8,83334,150,100000000,100000800,21910,199581581,199607609,3253.500,2738.750,1.995799844,199584834.500,1.995832378,12279311655930670409,333336,333336,12279311655930670409
65,32,hash,all,3,1,8,83334,150,100000000,100000800,22502,200587814,200614574,3345.000,2812.750,2.005862093,200591159.000,2.005895543,12279311655930670409,333336,333336,12279311655930670409
65,32,hash,all,4,1,8,83334,150,100000000,100000800,32040,210343895,210380183,4536.000,4005.000,2.103422123,210348431.000,2.103467482,12279311655930670409,333336,333336,12279311655930670409
65,32,aho_corasick,all,0,1,8,83334,150,100000000,100000800,5882046,222861198,228756879,736960.125,735255.750,2.228594151,223598158.125,2.235963694,12279311655930670409,333336,333336,12279311655930670409
65,32,aho_corasick,all,1,1,8,83334,150,100000000,100000800,3933200,221421831,225375679,494231.000,491650.000,2.214200596,221916062.000,2.219142867,12279311655930670409,333336,333336,12279311655930670409
65,32,aho_corasick,all,2,1,8,83334,150,100000000,100000800,4595213,222688631,227329419,580098.500,574401.625,2.226868495,223268729.500,2.232669434,12279311655930670409,333336,333336,12279311655930670409
65,32,aho_corasick,all,3,1,8,83334,150,100000000,100000800,4856702,222507467,227415195,613466.000,607087.750,2.225056870,223120933.000,2.231191480,12279311655930670409,333336,333336,12279311655930670409
65,32,aho_corasick,all,4,1,8,83334,150,100000000,100000800,4060285,219214647,223322240,513449.125,507535.625,2.192128933,219728096.125,2.197263383,12279311655930670409,333336,333336,12279311655930670409
65,4,hash,all,0,1,64,10418,150,100000000,100012800,44363,185646012,185698180,815.125,693.172,1.856222524,185646827.125,1.856230674,13344154097240717980,333376,333376,13344154097240717980
65,4,hash,all,1,1,64,10418,150,100000000,100012800,39904,183581633,183626527,701.469,623.500,1.835581376,183582334.469,1.835588389,13344154097240717980,333376,333376,13344154097240717980
65,4,hash,all,2,1,64,10418,150,100000000,100012800,32901,187743041,187780470,584.828,514.078,1.877190130,187743625.828,1.877195977,13344154097240717980,333376,333376,13344154097240717980
65,4,hash,all,3,1,64,10418,150,100000000,100012800,33392,181474188,181511687,585.922,521.750,1.814509623,181474773.922,1.814515481,13344154097240717980,333376,333376,13344154097240717980
65,4,hash,all,4,1,64,10418,150,100000000,100012800,32090,191691161,191728771,587.656,501.406,1.916666277,191691748.656,1.916672153,13344154097240717980,333376,333376,13344154097240717980
65,4,aho_corasick,all,0,1,64,10418,150,100000000,100012800,4239569,212619714,216931789,67376.172,66243.266,2.125925022,212687090.172,2.126598697,13344154097240717980,333376,333376,13344154097240717980
65,4,aho_corasick,all,1,1,64,10418,150,100000000,100012800,4693858,214055059,218801204,74158.516,73341.531,2.140276635,214129217.516,2.141018125,13344154097240717980,333376,333376,13344154097240717980
65,4,aho_corasick,all,2,1,64,10418,150,100000000,100012800,3914082,221886925,225852102,61955.891,61157.531,2.218585271,221948880.891,2.219204751,13344154097240717980,333376,333376,13344154097240717980
65,4,aho_corasick,all,3,1,64,10418,150,100000000,100012800,3979374,210882753,214909816,62922.859,62177.719,2.108557635,210945675.859,2.109186783,13344154097240717980,333376,333376,13344154097240717980
65,4,aho_corasick,all,4,1,64,10418,150,100000000,100012800,4297766,211301205,215653814,68009.516,67152.594,2.112741619,211369214.516,2.113421627,13344154097240717980,333376,333376,13344154097240717980
65,8,hash,all,0,1,32,20834,150,100000000,100003200,37911,199797314,199841557,1382.594,1184.719,1.997909207,199798696.594,1.997923032,5161372676192153254,333344,333344,5161372676192153254
65,8,hash,all,1,1,32,20834,150,100000000,100003200,29415,203385736,203420632,1090.500,919.219,2.033792279,203386826.500,2.033803183,5161372676192153254,333344,333344,5161372676192153254
65,8,hash,all,2,1,32,20834,150,100000000,100003200,30227,199997484,200033332,1120.250,944.594,1.999910843,199998604.250,1.999922045,5161372676192153254,333344,333344,5161372676192153254
65,8,hash,all,3,1,32,20834,150,100000000,100003200,26109,207944493,207975201,959.625,815.906,2.079378390,207945452.625,2.079387986,5161372676192153254,333344,333344,5161372676192153254
65,8,hash,all,4,1,32,20834,150,100000000,100003200,25688,208932493,208963781,977.750,802.750,2.089258074,208933470.750,2.089267851,5161372676192153254,333344,333344,5161372676192153254
65,8,aho_corasick,all,0,1,32,20834,150,100000000,100003200,4677677,218081848,222807965,147691.156,146177.406,2.180748696,218229539.156,2.182225560,5161372676192153254,333344,333344,5161372676192153254
65,8,aho_corasick,all,1,1,32,20834,150,100000000,100003200,4541016,208501307,213088560,143351.656,141906.750,2.084946352,208644658.656,2.086379822,5161372676192153254,333344,333344,5161372676192153254
65,8,aho_corasick,all,2,1,32,20834,150,100000000,100003200,4744362,228328783,233110604,149431.906,148261.312,2.283214767,228478214.906,2.284709038,5161372676192153254,333344,333344,5161372676192153254
65,8,aho_corasick,all,3,1,32,20834,150,100000000,100003200,3852828,231591936,235489026,121784.062,120400.875,2.315845253,231713720.062,2.317063055,5161372676192153254,333344,333344,5161372676192153254
65,8,aho_corasick,all,4,1,32,20834,150,100000000,100003200,3854190,220127628,224021513,121683.906,120443.438,2.201205841,220249311.906,2.202422642,5161372676192153254,333344,333344,5161372676192153254
7,1,hash,all,0,1,64,10418,150,100000000,100012800,16431,209187081,209207950,326.078,256.734,2.091603085,209187407.078,2.091606345,3509668217014580529,336300,339053,3509668217014580529
7,1,hash,all,1,1,64,10418,150,100000000,100012800,14487,208280740,208299866,298.844,226.359,2.082540835,208281038.844,2.082543823,3509668217014580529,336300,339053,3509668217014580529
7,1,hash,all,2,1,64,10418,150,100000000,100012800,9789,201049951,201063637,213.844,152.953,2.010242199,201050164.844,2.010244337,3509668217014580529,336300,339053,3509668217014580529
7,1,hash,all,3,1,64,10418,150,100000000,100012800,7975,199104901,199116834,186.453,124.609,1.990794188,199105087.453,1.990796053,3509668217014580529,336300,339053,3509668217014580529
7,1,hash,all,4,1,64,10418,150,100000000,100012800,7794,206510364,206522566,190.656,121.781,2.064839341,206510554.656,2.064841247,3509668217014580529,336300,339053,3509668217014580529
7,1,bndmq,all,0,1,64,10418,150,100000000,100012800,46467,66108398,66173850,1022.688,726.047,0.660999372,66109420.688,0.661009598,3509668217014580529,336300,339053,3509668217014580529
7,1,bndmq,all,1,1,64,10418,150,100000000,100012800,21129,63787294,63826837,617.859,330.141,0.637791303,63787911.859,0.637797481,3509668217014580529,336300,339053,3509668217014580529
7,1,bndmq,all,2,1,64,10418,150,100000000,100012800,21340,64886294,64927922,650.438,333.438,0.648779896,64886944.438,0.648786400,3509668217014580529,336300,339053,3509668217014580529
7,1,bndmq,all,3,1,64,10418,150,100000000,100012800,22342,70497698,70542793,704.609,349.094,0.704886754,70498402.609,0.704893800,3509668217014580529,336300,339053,3509668217014580529
7,1,bndmq,all,4,1,64,10418,150,100000000,100012800,23845,64934885,64978366,679.391,372.578,0.649265744,64935564.391,0.649272537,3509668217014580529,336300,339053,3509668217014580529
7,1,aho_corasick,all,0,1,64,10418,150,100000000,100012800,643360,58442502,59108214,10401.750,10052.500,0.584350223,58452903.750,0.584454227,3509668217014580529,336300,339053,3509668217014580529
7,1,aho_corasick,all,1,1,64,10418,150,100000000,100012800,764095,58221369,59002837,12210.438,11938.984,0.582139176,58233579.438,0.582261265,3509668217014580529,336300,339053,3509668217014580529
7,1,aho_corasick,all,2,1,64,10418,150,100000000,100012800,611029,58874528,59502919,9818.609,9547.328,0.588669930,58884346.609,0.588768104,3509668217014580529,336300,339053,3509668217014580529
7,1,aho_corasick,all,3,1,64,10418,150,100000000,100012800,603145,57437296,58057995,9698.422,9424.141,0.574299450,57446994.422,0.574396421,3509668217014580529,336300,339053,3509668217014580529
7,1,aho_corasick,all,4,1,64,10418,150,100000000,100012800,615057,58059606,58696464,9950.906,9610.266,0.580521753,58069556.906,0.580621250,3509668217014580529,336300,339053,3509668217014580529
7,1000,aho_corasick,all,0,1,1,666668,150,100000000,100000200,1073693,402899453,404001549,1102096.000,1073693.000,4.028986472,404001549.000,4.040007410,17161156625806452387,666622,6176791,17161156625806452387
7,1000,aho_corasick,all,1,1,1,666668,150,100000000,100000200,1032186,387490415,388529414,1038999.000,1032186.000,3.874896400,388529414.000,3.885286369,17161156625806452387,666622,6176791,17161156625806452387
7,1000,aho_corasick,all,2,1,1,666668,150,100000000,100000200,1057193,384268461,385333759,1065298.000,1057193.000,3.842676925,385333759.000,3.853329883,17161156625806452387,666622,6176791,17161156625806452387
7,1000,aho_corasick,all,3,1,1,666668,150,100000000,100000200,1079197,397345301,398431110,1085809.000,1079197.000,3.973445063,398431110.000,3.984303131,17161156625806452387,666622,6176791,17161156625806452387
7,1000,aho_corasick,all,4,1,1,666668,150,100000000,100000200,1205720,391322725,392535327,1212602.000,1205720.000,3.913219424,392535327.000,3.925345419,17161156625806452387,666622,6176791,17161156625806452387
7,1000,hash,all,0,1,1,666668,150,100000000,100000200,26469,446476191,446505856,29665.000,26469.000,4.464752980,446505856.000,4.465049630,17161156625806452387,666622,6176791,17161156625806452387
7,1000,hash,all,1,1,1,666668,150,100000000,100000200,27953,456740897,456771515,30618.000,27953.000,4.567399835,456771515.000,4.567706015,17161156625806452387,666622,6176791,17161156625806452387
7,1000,hash,all,2,1,1,666668,150,100000000,100000200,12173,454019163,454034602,15439.000,12173.000,4.540182550,454034602.000,4.540336939,17161156625806452387,666622,6176791,17161156625806452387
7,1000,hash,all,3,1,1,666668,150,100000000,100000200,16250,455610984,455629868,18884.000,16250.000,4.556100728,455629868.000,4.556289567,17161156625806452387,666622,6176791,17161156625806452387
7,1000,hash,all,4,1,1,666668,150,100000000,100000200,12624,446143546,446159005,15459.000,12624.000,4.461426537,446159005.000,4.461581127,17161156625806452387,666622,6176791,17161156625806452387
7,4,bndmq,all,0,1,64,10418,150,100000000,100012800,158877,243611735,243802131,2974.938,2482.453,2.435805567,243614709.938,2.435835312,12641984526438481746,345087,357017,12641984526438481746
7,4,bndmq,all,1,1,64,10418,150,100000000,100012800,116477,253025027,253170258,2269.234,1819.953,2.529926439,253027296.234,2.529949129,12641984526438481746,345087,357017,12641984526438481746
7,4,bndmq,all,2,1,64,10418,150,100000000,100012800,113663,252817888,252961667,2246.547,1775.984,2.527855315,252820134.547,2.527877777,12641984526438481746,345087,357017,12641984526438481746
7,4,bndmq,all,3,1,64,10418,150,100000000,100012800,115646,256010705,256154864,2252.484,1806.969,2.559779398,256012957.484,2.559801920,12641984526438481746,345087,357017,12641984526438481746
7,4,bndmq,all,4,1,64,10418,150,100000000,100012800,114744,247212849,247358410,2274.391,1792.875,2.471812098,247215123.391,2.471834839,12641984526438481746,345087,357017,12641984526438481746
7,4,hash,all,0,1,64,10418,150,100000000,100012800,32551,221984132,222020500,568.250,508.609,2.219557217,221984700.250,2.219562898,12641984526438481746,345087,357017,12641984526438481746
7,4,hash,all,1,1,64,10418,150,100000000,100012800,23394,224237600,224264901,426.578,365.531,2.242089013,224238026.578,2.242093278,12641984526438481746,345087,357017,12641984526438481746
7,4,hash,all,2,1,64,10418,150,100000000,100012800,18154,227364766,227387468,354.719,283.656,2.273356670,227365120.719,2.273360217,12641984526438481746,345087,357017,12641984526438481746
7,4,hash,all,3,1,64,10418,150,100000000,100012800,26680,230108631,230139118,476.359,416.875,2.300791809,230109107.359,2.300796572,12641984526438481746,345087,357017,12641984526438481746
7,4,hash,all,4,1,64,10418,150,100000000,100012800,20449,225240178,225266007,403.578,319.516,2.252113509,225240581.578,2.252117545,12641984526438481746,345087,357017,12641984526438481746
7,4,aho_corasick,all,0,1,64,10418,150,100000000,100012800,1021245,220624567,221674746,16409.047,15956.953,2.205963307,220640976.047,2.206127376,12641984526438481746,345087,357017,12641984526438481746
7,4,aho_corasick,all,1,1,64,10418,150,100000000,100012800,964789,213451909,214437167,15394.656,15074.828,2.134245907,213467303.656,2.134399833,12641984526438481746,345087,357017,12641984526438481746
7,4,aho_corasick,all,2,1,64,10418,150,100000000,100012800,962706,214958527,215942764,15378.703,15042.281,2.149310158,214973905.703,2.149463926,12641984526438481746,345087,357017,12641984526438481746
7,4,aho_corasick,all,3,1,64,10418,150,100000000,100012800,961003,207614608,208597842,15363.031,15015.672,2.075880367,207629971.031,2.076033978,12641984526438481746,345087,357017,12641984526438481746
7,4,aho_corasick,all,4,1,64,10418,150,100000000,100012800,967585,201890139,202880165,15469.156,15118.516,2.018643004,201905608.156,2.018797675,12641984526438481746,345087,357017,12641984526438481746
8,360,aho_corasick,all,0,1,1,666668,150,100000000,100000200,631287,261517887,262168610,650723.000,631287.000,2.615173640,262168610.000,2.621680857,3043273854663381207,515144,856611,3043273854663381207
8,360,aho_corasick,all,1,1,1,666668,150,100000000,100000200,493892,263740863,264253870,513007.000,493892.000,2.637403355,264253870.000,2.642533415,3043273854663381207,515144,856611,3043273854663381207
8,360,aho_corasick,all,2,1,1,666668,150,100000000,100000200,512005,263368339,263907845,539506.000,512005.000,2.633678123,263907845.000,2.639073172,3043273854663381207,515144,856611,3043273854663381207
8,360,aho_corasick,all,3,1,1,666668,150,100000000,100000200,498210,267244111,267746709,502598.000,498210.000,2.672435765,267746709.000,2.677461735,3043273854663381207,515144,856611,3043273854663381207
8,360,aho_corasick,all,4,1,1,666668,150,100000000,100000200,550788,264400973,264969073,568100.000,550788.000,2.644004442,264969073.000,2.649685431,3043273854663381207,515144,856611,3043273854663381207
8,360,hash,all,0,1,1,666668,150,100000000,100000200,24976,370806722,370833512,26790.000,24976.000,3.708059804,370833512.000,3.708327703,3043273854663381207,515144,856611,3043273854663381207
8,360,hash,all,1,1,1,666668,150,100000000,100000200,13405,373917861,373933430,15569.000,13405.000,3.739171132,373933430.000,3.739326821,3043273854663381207,515144,856611,3043273854663381207
8,360,hash,all,2,1,1,666668,150,100000000,100000200,8496,375844932,375855692,10760.000,8496.000,3.758441803,375855692.000,3.758549403,3043273854663381207,515144,856611,3043273854663381207
8,360,hash,all,3,1,1,666668,150,100000000,100000200,6332,371453942,371462007,8065.000,6332.000,3.714531991,371462007.000,3.714612641,3043273854663381207,515144,856611,3043273854663381207
8,360,hash,all,4,1,1,666668,150,100000000,100000200,6141,368646068,368654052,7984.000,6141.000,3.686453307,368654052.000,3.686533147,3043273854663381207,515144,856611,3043273854663381207
8,427,aho_corasick,all,0,1,1,666668,150,100000000,100000200,692702,291132222,291829182,696960.000,692702.000,2.911316397,291829182.000,2.918285983,3541409146876667159,536436,950823,3541409146876667159
8,427,aho_corasick,all,1,1,1,666668,150,100000000,100000200,586874,298995286,299608890,613604.000,586874.000,2.989946880,299608890.000,2.996082908,3541409146876667159,536436,950823,3541409146876667159
8,427,aho_corasick,all,2,1,1,666668,150,100000000,100000200,848834,311605137,312459341,854204.000,848834.000,3.116045138,312459341.000,3.124587161,3541409146876667159,536436,950823,3541409146876667159
8,427,aho_corasick,all,3,1,1,666668,150,100000000,100000200,582306,326675618,327265097,589479.000,582306.000,3.266749647,327265097.000,3.272644425,3541409146876667159,536436,950823,3541409146876667159
8,427,aho_corasick,all,4,1,1,666668,150,100000000,100000200,924826,300916045,301847112,931067.000,924826.000,3.009154432,301847112.000,3.018465083,3541409146876667159,536436,950823,3541409146876667159
8,427,hash,all,0,1,1,666668,150,100000000,100000200,14678,864541495,864558577,17082.000,14678.000,8.645397659,864558577.000,8.645568479,3541409146876667159,536436,950823,3541409146876667159
8,427,hash,all,1,1,1,666668,150,100000000,100000200,14416,837160806,837177467,16661.000,14416.000,8.371591317,837177467.000,8.371757926,3541409146876667159,536436,950823,3541409146876667159
8,427,hash,all,2,1,1,666668,150,100000000,100000200,19536,840512255,840535118,22863.000,19536.000,8.405105740,840535118.000,8.405334369,3541409146876667159,536436,950823,3541409146876667159
8,427,hash,all,3,1,1,666668,150,100000000,100000200,11041,857390624,857404801,14177.000,11041.000,8.573889092,857404801.000,8.574030862,3541409146876667159,536436,950823,3541409146876667159
8,427,hash,all,4,1,1,666668,150,100000000,100000200,9367,857673071,857686666,13595.000,9367.000,8.576713557,857686666.000,8.576849506,3541409146876667159,536436,950823,3541409146876667159
8,5,bndmq,all,0,1,52,12822,150,100000000,100011600,252802,251726116,252005848,5379.462,4861.577,2.516969192,251731495.462,2.517022980,1858726480772888920,336942,340508,1858726480772888920
8,5,bndmq,all,1,1,52,12822,150,100000000,100011600,115095,264098897,264244959,2808.885,2213.365,2.640682651,264101705.885,2.640710736,1858726480772888920,336942,340508,1858726480772888920
8,5,bndmq,all,2,1,52,12822,150,100000000,100011600,113552,265146286,265291658,2795.615,2183.692,2.651155326,265149081.615,2.651183279,1858726480772888920,336942,340508,1858726480772888920
8,5,bndmq,all,3,1,52,12822,150,100000000,100011600,117079,259053630,259200655,2827.404,2251.519,2.590235833,259056457.404,2.590264103,1858726480772888920,336942,340508,1858726480772888920
8,5,bndmq,all,4,1,52,12822,150,100000000,100011600,114163,258440516,258588012,2836.462,2195.442,2.584105404,258443352.462,2.584133765,1858726480772888920,336942,340508,1858726480772888920
8,5,aho_corasick,all,0,1,52,12822,150,100000000,100011600,1113718,215342766,216476371,21800.096,21417.654,2.153177891,215364566.096,2.153395867,1858726480772888920,336942,340508,1858726480772888920
8,5,aho_corasick,all,1,1,52,12822,150,100000000,100011600,1118646,217441371,218582990,21954.212,21512.423,2.174161507,217463325.212,2.174381024,1858726480772888920,336942,340508,1858726480772888920
8,5,aho_corasick,all,2,1,52,12822,150,100000000,100011600,933872,218777857,219733119,18370.423,17959.077,2.187524817,218796227.423,2.187708500,1858726480772888920,336942,340508,1858726480772888920
8,5,aho_corasick,all,3,1,52,12822,150,100000000,100011600,932660,213628748,214583008,18351.154,17935.769,2.136039699,213647099.154,2.136223190,1858726480772888920,336942,340508,1858726480772888920
8,5,aho_corasick,all,4,1,52,12822,150,100000000,100011600,981581,215175695,216181671,19345.692,18876.558,2.151507375,215195040.692,2.151700810,1858726480772888920,336942,340508,1858726480772888920
8,5,hash,all,0,1,52,12822,150,100000000,100011600,24215,230370536,230398908,545.615,465.673,2.303438161,230371081.615,2.303443617,1858726480772888920,336942,340508,1858726480772888920
8,5,hash,all,1,1,52,12822,150,100000000,100011600,25828,234144926,234176084,599.192,496.692,2.341177683,234145525.192,2.341183675,1858726480772888920,336942,340508,1858726480772888920
8,5,hash,all,2,1,52,12822,150,100000000,100011600,18234,233237680,233261163,451.596,350.654,2.332106276,233238131.596,2.332110791,1858726480772888920,336942,340508,1858726480772888920
8,5,hash,all,3,1,52,12822,150,100000000,100011600,19566,235331023,235361219,580.692,376.269,2.353037278,235331603.692,2.353043084,1858726480772888920,336942,340508,1858726480772888920
8,5,hash,all,4,1,52,12822,150,100000000,100011600,24516,230780886,230811544,589.577,471.462,2.307541185,230781475.577,2.307547080,1858726480772888920,336942,340508,1858726480772888920
8,506,hash,all,0,1,1,666668,150,100000000,100000200,14647,285517862,285534834,16972.000,14647.000,2.855172910,285534834.000,2.855342629,10390133975038885091,556366,1068403,10390133975038885091
8,506,hash,all,1,1,1,666668,150,100000000,100000200,15789,280844236,280862299,18063.000,15789.000,2.808436743,280862299.000,2.808617373,10390133975038885091,556366,1068403,10390133975038885091
8,506,hash,all,2,1,1,666668,150,100000000,100000200,8356,282189463,282199903,10440.000,8356.000,2.821888986,282199903.000,2.821993386,10390133975038885091,556366,1068403,10390133975038885091
8,506,hash,all,3,1,1,666668,150,100000000,100000200,8957,284226287,284237368,11081.000,8957.000,2.842257185,284237368.000,2.842367995,10390133975038885091,556366,1068403,10390133975038885091
8,506,hash,all,4,1,1,666668,150,100000000,100000200,8236,279065154,279075383,10229.000,8236.000,2.790645959,279075383.000,2.790748249,10390133975038885091,556366,1068403,10390133975038885091
8,506,aho_corasick,all,0,1,1,666668,150,100000000,100000200,721987,284862903,285609025,746122.000,721987.000,2.848623333,285609025.000,2.856084538,10390133975038885091,556366,1068403,10390133975038885091
8,506,aho_corasick,all,1,1,1,666668,150,100000000,100000200,687382,297364213,298076211,711998.000,687382.000,2.973636183,298076211.000,2.980756148,10390133975038885091,556366,1068403,10390133975038885091
8,506,aho_corasick,all,2,1,1,666668,150,100000000,100000200,685549,290208839,290919795,710956.000,685549.000,2.902082586,290919795.000,2.909192132,10390133975038885091,556366,1068403,10390133975038885091
8,506,aho_corasick,all,3,1,1,666668,150,100000000,100000200,677354,291921179,292620644,699465.000,677354.000,2.919205952,292620644.000,2.926200588,10390133975038885091,556366,1068403,10390133975038885091
8,506,aho_corasick,all,4,1,1,666668,150,100000000,100000200,672685,293975567,294673118,697551.000,672685.000,2.939749791,294673118.000,2.946725287,10390133975038885091,556366,1068403,10390133975038885091
8,6,hash,all,0,1,43,15504,150,100000000,100000800,48320,236772025,236824573,1222.047,1123.721,2.367701308,236773247.047,2.367713529,4727463419857204893,337592,341741,4727463419857204893
8,6,hash,all,1,1,43,15504,150,100000000,100000800,21140,237439553,237464319,575.953,491.628,2.374376535,237440128.953,2.374382294,4727463419857204893,337592,341741,4727463419857204893
8,6,hash,all,2,1,43,15504,150,100000000,100000800,23905,239560788,239587848,629.302,555.930,2.395588715,239561417.302,2.395595008,4727463419857204893,337592,341741,4727463419857204893
8,6,hash,all,3,1,43,15504,150,100000000,100000800,16641,242510580,242531260,480.930,387.000,2.425086399,242511060.930,2.425091209,4727463419857204893,337592,341741,4727463419857204893
8,6,hash,all,4,1,43,15504,150,100000000,100000800,17082,242980701,243001390,481.140,397.256,2.429787572,242981182.140,2.429792383,4727463419857204893,337592,341741,4727463419857204893
8,6,aho_corasick,all,0,1,43,15504,150,100000000,100000800,926829,203464320,204416135,22135.233,21554.163,2.034626923,203486455.233,2.034848274,4727463419857204893,337592,341741,4727463419857204893
8,6,aho_corasick,all,1,1,43,15504,150,100000000,100000800,1045811,200187943,201253060,24770.163,24321.186,2.001863415,200212713.163,2.002111115,4727463419857204893,337592,341741,4727463419857204893
8,6,aho_corasick,all,2,1,43,15504,150,100000000,100000800,851759,210886792,211757186,20241.721,19808.349,2.108851049,210907033.721,2.109053465,4727463419857204893,337592,341741,4727463419857204893
8,6,aho_corasick,all,3,1,43,15504,150,100000000,100000800,854585,195152983,196027015,20326.326,19874.070,1.951514218,195173309.326,1.951717480,4727463419857204893,337592,341741,4727463419857204893
8,6,aho_corasick,all,4,1,43,15504,150,100000000,100000800,882136,206576391,207479256,20996.860,20514.791,2.065747384,206597387.860,2.065957351,4727463419857204893,337592,341741,4727463419857204893
8,6,bndmq,all,0,1,43,15504,150,100000000,100000800,187961,304129066,304354316,5238.372,4371.186,3.041266330,304134304.372,3.041318713,4727463419857204893,337592,341741,4727463419857204893
8,6,bndmq,all,1,1,43,15504,150,100000000,100000800,111418,309933359,310077638,3355.326,2591.116,3.099308796,309936714.326,3.099342349,4727463419857204893,337592,341741,4727463419857204893
8,6,bndmq,all,2,1,43,15504,150,100000000,100000800,109054,308609335,308748024,3225.326,2536.140,3.086068661,308612560.326,3.086100914,4727463419857204893,337592,341741,4727463419857204893
8,6,bndmq,all,3,1,43,15504,150,100000000,100000800,109784,309635131,309777646,3314.302,2553.116,3.096326539,309638445.302,3.096359682,4727463419857204893,337592,341741,4727463419857204893
8,6,bndmq,all,4,1,43,15504,150,100000000,100000800,112500,301246986,301392327,3380.023,2616.279,3.012445760,301250366.023,3.012479560,4727463419857204893,337592,341741,4727463419857204893
9,5,bndmq,all,0,1,52,12822,150,100000000,100011600,313796,222236877,222576711,6535.269,6034.538,2.222111005,222243412.269,2.222176350,5644733161802162314,334231,335113,5644733161802162314
9,5,bndmq,all,1,1,52,12822,150,100000000,100011600,145161,219339290,219524626,3564.154,2791.558,2.193138496,219342854.154,2.193174133,5644733161802162314,334231,335113,5644733161802162314
9,5,bndmq,all,2,1,52,12822,150,100000000,100011600,159628,218799661,218987321,3608.846,3069.769,2.187742832,218803269.846,2.187778916,5644733161802162314,334231,335113,5644733161802162314
9,5,bndmq,all,3,1,52,12822,150,100000000,100011600,119863,218675664,218828028,2930.077,2305.058,2.186503006,218678594.077,2.186532303,5644733161802162314,334231,335113,5644733161802162314
9,5,bndmq,all,4,1,52,12822,150,100000000,100011600,118862,217253777,217403476,2878.827,2285.808,2.172285785,217256655.827,2.172314570,5644733161802162314,334231,335113,5644733161802162314
9,5,hash,all,0,1,52,12822,150,100000000,100011600,24546,235137561,235166184,550.442,472.038,2.351102882,235138111.442,2.351108386,5644733161802162314,334231,335113,5644733161802162314
9,5,hash,all,1,1,52,12822,150,100000000,100011600,24265,233782618,233811211,549.865,466.635,2.337555024,233783167.865,2.337560522,5644733161802162314,334231,335113,5644733161802162314
9,5,hash,all,2,1,52,12822,150,100000000,100011600,20238,236212496,236237964,489.769,389.192,2.361850985,236212985.769,2.361855882,5644733161802162314,334231,335113,5644733161802162314
9,5,hash,all,3,1,52,12822,150,100000000,100011600,18114,236796837,236821182,468.173,348.346,2.367693718,236797305.173,2.367698399,5644733161802162314,334231,335113,5644733161802162314
9,5,hash,all,4,1,52,12822,150,100000000,100011600,17873,237343948,237366930,441.962,343.712,2.373164193,237344389.962,2.373168612,5644733161802162314,334231,335113,5644733161802162314
9,5,aho_corasick,all,0,1,52,12822,150,100000000,100011600,1047855,219191882,220267008,20675.500,20151.058,2.191664587,219212557.500,2.191871318,5644733161802162314,334231,335113,5644733161802162314
9,5,aho_corasick,all,1,1,52,12822,150,100000000,100011600,1193848,218756570,219980464,23536.423,22958.615,2.187311972,218780106.423,2.187547309,5644733161802162314,334231,335113,5644733161802162314
9,5,aho_corasick,all,2,1,52,12822,150,100000000,100011600,1054628,216379560,217461489,20806.327,20281.308,2.163544629,216400366.327,2.163752668,5644733161802162314,334231,335113,5644733161802162314
9,5,aho_corasick,all,3,1,52,12822,150,100000000,100011600,976252,211854844,212858958,19309.885,18774.077,2.118302717,211874153.885,2.118495793,5644733161802162314,334231,335113,5644733161802162314
9,5,aho_corasick,all,4,1,52,12822,150,100000000,100011600,972284,206167728,207175438,19379.038,18697.769,2.061438153,206187107.038,2.061631921,5644733161802162314,334231,335113,5644733161802162314
10,181,aho_corasick,first,0,1,2,333334,150,100000000,100000200,774464,169684211,170463956,389872.500,387232.000,1.696838716,170074083.500,1.700737434,10098303782139177676,341460,341460,10098303782139177676
10,181,aho_corasick,first,1,1,2,333334,150,100000000,100000200,802868,170735420,171563545,414062.500,401434.000,1.707350785,171149482.500,1.711491402,10098303782139177676,341460,341460,10098303782139177676
10,181,aho_corasick,first,2,1,2,333334,150,100000000,100000200,734650,177904796,178664593,379898.500,367325.000,1.779044402,178284694.500,1.782843379,10098303782139177676,341460,341460,10098303782139177676
10,181,aho_corasick,first,3,1,2,333334,150,100000000,100000200,712830,178603229,179344001,370386.000,356415.000,1.786028718,178973615.000,1.789732571,10098303782139177676,341460,341460,10098303782139177676
10,181,aho_corasick,first,4,1,2,333334,150,100000000,100000200,725654,170301341,171055688,377173.500,362827.000,1.703010004,170678514.500,1.706781731,10098303782139177676,341460,341460,10098303782139177676
10,181,hash,first,0,1,2,333334,150,100000000,100000200,12824,259058442,259073821,7689.500,6412.000,2.590579239,259066131.500,2.590656134,10098303782139177676,341460,341460,10098303782139177676
10,181,hash,first,1,1,2,333334,150,100000000,100000200,14447,270159591,270177174,8791.500,7223.500,2.701590507,270168382.500,2.701678422,10098303782139177676,341460,341460,10098303782139177676
10,181,hash,first,2,1,2,333334,150,100000000,100000200,9107,264425271,264436952,5840.500,4553.500,2.644247422,264431111.500,2.644305826,10098303782139177676,341460,341460,10098303782139177676
10,181,hash,first,3,1,2,333334,150,100000000,100000200,7824,265637778,265648479,5350.500,3912.000,2.656372467,265643128.500,2.656425972,10098303782139177676,341460,341460,10098303782139177676
10,181,hash,first,4,1,2,333334,150,100000000,100000200,8125,256321358,256333029,5835.500,4062.500,2.563208454,256327193.500,2.563266808,10098303782139177676,341460,341460,10098303782139177676
10,360,hash,first,0,1,1,666668,150,100000000,100000200,10549,242826036,242838599,12563.000,10549.000,2.428255503,242838599.000,2.428381133,10858198031013614118,348953,348953,10858198031013614118
10,360,hash,first,1,1,1,666668,150,100000000,100000200,55043,249938030,249995277,57247.000,55043.000,2.499375301,249995277.000,2.499947770,10858198031013614118,348953,348953,10858198031013614118
10,360,hash,first,2,1,1,666668,150,100000000,100000200,7213,242437081,242446678,9597.000,7213.000,2.424365961,242446678.000,2.424461931,10858198031013614118,348953,348953,10858198031013614118
10,360,hash,first,3,1,1,666668,150,100000000,100000200,7244,243620879,243630107,9228.000,7244.000,2.436203918,243630107.000,2.436296197,10858198031013614118,348953,348953,10858198031013614118
10,360,hash,first,4,1,1,666668,150,100000000,100000200,6582,236608317,236616872,8555.000,6582.000,2.366078438,236616872.000,2.366163988,10858198031013614118,348953,348953,10858198031013614118
10,360,aho_corasick,first,0,1,1,666668,150,100000000,100000200,1185422,200373856,201585417,1211561.000,1185422.000,2.003734553,201585417.000,2.015850138,10858198031013614118,348953,348953,10858198031013614118
10,360,aho_corasick,first,1,1,1,666668,150,100000000,100000200,865014,195239722,196128951,889229.000,865014.000,1.952393315,196128951.000,1.961285587,10858198031013614118,348953,348953,10858198031013614118
10,360,aho_corasick,first,2,1,1,666668,150,100000000,100000200,670020,203890246,204581756,691510.000,670020.000,2.038898382,204581756.000,2.045813468,10858198031013614118,348953,348953,10858198031013614118
10,360,aho_corasick,first,3,1,1,666668,150,100000000,100000200,1015514,200657962,201697772,1039810.000,1015514.000,2.006575607,201697772.000,2.016973686,10858198031013614118,348953,348953,10858198031013614118
10,360,aho_corasick,first,4,1,1,666668,150,100000000,100000200,886614,195896173,196807963,911790.000,886614.000,1.958957812,196807963.000,1.968075694,10858198031013614118,348953,348953,10858198031013614118
10,427,hash,first,0,1,1,666668,150,100000000,100000200,12864,469353533,469368601,15068.000,12864.000,4.693525943,469368601.000,4.693676623,9115802693001517614,351835,351835,9115802693001517614
10,427,hash,first,1,1,1,666668,150,100000000,100000200,13285,463486050,463501359,15309.000,13285.000,4.634851230,463501359.000,4.635004320,9115802693001517614,351835,351835,9115802693001517614
10,427,hash,first,2,1,1,666668,150,100000000,100000200,8306,458191438,458201557,10119.000,8306.000,4.581905216,458201557.000,4.582006406,9115802693001517614,351835,351835,9115802693001517614
10,427,hash,first,3,1,1,666668,150,100000000,100000200,8175,446196405,446206303,9898.000,8175.000,4.461955126,446206303.000,4.462054106,9115802693001517614,351835,351835,9115802693001517614
10,427,hash,first,4,1,1,666668,150,100000000,100000200,7604,446161360,446170927,9567.000,7604.000,4.461604677,446170927.000,4.461700347,9115802693001517614,351835,351835,9115802693001517614
10,427,aho_corasick,first,0,1,1,666668,150,100000000,100000200,1054778,205721862,206800805,1078943.000,1054778.000,2.057214506,206800805.000,2.068003914,9115802693001517614,351835,351835,9115802693001517614
10,427,aho_corasick,first,1,1,1,666668,150,100000000,100000200,1015915,196686480,197723795,1037315.000,1015915.000,1.966860866,197723795.000,1.977233996,9115802693001517614,351835,351835,9115802693001517614
10,427,aho_corasick,first,2,1,1,666668,150,100000000,100000200,797739,202441469,203268442,826973.000,797739.000,2.024410641,203268442.000,2.032680355,9115802693001517614,351835,351835,9115802693001517614
10,427,aho_corasick,first,3,1,1,666668,150,100000000,100000200,975349,199113352,200113066,999714.000,975349.000,1.991129538,200113066.000,2.001126658,9115802693001517614,351835,351835,9115802693001517614
10,427,aho_corasick,first,4,1,1,666668,150,100000000,100000200,783943,196748661,197552161,803500.000,783943.000,1.967482675,197552161.000,1.975517659,9115802693001517614,351835,351835,9115802693001517614
10,5,bndmq,first,0,1,52,12822,150,100000000,100011600,247913,142773768,143047799,5269.827,4767.558,1.427572082,142779037.827,1.427624774,16899333319418254308,333599,333599,16899333319418254308
10,5,bndmq,first,1,1,52,12822,150,100000000,100011600,170438,140937571,141136933,3833.885,3277.654,1.409212241,140941404.885,1.409250576,16899333319418254308,333599,333599,16899333319418254308
10,5,bndmq,first,2,1,52,12822,150,100000000,100011600,113612,148376219,148521851,2800.615,2184.846,1.483590094,148379019.615,1.483618096,16899333319418254308,333599,333599,16899333319418254308
10,5,bndmq,first,3,1,52,12822,150,100000000,100011600,117810,145275435,145424113,2859.192,2265.577,1.452585850,145278294.192,1.452614439,16899333319418254308,333599,333599,16899333319418254308
10,5,bndmq,first,4,1,52,12822,150,100000000,100011600,115636,156636637,156784864,2850.519,2223.769,1.566184693,156639487.519,1.566213194,16899333319418254308,333599,333599,16899333319418254308
10,5,aho_corasick,first,0,1,52,12822,150,100000000,100011600,1099611,158210785,159335071,21620.885,21146.365,1.581924347,158232405.885,1.582140531,16899333319418254308,333599,333599,16899333319418254308
10,5,aho_corasick,first,1,1,52,12822,150,100000000,100011600,1165647,167338772,168543171,23161.519,22416.288,1.673193630,167361933.519,1.673425218,16899333319418254308,333599,333599,16899333319418254308
10,5,aho_corasick,first,2,1,52,12822,150,100000000,100011600,1021145,164440776,165489382,20165.500,19637.404,1.644217031,164460941.500,1.644418662,16899333319418254308,333599,333599,16899333319418254308
10,5,aho_corasick,first,3,1,52,12822,150,100000000,100011600,1971928,167725090,169724509,38450.365,37921.692,1.677056361,167763540.365,1.677440821,16899333319418254308,333599,333599,16899333319418254308
10,5,aho_corasick,first,4,1,52,12822,150,100000000,100011600,1042154,155253640,156323326,20570.885,20041.423,1.552356327,155274210.885,1.552562012,16899333319418254308,333599,333599,16899333319418254308
10,5,hash,first,0,1,52,12822,150,100000000,100011600,23654,160077760,160105041,524.635,454.885,1.600591931,160078284.635,1.600597177,16899333319418254308,333599,333599,16899333319418254308
10,5,hash,first,1,1,52,12822,150,100000000,100011600,25437,164014779,164043483,552.000,489.173,1.639957555,164015331.000,1.639963074,16899333319418254308,333599,333599,16899333319418254308
10,5,hash,first,2,1,52,12822,150,100000000,100011600,18675,184789864,184813618,456.808,359.135,1.847684309,184790320.808,1.847688876,16899333319418254308,333599,333599,16899333319418254308
10,5,hash,first,3,1,52,12822,150,100000000,100011600,18495,171262528,171287555,481.288,355.673,1.712426639,171263009.288,1.712431451,16899333319418254308,333599,333599,16899333319418254308
10,5,hash,first,4,1,52,12822,150,100000000,100011600,20138,174105366,174130884,490.731,387.269,1.740851721,174105856.731,1.740856628,16899333319418254308,333599,333599,16899333319418254308
10,506,aho_corasick,first,0,1,1,666668,150,100000000,100000200,1189980,199457566,200670117,1212551.000,1189980.000,1.994571671,200670117.000,2.006697157,4182373884143119875,355108,355108,4182373884143119875
10,506,aho_corasick,first,1,1,1,666668,150,100000000,100000200,1053715,206975607,208034222,1058615.000,1053715.000,2.069751930,208034222.000,2.080338059,4182373884143119875,355108,355108,4182373884143119875
10,506,aho_corasick,first,2,1,1,666668,150,100000000,100000200,984647,205478316,206467702,989386.000,984647.000,2.054779050,206467702.000,2.064672891,4182373884143119875,355108,355108,4182373884143119875
10,506,aho_corasick,first,3,1,1,666668,150,100000000,100000200,1417665,204510464,205932918,1422454.000,1417665.000,2.045100550,205932918.000,2.059325061,4182373884143119875,355108,355108,4182373884143119875
10,506,aho_corasick,first,4,1,1,666668,150,100000000,100000200,940434,215016738,215962021,945283.000,940434.000,2.150163080,215962021.000,2.159615891,4182373884143119875,355108,355108,4182373884143119875
10,506,hash,first,0,1,1,666668,150,100000000,100000200,14547,177377452,177394364,16912.000,14547.000,1.773770972,177394364.000,1.773940092,4182373884143119875,355108,355108,4182373884143119875
10,506,hash,first,1,1,1,666668,150,100000000,100000200,52788,177462197,177517059,54862.000,52788.000,1.774618421,177517059.000,1.775167040,4182373884143119875,355108,355108,4182373884143119875
10,506,hash,first,2,1,1,666668,150,100000000,100000200,8546,183407472,183418152,10680.000,8546.000,1.834071052,183418152.000,1.834177852,4182373884143119875,355108,355108,4182373884143119875
10,506,hash,first,3,1,1,666668,150,100000000,100000200,8516,184571055,184581725,10670.000,8516.000,1.845706859,184581725.000,1.845813558,4182373884143119875,355108,355108,4182373884143119875
10,506,hash,first,4,1,1,666668,150,100000000,100000200,8305,183094398,183104957,10559.000,8305.000,1.830940318,183104957.000,1.831045908,4182373884143119875,355108,355108,4182373884143119875
10,6,hash,first,0,1,43,15504,150,100000000,100000800,21710,173033758,173059325,594.581,504.884,1.730323737,173034352.581,1.730329683,3814440014644279798,333596,333596,3814440014644279798
10,6,hash,first,1,1,43,15504,150,100000000,100000800,22833,173640495,173667866,636.535,531.000,1.736391059,173641131.535,1.736397424,3814440014644279798,333596,333596,3814440014644279798
10,6,hash,first,2,1,43,15504,150,100000000,100000800,16942,175968237,175988626,474.163,394.000,1.759668293,175968711.163,1.759673034,3814440014644279798,333596,333596,3814440014644279798
10,6,hash,first,3,1,43,15504,150,100000000,100000800,15018,170378300,170396935,433.372,349.256,1.703769370,170378733.372,1.703773704,3814440014644279798,333596,333596,3814440014644279798
10,6,hash,first,4,1,43,15504,150,100000000,100000800,14847,170114052,170133657,455.930,345.279,1.701126911,170114507.930,1.701131470,3814440014644279798,333596,333596,3814440014644279798
10,6,bndmq,first,0,1,43,15504,150,100000000,100000800,163054,177490658,177688386,4598.326,3791.953,1.774892381,177495256.326,1.774938364,3814440014644279798,333596,333596,3814440014644279798
10,6,bndmq,first,1,1,43,15504,150,100000000,100000800,139691,173078123,173250935,4018.884,3248.628,1.730767384,173082141.884,1.730807572,3814440014644279798,333596,333596,3814440014644279798
10,6,bndmq,first,2,1,43,15504,150,100000000,100000800,106569,168683297,168822827,3244.884,2478.349,1.686819475,168686541.884,1.686851924,3814440014644279798,333596,333596,3814440014644279798
10,6,bndmq,first,3,1,43,15504,150,100000000,100000800,110656,171591029,171733265,3307.814,2573.395,1.715896563,171594336.814,1.715929641,3814440014644279798,333596,333596,3814440014644279798
10,6,bndmq,first,4,1,43,15504,150,100000000,100000800,110677,175257900,175401147,3331.326,2573.884,1.752564979,175261231.326,1.752598292,3814440014644279798,333596,333596,3814440014644279798
10,6,aho_corasick,first,0,1,43,15504,150,100000000,100000800,1041393,166100137,167159694,24640.860,24218.442,1.660988082,166124777.860,1.661234489,3814440014644279798,333596,333596,3814440014644279798
10,6,aho_corasick,first,1,1,43,15504,150,100000000,100000800,949311,164662070,165629324,22494.279,22077.000,1.646607527,164684564.279,1.646832468,3814440014644279798,333596,333596,3814440014644279798
10,6,aho_corasick,first,2,1,43,15504,150,100000000,100000800,953479,162234315,163205396,22583.279,22173.930,1.622330171,162256898.279,1.622556002,3814440014644279798,333596,333596,3814440014644279798
10,6,aho_corasick,first,3,1,43,15504,150,100000000,100000800,1315965,155910920,157262010,31420.698,30603.837,1.559096727,155942340.698,1.559410932,3814440014644279798,333596,333596,3814440014644279798
10,6,aho_corasick,first,4,1,43,15504,150,100000000,100000800,944813,155994321,156960214,22462.628,21972.395,1.559930731,156016783.628,1.560155355,3814440014644279798,333596,333596,3814440014644279798
11,1,hash,first,0,1,64,10418,150,100000000,100012800,22842,133461937,133489138,425.016,356.906,1.334448561,133462362.016,1.334452810,236371656506442327,333382,333382,236371656506442327
11,1,hash,first,1,1,64,10418,150,100000000,100012800,17913,138907355,138929146,340.484,279.891,1.388895771,138907695.484,1.388899176,236371656506442327,333382,333382,236371656506442327
11,1,hash,first,2,1,64,10418,150,100000000,100012800,10119,137598138,137612565,225.422,158.109,1.375805277,137598363.422,1.375807531,236371656506442327,333382,333382,236371656506442327
11,1,hash,first,3,1,64,10418,150,100000000,100012800,10910,145335048,145350235,237.297,170.469,1.453164475,145335285.297,1.453166848,236371656506442327,333382,333382,236371656506442327
11,1,hash,first,4,1,64,10418,150,100000000,100012800,10399,136906213,136920529,223.688,162.484,1.368886912,136906436.688,1.368889149,236371656506442327,333382,333382,236371656506442327
11,1,aho_corasick,first,0,1,64,10418,150,100000000,100012800,714934,32455776,33191880,11501.625,11170.844,0.324516222,32467277.625,0.324631223,236371656506442327,333382,333382,236371656506442327
11,1,aho_corasick,first,1,1,64,10418,150,100000000,100012800,649391,33422126,34092796,10479.219,10146.734,0.334178485,33432605.219,0.334283264,236371656506442327,333382,333382,236371656506442327
11,1,aho_corasick,first,2,1,64,10418,150,100000000,100012800,679898,36092433,36798351,11029.969,10623.406,0.360878138,36103462.969,0.360988423,236371656506442327,333382,333382,236371656506442327
11,1,aho_corasick,first,3,1,64,10418,150,100000000,100012800,651916,33658350,34336514,10596.312,10186.188,0.336540423,33668946.312,0.336646372,236371656506442327,333382,333382,236371656506442327
11,1,aho_corasick,first,4,1,64,10418,150,100000000,100012800,658278,31996604,32680450,10685.094,10285.594,0.319925090,32007289.094,0.320031927,236371656506442327,333382,333382,236371656506442327
11,1,bndmq,first,0,1,64,10418,150,100000000,100012800,48410,31424867,31493175,1067.312,756.406,0.314208451,31425934.312,0.314219123,236371656506442327,333382,333382,236371656506442327
11,1,bndmq,first,1,1,64,10418,150,100000000,100012800,24145,31736720,31780612,685.812,377.266,0.317326582,31737405.812,0.317333439,236371656506442327,333382,333382,236371656506442327
11,1,bndmq,first,2,1,64,10418,150,100000000,100012800,20799,31813943,31851924,593.453,324.984,0.318098713,31814536.453,0.318104647,236371656506442327,333382,333382,236371656506442327
11,1,bndmq,first,3,1,64,10418,150,100000000,100012800,21640,31438553,31479018,632.266,338.125,0.314345294,31439185.266,0.314351616,236371656506442327,333382,333382,236371656506442327
11,1,bndmq,first,4,1,64,10418,150,100000000,100012800,20889,33436445,33477452,640.734,326.391,0.334321657,33437085.734,0.334328063,236371656506442327,333382,333382,236371656506442327
11,16,aho_corasick,first,0,1,16,41668,150,100000000,100003200,1328608,158594946,159937521,83910.938,83038.000,1.585898711,158678856.938,1.586737794,13275913267585969262,333517,333517,13275913267585969262
11,16,aho_corasick,first,1,1,16,41668,150,100000000,100003200,824408,158867760,159707356,52474.750,51525.500,1.588626764,158920234.750,1.589151495,13275913267585969262,333517,333517,13275913267585969262
11,16,aho_corasick,first,2,1,16,41668,150,100000000,100003200,1080275,161487463,162583778,68519.688,67517.188,1.614822956,161555982.688,1.615508131,13275913267585969262,333517,333517,13275913267585969262
11,16,aho_corasick,first,3,1,16,41668,150,100000000,100003200,963648,158764884,159745414,61283.125,60228.000,1.587598037,158826167.125,1.588210849,13275913267585969262,333517,333517,13275913267585969262
11,16,aho_corasick,first,4,1,16,41668,150,100000000,100003200,1001098,160927242,161957534,64393.250,62568.625,1.609220925,160991635.250,1.609864837,13275913267585969262,333517,333517,13275913267585969262
11,16,hash,first,0,1,16,41668,150,100000000,100003200,17002,171735405,171756605,1325.000,1062.625,1.717299096,171736730.000,1.717312346,13275913267585969262,333517,333517,13275913267585969262
11,16,hash,first,1,1,16,41668,150,100000000,100003200,61535,180308787,180382495,4606.750,3845.938,1.803030173,180313393.750,1.803076239,13275913267585969262,333517,333517,13275913267585969262
11,16,hash,first,2,1,16,41668,150,100000000,100003200,11631,176685377,176701748,1023.188,726.938,1.766797232,176686400.188,1.766807464,13275913267585969262,333517,333517,13275913267585969262
11,16,hash,first,3,1,16,41668,150,100000000,100003200,11973,187997410,188013140,983.125,748.312,1.879913943,187998393.125,1.879923774,13275913267585969262,333517,333517,13275913267585969262
11,16,hash,first,4,1,16,41668,150,100000000,100003200,11551,179867534,179883052,969.875,721.938,1.798617784,179868503.875,1.798627483,13275913267585969262,333517,333517,13275913267585969262
11,16,bndmq,first,0,1,16,41668,150,100000000,100003200,242853,376044403,376312092,16730.562,15178.312,3.760323700,376061133.562,3.760491000,13275913267585969262,333517,333517,13275913267585969262
11,16,bndmq,first,1,1,16,41668,150,100000000,100003200,97181,381931424,382055255,7739.438,6073.812,3.819192026,381939163.438,3.819269418,13275913267585969262,333517,333517,13275913267585969262
11,16,bndmq,first,2,1,16,41668,150,100000000,100003200,94646,389364424,389480901,7279.812,5915.375,3.893519647,389371703.812,3.893592443,13275913267585969262,333517,333517,13275913267585969262
11,16,bndmq,first,3,1,16,41668,150,100000000,100003200,117058,376022443,376164548,8881.562,7316.125,3.760104107,376031324.562,3.760192919,13275913267585969262,333517,333517,13275913267585969262
11,16,bndmq,first,4,1,16,41668,150,100000000,100003200,82714,388385388,388494632,6827.750,5169.625,3.883729601,388392215.750,3.883797876,13275913267585969262,333517,333517,13275913267585969262
11,256,aho_corasick,first,0,1,1,666668,150,100000000,100000200,581755,193564947,194165487,600540.000,581755.000,1.935645599,194165487.000,1.941650987,13573158044174078500,336145,336145,13573158044174078500
11,256,aho_corasick,first,1,1,1,666668,150,100000000,100000200,679017,184845525,185541463,695938.000,679017.000,1.848451553,185541463.000,1.855410919,13573158044174078500,336145,336145,13573158044174078500
11,256,aho_corasick,first,2,1,1,666668,150,100000000,100000200,542231,187815282,188380195,564913.000,542231.000,1.878149064,188380195.000,1.883798182,13573158044174078500,336145,336145,13573158044174078500
11,256,aho_corasick,first,3,1,1,666668,150,100000000,100000200,794863,191444574,192256489,811915.000,794863.000,1.914441911,192256489.000,1.922561045,13573158044174078500,336145,336145,13573158044174078500
11,256,aho_corasick,first,4,1,1,666668,150,100000000,100000200,550277,188458942,189026011,567069.000,550277.000,1.884585651,189026011.000,1.890256329,13573158044174078500,336145,336145,13573158044174078500
11,256,hash,first,0,1,1,666668,150,100000000,100000200,21541,188276971,188300625,23654.000,21541.000,1.882765944,188300625.000,1.883002484,13573158044174078500,336145,336145,13573158044174078500
11,256,hash,first,1,1,1,666668,150,100000000,100000200,12072,188272018,188286484,14466.000,12072.000,1.882716415,188286484.000,1.882861074,13573158044174078500,336145,336145,13573158044174078500
11,256,hash,first,2,1,1,666668,150,100000000,100000200,5720,187786556,187794160,7604.000,5720.000,1.877861804,187794160.000,1.877937844,13573158044174078500,336145,336145,13573158044174078500
11,256,hash,first,3,1,1,666668,150,100000000,100000200,5540,192619334,192626968,7634.000,5540.000,1.926189488,192626968.000,1.926265827,13573158044174078500,336145,336145,13573158044174078500
11,256,hash,first,4,1,1,666668,150,100000000,100000200,6983,187455903,187464509,8606.000,6983.000,1.874555281,187464509.000,1.874641341,13573158044174078500,336145,336145,13573158044174078500
11,4,hash,first,0,1,64,10418,150,100000000,100012800,37459,157361975,157403333,646.219,585.297,1.573418352,157362621.219,1.573424814,10570992198016960796,333424,333424,10570992198016960796
11,4,hash,first,1,1,64,10418,150,100000000,100012800,33132,160008974,160047515,602.203,517.688,1.599884955,160009576.203,1.599890976,10570992198016960796,333424,333424,10570992198016960796
11,4,hash,first,2,1,64,10418,150,100000000,100012800,17643,156337279,156361003,370.688,275.672,1.563172704,156337649.688,1.563176410,10570992198016960796,333424,333424,10570992198016960796
11,4,hash,first,3,1,64,10418,150,100000000,100012800,29465,161046600,161081044,538.188,460.391,1.610259887,161047138.188,1.610265268,10570992198016960796,333424,333424,10570992198016960796
11,4,hash,first,4,1,64,10418,150,100000000,100012800,17683,157747364,157771369,375.078,276.297,1.577271749,157747739.078,1.577275500,10570992198016960796,333424,333424,10570992198016960796
11,4,bndmq,first,0,1,64,10418,150,100000000,100012800,266407,105643447,105943437,4687.344,4162.609,1.056299264,105648134.344,1.056346131,10570992198016960796,333424,333424,10570992198016960796
11,4,bndmq,first,1,1,64,10418,150,100000000,100012800,117329,105969396,106113615,2253.422,1833.266,1.059558337,105971649.422,1.059580868,10570992198016960796,333424,333424,10570992198016960796
11,4,bndmq,first,2,1,64,10418,150,100000000,100012800,113572,105488869,105640902,2375.516,1774.562,1.054753682,105491244.516,1.054777434,10570992198016960796,333424,333424,10570992198016960796
11,4,bndmq,first,3,1,64,10418,150,100000000,100012800,128870,106460191,106615120,2420.766,2013.594,1.064465658,106462611.766,1.064489863,10570992198016960796,333424,333424,10570992198016960796
11,4,bndmq,first,4,1,64,10418,150,100000000,100012800,114414,106496318,106637622,2207.875,1787.719,1.064826882,106498525.875,1.064848958,10570992198016960796,333424,333424,10570992198016960796
11,4,aho_corasick,first,0,1,64,10418,150,100000000,100012800,1410091,156676937,158117104,22502.609,22032.672,1.566568849,156699439.609,1.566793846,10570992198016960796,333424,333424,10570992198016960796
11,4,aho_corasick,first,1,1,64,10418,150,100000000,100012800,1370276,151650011,153053529,21929.969,21410.562,1.516306023,151671940.969,1.516525294,10570992198016960796,333424,333424,10570992198016960796
11,4,aho_corasick,first,2,1,64,10418,150,100000000,100012800,1335531,153325068,154691647,21352.797,20867.672,1.533054449,153346420.797,1.533267950,10570992198016960796,333424,333424,10570992198016960796
11,4,aho_corasick,first,3,1,64,10418,150,100000000,100012800,1214857,150633151,151878315,19455.688,18982.141,1.506138724,150652606.688,1.506333256,10570992198016960796,333424,333424,10570992198016960796
11,4,aho_corasick,first,4,1,64,10418,150,100000000,100012800,1217521,154887489,156135186,19495.266,19023.766,1.548676659,154906984.266,1.548871587,10570992198016960796,333424,333424,10570992198016960796
11,64,hash,first,0,1,4,166668,150,100000000,100000800,26249,175347846,175376579,7183.250,6562.250,1.753464432,175355029.250,1.753536264,8965949976949596650,334064,334064,8965949976949596650
11,64,hash,first,1,1,4,166668,150,100000000,100000800,13114,176574749,176591290,4135.250,3278.500,1.765733364,176578884.250,1.765774716,8965949976949596650,334064,334064,8965949976949596650
11,64,hash,first,2,1,4,166668,150,100000000,100000800,7604,189654888,189666309,2855.250,1901.000,1.896533708,189657743.250,1.896562260,8965949976949596650,334064,334064,8965949976949596650
11,64,hash,first,3,1,4,166668,150,100000000,100000800,7484,182318947,182329537,2647.500,1871.000,1.823174885,182321594.500,1.823201359,8965949976949596650,334064,334064,8965949976949596650
11,64,hash,first,4,1,4,166668,150,100000000,100000800,6913,184058284,184068584,2575.000,1728.250,1.840568115,184060859.000,1.840593865,8965949976949596650,334064,334064,8965949976949596650
11,64,bndmq,first,0,1,4,166668,150,100000000,100000800,227274,1471429774,1471690251,65119.250,56818.500,14.714180027,1471494893.250,14.714831214,8965949976949596650,334064,334064,8965949976949596650
11,64,bndmq,first,1,1,4,166668,150,100000000,100000800,106388,1463506083,1463636677,32648.500,26597.000,14.634943750,1463538731.500,14.635270233,8965949976949596650,334064,334064,8965949976949596650
11,64,bndmq,first,2,1,4,166668,150,100000000,100000800,91901,1432909814,1433028055,29560.250,22975.250,14.328983508,1432939374.250,14.329279108,8965949976949596650,334064,334064,8965949976949596650
11,64,bndmq,first,3,1,4,166668,150,100000000,100000800,92583,1442558530,1442678393,29965.750,23145.750,14.425469896,1442588495.750,14.425769551,8965949976949596650,334064,334064,8965949976949596650
11,64,bndmq,first,4,1,4,166668,150,100000000,100000800,94165,1445586624,1445703713,29272.250,23541.250,14.455750594,1445615896.250,14.456043314,8965949976949596650,334064,334064,8965949976949596650
11,64,aho_corasick,first,0,1,4,166668,150,100000000,100000800,750751,156936517,157708287,192942.500,187687.750,1.569352615,157129459.500,1.571282025,8965949976949596650,334064,334064,8965949976949596650
11,64,aho_corasick,first,1,1,4,166668,150,100000000,100000800,771790,157373946,158153811,194966.250,192947.500,1.573726870,157568912.250,1.575676517,8965949976949596650,334064,334064,8965949976949596650
11,64,aho_corasick,first,2,1,4,166668,150,100000000,100000800,629685,166324200,166962131,159482.750,157421.250,1.663228694,166483682.750,1.664823509,8965949976949596650,334064,334064,8965949976949596650
11,64,aho_corasick,first,3,1,4,166668,150,100000000,100000800,643411,155678083,156330972,163222.250,160852.750,1.556768376,155841305.250,1.558400585,8965949976949596650,334064,334064,8965949976949596650
11,64,aho_corasick,first,4,1,4,166668,150,100000000,100000800,624706,159715876,160349509,158408.250,156176.500,1.597145983,159874284.250,1.598730053,8965949976949596650,334064,334064,8965949976949596650
12,181,aho_corasick,first,0,1,2,333334,150,100000000,100000200,952598,174787750,175767258,489754.000,476299.000,1.747874004,175277504.000,1.752771534,18320646749386960786,333822,333822,18320646749386960786
12,181,aho_corasick,first,1,1,2,333334,150,100000000,100000200,1013931,182552940,183592729,519894.500,506965.500,1.825525749,183072834.500,1.830724684,18320646749386960786,333822,333822,18320646749386960786
12,181,aho_corasick,first,2,1,2,333334,150,100000000,100000200,885883,181640680,182561168,460244.000,442941.500,1.816403167,182100924.000,1.821005598,18320646749386960786,333822,333822,18320646749386960786
12,181,aho_corasick,first,3,1,2,333334,150,100000000,100000200,884700,178235238,179149072,456917.000,442350.000,1.782348815,178692155.000,1.786917976,18320646749386960786,333822,333822,18320646749386960786
12,181,aho_corasick,first,4,1,2,333334,150,100000000,100000200,1126505,181378649,182536021,578686.000,563252.500,1.813782862,181957335.000,1.819569711,18320646749386960786,333822,333822,18320646749386960786
12,181,hash,first,0,1,2,333334,150,100000000,100000200,12493,242262866,242277603,7368.500,6246.500,2.422623815,242270234.500,2.422697500,18320646749386960786,333822,333822,18320646749386960786
12,181,hash,first,1,1,2,333334,150,100000000,100000200,12283,236100586,236115794,7604.000,6141.500,2.361001138,236108190.000,2.361077178,18320646749386960786,333822,333822,18320646749386960786
12,181,hash,first,2,1,2,333334,150,100000000,100000200,7554,242319826,242329765,4969.500,3777.000,2.423193414,242324795.500,2.423243109,18320646749386960786,333822,333822,18320646749386960786
12,181,hash,first,3,1,2,333334,150,100000000,100000200,8225,242294275,242305696,5710.500,4112.500,2.422937904,242299985.500,2.422995009,18320646749386960786,333822,333822,18320646749386960786
12,181,hash,first,4,1,2,333334,150,100000000,100000200,7515,241278253,241288563,5155.000,3757.500,2.412777704,241283408.000,2.412829254,18320646749386960786,333822,333822,18320646749386960786
12,215,hash,first,0,1,2,333334,150,100000000,100000200,13465,489914138,489929837,7849.500,6732.500,4.899131582,489921987.500,4.899210077,3299474825420949770,333929,333929,3299474825420949770
12,215,hash,first,1,1,2,333334,150,100000000,100000200,15168,489428309,489446253,8972.000,7584.000,4.894273301,489437281.000,4.894363021,3299474825420949770,333929,333929,3299474825420949770
12,215,hash,first,2,1,2,333334,150,100000000,100000200,10710,495826520,495840576,7028.000,5355.000,4.958255283,495833548.000,4.958325563,3299474825420949770,333929,333929,3299474825420949770
12,215,hash,first,3,1,2,333334,150,100000000,100000200,10781,493495519,493508864,6672.500,5390.500,4.934945320,493502191.500,4.935012045,3299474825420949770,333929,333929,3299474825420949770
12,215,hash,first,4,1,2,333334,150,100000000,100000200,9337,487339747,487351649,5951.000,4668.500,4.873387723,487345698.000,4.873447233,3299474825420949770,333929,333929,3299474825420949770
12,215,aho_corasick,first,0,1,2,333334,150,100000000,100000200,1243801,177530497,178800527,635015.000,621900.500,1.775301419,178165512.000,1.781651557,3299474825420949770,333929,333929,3299474825420949770
12,215,aho_corasick,first,1,1,2,333334,150,100000000,100000200,1032406,176792509,177850622,529056.500,516203.000,1.767921554,177321565.500,1.773212109,3299474825420949770,333929,333929,3299474825420949770
12,215,aho_corasick,first,2,1,2,333334,150,100000000,100000200,1126161,182298719,183455106,578193.500,563080.500,1.822983544,182876912.500,1.828765467,3299474825420949770,333929,333929,3299474825420949770
12,215,aho_corasick,first,3,1,2,333334,150,100000000,100000200,1277133,183834120,185141389,653634.500,638566.500,1.838337523,184487754.500,1.844873855,3299474825420949770,333929,333929,3299474825420949770
12,215,aho_corasick,first,4,1,2,333334,150,100000000,100000200,1039730,183066495,184141221,537363.000,519865.000,1.830661289,183603858.000,1.836034908,3299474825420949770,333929,333929,3299474825420949770
12,235,hash,first,0,1,2,333334,150,100000000,100000200,19937,175258123,175281026,11451.500,9968.500,1.752577725,175269574.500,1.752692240,17713962074906804374,334023,334023,17713962074906804374
12,235,hash,first,1,1,2,333334,150,100000000,100000200,13595,186357005,186373756,8375.500,6797.500,1.863566323,186365380.500,1.863650078,17713962074906804374,334023,334023,17713962074906804374
12,235,hash,first,2,1,2,333334,150,100000000,100000200,9117,183542698,183554751,6026.500,4558.500,1.835423309,183548724.500,1.835483574,17713962074906804374,334023,334023,17713962074906804374
12,235,hash,first,3,1,2,333334,150,100000000,100000200,8946,177075138,177086900,5881.000,4473.000,1.770747839,177081019.000,1.770806648,17713962074906804374,334023,334023,17713962074906804374
12,235,hash,first,4,1,2,333334,150,100000000,100000200,9377,185559852,185572375,6261.500,4688.500,1.855594809,185566113.500,1.855657424,17713962074906804374,334023,334023,17713962074906804374
12,235,aho_corasick,first,0,1,2,333334,150,100000000,100000200,1188147,180790049,182009424,609687.500,594073.500,1.807896874,181399736.500,1.813993737,17713962074906804374,334023,334023,17713962074906804374
12,235,aho_corasick,first,1,1,2,333334,150,100000000,100000200,1139075,177327754,178495171,583708.500,569537.500,1.773273993,177911462.500,1.779111067,17713962074906804374,334023,334023,17713962074906804374
12,235,aho_corasick,first,2,1,2,333334,150,100000000,100000200,1122404,184912380,186063156,575388.000,561202.000,1.849120102,185487768.000,1.854873970,17713962074906804374,334023,334023,17713962074906804374
12,235,aho_corasick,first,3,1,2,333334,150,100000000,100000200,1118306,190477927,191625077,573575.000,559153.000,1.904775460,191051502.000,1.910511199,17713962074906804374,334023,334023,17713962074906804374
12,235,aho_corasick,first,4,1,2,333334,150,100000000,100000200,1103669,189351572,190485918,567173.000,551834.500,1.893511933,189918745.000,1.899183652,17713962074906804374,334023,334023,17713962074906804374
12,6,hash,first,0,1,43,15504,150,100000000,100000800,25959,168580710,168610306,688.279,603.698,1.685793614,168581398.279,1.685800496,12471316949071594568,333350,333350,12471316949071594568
12,6,hash,first,1,1,43,15504,150,100000000,100000800,24065,162634349,162661049,620.930,559.651,1.626330479,162634969.930,1.626336689,12471316949071594568,333350,333350,12471316949071594568
12,6,hash,first,2,1,43,15504,150,100000000,100000800,16040,165379887,165400155,471.349,373.023,1.653785640,165380358.349,1.653790353,12471316949071594568,333350,333350,12471316949071594568
12,6,hash,first,3,1,43,15504,150,100000000,100000800,17112,170453787,170475467,504.186,397.953,1.704524234,170454291.186,1.704529276,12471316949071594568,333350,333350,12471316949071594568
12,6,hash,first,4,1,43,15504,150,100000000,100000800,17172,167637930,167658588,480.419,399.349,1.676365889,167638410.419,1.676370693,12471316949071594568,333350,333350,12471316949071594568
12,6,aho_corasick,first,0,1,43,15504,150,100000000,100000800,1125039,153037723,154182669,26626.651,26163.698,1.530364987,153064349.651,1.530631251,12471316949071594568,333350,333350,12471316949071594568
12,6,aho_corasick,first,1,1,43,15504,150,100000000,100000800,1085124,153012226,154117879,25712.860,25235.442,1.530110019,153037938.860,1.530367146,12471316949071594568,333350,333350,12471316949071594568
12,6,aho_corasick,first,2,1,43,15504,150,100000000,100000800,1064316,154193429,155283433,25348.930,24751.535,1.541921955,154218777.930,1.542175442,12471316949071594568,333350,333350,12471316949071594568
12,6,aho_corasick,first,3,1,43,15504,150,100000000,100000800,1049919,155500237,156575443,25004.791,24416.721,1.554989930,155525241.791,1.555239976,12471316949071594568,333350,333350,12471316949071594568
12,6,aho_corasick,first,4,1,43,15504,150,100000000,100000800,1060568,160331691,161414210,25174.860,24664.372,1.603304084,160356865.860,1.603555830,12471316949071594568,333350,333350,12471316949071594568
12,6,bndmq,first,0,1,43,15504,150,100000000,100000800,137406,145280433,145446483,3861.628,3195.488,1.452792708,145284294.628,1.452831324,12471316949071594568,333350,333350,12471316949071594568
12,6,bndmq,first,1,1,43,15504,150,100000000,100000800,112330,145426854,145571033,3353.000,2612.326,1.454256906,145430207.000,1.454290436,12471316949071594568,333350,333350,12471316949071594568
12,6,bndmq,first,2,1,43,15504,150,100000000,100000800,105306,146059635,146197932,3216.209,2448.977,1.460584665,146062851.209,1.460616827,12471316949071594568,333350,333350,12471316949071594568
12,6,bndmq,first,3,1,43,15504,150,100000000,100000800,107150,146486080,146623927,3205.744,2491.860,1.464849081,146489285.744,1.464881138,12471316949071594568,333350,333350,12471316949071594568
12,6,bndmq,first,4,1,43,15504,150,100000000,100000800,105878,147797471,147933184,3156.116,2462.279,1.477962886,147800627.116,1.477994447,12471316949071594568,333350,333350,12471316949071594568
12,7,bndmq,first,0,1,37,18020,150,100000000,100011000,134801,161119574,161280393,4346.459,3643.270,1.611018528,161123920.459,1.611061988,1186678425877302498,333391,333391,1186678425877302498
12,7,bndmq,first,1,1,37,18020,150,100000000,100011000,102161,160618063,160745381,3441.027,2761.108,1.606003970,160621504.027,1.606038376,1186678425877302498,333391,333391,1186678425877302498
12,7,bndmq,first,2,1,37,18020,150,100000000,100011000,110446,158968782,159112081,3872.946,2985.027,1.589512974,158972654.946,1.589551699,1186678425877302498,333391,333391,1186678425877302498
12,7,bndmq,first,3,1,37,18020,150,100000000,100011000,132607,159884617,160041008,4226.784,3583.973,1.598670316,159888843.784,1.598712579,1186678425877302498,333391,333391,1186678425877302498
12,7,bndmq,first,4,1,37,18020,150,100000000,100011000,104034,164637839,164775966,3733.162,2811.730,1.646197308,164641572.162,1.646234636,1186678425877302498,333391,333391,1186678425877302498
12,7,aho_corasick,first,0,1,37,18020,150,100000000,100011000,1169432,155383601,156575295,32207.946,31606.270,1.553665107,155415808.946,1.553987151,1186678425877302498,333391,333391,1186678425877302498
12,7,aho_corasick,first,1,1,37,18020,150,100000000,100011000,1257095,151983669,153264418,34614.838,33975.541,1.519669526,152018283.838,1.520015637,1186678425877302498,333391,333391,1186678425877302498
12,7,aho_corasick,first,2,1,37,18020,150,100000000,100011000,1002560,153414709,154440141,27714.378,27096.216,1.533978352,153442423.378,1.534255466,1186678425877302498,333391,333391,1186678425877302498
12,7,aho_corasick,first,3,1,37,18020,150,100000000,100011000,1050750,154065816,155139939,29030.351,28398.649,1.540488706,154094846.351,1.540778978,1186678425877302498,333391,333391,1186678425877302498
12,7,aho_corasick,first,4,1,37,18020,150,100000000,100011000,1211348,156375290,157609491,33356.784,32739.135,1.563580906,156408646.784,1.563914437,1186678425877302498,333391,333391,1186678425877302498
12,7,hash,first,0,1,37,18020,150,100000000,100011000,19827,172237876,172261240,631.459,535.865,1.722189319,172238507.459,1.722195633,1186678425877302498,333391,333391,1186678425877302498
12,7,hash,first,1,1,37,18020,150,100000000,100011000,21671,172533319,172558576,682.622,585.703,1.725143424,172534001.622,1.725150250,1186678425877302498,333391,333391,1186678425877302498
12,7,hash,first,2,1,37,18020,150,100000000,100011000,14196,172283174,172300797,476.297,383.676,1.722642249,172283650.297,1.722647012,1186678425877302498,333391,333391,1186678425877302498
12,7,hash,first,3,1,37,18020,150,100000000,100011000,14077,174361067,174379712,503.919,380.459,1.743418894,174361570.919,1.743423933,1186678425877302498,333391,333391,1186678425877302498
12,7,hash,first,4,1,37,18020,150,100000000,100011000,24515,169818972,169848276,792.000,662.568,1.698002940,169819764.000,1.698010859,1186678425877302498,333391,333391,1186678425877302498
14,8,bndmq,first,0,1,32,20834,150,100000000,100003200,132177,165342409,165502227,4994.312,4130.531,1.653371182,165347403.312,1.653421124,14332880991912503425,333347,333347,14332880991912503425
14,8,bndmq,first,1,1,32,20834,150,100000000,100003200,118171,166431494,166577898,4575.125,3692.844,1.664261684,166436069.125,1.664307433,14332880991912503425,333347,333347,14332880991912503425
14,8,bndmq,first,2,1,32,20834,150,100000000,100003200,143919,167251601,167421508,5309.594,4497.469,1.672462491,167256910.594,1.672515585,14332880991912503425,333347,333347,14332880991912503425
14,8,bndmq,first,3,1,32,20834,150,100000000,100003200,104254,169556564,169687086,4078.812,3257.938,1.695511384,169560642.812,1.695552170,14332880991912503425,333347,333347,14332880991912503425
14,8,bndmq,first,4,1,32,20834,150,100000000,100003200,98914,169932902,170061481,4018.094,3091.062,1.699274643,169936920.094,1.699314823,14332880991912503425,333347,333347,14332880991912503425
14,8,aho_corasick,first,0,1,32,20834,150,100000000,100003200,1146318,154321877,155489486,36487.781,35822.438,1.543169389,154358364.781,1.543534255,14332880991912503425,333347,333347,14332880991912503425
14,8,aho_corasick,first,1,1,32,20834,150,100000000,100003200,1507131,152970889,154497898,47719.031,47097.844,1.529659941,153018608.031,1.530137116,14332880991912503425,333347,333347,14332880991912503425
14,8,aho_corasick,first,2,1,32,20834,150,100000000,100003200,1053726,148149804,149219640,33432.375,32928.938,1.481450634,148183236.375,1.481784947,14332880991912503425,333347,333347,14332880991912503425
14,8,aho_corasick,first,3,1,32,20834,150,100000000,100003200,1433272,151972267,153420056,45243.406,44789.750,1.519674040,152017510.406,1.520126460,14332880991912503425,333347,333347,14332880991912503425
14,8,aho_corasick,first,4,1,32,20834,150,100000000,100003200,1068674,151688604,152772306,33865.688,33396.062,1.516837501,151722469.688,1.517176147,14332880991912503425,333347,333347,14332880991912503425
14,8,hash,first,0,1,32,20834,150,100000000,100003200,19055,184055647,184079300,739.156,595.469,1.840497574,184056386.156,1.840504965,14332880991912503425,333347,333347,14332880991912503425
14,8,hash,first,1,1,32,20834,150,100000000,100003200,20207,173493119,173517374,757.969,631.469,1.734875674,173493876.969,1.734883253,14332880991912503425,333347,333347,14332880991912503425
14,8,hash,first,2,1,32,20834,150,100000000,100003200,13446,172195073,172212867,556.062,420.188,1.721895629,172195629.062,1.721901190,14332880991912503425,333347,333347,14332880991912503425
14,8,hash,first,3,1,32,20834,150,100000000,100003200,16371,174463237,174483164,622.719,511.594,1.744576544,174463859.719,1.744582771,14332880991912503425,333347,333347,14332880991912503425
14,8,hash,first,4,1,32,20834,150,100000000,100003200,13044,176764276,176780817,516.906,407.625,1.767586197,176764792.906,1.767591366,14332880991912503425,333347,333347,14332880991912503425
15,8,hash,first,0,1,32,20834,150,100000000,100003200,20318,178384236,178409473,788.656,634.938,1.783785279,178385024.656,1.783793165,10007957261559824023,333344,333344,10007957261559824023
15,8,hash,first,1,1,32,20834,150,100000000,100003200,22462,179812383,179838311,810.250,701.938,1.798066292,179813193.250,1.798074394,10007957261559824023,333344,333344,10007957261559824023
15,8,hash,first,2,1,32,20834,150,100000000,100003200,13455,183270816,183289391,580.469,420.469,1.832649515,183271396.469,1.832655320,10007957261559824023,333344,333344,10007957261559824023
15,8,hash,first,3,1,32,20834,150,100000000,100003200,14117,182345767,182363570,556.344,441.156,1.823399321,182346323.344,1.823404884,10007957261559824023,333344,333344,10007957261559824023
15,8,hash,first,4,1,32,20834,150,100000000,100003200,14387,182986554,183005279,585.156,449.594,1.829806986,182987139.156,1.829812838,10007957261559824023,333344,333344,10007957261559824023
15,8,aho_corasick,first,0,1,32,20834,150,100000000,100003200,1344608,156041021,157405155,42629.188,42019.000,1.560360278,156083650.188,1.560786557,10007957261559824023,333344,333344,10007957261559824023
15,8,aho_corasick,first,1,1,32,20834,150,100000000,100003200,1145427,154862088,156026641,36392.281,35794.594,1.548571326,154898480.281,1.548935237,10007957261559824023,333344,333344,10007957261559824023
15,8,aho_corasick,first,2,1,32,20834,150,100000000,100003200,1185652,158132689,159339881,37724.750,37051.625,1.581276289,158170413.750,1.581653525,10007957261559824023,333344,333344,10007957261559824023
15,8,aho_corasick,first,3,1,32,20834,150,100000000,100003200,1129758,153258078,154409196,35972.438,35304.938,1.532531739,153294050.438,1.532891452,10007957261559824023,333344,333344,10007957261559824023
15,8,aho_corasick,first,4,1,32,20834,150,100000000,100003200,1116964,154125615,155263117,35546.938,34905.125,1.541206831,154161161.938,1.541562289,10007957261559824023,333344,333344,10007957261559824023
15,8,bndmq,first,0,1,32,20834,150,100000000,100003200,226873,156660172,156920226,8126.688,7089.781,1.566551590,156668298.688,1.566632855,10007957261559824023,333344,333344,10007957261559824023
15,8,bndmq,first,1,1,32,20834,150,100000000,100003200,116968,156233059,156376967,4497.125,3655.250,1.562280597,156237556.125,1.562325567,10007957261559824023,333344,333344,10007957261559824023
15,8,bndmq,first,2,1,32,20834,150,100000000,100003200,107550,158136937,158268401,4108.250,3360.938,1.581318768,158141045.250,1.581359849,10007957261559824023,333344,333344,10007957261559824023
15,8,bndmq,first,3,1,32,20834,150,100000000,100003200,102031,165011552,165139611,4001.844,3188.469,1.650062718,165015553.844,1.650102735,10007957261559824023,333344,333344,10007957261559824023
15,8,bndmq,first,4,1,32,20834,150,100000000,100003200,101019,160917618,161047181,4048.844,3156.844,1.609124688,160921666.844,1.609165175,10007957261559824023,333344,333344,10007957261559824023
16,11,hash,first,0,1,24,27778,150,100000000,100000800,21951,194948415,194974945,1105.417,914.625,1.949468554,194949520.417,1.949479608,11831279386241208527,333337,333337,11831279386241208527
16,11,hash,first,1,1,24,27778,150,100000000,100000800,24345,193046998,193075280,1178.417,1014.375,1.930454536,193048176.417,1.930466320,11831279386241208527,333337,333337,11831279386241208527
16,11,hash,first,2,1,24,27778,150,100000000,100000800,15940,200128522,200148770,843.667,664.167,2.001269210,200129365.667,2.001277646,11831279386241208527,333337,333337,11831279386241208527
16,11,hash,first,3,1,24,27778,150,100000000,100000800,17062,195262011,195283731,905.000,710.917,1.952604489,195262916.000,1.952613539,11831279386241208527,333337,333337,11831279386241208527
16,11,hash,first,4,1,24,27778,150,100000000,100000800,15419,197377136,197397063,830.292,642.458,1.973755570,197377966.292,1.973763873,11831279386241208527,333337,333337,11831279386241208527
16,11,bndmq,first,0,1,24,27778,150,100000000,100000800,134451,194971741,195142279,7105.750,5602.125,1.949701812,194978846.750,1.949772869,11831279386241208527,333337,333337,11831279386241208527
16,11,bndmq,first,1,1,24,27778,150,100000000,100000800,101609,200642551,200774296,5489.375,4233.708,2.006409459,200648040.375,2.006464352,11831279386241208527,333337,333337,11831279386241208527
16,11,bndmq,first,2,1,24,27778,150,100000000,100000800,95468,198353746,198470443,4862.375,3977.833,1.983521592,198358608.375,1.983570215,11831279386241208527,333337,333337,11831279386241208527
16,11,bndmq,first,3,1,24,27778,150,100000000,100000800,95659,200691782,200816556,5198.917,3985.792,2.006901765,200696980.917,2.006953754,11831279386241208527,333337,333337,11831279386241208527
16,11,bndmq,first,4,1,24,27778,150,100000000,100000800,100257,194689665,194819647,5415.917,4177.375,1.946881075,194695080.917,1.946935234,11831279386241208527,333337,333337,11831279386241208527
16,11,aho_corasick,first,0,1,24,27778,150,100000000,100000800,1214687,154175670,155408531,51369.208,50611.958,1.541744366,154227039.208,1.542258054,11831279386241208527,333337,333337,11831279386241208527
16,11,aho_corasick,first,1,1,24,27778,150,100000000,100000800,1217852,158880609,160148741,52838.833,50743.833,1.588793380,158933447.833,1.589321764,11831279386241208527,333337,333337,11831279386241208527
16,11,aho_corasick,first,2,1,24,27778,150,100000000,100000800,1486015,162570508,164087161,63193.875,61917.292,1.625692074,162633701.875,1.626324008,11831279386241208527,333337,333337,11831279386241208527
16,11,aho_corasick,first,3,1,24,27778,150,100000000,100000800,1445827,163589135,165074235,61879.167,60242.792,1.635878263,163651014.167,1.636497050,11831279386241208527,333337,333337,11831279386241208527
16,11,aho_corasick,first,4,1,24,27778,150,100000000,100000800,1126181,162226148,163385741,48316.375,46924.208,1.622248502,162274464.375,1.622731662,11831279386241208527,333337,333337,11831279386241208527
16,181,hash,first,0,1,2,333334,150,100000000,100000200,13746,229611402,229627642,8120.000,6873.000,2.296109428,229619522.000,2.296190628,15316513491000306896,333335,333335,15316513491000306896
16,181,hash,first,1,1,2,333334,150,100000000,100000200,12514,228455433,228471143,7855.000,6257.000,2.284549761,228463288.000,2.284628311,15316513491000306896,333335,333335,15316513491000306896
16,181,hash,first,2,1,2,333334,150,100000000,100000200,8776,225779141,225791293,6076.000,4388.000,2.257786894,225785217.000,2.257847654,15316513491000306896,333335,333335,15316513491000306896
16,181,hash,first,3,1,2,333334,150,100000000,100000200,10490,233042781,233056417,6818.000,5245.000,2.330423149,233049599.000,2.330491329,15316513491000306896,333335,333335,15316513491000306896
16,181,hash,first,4,1,2,333334,150,100000000,100000200,8787,225519696,225531639,5971.500,4393.500,2.255192450,225525667.500,2.255252164,15316513491000306896,333335,333335,15316513491000306896
16,181,aho_corasick,first,0,1,2,333334,150,100000000,100000200,1341663,182121169,183497477,688154.000,670831.500,1.821208048,182809323.000,1.828089574,15316513491000306896,333335,333335,15316513491000306896
16,181,aho_corasick,first,1,1,2,333334,150,100000000,100000200,1571401,176565126,178162786,798830.000,785700.500,1.765647729,177363956.000,1.773636013,15316513491000306896,333335,333335,15316513491000306896
16,181,aho_corasick,first,2,1,2,333334,150,100000000,100000200,1290908,182232438,183553733,660647.500,645454.000,1.822320735,182893085.500,1.828927197,15316513491000306896,333335,333335,15316513491000306896
16,181,aho_corasick,first,3,1,2,333334,150,100000000,100000200,1626384,180279557,181933763,827103.000,813192.000,1.802791964,181106660.000,1.811062978,15316513491000306896,333335,333335,15316513491000306896
16,181,aho_corasick,first,4,1,2,333334,150,100000000,100000200,1257266,184718757,186010236,645739.500,628633.000,1.847183876,185364496.500,1.853641258,15316513491000306896,333335,333335,15316513491000306896
16,215,aho_corasick,first,0,1,2,333334,150,100000000,100000200,1938707,189482864,191459842,988489.000,969353.500,1.894824850,190471353.000,1.904709721,15440260322649796396,333338,333338,15440260322649796396
16,215,aho_corasick,first,1,1,2,333334,150,100000000,100000200,1579636,212140271,213761694,810711.500,789818.000,2.121398467,212950982.500,2.129505566,15440260322649796396,333338,333338,15440260322649796396
16,215,aho_corasick,first,2,1,2,333334,150,100000000,100000200,2553494,203642862,206243133,1300135.500,1276747.000,2.036424547,204942997.500,2.049425876,15440260322649796396,333338,333338,15440260322649796396
16,215,aho_corasick,first,3,1,2,333334,150,100000000,100000200,1716022,203559645,205310562,875458.500,858011.000,2.035592379,204435103.500,2.044346946,15440260322649796396,333338,333338,15440260322649796396
16,215,aho_corasick,first,4,1,2,333334,150,100000000,100000200,1898896,192403450,194337472,967011.000,949448.000,1.924030652,193370461.000,1.933700743,15440260322649796396,333338,333338,15440260322649796396
16,215,hash,first,0,1,2,333334,150,100000000,100000200,15409,588255149,588273524,9187.500,7704.500,5.882539725,588264336.500,5.882631600,15440260322649796396,333338,333338,15440260322649796396
16,215,hash,first,1,1,2,333334,150,100000000,100000200,14938,587200322,587217965,8821.500,7469.000,5.871991476,587209143.500,5.872079691,15440260322649796396,333338,333338,15440260322649796396
16,215,hash,first,2,1,2,333334,150,100000000,100000200,10800,587256492,587270207,6857.500,5400.000,5.872553175,587263349.500,5.872621750,15440260322649796396,333338,333338,15440260322649796396
16,215,hash,first,3,1,2,333334,150,100000000,100000200,10439,583272780,583286215,6717.500,5219.500,5.832716135,583279497.500,5.832783309,15440260322649796396,333338,333338,15440260322649796396
16,215,hash,first,4,1,2,333334,150,100000000,100000200,10891,578922584,578935929,6672.500,5445.500,5.789214262,578929256.500,5.789280986,15440260322649796396,333338,333338,15440260322649796396
16,235,hash,first,0,1,2,333334,150,100000000,100000200,16791,174526491,174546248,9878.500,8395.500,1.745261419,174536369.500,1.745360204,11286321272129415246,333336,333336,11286321272129415246
16,235,hash,first,1,1,2,333334,150,100000000,100000200,16230,176949298,176969365,10033.500,8115.000,1.769489441,176959331.500,1.769589776,11286321272129415246,333336,333336,11286321272129415246
16,235,hash,first,2,1,2,333334,150,100000000,100000200,10369,175520107,175533863,6878.000,5184.500,1.755197560,175526985.000,1.755266339,11286321272129415246,333336,333336,11286321272129415246
16,235,hash,first,3,1,2,333334,150,100000000,100000200,10981,178813415,178828203,7394.000,5490.500,1.788130574,178820809.000,1.788204514,11286321272129415246,333336,333336,11286321272129415246
16,235,hash,first,4,1,2,333334,150,100000000,100000200,11862,180736544,180752443,7949.500,5931.000,1.807361825,180744493.500,1.807441320,11286321272129415246,333336,333336,11286321272129415246
16,235,aho_corasick,first,0,1,2,333334,150,100000000,100000200,1753883,184390926,186178362,893718.000,876941.500,1.843905572,185284644.000,1.852842734,11286321272129415246,333336,333336,11286321272129415246
16,235,aho_corasick,first,1,1,2,333334,150,100000000,100000200,1727963,187259173,189018895,879861.000,863981.500,1.872587985,188139034.000,1.881386577,11286321272129415246,333336,333336,11286321272129415246
16,235,aho_corasick,first,2,1,2,333334,150,100000000,100000200,1618290,192611563,194265269,826853.000,809145.000,1.926111778,193438416.000,1.934380291,11286321272129415246,333336,333336,11286321272129415246
16,235,aho_corasick,first,3,1,2,333334,150,100000000,100000200,1720339,191788181,193539418,875618.500,860169.500,1.917877974,192663799.500,1.926634142,11286321272129415246,333336,333336,11286321272129415246
16,235,aho_corasick,first,4,1,2,333334,150,100000000,100000200,1582972,190610902,192226615,807856.500,791486.000,1.906105208,191418758.500,1.914183757,11286321272129415246,333336,333336,11286321272129415246
16,9,bndmq,first,0,1,29,22990,150,100000000,100006500,253673,162864548,163152807,9939.966,8747.345,1.628539625,162874487.966,1.628639018,1810127855942420047,333355,333355,1810127855942420047
16,9,bndmq,first,1,1,29,22990,150,100000000,100006500,116317,157551844,157698068,5042.207,4010.931,1.575416038,157556886.207,1.575466457,1810127855942420047,333355,333355,1810127855942420047
16,9,bndmq,first,2,1,29,22990,150,100000000,100006500,98714,179370146,179503505,4598.586,3403.931,1.793584877,179374744.586,1.793630860,1810127855942420047,333355,333355,1810127855942420047
16,9,bndmq,first,3,1,29,22990,150,100000000,100006500,105737,173878392,174020166,4888.759,3646.103,1.738670906,173883280.759,1.738719791,1810127855942420047,333355,333355,1810127855942420047
16,9,bndmq,first,4,1,29,22990,150,100000000,100006500,116638,168865904,169014321,5117.828,4022.000,1.688549284,168871021.828,1.688600459,1810127855942420047,333355,333355,1810127855942420047
16,9,hash,first,0,1,29,22990,150,100000000,100006500,19256,185769829,185793643,821.172,664.000,1.857577547,185770650.172,1.857585759,1810127855942420047,333355,333355,1810127855942420047
16,9,hash,first,1,1,29,22990,150,100000000,100006500,19196,180389121,180412204,795.966,661.931,1.803773965,180389916.966,1.803781924,1810127855942420047,333355,333355,1810127855942420047
16,9,hash,first,2,1,29,22990,150,100000000,100006500,12964,183922798,183940451,608.724,447.034,1.839108438,183923406.724,1.839114525,1810127855942420047,333355,333355,1810127855942420047
16,9,hash,first,3,1,29,22990,150,100000000,100006500,23744,184406207,184434730,983.552,818.759,1.843942214,184407190.552,1.843952049,1810127855942420047,333355,333355,1810127855942420047
16,9,hash,first,4,1,29,22990,150,100000000,100006500,14097,183357599,183375192,606.655,486.103,1.833456815,183358205.655,1.833462881,1810127855942420047,333355,333355,1810127855942420047
16,9,aho_corasick,first,0,1,29,22990,150,100000000,100006500,1358574,157090272,158480084,47924.552,46847.379,1.570800618,157138196.552,1.571279832,1810127855942420047,333355,333355,1810127855942420047
16,9,aho_corasick,first,1,1,29,22990,150,100000000,100006500,1163461,154776722,155960972,40836.207,40119.345,1.547666622,154817558.207,1.548074957,1810127855942420047,333355,333355,1810127855942420047
16,9,aho_corasick,first,2,1,29,22990,150,100000000,100006500,1242498,151837557,153105553,43724.000,42844.759,1.518276882,151881281.000,1.518714094,1810127855942420047,333355,333355,1810127855942420047
16,9,aho_corasick,first,3,1,29,22990,150,100000000,100006500,1221859,152180967,153424155,42868.552,42133.069,1.521710759,152223835.552,1.522139416,1810127855942420047,333355,333355,1810127855942420047
16,9,aho_corasick,first,4,1,29,22990,150,100000000,100006500,1149715,154034124,155204438,40355.655,39645.345,1.540241124,154074479.655,1.540644655,1810127855942420047,333355,333355,1810127855942420047
18,9,hash,first,0,1,29,22990,150,100000000,100006500,34244,180089893,180129407,1362.552,1180.828,1.800781879,180091255.552,1.800795504,1810127855942420047,333355,333355,1810127855942420047
18,9,hash,first,1,1,29,22990,150,100000000,100006500,58589,179076694,179139552,2167.517,2020.310,1.790650548,179078861.517,1.790672221,1810127855942420047,333355,333355,1810127855942420047
18,9,hash,first,2,1,29,22990,150,100000000,100006500,13525,179462993,179480656,609.069,466.379,1.794513287,179463602.069,1.794519377,1810127855942420047,333355,333355,1810127855942420047
18,9,hash,first,3,1,29,22990,150,100000000,100006500,21009,179838166,179863383,869.552,724.448,1.798264773,179839035.552,1.798273468,1810127855942420047,333355,333355,1810127855942420047
18,9,hash,first,4,1,29,22990,150,100000000,100006500,12884,182268420,182286844,635.310,444.276,1.822565733,182269055.310,1.822572086,1810127855942420047,333355,333355,1810127855942420047
18,9,aho_corasick,first,0,1,29,22990,150,100000000,100006500,1485612,155482308,156988017,51921.000,51228.000,1.554722023,155534229.000,1.555241199,1810127855942420047,333355,333355,1810127855942420047
18,9,aho_corasick,first,1,1,29,22990,150,100000000,100006500,1343967,155863503,157230874,47150.724,46343.690,1.558533725,155910653.724,1.559005202,1810127855942420047,333355,333355,1810127855942420047
18,9,aho_corasick,first,2,1,29,22990,150,100000000,100006500,1301678,155755979,157077996,45586.793,44885.448,1.557458555,155801565.793,1.557914393,1810127855942420047,333355,333355,1810127855942420047
18,9,aho_corasick,first,3,1,29,22990,150,100000000,100006500,1261384,157187617,158470681,44243.586,43496.000,1.571774005,157231860.586,1.572216412,1810127855942420047,333355,333355,1810127855942420047
18,9,aho_corasick,first,4,1,29,22990,150,100000000,100006500,1273666,155277430,156576834,44807.034,43919.517,1.552673376,155322237.034,1.553121417,1810127855942420047,333355,333355,1810127855942420047
18,9,bndmq,first,0,1,29,22990,150,100000000,100006500,121878,140704789,140855861,5209.379,4202.690,1.406956438,140709998.379,1.407008528,1810127855942420047,333355,333355,1810127855942420047
18,9,bndmq,first,1,1,29,22990,150,100000000,100006500,115986,141015718,141158855,4935.759,3999.517,1.410065526,141020653.759,1.410114880,1810127855942420047,333355,333355,1810127855942420047
18,9,bndmq,first,2,1,29,22990,150,100000000,100006500,189023,137916367,138131158,7406.586,6518.034,1.379074030,137923773.586,1.379148091,1810127855942420047,333355,333355,1810127855942420047
18,9,bndmq,first,3,1,29,22990,150,100000000,100006500,100067,144020843,144151046,4489.759,3450.586,1.440114823,144025332.759,1.440159717,1810127855942420047,333355,333355,1810127855942420047
18,9,bndmq,first,4,1,29,22990,150,100000000,100006500,114123,140260027,140408915,5134.069,3935.276,1.402509107,140265161.069,1.402560444,1810127855942420047,333355,333355,1810127855942420047
20,10,hash,first,0,1,26,25642,150,100000000,100003800,31689,189554200,189590527,1397.192,1218.808,1.895469972,189555597.192,1.895483944,9257148759915023737,333346,333346,9257148759915023737
20,10,hash,first,1,1,26,25642,150,100000000,100003800,47529,184770505,184822552,2001.808,1828.038,1.847634840,184772506.808,1.847654857,9257148759915023737,333346,333346,9257148759915023737
20,10,hash,first,2,1,26,25642,150,100000000,100003800,70611,187761114,187835773,2871.500,2715.808,1.877539793,187763985.500,1.877568507,9257148759915023737,333346,333346,9257148759915023737
20,10,hash,first,3,1,26,25642,150,100000000,100003800,21701,189744158,189769877,989.192,834.654,1.897369480,189745147.192,1.897379372,9257148759915023737,333346,333346,9257148759915023737
20,10,hash,first,4,1,26,25642,150,100000000,100003800,13004,188714214,188731025,646.577,500.154,1.887070431,188714860.577,1.887076897,9257148759915023737,333346,333346,9257148759915023737
20,10,aho_corasick,first,0,1,26,25642,150,100000000,100003800,1675326,156949124,158643065,65151.577,64435.615,1.569431602,157014275.577,1.570083093,9257148759915023737,333346,333346,9257148759915023737
20,10,aho_corasick,first,1,1,26,25642,150,100000000,100003800,1431981,158105675,159555920,55778.654,55076.192,1.580996672,158161453.654,1.581554437,9257148759915023737,333346,333346,9257148759915023737
20,10,aho_corasick,first,2,1,26,25642,150,100000000,100003800,1440206,165781146,167242582,56209.077,55392.538,1.657748466,165837355.077,1.658310535,9257148759915023737,333346,333346,9257148759915023737
20,10,aho_corasick,first,3,1,26,25642,150,100000000,100003800,1438854,155887216,157359953,56643.731,55340.538,1.558812925,155943859.731,1.559379341,9257148759915023737,333346,333346,9257148759915023737
20,10,aho_corasick,first,4,1,26,25642,150,100000000,100003800,1337124,155994728,157352290,52213.923,51427.846,1.559888004,156046941.923,1.560410124,9257148759915023737,333346,333346,9257148759915023737
20,10,bndmq,first,0,1,26,25642,150,100000000,100003800,199442,137920765,138147327,8713.923,7670.846,1.379155242,137929478.923,1.379242378,9257148759915023737,333346,333346,9257148759915023737
20,10,bndmq,first,1,1,26,25642,150,100000000,100003800,153527,142443116,142628252,7120.615,5904.885,1.424377034,142450236.615,1.424448237,9257148759915023737,333346,333346,9257148759915023737
20,10,bndmq,first,2,1,26,25642,150,100000000,100003800,120014,140074154,140218824,5564.231,4615.923,1.400688314,140079718.231,1.400743954,9257148759915023737,333346,333346,9257148759915023737
20,10,bndmq,first,3,1,26,25642,150,100000000,100003800,97332,144081577,144201060,4595.500,3743.538,1.440761021,144086172.500,1.440806974,9257148759915023737,333346,333346,9257148759915023737
20,10,bndmq,first,4,1,26,25642,150,100000000,100003800,96259,140985994,141109834,4763.077,3702.269,1.409806367,140990757.077,1.409853996,9257148759915023737,333346,333346,9257148759915023737
20,11,hash,first,0,1,24,27778,150,100000000,100000800,20848,199818600,199844018,1059.083,868.667,1.998170015,199819659.083,1.998180605,5012969227078361570,333336,333336,5012969227078361570
20,11,hash,first,1,1,24,27778,150,100000000,100000800,19556,198144560,198167524,956.833,814.833,1.981429749,198145516.833,1.981439317,5012969227078361570,333336,333336,5012969227078361570
20,11,hash,first,2,1,24,27778,150,100000000,100000800,12183,199958740,199975091,681.292,507.625,1.999571403,199959421.292,1.999578216,5012969227078361570,333336,333336,5012969227078361570
20,11,hash,first,3,1,24,27778,150,100000000,100000800,20037,197093319,197117524,1008.542,834.875,1.970917423,197094327.542,1.970927508,5012969227078361570,333336,333336,5012969227078361570
20,11,hash,first,4,1,24,27778,150,100000000,100000800,13044,192725943,192742804,702.542,543.500,1.927244012,192726645.542,1.927251037,5012969227078361570,333336,333336,5012969227078361570
20,11,bndmq,first,0,1,24,27778,150,100000000,100000800,135843,160722384,160891991,7066.958,5660.125,1.607210982,160729450.958,1.607281651,5012969227078361570,333336,333336,5012969227078361570
20,11,bndmq,first,1,1,24,27778,150,100000000,100000800,118852,160457799,160608300,6270.875,4952.167,1.604565153,160464069.875,1.604627862,5012969227078361570,333336,333336,5012969227078361570
20,11,bndmq,first,2,1,24,27778,150,100000000,100000800,103583,162718477,162855372,5703.958,4315.958,1.627171753,162724180.958,1.627228792,5012969227078361570,333336,333336,5012969227078361570
20,11,bndmq,first,3,1,24,27778,150,100000000,100000800,98544,161748368,161877519,5381.292,4106.000,1.617470740,161753749.292,1.617524553,5012969227078361570,333336,333336,5012969227078361570
20,11,bndmq,first,4,1,24,27778,150,100000000,100000800,97321,161971575,162097459,5245.167,4055.042,1.619702792,161976820.167,1.619755244,5012969227078361570,333336,333336,5012969227078361570
20,11,aho_corasick,first,0,1,24,27778,150,100000000,100000800,1443433,161109324,162571753,60934.542,60143.042,1.611080351,161170258.542,1.611689692,5012969227078361570,333336,333336,5012969227078361570
20,11,aho_corasick,first,1,1,24,27778,150,100000000,100000800,1394712,157643753,159072247,59520.583,58113.000,1.576424919,157703273.583,1.577020120,5012969227078361570,333336,333336,5012969227078361570
20,11,aho_corasick,first,2,1,24,27778,150,100000000,100000800,1362151,158765893,160163720,58242.792,56756.292,1.587646229,158824135.792,1.588228652,5012969227078361570,333336,333336,5012969227078361570
20,11,aho_corasick,first,3,1,24,27778,150,100000000,100000800,1350139,155101219,156486523,57721.000,56255.792,1.550999782,155158940.000,1.551576987,5012969227078361570,333336,333336,5012969227078361570
20,11,aho_corasick,first,4,1,24,27778,150,100000000,100000800,1376117,157538687,158962513,59326.083,57338.208,1.575374267,157598013.083,1.575967523,5012969227078361570,333336,333336,5012969227078361570
20,181,aho_corasick,first,0,1,2,333334,150,100000000,100000200,1700372,177420076,179163488,871706.000,850186.000,1.774197212,178291782.000,1.782914254,17355991267112343030,333334,333334,17355991267112343030
20,181,aho_corasick,first,1,1,2,333334,150,100000000,100000200,1807622,178294170,180135015,920422.500,903811.000,1.782938134,179214592.500,1.792142341,17355991267112343030,333334,333334,17355991267112343030
20,181,aho_corasick,first,2,1,2,333334,150,100000000,100000200,1656410,195391654,197084332,846339.000,828205.000,1.953912632,196237993.000,1.962376005,17355991267112343030,333334,333334,17355991267112343030
20,181,aho_corasick,first,3,1,2,333334,150,100000000,100000200,1597560,183028327,184662816,817244.500,798780.000,1.830279609,183845571.500,1.838452038,17355991267112343030,333334,333334,17355991267112343030
20,181,aho_corasick,first,4,1,2,333334,150,100000000,100000200,1718416,183128265,184885453,878594.000,859208.000,1.831278987,184006859.000,1.840064910,17355991267112343030,333334,333334,17355991267112343030
20,181,hash,first,0,1,2,333334,150,100000000,100000200,17804,272391590,272412049,10229.500,8902.000,2.723910452,272401819.500,2.724012747,17355991267112343030,333334,333334,17355991267112343030
20,181,hash,first,1,1,2,333334,150,100000000,100000200,19978,262920806,262943349,11271.500,9989.000,2.629202802,262932077.500,2.629315516,17355991267112343030,333334,333334,17355991267112343030
20,181,hash,first,2,1,2,333334,150,100000000,100000200,10018,258124004,258137408,6702.000,5009.000,2.581234878,258130706.000,2.581301897,17355991267112343030,333334,333334,17355991267112343030
20,181,hash,first,3,1,2,333334,150,100000000,100000200,10820,252140382,252153827,6722.500,5410.000,2.521398777,252147104.500,2.521466002,17355991267112343030,333334,333334,17355991267112343030
20,181,hash,first,4,1,2,333334,150,100000000,100000200,10159,254499804,254512668,6432.000,5079.500,2.544992950,254506236.000,2.545057270,17355991267112343030,333334,333334,17355991267112343030
20,215,hash,first,0,1,2,333334,150,100000000,100000200,31209,495969236,496003200,16982.000,15604.500,4.959682441,495986218.000,4.959852260,17355991267112343030,333334,333334,17355991267112343030
20,215,hash,first,1,1,2,333334,150,100000000,100000200,17953,508830749,508851658,10454.500,8976.500,5.088297313,508841203.500,5.088401858,17355991267112343030,333334,333334,17355991267112343030
20,215,hash,first,2,1,2,333334,150,100000000,100000200,12543,496472924,496488432,7754.000,6271.500,4.964719311,496480678.000,4.964796850,17355991267112343030,333334,333334,17355991267112343030
20,215,hash,first,3,1,2,333334,150,100000000,100000200,12133,494954264,494969152,7444.000,6066.500,4.949532741,494961708.000,4.949607181,17355991267112343030,333334,333334,17355991267112343030
20,215,hash,first,4,1,2,333334,150,100000000,100000200,11532,490550945,490565132,7093.500,5766.000,4.905499639,490558038.500,4.905570574,17355991267112343030,333334,333334,17355991267112343030
20,215,aho_corasick,first,0,1,2,333334,150,100000000,100000200,2281477,189213914,191526709,1156397.500,1140738.500,1.892135356,190370311.500,1.903699308,17355991267112343030,333334,333334,17355991267112343030
20,215,aho_corasick,first,1,1,2,333334,150,100000000,100000200,2296063,185902048,188224711,1161331.500,1148031.500,1.859016762,187063379.500,1.870630054,17355991267112343030,333334,333334,17355991267112343030
20,215,aho_corasick,first,2,1,2,333334,150,100000000,100000200,1930652,192553569,194521010,983720.500,965326.000,1.925531839,193537289.500,1.935369024,17355991267112343030,333334,333334,17355991267112343030
20,215,aho_corasick,first,3,1,2,333334,150,100000000,100000200,2007816,195765196,197811414,1023109.000,1003908.000,1.957648045,196788305.000,1.967879114,17355991267112343030,333334,333334,17355991267112343030
20,215,aho_corasick,first,4,1,2,333334,150,100000000,100000200,1906306,196775880,198717793,970956.500,953153.000,1.967754864,197746836.500,1.977464410,17355991267112343030,333334,333334,17355991267112343030
20,235,hash,first,0,1,2,333334,150,100000000,100000200,21420,171693803,171719130,12663.500,10710.000,1.716934596,171706466.500,1.717061231,17355991267112343030,333334,333334,17355991267112343030
20,235,hash,first,1,1,2,333334,150,100000000,100000200,18494,172340696,172362356,10830.000,9247.000,1.723403513,172351526.000,1.723511813,17355991267112343030,333334,333334,17355991267112343030
20,235,hash,first,2,1,2,333334,150,100000000,100000200,11541,176203807,176218404,7298.500,5770.500,1.762034546,176211105.500,1.762107531,17355991267112343030,333334,333334,17355991267112343030
20,235,hash,first,3,1,2,333334,150,100000000,100000200,11742,178410904,178426132,7614.000,5871.000,1.784105472,178418518.000,1.784181612,17355991267112343030,333334,333334,17355991267112343030
20,235,hash,first,4,1,2,333334,150,100000000,100000200,11031,174725415,174739321,6953.000,5515.500,1.747250655,174732368.000,1.747320185,17355991267112343030,333334,333334,17355991267112343030
20,235,aho_corasick,first,0,1,2,333334,150,100000000,100000200,2305532,189628077,191967252,1169587.500,1152766.000,1.896276977,190797664.500,1.907972829,17355991267112343030,333334,333334,17355991267112343030
20,235,aho_corasick,first,1,1,2,333334,150,100000000,100000200,2150823,197043634,199224403,1090384.500,1075411.500,1.970432399,198134018.500,1.981336222,17355991267112343030,333334,333334,17355991267112343030
20,235,aho_corasick,first,2,1,2,333334,150,100000000,100000200,2110137,202463574,204607043,1071734.500,1055068.500,2.024631691,203535308.500,2.035349014,17355991267112343030,333334,333334,17355991267112343030
20,235,aho_corasick,first,3,1,2,333334,150,100000000,100000200,2027092,198631258,200692704,1030723.000,1013546.000,1.986308607,199661981.000,1.996615817,17355991267112343030,333334,333334,17355991267112343030
20,235,aho_corasick,first,4,1,2,333334,150,100000000,100000200,2023645,199692905,201751074,1029084.500,1011822.500,1.996925056,200721989.500,2.007215881,17355991267112343030,333334,333334,17355991267112343030
20,9,bndmq,first,0,1,29,22990,150,100000000,100006500,235259,136997492,137259691,9041.345,8112.379,1.369885877,137006533.345,1.369976285,1810127855942420047,333355,333355,1810127855942420047
20,9,bndmq,first,1,1,29,22990,150,100000000,100006500,107200,132334103,132468183,4623.448,3696.552,1.323255018,132338726.448,1.323301250,1810127855942420047,333355,333355,1810127855942420047
20,9,bndmq,first,2,1,29,22990,150,100000000,100006500,100768,132221733,132349281,4398.207,3474.759,1.322131391,132226131.207,1.322175371,1810127855942420047,333355,333355,1810127855942420047
20,9,bndmq,first,3,1,29,22990,150,100000000,100006500,100869,132295286,132421382,4348.138,3478.241,1.322866874,132299634.138,1.322910352,1810127855942420047,333355,333355,1810127855942420047
20,9,bndmq,first,4,1,29,22990,150,100000000,100006500,99316,132029182,132156580,4393.034,3424.690,1.320206007,132033575.034,1.320249934,1810127855942420047,333355,333355,1810127855942420047
20,9,hash,first,0,1,29,22990,150,100000000,100006500,21791,181527157,181553687,914.828,751.414,1.815153585,181528071.828,1.815162733,1810127855942420047,333355,333355,1810127855942420047
20,9,hash,first,1,1,29,22990,150,100000000,100006500,21560,178707278,178733667,909.966,743.448,1.786956628,178708187.966,1.786965727,1810127855942420047,333355,333355,1810127855942420047
20,9,hash,first,2,1,29,22990,150,100000000,100006500,21079,184946368,184971765,875.759,726.862,1.849343473,184947243.759,1.849352230,1810127855942420047,333355,333355,1810127855942420047
20,9,hash,first,3,1,29,22990,150,100000000,100006500,14107,184134873,184153258,633.966,486.448,1.841229050,184135506.966,1.841235389,1810127855942420047,333355,333355,1810127855942420047
20,9,hash,first,4,1,29,22990,150,100000000,100006500,124602,189738437,189867558,4452.448,4296.621,1.897261048,189742889.448,1.897305570,1810127855942420047,333355,333355,1810127855942420047
20,9,aho_corasick,first,0,1,29,22990,150,100000000,100006500,1646682,162208456,163872802,57391.241,56782.138,1.621979131,162265847.241,1.622553006,1810127855942420047,333355,333355,1810127855942420047
20,9,aho_corasick,first,1,1,29,22990,150,100000000,100006500,1396014,162115103,163531254,48832.793,48138.414,1.621045662,162163935.793,1.621533958,1810127855942420047,333355,333355,1810127855942420047
20,9,aho_corasick,first,2,1,29,22990,150,100000000,100006500,1645290,166050795,167728766,57861.069,56734.138,1.660400024,166108656.069,1.660978597,1810127855942420047,333355,333355,1810127855942420047
20,9,aho_corasick,first,3,1,29,22990,150,100000000,100006500,1852897,165536412,167418163,64887.966,63893.000,1.655256528,165601299.966,1.655905366,1810127855942420047,333355,333355,1810127855942420047
20,9,aho_corasick,first,4,1,29,22990,150,100000000,100006500,1767741,162841518,164633174,61781.241,60956.586,1.628309340,162903299.241,1.628927112,1810127855942420047,333355,333355,1810127855942420047
22,128,bndmq,first,0,1,2,333334,150,100000000,100000200,124282,1523863390,1524023148,79879.000,62141.000,15.238603423,1523943269.000,15.239402211,17355991267112343030,333334,333334,17355991267112343030
22,128,bndmq,first,1,1,2,333334,150,100000000,100000200,140673,1517151734,1517323175,85720.500,70336.500,15.171486997,1517237454.500,15.172344200,17355991267112343030,333334,333334,17355991267112343030
22,128,bndmq,first,2,1,2,333334,150,100000000,100000200,95127,1515883992,1516000008,58008.000,47563.500,15.158809602,1515942000.000,15.159389681,17355991267112343030,333334,333334,17355991267112343030
22,128,bndmq,first,3,1,2,333334,150,100000000,100000200,100177,1495272053,1495402306,65126.500,50088.500,14.952690625,1495337179.500,14.953341888,17355991267112343030,333334,333334,17355991267112343030
22,128,bndmq,first,4,1,2,333334,150,100000000,100000200,95187,1517529853,1517655557,62852.000,47593.500,15.175268179,1517592705.000,15.175896698,17355991267112343030,333334,333334,17355991267112343030
22,128,hash,first,0,1,2,333334,150,100000000,100000200,15920,174320503,174339218,9357.500,7960.000,1.743201544,174329860.500,1.743295118,17355991267112343030,333334,333334,17355991267112343030
22,128,hash,first,1,1,2,333334,150,100000000,100000200,15189,181924493,181942177,8842.000,7594.500,1.819241292,181933335.000,1.819329711,17355991267112343030,333334,333334,17355991267112343030
22,128,hash,first,2,1,2,333334,150,100000000,100000200,11402,184918966,184933043,7038.500,5701.000,1.849185962,184926004.500,1.849256346,17355991267112343030,333334,333334,17355991267112343030
22,128,hash,first,3,1,2,333334,150,100000000,100000200,7744,182696786,182707355,5284.500,3872.000,1.826964206,182702070.500,1.827017051,17355991267112343030,333334,333334,17355991267112343030
22,128,hash,first,4,1,2,333334,150,100000000,100000200,7464,179891989,179902028,5019.500,3732.000,1.798916292,179897008.500,1.798966487,17355991267112343030,333334,333334,17355991267112343030
22,128,aho_corasick,first,0,1,2,333334,150,100000000,100000200,1334059,179308389,180677814,684712.500,667029.500,1.793080304,179993101.500,1.799927415,17355991267112343030,333334,333334,17355991267112343030
22,128,aho_corasick,first,1,1,2,333334,150,100000000,100000200,1839041,180612888,182484951,936031.500,919520.500,1.806125268,181548919.500,1.815485564,17355991267112343030,333334,333334,17355991267112343030
22,128,aho_corasick,first,2,1,2,333334,150,100000000,100000200,1293022,171498298,172823530,662616.000,646511.000,1.714979550,172160914.000,1.721605697,17355991267112343030,333334,333334,17355991267112343030
22,128,aho_corasick,first,3,1,2,333334,150,100000000,100000200,1405793,178215803,179657062,720629.500,702896.500,1.782154466,178936432.500,1.789360746,17355991267112343030,333334,333334,17355991267112343030
22,128,aho_corasick,first,4,1,2,333334,150,100000000,100000200,1401454,171400139,172828304,714082.500,700727.000,1.713997962,172114221.500,1.721138773,17355991267112343030,333334,333334,17355991267112343030
23,128,bndmq,first,0,1,2,333334,150,100000000,100000200,114573,1310714918,1310857042,71062.000,57286.500,13.107122966,1310785980.000,13.107833584,17355991267112343030,333334,333334,17355991267112343030
23,128,bndmq,first,1,1,2,333334,150,100000000,100000200,136094,1288164657,1288320538,77940.500,68047.000,12.881620807,1288242597.500,12.882400210,17355991267112343030,333334,333334,17355991267112343030
23,128,bndmq,first,2,1,2,333334,150,100000000,100000200,88996,1318255411,1318597410,170999.500,44498.000,13.182527745,1318426410.500,13.184237737,17355991267112343030,333334,333334,17355991267112343030
23,128,bndmq,first,3,1,2,333334,150,100000000,100000200,90278,1331157446,1331274594,58574.000,45139.000,13.311547837,1331216020.000,13.312133576,17355991267112343030,333334,333334,17355991267112343030
23,128,bndmq,first,4,1,2,333334,150,100000000,100000200,92663,1315284233,1315402904,59335.500,46331.500,13.152816024,1315343568.500,13.153409378,17355991267112343030,333334,333334,17355991267112343030
23,128,aho_corasick,first,0,1,2,333334,150,100000000,100000200,1470974,173383952,174880173,748110.500,735487.000,1.733836052,174132062.500,1.741317142,17355991267112343030,333334,333334,17355991267112343030
23,128,aho_corasick,first,1,1,2,333334,150,100000000,100000200,1352403,174224994,175611861,693433.500,676201.500,1.742246456,174918427.500,1.749180777,17355991267112343030,333334,333334,17355991267112343030
23,128,aho_corasick,first,2,1,2,333334,150,100000000,100000200,1315454,179539327,180882773,671723.000,657727.000,1.795389679,180211050.000,1.802106896,17355991267112343030,333334,333334,17355991267112343030
23,128,aho_corasick,first,3,1,2,333334,150,100000000,100000200,1355839,178798604,180183948,692672.000,677919.500,1.787982464,179491276.000,1.794909170,17355991267112343030,333334,333334,17355991267112343030
23,128,aho_corasick,first,4,1,2,333334,150,100000000,100000200,1346823,178971268,180346975,687853.500,673411.500,1.789709101,179659121.500,1.796587622,17355991267112343030,333334,333334,17355991267112343030
23,128,hash,first,0,1,2,333334,150,100000000,100000200,12483,174061289,174075997,7354.000,6241.500,1.740609409,174068643.000,1.740682949,17355991267112343030,333334,333334,17355991267112343030
23,128,hash,first,1,1,2,333334,150,100000000,100000200,11832,179079928,179094595,7333.500,5916.000,1.790795698,179087261.500,1.790869033,17355991267112343030,333334,333334,17355991267112343030
23,128,hash,first,2,1,2,333334,150,100000000,100000200,9367,183579083,183591005,5961.000,4683.500,1.835787158,183585044.000,1.835846768,17355991267112343030,333334,333334,17355991267112343030
23,128,hash,first,3,1,2,333334,150,100000000,100000200,7754,180444378,180454356,4989.000,3877.000,1.804440171,180449367.000,1.804490061,17355991267112343030,333334,333334,17355991267112343030
23,128,hash,first,4,1,2,333334,150,100000000,100000200,7824,173686727,173696795,5034.000,3912.000,1.736863796,173691761.000,1.736914136,17355991267112343030,333334,333334,17355991267112343030
24,108,hash,first,0,1,3,222224,150,100000000,100000800,28393,428313692,428344640,10316.000,9464.333,4.283102655,428324008.000,4.283205814,1351695965908473709,333336,333336,1351695965908473709
24,108,hash,first,1,1,3,222224,150,100000000,100000800,23594,411958119,411984338,8739.667,7864.667,4.119548234,411966858.667,4.119635630,1351695965908473709,333336,333336,1351695965908473709
24,108,hash,first,2,1,3,222224,150,100000000,100000800,10439,405387300,405400454,4384.667,3479.667,4.053840569,405391684.667,4.053884416,1351695965908473709,333336,333336,1351695965908473709
24,108,hash,first,3,1,3,222224,150,100000000,100000800,9938,401604517,401617150,4211.000,3312.667,4.016013042,401608728.000,4.016055152,1351695965908473709,333336,333336,1351695965908473709
24,108,hash,first,4,1,3,222224,150,100000000,100000800,10450,401750880,401764385,4501.667,3483.333,4.017476660,401755381.667,4.017521676,1351695965908473709,333336,333336,1351695965908473709
24,108,bndmq,first,0,1,3,222224,150,100000000,100000800,221664,1115466532,1115716288,83252.000,73888.000,11.154576083,1115549784.000,11.155408597,1351695965908473709,333336,333336,1351695965908473709
24,108,bndmq,first,1,1,3,222224,150,100000000,100000800,156472,1106708714,1106891855,61047.000,52157.333,11.066998604,1106769761.000,11.067609069,1351695965908473709,333336,333336,1351695965908473709
24,108,bndmq,first,2,1,3,222224,150,100000000,100000800,119252,1089808444,1089955118,48891.333,39750.667,10.897997256,1089857335.333,10.898486165,1351695965908473709,333336,333336,1351695965908473709
24,108,bndmq,first,3,1,3,222224,150,100000000,100000800,131225,1089384684,1089543841,53052.333,43741.667,10.893759690,1089437736.333,10.894290209,1351695965908473709,333336,333336,1351695965908473709
24,108,bndmq,first,4,1,3,222224,150,100000000,100000800,116317,1101856281,1102002494,48737.667,38772.333,11.018474662,1101905018.667,11.018962035,1351695965908473709,333336,333336,1351695965908473709
24,108,aho_corasick,first,0,1,3,222224,150,100000000,100000800,2539689,176466517,179044046,859176.333,846563.000,1.764651053,177325693.333,1.773242747,1351695965908473709,333336,333336,1351695965908473709
24,108,aho_corasick,first,1,1,3,222224,150,100000000,100000800,2730704,179354615,182328603,991329.333,910234.667,1.793531802,180345944.333,1.803445016,1351695965908473709,333336,333336,1351695965908473709
24,108,aho_corasick,first,2,1,3,222224,150,100000000,100000800,2086563,178392111,180521553,709814.000,695521.000,1.783906839,179101925.000,1.791004922,1351695965908473709,333336,333336,1351695965908473709
24,108,aho_corasick,first,3,1,3,222224,150,100000000,100000800,1904863,175088949,177028607,646552.667,634954.333,1.750875483,175735501.667,1.757340958,1351695965908473709,333336,333336,1351695965908473709
24,108,aho_corasick,first,4,1,3,222224,150,100000000,100000800,1738633,179811498,181580327,589609.667,579544.333,1.798100595,180401107.667,1.803996645,1351695965908473709,333336,333336,1351695965908473709
24,11,bndmq,first,0,1,24,27778,150,100000000,100000800,132277,128024442,128184691,6677.042,5511.542,1.280234178,128031119.042,1.280300948,5012969227078361570,333336,333336,5012969227078361570
24,11,bndmq,first,1,1,24,27778,150,100000000,100000800,117900,130710365,130857099,6113.917,4912.500,1.307093193,130716478.917,1.307154332,5012969227078361570,333336,333336,5012969227078361570
24,11,bndmq,first,2,1,24,27778,150,100000000,100000800,96139,127796215,127920125,5162.917,4005.792,1.277951926,127801377.917,1.278003555,5012969227078361570,333336,333336,5012969227078361570
24,11,bndmq,first,3,1,24,27778,150,100000000,100000800,99506,126838890,126966679,5324.542,4146.083,1.268378753,126844214.542,1.268431998,5012969227078361570,333336,333336,5012969227078361570
24,11,bndmq,first,4,1,24,27778,150,100000000,100000800,97542,127353773,127478465,5195.500,4064.250,1.273527542,127358968.500,1.273579496,5012969227078361570,333336,333336,5012969227078361570
24,11,hash,first,0,1,24,27778,150,100000000,100000800,58229,185171287,185234455,2632.000,2426.208,1.851698056,185173919.000,1.851724376,5012969227078361570,333336,333336,5012969227078361570
24,11,hash,first,1,1,24,27778,150,100000000,100000800,22342,186274004,186300233,1092.875,930.917,1.862725138,186275096.875,1.862736067,5012969227078361570,333336,333336,5012969227078361570
24,11,hash,first,2,1,24,27778,150,100000000,100000800,21880,195253988,195279506,1063.250,911.667,1.952524260,195255051.250,1.952534892,5012969227078361570,333336,333336,5012969227078361570
24,11,hash,first,3,1,24,27778,150,100000000,100000800,13946,196689932,196707534,733.417,581.083,1.966883585,196690665.417,1.966890919,5012969227078361570,333336,333336,5012969227078361570
24,11,hash,first,4,1,24,27778,150,100000000,100000800,14347,194674205,194693261,794.000,597.792,1.946726476,194674999.000,1.946734416,5012969227078361570,333336,333336,5012969227078361570
24,11,aho_corasick,first,0,1,24,27778,150,100000000,100000800,1948399,155840286,157808151,81994.375,81183.292,1.558390393,155922280.375,1.559210330,5012969227078361570,333336,333336,5012969227078361570
24,11,aho_corasick,first,1,1,24,27778,150,100000000,100000800,1898486,158160965,160073648,79695.125,79103.583,1.581596997,158240660.125,1.582393942,5012969227078361570,333336,333336,5012969227078361570
24,11,aho_corasick,first,2,1,24,27778,150,100000000,100000800,1609313,162693892,164324905,67958.875,67054.708,1.626925905,162761850.875,1.627605488,5012969227078361570,333336,333336,5012969227078361570
24,11,aho_corasick,first,3,1,24,27778,150,100000000,100000800,1639859,159750852,161406971,69004.958,68327.458,1.597495740,159819856.958,1.598185784,5012969227078361570,333336,333336,5012969227078361570
24,11,aho_corasick,first,4,1,24,27778,150,100000000,100000800,1650679,160816991,162488569,69649.083,68778.292,1.608157045,160886640.083,1.608853530,5012969227078361570,333336,333336,5012969227078361570
24,118,hash,first,0,1,3,222224,150,100000000,100000800,19416,228330365,228353990,7875.000,6472.000,2.283285384,228338240.000,2.283364133,1351695965908473709,333336,333336,1351695965908473709
24,118,hash,first,1,1,3,222224,150,100000000,100000800,16271,587304464,587325443,6993.000,5423.667,5.872997656,587311457.000,5.873067585,1351695965908473709,333336,333336,1351695965908473709
24,118,hash,first,2,1,3,222224,150,100000000,100000800,15319,310719146,310738683,6512.333,5106.333,3.107166603,310725658.333,3.107231725,1351695965908473709,333336,333336,1351695965908473709
24,118,hash,first,3,1,3,222224,150,100000000,100000800,13295,327072595,327089426,5610.333,4431.667,3.270699784,327078205.333,3.270755887,1351695965908473709,333336,333336,1351695965908473709
24,118,hash,first,4,1,3,222224,150,100000000,100000800,12634,183626631,183643082,5483.667,4211.333,1.836251620,183632114.667,1.836306456,1351695965908473709,333336,333336,1351695965908473709
24,118,bndmq,first,0,1,3,222224,150,100000000,100000800,404886,1310835609,1311274408,146266.333,134962.000,13.108251224,1310981875.333,13.109713876,1351695965908473709,333336,333336,1351695965908473709
24,118,bndmq,first,1,1,3,222224,150,100000000,100000800,165199,1208184721,1208375698,63659.000,55066.333,12.081750556,1208248380.000,12.082387141,1351695965908473709,333336,333336,1351695965908473709
24,118,bndmq,first,2,1,3,222224,150,100000000,100000800,131846,1205735764,1205892336,52190.667,43948.667,12.057261182,1205787954.667,12.057783084,1351695965908473709,333336,333336,1351695965908473709
24,118,bndmq,first,3,1,3,222224,150,100000000,100000800,133990,1213840117,1214000746,53543.000,44663.333,12.138304064,1213893660.000,12.138839489,1351695965908473709,333336,333336,1351695965908473709
24,118,bndmq,first,4,1,3,222224,150,100000000,100000800,131686,1230507161,1230666218,53019.000,43895.333,12.304973170,1230560180.000,12.305503356,1351695965908473709,333336,333336,1351695965908473709
24,118,aho_corasick,first,0,1,3,222224,150,100000000,100000800,2190567,180707114,182931754,741546.667,730189.000,1.807056684,181448660.667,1.814472091,1351695965908473709,333336,333336,1351695965908473709
24,118,aho_corasick,first,1,1,3,222224,150,100000000,100000800,2390049,173536732,175958780,807349.333,796683.000,1.735353437,174344081.333,1.743426866,1351695965908473709,333336,333336,1351695965908473709
24,118,aho_corasick,first,2,1,3,222224,150,100000000,100000800,1949016,181098905,183086613,662569.333,649672.000,1.810974562,181761474.333,1.817600203,1351695965908473709,333336,333336,1351695965908473709
24,118,aho_corasick,first,3,1,3,222224,150,100000000,100000800,2170389,172641708,174849697,735996.333,723463.000,1.726403269,173377704.333,1.733763173,1351695965908473709,333336,333336,1351695965908473709
24,118,aho_corasick,first,4,1,3,222224,150,100000000,100000800,2210488,184046364,186293921,749185.667,736829.333,1.840448916,184795549.667,1.847940713,1351695965908473709,333336,333336,1351695965908473709
24,13,bndmq,first,0,1,20,33334,150,100000000,100002000,139179,149325502,149489307,8190.250,6958.950,1.493225155,149333692.250,1.493307056,8060179092069319143,333340,333340,8060179092069319143
24,13,bndmq,first,1,1,20,33334,150,100000000,100002000,108122,147321842,147454680,6641.900,5406.100,1.473188956,147328483.900,1.473255374,8060179092069319143,333340,333340,8060179092069319143
24,13,bndmq,first,2,1,20,33334,150,100000000,100002000,98383,145385993,145510164,6208.550,4919.150,1.453830853,145392201.550,1.453892938,8060179092069319143,333340,333340,8060179092069319143
24,13,bndmq,first,3,1,20,33334,150,100000000,100002000,90599,154781521,154897908,5819.350,4529.950,1.547784254,154787340.350,1.547842447,8060179092069319143,333340,333340,8060179092069319143
24,13,bndmq,first,4,1,20,33334,150,100000000,100002000,89808,151617836,151733813,5798.850,4490.400,1.516148037,151623634.850,1.516206024,8060179092069319143,333340,333340,8060179092069319143
24,13,aho_corasick,first,0,1,20,33334,150,100000000,100002000,2017162,168572386,170616820,102221.700,100858.100,1.685690146,168674607.700,1.686712343,8060179092069319143,333340,333340,8060179092069319143
24,13,aho_corasick,first,1,1,20,33334,150,100000000,100002000,1541737,159401660,160978643,78849.150,77086.850,1.593984720,159480509.150,1.594773196,8060179092069319143,333340,333340,8060179092069319143
24,13,aho_corasick,first,2,1,20,33334,150,100000000,100002000,1517181,168031941,169589888,77897.350,75859.050,1.680285804,168109838.350,1.681064762,8060179092069319143,333340,333340,8060179092069319143
24,13,aho_corasick,first,3,1,20,33334,150,100000000,100002000,1657933,165129285,166826593,84865.400,82896.650,1.651259825,165214150.400,1.652108462,8060179092069319143,333340,333340,8060179092069319143
24,13,aho_corasick,first,4,1,20,33334,150,100000000,100002000,1784870,162857307,164682753,91272.300,89243.500,1.628540499,162948579.300,1.629453204,8060179092069319143,333340,333340,8060179092069319143
24,13,hash,first,0,1,20,33334,150,100000000,100002000,33913,197810192,197848303,1905.550,1695.650,1.978062359,197812097.550,1.978081414,8060179092069319143,333340,333340,8060179092069319143
24,13,hash,first,1,1,20,33334,150,100000000,100002000,22762,201604413,201632085,1383.600,1138.100,2.016003810,201605796.600,2.016017646,8060179092069319143,333340,333340,8060179092069319143
24,13,hash,first,2,1,20,33334,150,100000000,100002000,15018,202060353,202079308,947.750,750.900,2.020563119,202061300.750,2.020572596,8060179092069319143,333340,333340,8060179092069319143
24,13,hash,first,3,1,20,33334,150,100000000,100002000,14817,212281423,212302201,1038.900,740.850,2.122771775,212282461.900,2.122782163,8060179092069319143,333340,333340,8060179092069319143
24,13,hash,first,4,1,20,33334,150,100000000,100002000,27491,202522233,202554042,1590.450,1374.550,2.025181826,202523823.450,2.025197731,8060179092069319143,333340,333340,8060179092069319143
24,14,hash,first,0,1,19,35088,150,100000000,100000800,19877,208771232,208794976,1249.684,1046.158,2.087695618,208772481.684,2.087708115,6386708402916351304,333336,333336,6386708402916351304
24,14,hash,first,1,1,19,35088,150,100000000,100000800,55373,209102536,209162077,3133.737,2914.368,2.091008632,209105669.737,2.091039969,6386708402916351304,333336,333336,6386708402916351304
24,14,hash,first,2,1,19,35088,150,100000000,100000800,14928,209772299,209791565,1014.000,785.684,2.097706208,209773313.000,2.097716348,6386708402916351304,333336,333336,6386708402916351304
24,14,hash,first,3,1,19,35088,150,100000000,100000800,14908,210981339,211000094,987.105,784.632,2.109796512,210982326.105,2.109806383,6386708402916351304,333336,333336,6386708402916351304
24,14,hash,first,4,1,19,35088,150,100000000,100000800,13635,206681302,206699997,983.947,717.632,2.066796486,206682285.947,2.066806325,6386708402916351304,333336,333336,6386708402916351304
24,14,bndmq,first,0,1,19,35088,150,100000000,100000800,123029,161307536,161457446,7890.000,6475.211,1.613062456,161315426.000,1.613141355,6386708402916351304,333336,333336,6386708402916351304
24,14,bndmq,first,1,1,19,35088,150,100000000,100000800,270845,161730695,162028270,15661.842,14255.000,1.617294012,161746356.842,1.617450629,6386708402916351304,333336,333336,6386708402916351304
24,14,bndmq,first,2,1,19,35088,150,100000000,100000800,92743,162019040,162138392,6281.684,4881.211,1.620177439,162025321.684,1.620240255,6386708402916351304,333336,333336,6386708402916351304
24,14,bndmq,first,3,1,19,35088,150,100000000,100000800,91039,165691895,165810276,6230.579,4791.526,1.656905695,165698125.579,1.656968000,6386708402916351304,333336,333336,6386708402916351304
24,14,bndmq,first,4,1,19,35088,150,100000000,100000800,90379,164019315,164135151,6096.632,4756.789,1.640180029,164025411.632,1.640240994,6386708402916351304,333336,333336,6386708402916351304
24,14,aho_corasick,first,0,1,19,35088,150,100000000,100000800,1663383,167782992,169480420,89338.316,87546.474,1.677816497,167872330.316,1.678709873,6386708402916351304,333336,333336,6386708402916351304
24,14,aho_corasick,first,1,1,19,35088,150,100000000,100000800,1994390,166546890,168556259,105756.263,104967.895,1.665455576,166652646.263,1.666513131,6386708402916351304,333336,333336,6386708402916351304
24,14,aho_corasick,first,2,1,19,35088,150,100000000,100000800,1530966,163596676,165143302,81401.368,80577.158,1.635953672,163678077.368,1.636767680,6386708402916351304,333336,333336,6386708402916351304
24,14,aho_corasick,first,3,1,19,35088,150,100000000,100000800,1519865,166279850,167815384,80817.579,79992.895,1.662785198,166360667.579,1.663593367,6386708402916351304,333336,333336,6386708402916351304
24,14,aho_corasick,first,4,1,19,35088,150,100000000,100000800,1529123,167180855,168726249,81336.526,80480.158,1.671795176,167262191.526,1.672608534,6386708402916351304,333336,333336,6386708402916351304
24,91,bndmq,first,0,1,3,222224,150,100000000,100000800,144680,941406328,941590041,61237.667,48226.667,9.413987968,941467565.667,9.414600340,1351695965908473709,333336,333336,1351695965908473709
24,91,bndmq,first,1,1,3,222224,150,100000000,100000800,153957,938965204,939150610,61802.000,51319.000,9.389576923,939027006.000,9.390194938,1351695965908473709,333336,333336,1351695965908473709
24,91,bndmq,first,2,1,3,222224,150,100000000,100000800,107581,920716016,920858732,47572.000,35860.333,9.207086503,920763588.000,9.207562220,1351695965908473709,333336,333336,1351695965908473709
24,91,bndmq,first,3,1,3,222224,150,100000000,100000800,111328,927206515,927355283,49589.333,37109.333,9.271990974,927256104.333,9.272486863,1351695965908473709,333336,333336,1351695965908473709
24,91,bndmq,first,4,1,3,222224,150,100000000,100000800,127618,929927732,930094412,55560.000,42539.333,9.299202926,929983292.000,9.299758522,1351695965908473709,333336,333336,1351695965908473709
24,91,hash,first,0,1,3,222224,150,100000000,100000800,14357,285642385,285659256,5623.667,4785.667,2.856400999,285648008.667,2.856457235,1351695965908473709,333336,333336,1351695965908473709
24,91,hash,first,1,1,3,222224,150,100000000,100000800,15570,271538281,271556727,6148.667,5190.000,2.715361087,271544429.667,2.715422573,1351695965908473709,333336,333336,1351695965908473709
24,91,hash,first,2,1,3,222224,150,100000000,100000800,8747,266948328,266959600,3757.333,2915.667,2.669461924,266952085.333,2.669499497,1351695965908473709,333336,333336,1351695965908473709
24,91,hash,first,3,1,3,222224,150,100000000,100000800,9217,274076177,274088089,3970.667,3072.333,2.740739844,274080147.667,2.740779550,1351695965908473709,333336,333336,1351695965908473709
24,91,hash,first,4,1,3,222224,150,100000000,100000800,8987,265945451,265963014,5854.333,2995.667,2.659433235,265951305.333,2.659491777,1351695965908473709,333336,333336,1351695965908473709
24,91,aho_corasick,first,0,1,3,222224,150,100000000,100000800,1544482,179883652,181462367,526238.333,514827.333,1.798822129,180409890.333,1.804084471,1351695965908473709,333336,333336,1351695965908473709
24,91,aho_corasick,first,1,1,3,222224,150,100000000,100000800,1690553,181784365,183530552,582062.333,563517.667,1.817829107,182366427.333,1.823649684,1351695965908473709,333336,333336,1351695965908473709
24,91,aho_corasick,first,2,1,3,222224,150,100000000,100000800,1475472,185956973,187468162,503729.667,491824.000,1.859554854,186460702.667,1.864592110,1351695965908473709,333336,333336,1351695965908473709
24,91,aho_corasick,first,3,1,3,222224,150,100000000,100000800,2056537,185697148,187784302,695718.000,685512.333,1.856956624,186392866.000,1.863913749,1351695965908473709,333336,333336,1351695965908473709
24,91,aho_corasick,first,4,1,3,222224,150,100000000,100000800,1449655,180559398,182047084,495895.333,483218.333,1.805579535,181055293.333,1.810538449,1351695965908473709,333336,333336,1351695965908473709
27,16,hash,first,0,1,16,41668,150,100000000,100003200,20017,182933129,182957815,1542.875,1251.062,1.829272753,182934671.875,1.829288182,8485451749250642310,333344,333344,8485451749250642310
27,16,hash,first,1,1,16,41668,150,100000000,100003200,19897,179222118,179245923,1487.812,1243.562,1.792163831,179223605.812,1.792178708,8485451749250642310,333344,333344,8485451749250642310
27,16,hash,first,2,1,16,41668,150,100000000,100003200,12944,178964697,178981389,1043.250,809.000,1.789589703,178965740.250,1.789600135,8485451749250642310,333344,333344,8485451749250642310
27,16,hash,first,3,1,16,41668,150,100000000,100003200,12182,179120338,179136829,1030.688,761.375,1.791146063,179121368.688,1.791156370,8485451749250642310,333344,333344,8485451749250642310
27,16,hash,first,4,1,16,41668,150,100000000,100003200,13155,182202654,182219716,1066.375,822.188,1.821968237,182203720.375,1.821978900,8485451749250642310,333344,333344,8485451749250642310
27,16,aho_corasick,first,0,1,16,41668,150,100000000,100003200,1747249,164333642,166095609,110122.938,109203.062,1.643283835,164443764.938,1.644385029,8485451749250642310,333344,333344,8485451749250642310
27,16,aho_corasick,first,1,1,16,41668,150,100000000,100003200,2464412,162975468,165455268,154987.500,154025.750,1.629702530,163130455.500,1.631252355,8485451749250642310,333344,333344,8485451749250642310
27,16,aho_corasick,first,2,1,16,41668,150,100000000,100003200,1625843,171202612,172856828,103388.500,101615.188,1.711971337,171306000.500,1.713005189,8485451749250642310,333344,333344,8485451749250642310
27,16,aho_corasick,first,3,1,16,41668,150,100000000,100003200,1614793,169859130,171501053,102620.188,100924.562,1.698536947,169961750.188,1.699563116,8485451749250642310,333344,333344,8485451749250642310
27,16,aho_corasick,first,4,1,16,41668,150,100000000,100003200,2048181,167248179,169310236,128878.562,128011.312,1.672428272,167377057.562,1.673717017,8485451749250642310,333344,333344,8485451749250642310
27,16,bndmq,first,0,1,16,41668,150,100000000,100003200,139070,172304812,172473227,10525.938,8691.875,1.722992984,172315337.938,1.723098240,8485451749250642310,333344,333344,8485451749250642310
27,16,bndmq,first,1,1,16,41668,150,100000000,100003200,88345,173137202,173250874,7104.500,5521.562,1.731316618,173144306.500,1.731387661,8485451749250642310,333344,333344,8485451749250642310
27,16,bndmq,first,2,1,16,41668,150,100000000,100003200,83495,167926324,168035627,6831.438,5218.438,1.679209505,167933155.438,1.679277817,8485451749250642310,333344,333344,8485451749250642310
27,16,bndmq,first,3,1,16,41668,150,100000000,100003200,85500,178329112,178445550,7277.375,5343.750,1.783234057,178336389.375,1.783306828,8485451749250642310,333344,333344,8485451749250642310
27,16,bndmq,first,4,1,16,41668,150,100000000,100003200,298678,174452059,174775883,20239.000,18667.375,1.744464767,174472298.000,1.744667151,8485451749250642310,333344,333344,8485451749250642310
29,16,aho_corasick,first,0,1,16,41668,150,100000000,100003200,2047550,171110811,173184259,129590.500,127971.875,1.711053356,171240401.500,1.712349220,8485451749250642310,333344,333344,8485451749250642310
29,16,aho_corasick,first,1,1,16,41668,150,100000000,100003200,2185668,162504575,164702886,137394.438,136604.250,1.624993750,162641969.438,1.626367651,8485451749250642310,333344,333344,8485451749250642310
29,16,aho_corasick,first,2,1,16,41668,150,100000000,100003200,1720900,171339548,173077580,108627.000,107556.250,1.713340653,171448175.000,1.714426888,8485451749250642310,333344,333344,8485451749250642310
29,16,aho_corasick,first,3,1,16,41668,150,100000000,100003200,1751448,178751575,180519273,110481.125,109465.500,1.787458551,178862056.125,1.788563327,8485451749250642310,333344,333344,8485451749250642310
29,16,aho_corasick,first,4,1,16,41668,150,100000000,100003200,1703979,178493745,180213443,107481.125,106498.688,1.784880334,178601226.125,1.785955111,8485451749250642310,333344,333344,8485451749250642310
29,16,hash,first,0,1,16,41668,150,100000000,100003200,20689,174577969,174602686,1544.812,1293.062,1.745723827,174579513.812,1.745739274,8485451749250642310,333344,333344,8485451749250642310
29,16,hash,first,1,1,16,41668,150,100000000,100003200,20478,172412357,172437914,1597.312,1279.875,1.724068400,172413954.312,1.724084372,8485451749250642310,333344,333344,8485451749250642310
29,16,hash,first,2,1,16,41668,150,100000000,100003200,19125,172546983,172570385,1462.625,1195.312,1.725414617,172548445.625,1.725429243,8485451749250642310,333344,333344,8485451749250642310
29,16,hash,first,3,1,16,41668,150,100000000,100003200,13254,175289571,175306902,1083.188,828.375,1.752839619,175290654.188,1.752850451,8485451749250642310,333344,333344,8485451749250642310
29,16,hash,first,4,1,16,41668,150,100000000,100003200,14277,178747132,178765106,1123.375,892.312,1.787414123,178748255.375,1.787425356,8485451749250642310,333344,333344,8485451749250642310
29,16,bndmq,first,0,1,16,41668,150,100000000,100003200,117589,178473880,178620032,9134.500,7349.312,1.784681690,178483014.500,1.784773032,8485451749250642310,333344,333344,8485451749250642310
29,16,bndmq,first,1,1,16,41668,150,100000000,100003200,84027,178952915,179061417,6781.375,5251.688,1.789471887,178959696.375,1.789539698,8485451749250642310,333344,333344,8485451749250642310
29,16,bndmq,first,2,1,16,41668,150,100000000,100003200,84768,181345302,181454445,6821.438,5298.000,1.813394991,181352123.438,1.813463204,8485451749250642310,333344,333344,8485451749250642310
29,16,bndmq,first,3,1,16,41668,150,100000000,100003200,84919,186548576,186654815,6639.938,5307.438,1.865426066,186555215.938,1.865492464,8485451749250642310,333344,333344,8485451749250642310
29,16,bndmq,first,4,1,16,41668,150,100000000,100003200,90278,184836610,184952175,7222.812,5642.375,1.848306954,184843832.812,1.848379180,8485451749250642310,333344,333344,8485451749250642310
30,16,bndmq,first,0,1,16,41668,150,100000000,100003200,119102,149664843,149812398,9222.188,7443.875,1.496600539,149674065.188,1.496692758,8485451749250642310,333344,333344,8485451749250642310
30,16,bndmq,first,1,1,16,41668,150,100000000,100003200,116537,148810740,148952835,8880.938,7283.562,1.488059782,148819620.938,1.488148589,8485451749250642310,333344,333344,8485451749250642310
30,16,bndmq,first,2,1,16,41668,150,100000000,100003200,82184,150265272,150373425,6759.562,5136.500,1.502604637,150272031.562,1.502672230,8485451749250642310,333344,333344,8485451749250642310
30,16,bndmq,first,3,1,16,41668,150,100000000,100003200,106649,154348693,154478005,8082.000,6665.562,1.543437540,154356775.000,1.543518357,8485451749250642310,333344,333344,8485451749250642310
30,16,bndmq,first,4,1,16,41668,150,100000000,100003200,84167,154241403,154352210,6925.438,5260.438,1.542364674,154248328.438,1.542433926,8485451749250642310,333344,333344,8485451749250642310
30,16,hash,first,0,1,16,41668,150,100000000,100003200,38061,172736779,172779388,2663.062,2378.812,1.727312516,172739442.062,1.727339146,8485451749250642310,333344,333344,8485451749250642310
30,16,hash,first,1,1,16,41668,150,100000000,100003200,21320,169606815,169631771,1559.750,1332.500,1.696013878,169608374.750,1.696029475,8485451749250642310,333344,333344,8485451749250642310
30,16,hash,first,2,1,16,41668,150,100000000,100003200,14157,172191701,172209906,1137.812,884.812,1.721861910,172192838.812,1.721873288,8485451749250642310,333344,333344,8485451749250642310
30,16,hash,first,3,1,16,41668,150,100000000,100003200,14266,180187030,180206306,1204.750,891.625,1.801812642,180188234.750,1.801824689,8485451749250642310,333344,333344,8485451749250642310
30,16,hash,first,4,1,16,41668,150,100000000,100003200,20528,179122077,179146593,1532.250,1283.000,1.791163453,179123609.250,1.791178775,8485451749250642310,333344,333344,8485451749250642310
30,16,aho_corasick,first,0,1,16,41668,150,100000000,100003200,2097773,161507350,163631563,132763.312,131110.812,1.615021819,161640113.312,1.616349410,8485451749250642310,333344,333344,8485451749250642310
30,16,aho_corasick,first,1,1,16,41668,150,100000000,100003200,2142327,158101396,160259512,134882.250,133895.438,1.580963369,158236278.250,1.582312149,8485451749250642310,333344,333344,8485451749250642310
30,16,aho_corasick,first,2,1,16,41668,150,100000000,100003200,1858908,164185801,166086337,118783.500,116181.750,1.641805472,164304584.500,1.642993269,8485451749250642310,333344,333344,8485451749250642310
30,16,aho_corasick,first,3,1,16,41668,150,100000000,100003200,2325138,160283594,162640310,147294.750,145321.125,1.602784651,160430888.750,1.604257551,8485451749250642310,333344,333344,8485451749250642310
30,16,aho_corasick,first,4,1,16,41668,150,100000000,100003200,1924109,164045705,165986304,121287.438,120256.812,1.640404557,164166992.438,1.641617393,8485451749250642310,333344,333344,8485451749250642310
31,108,aho_corasick,first,0,1,3,222224,150,100000000,100000800,2544036,171445914,174032269,862118.333,848012.000,1.714445424,172308032.333,1.723066539,1351695965908473709,333336,333336,1351695965908473709
31,108,aho_corasick,first,1,1,3,222224,150,100000000,100000800,2580795,177724354,180341777,872474.333,860265.000,1.777229322,178596828.333,1.785953996,1351695965908473709,333336,333336,1351695965908473709
31,108,aho_corasick,first,2,1,3,222224,150,100000000,100000800,2321791,176248720,178602841,784707.000,773930.333,1.762473100,177033427.000,1.770320107,1351695965908473709,333336,333336,1351695965908473709
31,108,aho_corasick,first,3,1,3,222224,150,100000000,100000800,2316330,186157096,188505666,782856.667,772110.000,1.861556068,186939952.667,1.869384572,1351695965908473709,333336,333336,1351695965908473709
31,108,aho_corasick,first,4,1,3,222224,150,100000000,100000800,2490446,181877019,184403252,842077.667,830148.667,1.818755640,182719096.667,1.827176349,1351695965908473709,333336,333336,1351695965908473709
31,108,bndmq,first,0,1,3,222224,150,100000000,100000800,157264,912996343,913182741,62132.667,52421.333,9.129890391,913058475.667,9.130511713,1351695965908473709,333336,333336,1351695965908473709
31,108,bndmq,first,1,1,3,222224,150,100000000,100000800,133759,933568554,933730556,54000.667,44586.333,9.335610855,933622554.667,9.336150857,1351695965908473709,333336,333336,1351695965908473709
31,108,bndmq,first,2,1,3,222224,150,100000000,100000800,117298,905344959,905490741,48594.000,39099.333,9.053377163,905393553.000,9.053863099,1351695965908473709,333336,333336,1351695965908473709
31,108,bndmq,first,3,1,3,222224,150,100000000,100000800,119263,997598902,997762347,54481.667,39754.333,9.975909213,997653383.667,9.976454025,1351695965908473709,333336,333336,1351695965908473709
31,108,bndmq,first,4,1,3,222224,150,100000000,100000800,127718,971207990,971390330,60780.000,42572.667,9.712002204,971268770.000,9.712609999,1351695965908473709,333336,333336,1351695965908473709
31,108,hash,first,0,1,3,222224,150,100000000,100000800,17623,447948136,447968614,6826.000,5874.333,4.479445524,447954962.000,4.479513784,1351695965908473709,333336,333336,1351695965908473709
31,108,hash,first,1,1,3,222224,150,100000000,100000800,16952,467575351,467595368,6672.333,5650.667,4.675716104,467582023.333,4.675782827,1351695965908473709,333336,333336,1351695965908473709
31,108,hash,first,2,1,3,222224,150,100000000,100000800,12463,443286041,443301299,5086.000,4154.333,4.432824947,443291127.000,4.432875807,1351695965908473709,333336,333336,1351695965908473709
31,108,hash,first,3,1,3,222224,150,100000000,100000800,12474,438830037,438845637,5200.000,4158.000,4.388265264,438835237.000,4.388317263,1351695965908473709,333336,333336,1351695965908473709
31,108,hash,first,4,1,3,222224,150,100000000,100000800,12393,434397474,434412682,5069.333,4131.000,4.343939988,434402543.333,4.343990681,1351695965908473709,333336,333336,1351695965908473709
31,118,aho_corasick,first,0,1,3,222224,150,100000000,100000800,3202715,177263223,180499049,1078608.667,1067571.667,1.772618049,178341831.667,1.783404049,1351695965908473709,333336,333336,1351695965908473709
31,118,aho_corasick,first,1,1,3,222224,150,100000000,100000800,2657297,176241466,178936854,898462.667,885765.667,1.762400561,177139928.667,1.771385116,1351695965908473709,333336,333336,1351695965908473709
31,118,aho_corasick,first,2,1,3,222224,150,100000000,100000800,2567841,175956087,178562259,868724.000,855947.000,1.759546794,176824811.000,1.768233964,1351695965908473709,333336,333336,1351695965908473709
31,118,aho_corasick,first,3,1,3,222224,150,100000000,100000800,2478624,179246517,181762902,838795.000,826208.000,1.792450830,180085312.000,1.800838713,1351695965908473709,333336,333336,1351695965908473709
31,118,aho_corasick,first,4,1,3,222224,150,100000000,100000800,2614397,179926794,182584052,885752.667,871465.667,1.799253546,180812546.667,1.808111002,1351695965908473709,333336,333336,1351695965908473709
31,118,hash,first,0,1,3,222224,150,100000000,100000800,20578,175401284,175424917,7877.667,6859.333,1.753998808,175409161.667,1.754077584,1351695965908473709,333336,333336,1351695965908473709
31,118,hash,first,1,1,3,222224,150,100000000,100000800,16581,176689120,176709057,6645.667,5527.000,1.766877065,176695765.667,1.766943521,1351695965908473709,333336,333336,1351695965908473709
31,118,hash,first,2,1,3,222224,150,100000000,100000800,11962,167933780,167948998,5072.667,3987.333,1.679324365,167938852.667,1.679375092,1351695965908473709,333336,333336,1351695965908473709
31,118,hash,first,3,1,3,222224,150,100000000,100000800,12483,175814997,175830526,5176.333,4161.000,1.758135905,175820173.333,1.758187668,1351695965908473709,333336,333336,1351695965908473709
31,118,hash,first,4,1,3,222224,150,100000000,100000800,12363,175984907,176000406,5166.333,4121.000,1.759834991,175990073.333,1.759886654,1351695965908473709,333336,333336,1351695965908473709
31,118,bndmq,first,0,1,3,222224,150,100000000,100000800,312052,981824770,982172358,115862.667,104017.333,9.818169155,981940632.667,9.819327772,1351695965908473709,333336,333336,1351695965908473709
31,118,bndmq,first,1,1,3,222224,150,100000000,100000800,179725,971817051,972032272,71740.333,59908.333,9.718092765,971888791.333,9.718810163,1351695965908473709,333336,333336,1351695965908473709
31,118,bndmq,first,2,1,3,222224,150,100000000,100000800,171389,984864241,985061449,65736.000,57129.667,9.848563621,984929977.000,9.849220976,1351695965908473709,333336,333336,1351695965908473709
31,118,bndmq,first,3,1,3,222224,150,100000000,100000800,132938,963993780,964151083,52434.333,44312.667,9.639860681,964046214.333,9.640385020,1351695965908473709,333336,333336,1351695965908473709
31,118,bndmq,first,4,1,3,222224,150,100000000,100000800,133840,968751838,968912448,53536.667,44613.333,9.687440880,968805374.667,9.687976243,1351695965908473709,333336,333336,1351695965908473709
31,17,aho_corasick,first,0,1,16,41668,150,100000000,100003200,2376574,160437301,162841005,150231.500,148535.875,1.604321672,160587532.500,1.605823939,8485451749250642310,333344,333344,8485451749250642310
31,17,aho_corasick,first,1,1,16,41668,150,100000000,100003200,2336600,162025024,164377003,146998.688,146037.500,1.620198394,162172022.688,1.621668333,8485451749250642310,333344,333344,8485451749250642310
31,17,aho_corasick,first,2,1,16,41668,150,100000000,100003200,2381373,158098214,160495707,149843.312,148835.812,1.580931550,158248057.312,1.582429935,8485451749250642310,333344,333344,8485451749250642310
31,17,aho_corasick,first,3,1,16,41668,150,100000000,100003200,2229008,159607597,161871459,141491.375,139313.000,1.596024897,159749088.375,1.597439766,8485451749250642310,333344,333344,8485451749250642310
31,17,aho_corasick,first,4,1,16,41668,150,100000000,100003200,2014999,160658285,162688953,126916.750,125937.438,1.606531441,160785201.750,1.607800568,8485451749250642310,333344,333344,8485451749250642310
31,17,bndmq,first,0,1,16,41668,150,100000000,100003200,235570,156990749,157252428,16354.938,14723.125,1.569857255,157007103.938,1.570020799,8485451749250642310,333344,333344,8485451749250642310
31,17,bndmq,first,1,1,16,41668,150,100000000,100003200,183662,157662935,157871223,13018.000,11478.875,1.576578899,157675953.000,1.576709075,8485451749250642310,333344,333344,8485451749250642310
31,17,bndmq,first,2,1,16,41668,150,100000000,100003200,86882,160911976,161023715,6983.688,5430.125,1.609068270,160918959.688,1.609138104,8485451749250642310,333344,333344,8485451749250642310
31,17,bndmq,first,3,1,16,41668,150,100000000,100003200,442215,164708423,165175584,29197.562,27638.438,1.647031525,164737620.562,1.647323491,8485451749250642310,333344,333344,8485451749250642310
31,17,bndmq,first,4,1,16,41668,150,100000000,100003200,88365,164986768,165101402,7164.625,5522.812,1.649814886,164993932.625,1.649886530,8485451749250642310,333344,333344,8485451749250642310
31,17,hash,first,0,1,16,41668,150,100000000,100003200,21400,176088969,176115618,1665.562,1337.500,1.760833343,176090634.562,1.760849998,8485451749250642310,333344,333344,8485451749250642310
31,17,hash,first,1,1,16,41668,150,100000000,100003200,24356,175462264,175490397,1758.312,1522.250,1.754566494,175464022.312,1.754584076,8485451749250642310,333344,333344,8485451749250642310
31,17,hash,first,2,1,16,41668,150,100000000,100003200,22201,177471548,177497546,1624.875,1387.562,1.774658691,177473172.875,1.774674939,8485451749250642310,333344,333344,8485451749250642310
31,17,hash,first,3,1,16,41668,150,100000000,100003200,16180,179703245,179723423,1261.125,1011.250,1.796974947,179704506.125,1.796987558,8485451749250642310,333344,333344,8485451749250642310
31,17,hash,first,4,1,16,41668,150,100000000,100003200,15780,183236136,183255363,1201.688,986.250,1.832302726,183237337.688,1.832314743,8485451749250642310,333344,333344,8485451749250642310
31,19,bndmq,first,0,1,14,47620,150,100000000,100002000,212987,175121407,175360454,17074.786,15213.357,1.751179046,175138481.786,1.751349791,8894573090096257035,333340,333340,8894573090096257035
31,19,bndmq,first,1,1,14,47620,150,100000000,100002000,117860,185772848,185912559,9979.357,8418.571,1.857691326,185782827.357,1.857791118,8894573090096257035,333340,333340,8894573090096257035
31,19,bndmq,first,2,1,14,47620,150,100000000,100002000,82514,184455619,184562549,7637.857,5893.857,1.844519300,184463256.857,1.844595677,8894573090096257035,333340,333340,8894573090096257035
31,19,bndmq,first,3,1,14,47620,150,100000000,100002000,87253,185040072,185150307,7873.929,6232.357,1.850363713,185047945.929,1.850442450,8894573090096257035,333340,333340,8894573090096257035
31,19,bndmq,first,4,1,14,47620,150,100000000,100002000,81382,182344118,182450647,7609.214,5813.000,1.823404712,182351727.214,1.823480803,8894573090096257035,333340,333340,8894573090096257035
31,19,hash,first,0,1,14,47620,150,100000000,100002000,28202,187746470,187778650,2298.571,2014.429,1.877427151,187748768.571,1.877450137,8894573090096257035,333340,333340,8894573090096257035
31,19,hash,first,1,1,14,47620,150,100000000,100002000,21069,184282498,184307334,1774.000,1504.929,1.842788124,184284272.000,1.842805864,8894573090096257035,333340,333340,8894573090096257035
31,19,hash,first,2,1,14,47620,150,100000000,100002000,12303,190440848,190456988,1152.857,878.786,1.904370393,190442000.857,1.904381921,8894573090096257035,333340,333340,8894573090096257035
31,19,hash,first,3,1,14,47620,150,100000000,100002000,21890,190330769,190357177,1886.286,1563.571,1.903269625,190332655.286,1.903288487,8894573090096257035,333340,333340,8894573090096257035
31,19,hash,first,4,1,14,47620,150,100000000,100002000,13746,193068151,193086265,1293.857,981.857,1.930642897,193069444.857,1.930655835,8894573090096257035,333340,333340,8894573090096257035
31,19,aho_corasick,first,0,1,14,47620,150,100000000,100002000,2288248,160985735,163310551,166058.286,163446.286,1.609825153,161151793.286,1.611485703,8894573090096257035,333340,333340,8894573090096257035
31,19,aho_corasick,first,1,1,14,47620,150,100000000,100002000,1970261,163001487,165002695,142943.429,140732.929,1.629982270,163144430.429,1.631411676,8894573090096257035,333340,333340,8894573090096257035
31,19,aho_corasick,first,2,1,14,47620,150,100000000,100002000,1986286,159571848,161587739,143992.214,141877.571,1.595686566,159715840.214,1.597126460,8894573090096257035,333340,333340,8894573090096257035
31,19,aho_corasick,first,3,1,14,47620,150,100000000,100002000,1887982,173240773,175144986,136015.214,134855.857,1.732373083,173376788.214,1.733733207,8894573090096257035,333340,333340,8894573090096257035
31,19,aho_corasick,first,4,1,14,47620,150,100000000,100002000,2615008,161244017,163874976,187925.643,186786.286,1.612407922,161431942.643,1.614287141,8894573090096257035,333340,333340,8894573090096257035
31,23,hash,first,0,1,12,55556,150,100000000,100000800,26940,211539735,211570562,2568.917,2245.000,2.115380427,211542303.917,2.115406116,7235618553944064260,333336,333336,7235618553944064260
31,23,hash,first,1,1,12,55556,150,100000000,100000800,21580,217421404,217446640,2103.000,1798.333,2.174196646,217423507.000,2.174217676,7235618553944064260,333336,333336,7235618553944064260
31,23,hash,first,2,1,12,55556,150,100000000,100000800,14698,211297138,211315623,1540.417,1224.833,2.112954476,211298678.417,2.112969880,7235618553944064260,333336,333336,7235618553944064260
31,23,hash,first,3,1,12,55556,150,100000000,100000800,14758,215899304,215917428,1510.333,1229.833,2.158975768,215900814.333,2.158990871,7235618553944064260,333336,333336,7235618553944064260
31,23,hash,first,4,1,12,55556,150,100000000,100000800,15358,217915531,217934927,1616.333,1279.833,2.179137877,217917147.333,2.179154040,7235618553944064260,333336,333336,7235618553944064260
31,23,aho_corasick,first,0,1,12,55556,150,100000000,100000800,2054863,157950395,160045022,174552.250,171238.583,1.579491314,158124947.250,1.581236823,7235618553944064260,333336,333336,7235618553944064260
31,23,aho_corasick,first,1,1,12,55556,150,100000000,100000800,2248687,162258078,164543794,190476.333,187390.583,1.622567799,162448554.333,1.624472548,7235618553944064260,333336,333336,7235618553944064260
31,23,aho_corasick,first,2,1,12,55556,150,100000000,100000800,1974654,161543406,163558546,167928.333,164554.500,1.615421137,161711334.333,1.617100407,7235618553944064260,333336,333336,7235618553944064260
31,23,aho_corasick,first,3,1,12,55556,150,100000000,100000800,1983420,162499650,164522023,168531.083,165285.000,1.624983500,162668181.083,1.626668797,7235618553944064260,333336,333336,7235618553944064260
31,23,aho_corasick,first,4,1,12,55556,150,100000000,100000800,2082735,161816616,163936550,176661.167,173561.250,1.618153215,161993277.167,1.619919812,7235618553944064260,333336,333336,7235618553944064260
31,23,bndmq,first,0,1,12,55556,150,100000000,100000800,141153,199660409,199831948,14294.917,11762.750,1.996588117,199674703.917,1.996731065,7235618553944064260,333336,333336,7235618553944064260
31,23,bndmq,first,1,1,12,55556,150,100000000,100000800,105477,200637938,200776376,11536.500,8789.750,2.006363329,200649474.500,2.006478693,7235618553944064260,333336,333336,7235618553944064260
31,23,bndmq,first,2,1,12,55556,150,100000000,100000800,85780,202645768,202759981,9517.750,7148.333,2.026441468,202655285.750,2.026536645,7235618553944064260,333336,333336,7235618553944064260
31,23,bndmq,first,3,1,12,55556,150,100000000,100000800,85028,207465907,207578967,9421.667,7085.667,2.074642473,207475328.667,2.074736689,7235618553944064260,333336,333336,7235618553944064260
31,23,bndmq,first,4,1,12,55556,150,100000000,100000800,83676,199807062,199923499,9703.083,6973.000,1.998054636,199816765.083,1.998151666,7235618553944064260,333336,333336,7235618553944064260
31,91,aho_corasick,first,0,1,3,222224,150,100000000,100000800,2069541,174715588,176856492,713634.667,689847.000,1.747141903,175429222.667,1.754278192,1351695965908473709,333336,333336,1351695965908473709
31,91,aho_corasick,first,1,1,3,222224,150,100000000,100000800,2757964,174583254,177377736,931494.000,919321.333,1.745818573,175514748.000,1.755133439,1351695965908473709,333336,333336,1351695965908473709
31,91,aho_corasick,first,2,1,3,222224,150,100000000,100000800,1956039,174588313,176587232,666306.333,652013.000,1.745869163,175254619.333,1.752532173,1351695965908473709,333336,333336,1351695965908473709
31,91,aho_corasick,first,3,1,3,222224,150,100000000,100000800,1987328,170334336,172365636,677100.000,662442.667,1.703329733,171011436.000,1.710100679,1351695965908473709,333336,333336,1351695965908473709
31,91,aho_corasick,first,4,1,3,222224,150,100000000,100000800,1994371,170300930,172330877,676649.000,664790.333,1.702995676,170977579.000,1.709762112,1351695965908473709,333336,333336,1351695965908473709
31,91,bndmq,first,0,1,3,222224,150,100000000,100000800,143989,752472582,752661084,62834.000,47996.333,7.524665623,752535416.000,7.525293958,1351695965908473709,333336,333336,1351695965908473709
31,91,bndmq,first,1,1,3,222224,150,100000000,100000800,164497,761800342,761997439,65699.000,54832.333,7.617942476,761866041.000,7.618599461,1351695965908473709,333336,333336,1351695965908473709
31,91,bndmq,first,2,1,3,222224,150,100000000,100000800,110826,767565463,767709130,47889.000,36942.000,7.675593225,767613352.000,7.676072111,1351695965908473709,333336,333336,1351695965908473709
31,91,bndmq,first,3,1,3,222224,150,100000000,100000800,120785,768583817,768738436,51539.667,40261.667,7.685776684,768635356.667,7.686292076,1351695965908473709,333336,333336,1351695965908473709
31,91,bndmq,first,4,1,3,222224,150,100000000,100000800,110756,776027477,776169070,47197.667,36918.667,7.760212688,776074674.667,7.760684661,1351695965908473709,333336,333336,1351695965908473709
31,91,hash,first,0,1,3,222224,150,100000000,100000800,16251,247773629,247792525,6298.667,5417.000,2.477716468,247779927.667,2.477779454,1351695965908473709,333336,333336,1351695965908473709
31,91,hash,first,1,1,3,222224,150,100000000,100000800,17152,239809969,239830097,6709.333,5717.333,2.398080505,239816678.333,2.398147598,1351695965908473709,333336,333336,1351695965908473709
31,91,hash,first,2,1,3,222224,150,100000000,100000800,12774,240826324,240841733,5136.333,4258.000,2.408243974,240831460.333,2.408295337,1351695965908473709,333336,333336,1351695965908473709
31,91,hash,first,3,1,3,222224,150,100000000,100000800,10449,258090323,258103617,4431.333,3483.000,2.580882583,258094754.333,2.580926896,1351695965908473709,333336,333336,1351695965908473709
31,91,hash,first,4,1,3,222224,150,100000000,100000800,10861,238460800,238474326,4508.667,3620.333,2.384588923,238465308.667,2.384634010,1351695965908473709,333336,333336,1351695965908473709
35,32,bndmq,first,0,1,8,83334,150,100000000,100000800,132877,226381777,226534722,19118.125,16609.625,2.263799660,226400895.125,2.263990839,14545882975625201301,333336,333336,14545882975625201301
35,32,bndmq,first,1,1,8,83334,150,100000000,100000800,73187,235456887,235551413,11815.750,9148.375,2.354550034,235468702.750,2.354668190,14545882975625201301,333336,333336,14545882975625201301
35,32,bndmq,first,2,1,8,83334,150,100000000,100000800,62216,224611334,224698407,10884.125,7777.000,2.246095371,224622218.125,2.246204212,14545882975625201301,333336,333336,14545882975625201301
35,32,bndmq,first,3,1,8,83334,150,100000000,100000800,70301,235660279,235754474,11774.375,8787.625,2.356583937,235672053.375,2.356701680,14545882975625201301,333336,333336,14545882975625201301
35,32,bndmq,first,4,1,8,83334,150,100000000,100000800,62055,227903836,227990347,10813.875,7756.875,2.279020128,227914649.875,2.279128266,14545882975625201301,333336,333336,14545882975625201301
35,32,aho_corasick,first,0,1,8,83334,150,100000000,100000800,2462284,174055957,176547005,311381.000,307785.500,1.740545646,174367338.000,1.743659431,14545882975625201301,333336,333336,14545882975625201301
35,32,aho_corasick,first,1,1,8,83334,150,100000000,100000800,2062598,166130103,168227236,262141.625,257824.750,1.661287740,166392244.625,1.663909135,14545882975625201301,333336,333336,14545882975625201301
35,32,aho_corasick,first,2,1,8,83334,150,100000000,100000800,2017064,173506082,175556307,256278.125,252133.000,1.735046940,173762360.125,1.737609700,14545882975625201301,333336,333336,14545882975625201301
35,32,aho_corasick,first,3,1,8,83334,150,100000000,100000800,2397291,163980982,166411225,303780.375,299661.375,1.639796702,164284762.375,1.642834481,14545882975625201301,333336,333336,14545882975625201301
35,32,aho_corasick,first,4,1,8,83334,150,100000000,100000800,1991164,163660495,165684902,253050.875,248895.500,1.636591857,163913545.875,1.639122346,14545882975625201301,333336,333336,14545882975625201301
35,32,hash,first,0,1,8,83334,150,100000000,100000800,21029,169207640,169232286,3080.750,2628.625,1.692062863,169210720.750,1.692093671,14545882975625201301,333336,333336,14545882975625201301
35,32,hash,first,1,1,8,83334,150,100000000,100000800,20518,176086709,176111054,3043.125,2564.750,1.760853003,176089752.125,1.760883434,14545882975625201301,333336,333336,14545882975625201301
35,32,hash,first,2,1,8,83334,150,100000000,100000800,14397,167962973,167980585,2201.500,1799.625,1.679616293,167965174.500,1.679638308,14545882975625201301,333336,333336,14545882975625201301
35,32,hash,first,3,1,8,83334,150,100000000,100000800,14016,170142254,170159897,2205.375,1752.000,1.701408929,170144459.375,1.701430982,14545882975625201301,333336,333336,14545882975625201301
35,32,hash,first,4,1,8,83334,150,100000000,100000800,22622,168715016,168741395,3297.375,2827.750,1.687136663,168718313.375,1.687169636,14545882975625201301,333336,333336,14545882975625201301
35,64,aho_corasick,first,0,1,4,166668,150,100000000,100000800,2346768,170013524,172400687,596790.750,586692.000,1.700121639,170610314.750,1.706089499,7920970377318854716,333336,333336,7920970377318854716
35,64,aho_corasick,first,1,1,4,166668,150,100000000,100000800,2234159,171395246,173657196,565487.500,558539.750,1.713938748,171960733.500,1.719593578,7920970377318854716,333336,333336,7920970377318854716
35,64,aho_corasick,first,2,1,4,166668,150,100000000,100000800,2298097,175381468,177713840,583093.000,574524.250,1.753800650,175964561.000,1.759631533,7920970377318854716,333336,333336,7920970377318854716
35,64,aho_corasick,first,3,1,4,166668,150,100000000,100000800,2010371,171516111,173559514,510850.750,502592.750,1.715147389,172026961.750,1.720255855,7920970377318854716,333336,333336,7920970377318854716
35,64,aho_corasick,first,4,1,4,166668,150,100000000,100000800,2007164,175623129,177730600,526867.750,501791.000,1.756217240,176149996.750,1.761485876,7920970377318854716,333336,333336,7920970377318854716
35,64,hash,first,0,1,4,166668,150,100000000,100000800,17242,173787034,173806901,4966.750,4310.500,1.737856437,173792000.750,1.737906104,7920970377318854716,333336,333336,7920970377318854716
35,64,hash,first,1,1,4,166668,150,100000000,100000800,15499,183224441,183243006,4641.250,3874.750,1.832229752,183229082.250,1.832276164,7920970377318854716,333336,333336,7920970377318854716
35,64,hash,first,2,1,4,166668,150,100000000,100000800,11131,179392936,179406922,3496.500,2782.750,1.793915009,179396432.500,1.793949973,7920970377318854716,333336,333336,7920970377318854716
35,64,hash,first,3,1,4,166668,150,100000000,100000800,11541,186117378,186132165,3696.750,2885.250,1.861158891,186121074.750,1.861195858,7920970377318854716,333336,333336,7920970377318854716
35,64,hash,first,4,1,4,166668,150,100000000,100000800,11963,175529837,175544936,3774.750,2990.750,1.755284328,175533611.750,1.755322075,7920970377318854716,333336,333336,7920970377318854716
35,64,bndmq,first,0,1,4,166668,150,100000000,100000800,239246,454868399,455146819,69605.000,59811.500,4.548647601,454938004.000,4.549343645,7920970377318854716,333336,333336,7920970377318854716
35,64,bndmq,first,1,1,4,166668,150,100000000,100000800,111668,456010741,456147515,34193.500,27917.000,4.560070929,456044934.500,4.560412862,7920970377318854716,333336,333336,7920970377318854716
35,64,bndmq,first,2,1,4,166668,150,100000000,100000800,93855,454566738,454689137,30599.750,23463.750,4.545631015,454597337.750,4.545937010,7920970377318854716,333336,333336,7920970377318854716
35,64,bndmq,first,3,1,4,166668,150,100000000,100000800,120535,450730013,450874232,36054.750,30133.750,4.507264072,450766067.750,4.507624617,7920970377318854716,333336,333336,7920970377318854716
35,64,bndmq,first,4,1,4,166668,150,100000000,100000800,94145,444791160,444909952,29698.000,23536.250,4.447876017,444820858.000,4.448172995,7920970377318854716,333336,333336,7920970377318854716
36,64,aho_corasick,first,0,1,4,166668,150,100000000,100000800,2463837,171374292,173874247,624988.750,615959.250,1.713729210,171999280.750,1.719979048,7920970377318854716,333336,333336,7920970377318854716
36,64,aho_corasick,first,1,1,4,166668,150,100000000,100000800,2689467,167712445,170435896,680862.750,672366.750,1.677111033,168393307.750,1.683919606,7920970377318854716,333336,333336,7920970377318854716
36,64,aho_corasick,first,2,1,4,166668,150,100000000,100000800,3034912,173914902,176978819,765979.250,758728.000,1.739135107,174680881.250,1.746794838,7920970377318854716,333336,333336,7920970377318854716
36,64,aho_corasick,first,3,1,4,166668,150,100000000,100000800,2067538,173638651,175740443,525448.000,516884.500,1.736372619,174164099.000,1.741627057,7920970377318854716,333336,333336,7920970377318854716
36,64,aho_corasick,first,4,1,4,166668,150,100000000,100000800,2715196,173129570,175876795,686806.250,678799.000,1.731281850,173816376.250,1.738149857,7920970377318854716,333336,333336,7920970377318854716
36,64,hash,first,0,1,4,166668,150,100000000,100000800,32220,169980797,170016012,8803.750,8055.000,1.699794372,169989600.750,1.699882408,7920970377318854716,333336,333336,7920970377318854716
36,64,hash,first,1,1,4,166668,150,100000000,100000800,15569,171538851,171557827,4744.000,3892.250,1.715374787,171543595.000,1.715422227,7920970377318854716,333336,333336,7920970377318854716
36,64,hash,first,2,1,4,166668,150,100000000,100000800,12042,174080855,174096123,3817.000,3010.500,1.740794624,174084672.000,1.740832793,7920970377318854716,333336,333336,7920970377318854716
36,64,hash,first,3,1,4,166668,150,100000000,100000800,11461,167933547,167948424,3719.250,2865.250,1.679322035,167937266.250,1.679359228,7920970377318854716,333336,333336,7920970377318854716
36,64,hash,first,4,1,4,166668,150,100000000,100000800,11411,172545829,172560827,3749.500,2852.750,1.725444486,172549578.500,1.725481981,7920970377318854716,333336,333336,7920970377318854716
36,64,bndmq,first,0,1,4,166668,150,100000000,100000800,118421,453063832,453223410,39894.500,29605.250,4.530602075,453103726.500,4.531001017,7920970377318854716,333336,333336,7920970377318854716
36,64,bndmq,first,1,1,4,166668,150,100000000,100000800,172341,459603042,459803997,50238.750,43085.250,4.595993652,459653280.750,4.596496036,7920970377318854716,333336,333336,7920970377318854716
36,64,bndmq,first,2,1,4,166668,150,100000000,100000800,97852,466359388,466484851,31365.750,24463.000,4.663556572,466390753.750,4.663870227,7920970377318854716,333336,333336,7920970377318854716
36,64,bndmq,first,3,1,4,166668,150,100000000,100000800,94987,439301506,439423664,30539.500,23746.750,4.392979916,439332045.500,4.393285309,7920970377318854716,333336,333336,7920970377318854716
36,64,bndmq,first,4,1,4,166668,150,100000000,100000800,94707,442187401,442308347,30236.500,23676.750,4.421838635,442217637.500,4.422140998,7920970377318854716,333336,333336,7920970377318854716
37,64,bndmq,first,0,1,4,166668,150,100000000,100000800,238815,459069397,459343729,68583.000,59703.750,4.590657245,459137980.000,4.591343069,7920970377318854716,333336,333336,7920970377318854716
37,64,bndmq,first,1,1,4,166668,150,100000000,100000800,111067,466789990,466928259,34567.250,27766.750,4.667862557,466824557.250,4.668208227,7920970377318854716,333336,333336,7920970377318854716
37,64,bndmq,first,2,1,4,166668,150,100000000,100000800,92813,463718810,463836900,29522.500,23203.250,4.637151003,463748332.500,4.637446225,7920970377318854716,333336,333336,7920970377318854716
37,64,bndmq,first,3,1,4,166668,150,100000000,100000800,95258,463385947,463508125,30544.500,23814.500,4.633822399,463416491.500,4.634127842,7920970377318854716,333336,333336,7920970377318854716
37,64,bndmq,first,4,1,4,166668,150,100000000,100000800,93915,459022789,459143545,30189.000,23478.750,4.590191168,459052978.000,4.590493056,7920970377318854716,333336,333336,7920970377318854716
37,64,aho_corasick,first,0,1,4,166668,150,100000000,100000800,2403695,177356974,179797737,610190.750,600923.750,1.773555552,177967164.750,1.779657410,7920970377318854716,333336,333336,7920970377318854716
37,64,aho_corasick,first,1,1,4,166668,150,100000000,100000800,2316251,176948967,179293000,586008.250,579062.750,1.769475514,177534975.250,1.775335550,7920970377318854716,333336,333336,7920970377318854716
37,64,aho_corasick,first,2,1,4,166668,150,100000000,100000800,2166993,180204516,182400473,548989.250,541748.250,1.802030744,180753505.250,1.807520592,7920970377318854716,333336,333336,7920970377318854716
37,64,aho_corasick,first,3,1,4,166668,150,100000000,100000800,2145583,186121986,188295912,543481.500,536395.750,1.861204970,186665467.500,1.866639742,7920970377318854716,333336,333336,7920970377318854716
37,64,aho_corasick,first,4,1,4,166668,150,100000000,100000800,2118753,178773290,180925626,538084.000,529688.250,1.787718598,179311374.000,1.793099395,7920970377318854716,333336,333336,7920970377318854716
37,64,hash,first,0,1,4,166668,150,100000000,100000800,17082,168575579,168596478,5224.750,4270.500,1.685742304,168580803.750,1.685794551,7920970377318854716,333336,333336,7920970377318854716
37,64,hash,first,1,1,4,166668,150,100000000,100000800,66174,168594418,168663708,17322.500,16543.500,1.685930693,168611740.500,1.686103916,7920970377318854716,333336,333336,7920970377318854716
37,64,hash,first,2,1,4,166668,150,100000000,100000800,11151,172594942,172609589,3661.750,2787.750,1.725935613,172598603.750,1.725972230,7920970377318854716,333336,333336,7920970377318854716
37,64,hash,first,3,1,4,166668,150,100000000,100000800,11662,179055942,179070800,3714.500,2915.500,1.790545096,179059656.500,1.790582240,7920970377318854716,333336,333336,7920970377318854716
37,64,hash,first,4,1,4,166668,150,100000000,100000800,11491,177518850,177534149,3824.750,2872.750,1.775174299,177522674.750,1.775212546,7920970377318854716,333336,333336,7920970377318854716
4,108,bndmq,first,0,1,3,222224,150,100000000,100000800,355043,179923036,180312853,129939.000,118347.667,1.799215966,180052975.000,1.800515346,7355475635098049752,666672,666672,7355475635098049752
4,108,bndmq,first,1,1,3,222224,150,100000000,100000800,137015,186557210,186722397,55062.333,45671.667,1.865557176,186612272.333,1.866107794,7355475635098049752,666672,666672,7355475635098049752
4,108,bndmq,first,2,1,3,222224,150,100000000,100000800,117970,177409607,177556240,48877.667,39323.333,1.774081877,177458484.667,1.774570650,7355475635098049752,666672,666672,7355475635098049752
4,108,bndmq,first,3,1,3,222224,150,100000000,100000800,117779,179267481,179411669,48062.667,39259.667,1.792660469,179315543.667,1.793141092,7355475635098049752,666672,666672,7355475635098049752
4,108,bndmq,first,4,1,3,222224,150,100000000,100000800,469986,189414062,189921789,169242.333,156662.000,1.894125467,189583304.333,1.895817877,7355475635098049752,666672,666672,7355475635098049752
4,108,hash,first,0,1,3,222224,150,100000000,100000800,10710,25451119,25464213,4364.667,3570.000,0.254509154,25455483.667,0.254552800,7355475635098049752,666672,666672,7355475635098049752
4,108,hash,first,1,1,3,222224,150,100000000,100000800,11742,25632531,25647088,4852.333,3914.000,0.256323259,25637383.333,0.256371782,7355475635098049752,666672,666672,7355475635098049752
4,108,hash,first,2,1,3,222224,150,100000000,100000800,6713,24789184,24798853,3223.000,2237.667,0.247889857,24792407.000,0.247922087,7355475635098049752,666672,666672,7355475635098049752
4,108,hash,first,3,1,3,222224,150,100000000,100000800,6742,24651770,24660956,3062.000,2247.333,0.246515728,24654832.000,0.246546348,7355475635098049752,666672,666672,7355475635098049752
4,108,hash,first,4,1,3,222224,150,100000000,100000800,8166,25986005,25997277,3757.333,2722.000,0.259857971,25989762.333,0.259895544,7355475635098049752,666672,666672,7355475635098049752
4,108,aho_corasick,first,0,1,3,222224,150,100000000,100000800,234097,20121796,20360842,79682.000,78032.333,0.201216350,20201478.000,0.202013164,7355475635098049752,666672,666672,7355475635098049752
4,108,aho_corasick,first,1,1,3,222224,150,100000000,100000800,223287,21612371,21842661,76763.333,74429.000,0.216121981,21689134.333,0.216889608,7355475635098049752,666672,666672,7355475635098049752
4,108,aho_corasick,first,2,1,3,222224,150,100000000,100000800,265576,20547949,20820197,90749.333,88525.333,0.205477846,20638698.333,0.206385332,7355475635098049752,666672,666672,7355475635098049752
4,108,aho_corasick,first,3,1,3,222224,150,100000000,100000800,336117,22610564,22953525,114320.333,112039.000,0.226103831,22724884.333,0.227247025,7355475635098049752,666672,666672,7355475635098049752
4,108,aho_corasick,first,4,1,3,222224,150,100000000,100000800,225712,20506524,20738788,77421.333,75237.333,0.205063599,20583945.333,0.205837807,7355475635098049752,666672,666672,7355475635098049752
4,118,bndmq,first,0,1,3,222224,150,100000000,100000800,343812,200473833,200852910,126359.000,114604.000,2.004722292,200600192.000,2.005985872,7355475635098049752,666672,666672,7355475635098049752
4,118,bndmq,first,1,1,3,222224,150,100000000,100000800,259514,190258534,190558994,100153.333,86504.667,1.902570119,190358687.333,1.903571645,7355475635098049752,666672,666672,7355475635098049752
4,118,bndmq,first,2,1,3,222224,150,100000000,100000800,178964,202303569,202517548,71326.333,59654.667,2.023019506,202374895.333,2.023732763,7355475635098049752,666672,666672,7355475635098049752
4,118,bndmq,first,3,1,3,222224,150,100000000,100000800,154488,226593426,226791776,66116.667,51496.000,2.265916133,226659542.667,2.266577294,7355475635098049752,666672,666672,7355475635098049752
4,118,bndmq,first,4,1,3,222224,150,100000000,100000800,168123,213336233,213564308,76025.000,56041.000,2.133345263,213412258.000,2.134105507,7355475635098049752,666672,666672,7355475635098049752
4,118,hash,first,0,1,3,222224,150,100000000,100000800,17613,22119667,22142620,7651.000,5871.000,0.221194900,22127318.000,0.221271410,7355475635098049752,666672,666672,7355475635098049752
4,118,hash,first,1,1,3,222224,150,100000000,100000800,82774,22682004,22768955,28983.667,27591.333,0.226818225,22710987.667,0.227108060,7355475635098049752,666672,666672,7355475635098049752
4,118,hash,first,2,1,3,222224,150,100000000,100000800,9348,23625221,23639608,4795.667,3116.000,0.236250320,23630016.667,0.236298276,7355475635098049752,666672,666672,7355475635098049752
4,118,hash,first,3,1,3,222224,150,100000000,100000800,10339,23987450,24001255,4601.667,3446.333,0.239872581,23992051.667,0.239918597,7355475635098049752,666672,666672,7355475635098049752
4,118,hash,first,4,1,3,222224,150,100000000,100000800,8186,27123713,27135315,3867.333,2728.667,0.271234960,27127580.333,0.271273633,7355475635098049752,666672,666672,7355475635098049752
4,118,aho_corasick,first,0,1,3,222224,150,100000000,100000800,368117,25760525,26134372,124615.667,122705.667,0.257603189,25885140.667,0.258849336,7355475635098049752,666672,666672,7355475635098049752
4,118,aho_corasick,first,1,1,3,222224,150,100000000,100000800,286775,24977131,25273495,98788.000,95591.667,0.249769312,25075919.000,0.250757184,7355475635098049752,666672,666672,7355475635098049752
4,118,aho_corasick,first,2,1,3,222224,150,100000000,100000800,314247,23817835,24141089,107751.333,104749.000,0.238176445,23925586.333,0.239253949,7355475635098049752,666672,666672,7355475635098049752
4,118,aho_corasick,first,3,1,3,222224,150,100000000,100000800,321289,23726385,24056831,110148.667,107096.333,0.237261952,23836533.667,0.238363430,7355475635098049752,666672,666672,7355475635098049752
4,118,aho_corasick,first,4,1,3,222224,150,100000000,100000800,262259,23616386,23888504,90706.000,87419.667,0.236161971,23707092.000,0.237069023,7355475635098049752,666672,666672,7355475635098049752
4,3,hash,first,0,1,64,10418,150,100000000,100012800,30838,105750715,105784769,532.094,481.844,1.057371806,105751247.094,1.057377127,17712666349499545835,607746,607746,17712666349499545835
4,3,hash,first,1,1,64,10418,150,100000000,100012800,21610,105632409,105657475,391.656,337.656,1.056188898,105632800.656,1.056192814,17712666349499545835,607746,607746,17712666349499545835
4,3,hash,first,2,1,64,10418,150,100000000,100012800,14056,107478485,107495487,265.656,219.625,1.074647295,107478750.656,1.074649951,17712666349499545835,607746,607746,17712666349499545835
4,3,hash,first,3,1,64,10418,150,100000000,100012800,14156,106434451,106452946,288.984,221.188,1.064208291,106434739.984,1.064211181,17712666349499545835,607746,607746,17712666349499545835
4,3,hash,first,4,1,64,10418,150,100000000,100012800,15829,110355533,110374979,303.844,247.328,1.103414093,110355836.844,1.103417131,17712666349499545835,607746,607746,17712666349499545835
4,3,aho_corasick,first,0,1,64,10418,150,100000000,100012800,776378,162678402,163476320,12467.469,12130.906,1.626575818,162690869.469,1.626700477,17712666349499545835,607746,607746,17712666349499545835
4,3,aho_corasick,first,1,1,64,10418,150,100000000,100012800,1238982,161657288,162916388,19673.438,19359.094,1.616365985,161676961.438,1.616562694,17712666349499545835,607746,607746,17712666349499545835
4,3,aho_corasick,first,2,1,64,10418,150,100000000,100012800,744248,165957872,166724562,11979.531,11628.875,1.659366321,165969851.531,1.659486101,17712666349499545835,607746,607746,17712666349499545835
4,3,aho_corasick,first,3,1,64,10418,150,100000000,100012800,761070,163414178,164203691,12336.141,11891.719,1.633932637,163426514.141,1.634055982,17712666349499545835,607746,607746,17712666349499545835
4,3,aho_corasick,first,4,1,64,10418,150,100000000,100012800,752895,166230879,167010133,12175.844,11763.984,1.662096042,166243054.844,1.662217785,17712666349499545835,607746,607746,17712666349499545835
4,3,bndmq,first,0,1,64,10418,150,100000000,100012800,114193,125266549,125409675,2236.344,1784.266,1.252505169,125268785.344,1.252527530,17712666349499545835,607746,607746,17712666349499545835
4,3,bndmq,first,1,1,64,10418,150,100000000,100012800,101990,119694503,119819257,1949.281,1593.594,1.196791841,119696452.281,1.196811331,17712666349499545835,607746,607746,17712666349499545835
4,3,bndmq,first,2,1,64,10418,150,100000000,100012800,85189,124271019,124383449,1756.719,1331.078,1.242551143,124272775.719,1.242568708,17712666349499545835,607746,607746,17712666349499545835
4,3,bndmq,first,3,1,64,10418,150,100000000,100012800,88536,121099054,121216153,1829.672,1383.375,1.210835553,121100883.672,1.210853847,17712666349499545835,607746,607746,17712666349499545835
4,3,bndmq,first,4,1,64,10418,150,100000000,100012800,85669,123397651,123510911,1769.688,1338.578,1.233818581,123399420.688,1.233836276,17712666349499545835,607746,607746,17712666349499545835
4,91,bndmq,first,0,1,3,222224,150,100000000,100000800,126526,182195165,182359160,54665.000,42175.333,1.821937075,182249830.000,1.822483720,7355475635098049752,666672,666672,7355475635098049752
4,91,bndmq,first,1,1,3,222224,150,100000000,100000800,125304,177876327,178029914,51195.667,41768.000,1.778749040,177927522.667,1.779260993,7355475635098049752,666672,666672,7355475635098049752
4,91,bndmq,first,2,1,3,222224,150,100000000,100000800,113872,180777642,180922161,48173.000,37957.333,1.807761958,180825815.000,1.808243684,7355475635098049752,666672,666672,7355475635098049752
4,91,bndmq,first,3,1,3,222224,150,100000000,100000800,108282,183773757,183911855,46032.667,36094.000,1.837722868,183819789.667,1.838183191,7355475635098049752,666672,666672,7355475635098049752
4,91,bndmq,first,4,1,3,222224,150,100000000,100000800,102181,183255955,183387671,43905.333,34060.333,1.832544890,183299860.333,1.832983939,7355475635098049752,666672,666672,7355475635098049752
4,91,hash,first,0,1,3,222224,150,100000000,100000800,10901,27940757,27954242,4495.000,3633.667,0.279405335,27945252.000,0.279450284,7355475635098049752,666672,666672,7355475635098049752
4,91,hash,first,1,1,3,222224,150,100000000,100000800,9598,29841413,29853626,4071.000,3199.333,0.298411743,29845484.000,0.298452452,7355475635098049752,666672,666672,7355475635098049752
4,91,hash,first,2,1,3,222224,150,100000000,100000800,5560,28961972,28970097,2708.333,1853.333,0.289617403,28964680.333,0.289644486,7355475635098049752,666672,666672,7355475635098049752
4,91,hash,first,3,1,3,222224,150,100000000,100000800,5811,28202912,28210727,2605.000,1937.000,0.282026864,28205517.000,0.282052914,7355475635098049752,666672,666672,7355475635098049752
4,91,hash,first,4,1,3,222224,150,100000000,100000800,4889,27872449,27879844,2465.000,1629.667,0.278722260,27874914.000,0.278746910,7355475635098049752,666672,666672,7355475635098049752
4,91,aho_corasick,first,0,1,3,222224,150,100000000,100000800,219760,20883182,21107209,74675.667,73253.333,0.208830149,20957857.667,0.209576900,7355475635098049752,666672,666672,7355475635098049752
4,91,aho_corasick,first,1,1,3,222224,150,100000000,100000800,221994,22472796,22714196,80466.667,73998.000,0.224726162,22553262.667,0.225530822,7355475635098049752,666672,666672,7355475635098049752
4,91,aho_corasick,first,2,1,3,222224,150,100000000,100000800,198290,20903470,21108613,68381.000,66096.667,0.209033028,20971851.000,0.209716832,7355475635098049752,666672,666672,7355475635098049752
4,91,aho_corasick,first,3,1,3,222224,150,100000000,100000800,200283,23078526,23284751,68741.667,66761.000,0.230783414,23147267.667,0.231470825,7355475635098049752,666672,666672,7355475635098049752
4,91,aho_corasick,first,4,1,3,222224,150,100000000,100000800,198320,22581878,22785027,67716.333,66106.667,0.225816973,22649594.333,0.226494131,7355475635098049752,666672,666672,7355475635098049752
40,108,hash,first,0,1,3,222224,150,100000000,100000800,20118,528756787,528779620,7611.000,6706.000,5.287525570,528764398.000,5.287601679,1351695965908473709,333336,333336,1351695965908473709
40,108,hash,first,1,1,3,222224,150,100000000,100000800,18805,527789839,527811620,7260.333,6268.333,5.277856167,527797099.333,5.277928770,1351695965908473709,333336,333336,1351695965908473709
40,108,hash,first,2,1,3,222224,150,100000000,100000800,14567,527520601,527537883,5760.667,4855.667,5.275163809,527526361.667,5.275221415,1351695965908473709,333336,333336,1351695965908473709
40,108,hash,first,3,1,3,222224,150,100000000,100000800,14658,527367391,527386056,6221.667,4886.000,5.273631721,527373612.667,5.273693937,1351695965908473709,333336,333336,1351695965908473709
40,108,hash,first,4,1,3,222224,150,100000000,100000800,18544,528309363,528330692,7109.667,6181.333,5.283051366,528316472.667,5.283122462,1351695965908473709,333336,333336,1351695965908473709
40,108,bndmq,first,0,1,3,222224,150,100000000,100000800,301332,736918528,737257640,113037.333,100444.000,7.369126327,737031565.333,7.370256691,1351695965908473709,333336,333336,1351695965908473709
40,108,bndmq,first,1,1,3,222224,150,100000000,100000800,136465,755077900,755243239,55113.000,45488.333,7.550718594,755133013.000,7.551269720,1351695965908473709,333336,333336,1351695965908473709
40,108,bndmq,first,2,1,3,222224,150,100000000,100000800,142195,742731853,742902552,56899.667,47398.333,7.427259112,742788752.667,7.427828104,1351695965908473709,333336,333336,1351695965908473709
40,108,bndmq,first,3,1,3,222224,150,100000000,100000800,166781,745053510,745249726,65405.333,55593.667,7.450475496,745118915.333,7.451129544,1351695965908473709,333336,333336,1351695965908473709
40,108,bndmq,first,4,1,3,222224,150,100000000,100000800,121306,733399861,733756085,118741.333,40435.333,7.333939938,733518602.333,7.335127342,1351695965908473709,333336,333336,1351695965908473709
40,108,aho_corasick,first,0,1,3,222224,150,100000000,100000800,3392159,179612314,183042483,1143389.667,1130719.667,1.796108771,180755703.667,1.807542576,1351695965908473709,333336,333336,1351695965908473709
40,108,aho_corasick,first,1,1,3,222224,150,100000000,100000800,3442602,183092605,186586202,1164532.333,1147534.000,1.830911403,184257137.333,1.842556633,1351695965908473709,333336,333336,1351695965908473709
40,108,aho_corasick,first,2,1,3,222224,150,100000000,100000800,3448844,203937995,207430189,1164064.667,1149614.667,2.039363635,205102059.667,2.051004189,1351695965908473709,333336,333336,1351695965908473709
40,108,aho_corasick,first,3,1,3,222224,150,100000000,100000800,3093612,193107762,196242581,1044939.667,1031204.000,1.931062172,194152701.667,1.941511485,1351695965908473709,333336,333336,1351695965908473709
40,108,aho_corasick,first,4,1,3,222224,150,100000000,100000800,3352733,186740312,190140114,1133267.333,1117577.667,1.867388181,187873579.333,1.878720764,1351695965908473709,333336,333336,1351695965908473709
40,118,bndmq,first,0,1,3,222224,150,100000000,100000800,338011,812231328,812600737,123136.333,112670.333,8.122248302,812354464.333,8.123479655,1351695965908473709,333336,333336,1351695965908473709
40,118,bndmq,first,1,1,3,222224,150,100000000,100000800,196838,803804186,804031079,75631.000,65612.667,8.037977556,803879817.000,8.038733860,1351695965908473709,333336,333336,1351695965908473709
40,118,bndmq,first,2,1,3,222224,150,100000000,100000800,129090,805780884,805940180,53098.667,43030.000,8.057744378,805833982.667,8.058275360,1351695965908473709,333336,333336,1351695965908473709
40,118,bndmq,first,3,1,3,222224,150,100000000,100000800,131235,799658120,799823078,54986.000,43745.000,7.996517228,799713106.000,7.997067083,1351695965908473709,333336,333336,1351695965908473709
40,118,bndmq,first,4,1,3,222224,150,100000000,100000800,128861,812212378,812370473,52698.333,42953.667,8.122058804,812265076.333,8.122585783,1351695965908473709,333336,333336,1351695965908473709
40,118,hash,first,0,1,3,222224,150,100000000,100000800,47899,164781385,164832711,17108.667,15966.333,1.647800668,164798493.667,1.647971753,1351695965908473709,333336,333336,1351695965908473709
40,118,hash,first,1,1,3,222224,150,100000000,100000800,24375,163353866,163381637,9257.000,8125.000,1.633525592,163363123.000,1.633618161,1351695965908473709,333336,333336,1351695965908473709
40,118,hash,first,2,1,3,222224,150,100000000,100000800,16170,163868980,163888326,6448.667,5390.000,1.638676691,163875428.667,1.638741177,1351695965908473709,333336,333336,1351695965908473709
40,118,hash,first,3,1,3,222224,150,100000000,100000800,15950,166806353,166825529,6392.000,5316.667,1.668050186,166812745.000,1.668114105,1351695965908473709,333336,333336,1351695965908473709
40,118,hash,first,4,1,3,222224,150,100000000,100000800,16821,162643150,162662966,6605.333,5607.000,1.626418489,162649755.333,1.626484541,1351695965908473709,333336,333336,1351695965908473709
40,118,aho_corasick,first,0,1,3,222224,150,100000000,100000800,3998399,195519861,199564877,1348338.667,1332799.667,1.955182969,196868199.667,1.968666247,1351695965908473709,333336,333336,1351695965908473709
40,118,aho_corasick,first,1,1,3,222224,150,100000000,100000800,3534614,189787588,193361405,1191272.333,1178204.667,1.897860697,190978860.333,1.909773325,1351695965908473709,333336,333336,1351695965908473709
40,118,aho_corasick,first,2,1,3,222224,150,100000000,100000800,3265272,186454427,189761266,1102279.667,1088424.000,1.864529354,187556706.667,1.875552062,1351695965908473709,333336,333336,1351695965908473709
40,118,aho_corasick,first,3,1,3,222224,150,100000000,100000800,3812733,193406581,197261983,1285134.000,1270911.000,1.934050338,194691715.000,1.946901575,1351695965908473709,333336,333336,1351695965908473709
40,118,aho_corasick,first,4,1,3,222224,150,100000000,100000800,4270790,188102451,192419647,1439065.333,1423596.667,1.881009462,189541516.333,1.895400000,1351695965908473709,333336,333336,1351695965908473709
40,19,aho_corasick,first,0,1,14,47620,150,100000000,100002000,2768354,169708439,172515986,200539.071,197739.571,1.697050449,169908978.071,1.699055800,8894573090096257035,333340,333340,8894573090096257035
40,19,aho_corasick,first,1,1,14,47620,150,100000000,100002000,2459238,163821394,166324393,178785.643,175659.857,1.638181176,164000179.643,1.639968997,8894573090096257035,333340,333340,8894573090096257035
40,19,aho_corasick,first,2,1,14,47620,150,100000000,100002000,2770389,162205179,165038826,202403.357,197884.929,1.622019350,162407582.357,1.624043343,8894573090096257035,333340,333340,8894573090096257035
40,19,aho_corasick,first,3,1,14,47620,150,100000000,100002000,2513500,166962416,169517784,182526.286,179535.714,1.669590768,167144942.286,1.671415995,8894573090096257035,333340,333340,8894573090096257035
40,19,aho_corasick,first,4,1,14,47620,150,100000000,100002000,2437808,162496740,164974382,176974.429,174129.143,1.624934901,162673714.429,1.626704610,8894573090096257035,333340,333340,8894573090096257035
40,19,bndmq,first,0,1,14,47620,150,100000000,100002000,165168,153617299,153807383,13577.429,11797.714,1.536142267,153630876.429,1.536278039,8894573090096257035,333340,333340,8894573090096257035
40,19,bndmq,first,1,1,14,47620,150,100000000,100002000,98494,148301492,148424802,8807.857,7035.286,1.482985260,148310299.857,1.483073337,8894573090096257035,333340,333340,8894573090096257035
40,19,bndmq,first,2,1,14,47620,150,100000000,100002000,82253,147041210,147150674,7818.857,5875.214,1.470382692,147049028.857,1.470460879,8894573090096257035,333340,333340,8894573090096257035
40,19,bndmq,first,3,1,14,47620,150,100000000,100002000,86421,150128586,150240294,7979.143,6172.929,1.501255835,150136565.143,1.501335625,8894573090096257035,333340,333340,8894573090096257035
40,19,bndmq,first,4,1,14,47620,150,100000000,100002000,82764,152528067,152637280,7800.929,5911.714,1.525250165,152535867.929,1.525328173,8894573090096257035,333340,333340,8894573090096257035
40,19,hash,first,0,1,14,47620,150,100000000,100002000,22392,168766011,168792911,1921.429,1599.429,1.687626357,168767932.429,1.687645571,8894573090096257035,333340,333340,8894573090096257035
40,19,hash,first,1,1,14,47620,150,100000000,100002000,23865,169810254,169837816,1968.714,1704.643,1.698068579,169812222.714,1.698088265,8894573090096257035,333340,333340,8894573090096257035
40,19,hash,first,2,1,14,47620,150,100000000,100002000,16080,170741587,170761173,1399.000,1148.571,1.707381722,170742986.000,1.707395712,8894573090096257035,333340,333340,8894573090096257035
40,19,hash,first,3,1,14,47620,150,100000000,100002000,16200,174771922,174792169,1446.214,1157.143,1.747684266,174773368.214,1.747698728,8894573090096257035,333340,333340,8894573090096257035
40,19,hash,first,4,1,14,47620,150,100000000,100002000,15849,170640897,170659752,1346.786,1132.071,1.706374843,170642243.786,1.706388310,8894573090096257035,333340,333340,8894573090096257035
40,21,hash,first,0,1,13,51284,150,100000000,100003800,26329,178402254,178432681,2340.538,2025.308,1.783954750,178404594.538,1.783978154,15505704042524999807,333346,333346,15505704042524999807
40,21,hash,first,1,1,13,51284,150,100000000,100003800,22993,185779672,185806242,2043.846,1768.692,1.857726126,185781715.846,1.857746564,15505704042524999807,333346,333346,15505704042524999807
40,21,hash,first,2,1,13,51284,150,100000000,100003800,17452,190168406,190189685,1636.846,1342.462,1.901611799,190170042.846,1.901628167,15505704042524999807,333346,333346,15505704042524999807
40,21,hash,first,3,1,13,51284,150,100000000,100003800,21560,189351517,189376584,1928.231,1658.462,1.893443219,189353445.231,1.893462501,15505704042524999807,333346,333346,15505704042524999807
40,21,hash,first,4,1,13,51284,150,100000000,100003800,17483,186156585,186177464,1606.077,1344.846,1.861495113,186158191.077,1.861511173,15505704042524999807,333346,333346,15505704042524999807
40,21,aho_corasick,first,0,1,13,51284,150,100000000,100003800,3189580,170422566,173647323,248058.231,245352.308,1.704160902,170670624.231,1.706641390,15505704042524999807,333346,333346,15505704042524999807
40,21,aho_corasick,first,1,1,13,51284,150,100000000,100003800,2639685,166580353,169251266,205454.846,203052.692,1.665740232,166785807.846,1.667794702,15505704042524999807,333346,333346,15505704042524999807
40,21,aho_corasick,first,2,1,13,51284,150,100000000,100003800,2446435,171708802,174181246,190188.000,188187.308,1.717022773,171898990.000,1.718924581,15505704042524999807,333346,333346,15505704042524999807
40,21,aho_corasick,first,3,1,13,51284,150,100000000,100003800,2462904,171345758,173843838,192160.000,189454.154,1.713392471,171537918.000,1.715313998,15505704042524999807,333346,333346,15505704042524999807
40,21,aho_corasick,first,4,1,13,51284,150,100000000,100003800,2486278,170235342,172763849,194500.538,191252.154,1.702288733,170429842.538,1.704233665,15505704042524999807,333346,333346,15505704042524999807
40,21,bndmq,first,0,1,13,51284,150,100000000,100003800,128770,159972886,160124839,11688.692,9905.385,1.599668073,159984574.692,1.599784955,15505704042524999807,333346,333346,15505704042524999807
40,21,bndmq,first,1,1,13,51284,150,100000000,100003800,85379,159620622,159730146,8424.923,6567.615,1.596145566,159629046.923,1.596229812,15505704042524999807,333346,333346,15505704042524999807
40,21,bndmq,first,2,1,13,51284,150,100000000,100003800,96710,160937097,161058855,9366.000,7439.231,1.609309816,160946463.000,1.609403473,15505704042524999807,333346,333346,15505704042524999807
40,21,bndmq,first,3,1,13,51284,150,100000000,100003800,84698,161732058,161841291,8402.538,6515.231,1.617259124,161740460.538,1.617343146,15505704042524999807,333346,333346,15505704042524999807
40,21,bndmq,first,4,1,13,51284,150,100000000,100003800,92112,162257415,162373912,8961.308,7085.538,1.622512495,162266376.308,1.622602104,15505704042524999807,333346,333346,15505704042524999807
40,23,hash,first,0,1,12,55556,150,100000000,100000800,25999,188733658,188763895,2519.750,2166.583,1.887321481,188736177.750,1.887346679,7235618553944064260,333336,333336,7235618553944064260
40,23,hash,first,1,1,12,55556,150,100000000,100000800,27932,188645036,188677346,2692.500,2327.667,1.886435269,188647728.500,1.886462193,7235618553944064260,333336,333336,7235618553944064260
40,23,hash,first,2,1,12,55556,150,100000000,100000800,29295,190478163,190511495,2777.667,2441.250,1.904766392,190480940.667,1.904794168,7235618553944064260,333336,333336,7235618553944064260
40,23,hash,first,3,1,12,55556,150,100000000,100000800,20799,190337535,190362251,2059.667,1733.250,1.903360123,190339594.667,1.903380720,7235618553944064260,333336,333336,7235618553944064260
40,23,hash,first,4,1,12,55556,150,100000000,100000800,16711,188800033,188820290,1688.083,1392.583,1.887985226,188801721.083,1.888002107,7235618553944064260,333336,333336,7235618553944064260
40,23,bndmq,first,0,1,12,55556,150,100000000,100000800,496165,172874015,173394135,43343.333,41347.083,1.728726320,172917358.333,1.729159750,7235618553944064260,333336,333336,7235618553944064260
40,23,bndmq,first,1,1,12,55556,150,100000000,100000800,130353,176478144,176629096,12579.333,10862.750,1.764767322,176490723.333,1.764893114,7235618553944064260,333336,333336,7235618553944064260
40,23,bndmq,first,2,1,12,55556,150,100000000,100000800,83656,177664001,177774868,9238.917,6971.333,1.776625797,177673239.917,1.776718185,7235618553944064260,333336,333336,7235618553944064260
40,23,bndmq,first,3,1,12,55556,150,100000000,100000800,93825,178225855,178345208,9946.083,7818.750,1.782244292,178235801.083,1.782343752,7235618553944064260,333336,333336,7235618553944064260
40,23,bndmq,first,4,1,12,55556,150,100000000,100000800,84397,175092344,175202829,9207.083,7033.083,1.750909433,175101551.083,1.751001503,7235618553944064260,333336,333336,7235618553944064260
40,23,aho_corasick,first,0,1,12,55556,150,100000000,100000800,2868391,177024158,179915371,240934.417,239032.583,1.770227418,177265092.417,1.772636743,7235618553944064260,333336,333336,7235618553944064260
40,23,aho_corasick,first,1,1,12,55556,150,100000000,100000800,2851580,161890800,164779920,240760.000,237631.667,1.618895049,162131560.000,1.621302630,7235618553944064260,333336,333336,7235618553944064260
40,23,aho_corasick,first,2,1,12,55556,150,100000000,100000800,2417781,166344934,168775729,202566.250,201481.750,1.663436033,166547500.250,1.665461679,7235618553944064260,333336,333336,7235618553944064260
40,23,aho_corasick,first,3,1,12,55556,150,100000000,100000800,2517888,164710795,167241657,210905.167,209824.000,1.647094773,164921700.167,1.649203808,7235618553944064260,333336,333336,7235618553944064260
40,23,aho_corasick,first,4,1,12,55556,150,100000000,100000800,2463887,170008374,172486828,206537.833,205323.917,1.700070139,170214911.833,1.702135501,7235618553944064260,333336,333336,7235618553944064260
40,45,hash,first,0,1,6,111112,150,100000000,100000800,24656,197170358,197197769,4568.500,4109.333,1.971687806,197174926.500,1.971733491,7578595983660385048,333336,333336,7578595983660385048
40,45,hash,first,1,1,6,111112,150,100000000,100000800,22962,195539674,195566143,4411.500,3827.000,1.955381097,195544085.500,1.955425212,7578595983660385048,333336,333336,7578595983660385048
40,45,hash,first,2,1,6,111112,150,100000000,100000800,15199,198319566,198337841,3045.833,2533.167,1.983179795,198322611.833,1.983210253,7578595983660385048,333336,333336,7578595983660385048
40,45,hash,first,3,1,6,111112,150,100000000,100000800,15499,198007821,198026406,3097.500,2583.167,1.980062370,198010918.500,1.980093344,7578595983660385048,333336,333336,7578595983660385048
40,45,hash,first,4,1,6,111112,150,100000000,100000800,17032,200318706,200339315,3434.833,2838.667,2.003171035,200322140.833,2.003205383,7578595983660385048,333336,333336,7578595983660385048
40,45,aho_corasick,first,0,1,6,111112,150,100000000,100000800,2639443,166055193,168728349,445526.000,439907.167,1.660538646,166500719.000,1.664993870,7578595983660385048,333336,333336,7578595983660385048
40,45,aho_corasick,first,1,1,6,111112,150,100000000,100000800,2674790,167291460,170003018,451926.333,445798.333,1.672901217,167743386.333,1.677420444,7578595983660385048,333336,333336,7578595983660385048
40,45,aho_corasick,first,2,1,6,111112,150,100000000,100000800,2480387,167341128,169857573,419407.500,413397.833,1.673397893,167760535.500,1.677591934,7578595983660385048,333336,333336,7578595983660385048
40,45,aho_corasick,first,3,1,6,111112,150,100000000,100000800,2403754,173935044,176379454,407401.667,400625.667,1.739336525,174342445.667,1.743410509,7578595983660385048,333336,333336,7578595983660385048
40,45,aho_corasick,first,4,1,6,111112,150,100000000,100000800,2573000,171405034,174016947,435318.833,428833.333,1.714036628,171840352.833,1.718389781,7578595983660385048,333336,333336,7578595983660385048
40,45,bndmq,first,0,1,6,111112,150,100000000,100000800,135322,317460602,317598298,22949.333,22553.667,3.174580623,317483551.333,3.174810115,7578595983660385048,333336,333336,7578595983660385048
40,45,bndmq,first,1,1,6,111112,150,100000000,100000800,62406,326169148,326249598,13408.333,10401.000,3.261665387,326182556.333,3.261799469,7578595983660385048,333336,333336,7578595983660385048
40,45,bndmq,first,2,1,6,111112,150,100000000,100000800,54081,331611356,331686837,12580.167,9013.500,3.316087031,331623936.167,3.316212832,7578595983660385048,333336,333336,7578595983660385048
40,45,bndmq,first,3,1,6,111112,150,100000000,100000800,57176,323133535,323213143,13268.000,9529.333,3.231309500,323146803.000,3.231442178,7578595983660385048,333336,333336,7578595983660385048
40,45,bndmq,first,4,1,6,111112,150,100000000,100000800,52929,330722197,330796015,12303.000,8821.500,3.307195512,330734500.000,3.307318541,7578595983660385048,333336,333336,7578595983660385048
40,54,hash,first,0,1,5,133334,150,100000000,100000500,38863,321481301,321522949,8329.600,7772.600,3.214796936,321489630.600,3.214880232,3831940454938238512,333335,333335,3831940454938238512
40,54,hash,first,1,1,5,133334,150,100000000,100000500,21199,322210884,322234798,4782.800,4239.800,3.222092730,322215666.800,3.222140557,3831940454938238512,333335,333335,3831940454938238512
40,54,hash,first,2,1,5,133334,150,100000000,100000500,15388,323507117,323525660,3708.600,3077.600,3.235054995,323510825.600,3.235092081,3831940454938238512,333335,333335,3831940454938238512
40,54,hash,first,3,1,5,133334,150,100000000,100000500,15098,323651471,323669675,3640.800,3019.600,3.236498528,323655111.800,3.236534935,3831940454938238512,333335,333335,3831940454938238512
40,54,hash,first,4,1,5,133334,150,100000000,100000500,24296,321256593,321284275,5536.400,4859.200,3.212549867,321262129.400,3.212605231,3831940454938238512,333335,333335,3831940454938238512
40,54,aho_corasick,first,0,1,5,133334,150,100000000,100000500,3892432,173787785,177717296,785902.200,778486.400,1.737869161,174573687.200,1.745728143,3831940454938238512,333335,333335,3831940454938238512
40,54,aho_corasick,first,1,1,5,133334,150,100000000,100000500,2884913,173455887,176375475,583917.600,576982.600,1.734550197,174039804.600,1.740389344,3831940454938238512,333335,333335,3831940454938238512
40,54,aho_corasick,first,2,1,5,133334,150,100000000,100000500,2512957,178313549,180862984,509887.000,502591.400,1.783126574,178823436.000,1.788225419,3831940454938238512,333335,333335,3831940454938238512
40,54,aho_corasick,first,3,1,5,133334,150,100000000,100000500,2461822,173853310,176350278,499393.600,492364.400,1.738524407,174352703.600,1.743518318,3831940454938238512,333335,333335,3831940454938238512
40,54,aho_corasick,first,4,1,5,133334,150,100000000,100000500,2453847,176077164,178616765,507920.200,490769.400,1.760762836,176585084.200,1.765842013,3831940454938238512,333335,333335,3831940454938238512
40,54,bndmq,first,0,1,5,133334,150,100000000,100000500,131886,375892408,376026598,26838.000,26377.200,3.758905285,375919246.000,3.759173664,3831940454938238512,333335,333335,3831940454938238512
40,54,bndmq,first,1,1,5,133334,150,100000000,100000500,65252,385042979,385110966,13597.400,13050.400,3.850410538,385056576.400,3.850546511,3831940454938238512,333335,333335,3831940454938238512
40,54,bndmq,first,2,1,5,133334,150,100000000,100000500,42209,382689747,382734761,9002.800,8441.800,3.826878336,382698749.800,3.826968363,3831940454938238512,333335,333335,3831940454938238512
40,54,bndmq,first,3,1,5,133334,150,100000000,100000500,41407,375798474,375842766,8858.400,8281.400,3.757965950,375807332.400,3.758054534,3831940454938238512,333335,333335,3831940454938238512
40,54,bndmq,first,4,1,5,133334,150,100000000,100000500,47048,374827753,374876815,9812.400,9409.600,3.748258789,374837565.400,3.748356912,3831940454938238512,333335,333335,3831940454938238512
40,59,aho_corasick,first,0,1,5,133334,150,100000000,100000500,2851429,171615177,174511509,579266.400,570285.800,1.716143189,172194443.400,1.721935824,3831940454938238512,333335,333335,3831940454938238512
40,59,aho_corasick,first,1,1,5,133334,150,100000000,100000500,2816394,177272847,180128685,571167.600,563278.800,1.772719606,177844014.600,1.778431254,3831940454938238512,333335,333335,3831940454938238512
40,59,aho_corasick,first,2,1,5,133334,150,100000000,100000500,2825612,177616773,180481738,572993.000,565122.400,1.776158849,178189766.000,1.781888751,3831940454938238512,333335,333335,3831940454938238512
40,59,aho_corasick,first,3,1,5,133334,150,100000000,100000500,3106326,171691549,174839442,629578.600,621265.200,1.716906905,172321127.600,1.723202660,3831940454938238512,333335,333335,3831940454938238512
40,59,aho_corasick,first,4,1,5,133334,150,100000000,100000500,2837553,176156295,179031819,575104.800,567510.600,1.761554142,176731399.800,1.767305161,3831940454938238512,333335,333335,3831940454938238512
40,59,hash,first,0,1,5,133334,150,100000000,100000500,37299,163552575,163593040,8093.000,7459.800,1.635517572,163560668.000,1.635598502,3831940454938238512,333335,333335,3831940454938238512
40,59,hash,first,1,1,5,133334,150,100000000,100000500,22842,167537203,167563182,5195.800,4568.400,1.675363653,167542398.800,1.675415611,3831940454938238512,333335,333335,3831940454938238512
40,59,hash,first,2,1,5,133334,150,100000000,100000500,16280,164082142,164102049,3981.400,3256.000,1.640813216,164086123.400,1.640853030,3831940454938238512,333335,333335,3831940454938238512
40,59,hash,first,3,1,5,133334,150,100000000,100000500,15759,167742862,167762358,3899.200,3151.800,1.677420233,167746761.200,1.677459225,3831940454938238512,333335,333335,3831940454938238512
40,59,hash,first,4,1,5,133334,150,100000000,100000500,16301,169978150,169997687,3907.400,3260.200,1.699773001,169982057.400,1.699812075,3831940454938238512,333335,333335,3831940454938238512
40,59,bndmq,first,0,1,5,133334,150,100000000,100000500,258753,412821545,413082592,52209.400,51750.600,4.128194809,412873754.400,4.128716900,3831940454938238512,333335,333335,3831940454938238512
40,59,bndmq,first,1,1,5,133334,150,100000000,100000500,169646,417358968,417530729,34352.200,33929.200,4.173568812,417393320.200,4.173912332,3831940454938238512,333335,333335,3831940454938238512
40,59,bndmq,first,2,1,5,133334,150,100000000,100000500,39765,425996479,426038558,8415.800,7953.000,4.259943490,426004894.800,4.260027648,3831940454938238512,333335,333335,3831940454938238512
40,59,bndmq,first,3,1,5,133334,150,100000000,100000500,39584,415547645,415589714,8413.800,7916.800,4.155455673,415556058.800,4.155539810,3831940454938238512,333335,333335,3831940454938238512
40,59,bndmq,first,4,1,5,133334,150,100000000,100000500,39323,420572182,420614380,8439.600,7864.600,4.205700791,420580621.600,4.205785187,3831940454938238512,333335,333335,3831940454938238512
40,70,aho_corasick,first,0,1,4,166668,150,100000000,100000800,3075978,172669162,175785346,779046.000,768994.500,1.726677807,173448208.000,1.734468204,7920970377318854716,333336,333336,7920970377318854716
40,70,aho_corasick,first,1,1,4,166668,150,100000000,100000800,2677464,170666947,173380959,678503.000,669366.000,1.706655817,171345450.000,1.713440792,7920970377318854716,333336,333336,7920970377318854716
40,70,aho_corasick,first,2,1,4,166668,150,100000000,100000800,2668979,173196546,175903577,676757.750,667244.750,1.731951604,173873303.750,1.738719128,7920970377318854716,333336,333336,7920970377318854716
40,70,aho_corasick,first,3,1,4,166668,150,100000000,100000800,2660924,172144070,174842705,674658.750,665231.000,1.721426929,172818728.750,1.728173462,7920970377318854716,333336,333336,7920970377318854716
40,70,aho_corasick,first,4,1,4,166668,150,100000000,100000800,2599610,172151124,174788585,659365.250,649902.500,1.721497468,172810489.250,1.728091068,7920970377318854716,333336,333336,7920970377318854716
40,70,hash,first,0,1,4,166668,150,100000000,100000800,33111,173558371,173594258,8971.750,8277.750,1.735569825,173567342.750,1.735659542,7920970377318854716,333336,333336,7920970377318854716
40,70,hash,first,1,1,4,166668,150,100000000,100000800,25648,172037391,172065904,7128.250,6412.000,1.720360147,172044519.250,1.720431429,7920970377318854716,333336,333336,7920970377318854716
40,70,hash,first,2,1,4,166668,150,100000000,100000800,13746,176618078,176635190,4278.000,3436.500,1.766166651,176622356.000,1.766209430,7920970377318854716,333336,333336,7920970377318854716
40,70,hash,first,3,1,4,166668,150,100000000,100000800,13585,175896574,175913656,4270.500,3396.250,1.758951668,175900844.500,1.758994373,7920970377318854716,333336,333336,7920970377318854716
40,70,hash,first,4,1,4,166668,150,100000000,100000800,19286,176595854,176618506,5663.000,4821.500,1.765944412,176601517.000,1.766001042,7920970377318854716,333336,333336,7920970377318854716
40,70,bndmq,first,0,1,4,166668,150,100000000,100000800,646503,484430559,485134359,175950.000,161625.750,4.844266836,484606509.000,4.846026322,7920970377318854716,333336,333336,7920970377318854716
40,70,bndmq,first,1,1,4,166668,150,100000000,100000800,206345,503001759,503233391,57908.000,51586.250,5.029977350,503059667.000,5.030556426,7920970377318854716,333336,333336,7920970377318854716
40,70,bndmq,first,2,1,4,166668,150,100000000,100000800,120915,499252043,499402002,37489.750,30228.750,4.992480490,499289532.750,4.992855385,7920970377318854716,333336,333336,7920970377318854716
40,70,bndmq,first,3,1,4,166668,150,100000000,100000800,106178,484054039,484188009,33492.500,26544.500,4.840501666,484087531.500,4.840836588,7920970377318854716,333336,333336,7920970377318854716
40,70,bndmq,first,4,1,4,166668,150,100000000,100000800,105246,488187312,488318576,32816.000,26311.500,4.881834065,488220128.000,4.882162223,7920970377318854716,333336,333336,7920970377318854716
40,76,aho_corasick,first,0,1,4,166668,150,100000000,100000800,2922302,171819622,174784172,741137.500,730575.500,1.718182475,172560759.500,1.725593790,7920970377318854716,333336,333336,7920970377318854716
40,76,aho_corasick,first,1,1,4,166668,150,100000000,100000800,3370198,173272492,176679088,851649.000,842549.500,1.732711058,174124141.000,1.741227480,7920970377318854716,333336,333336,7920970377318854716
40,76,aho_corasick,first,2,1,4,166668,150,100000000,100000800,2814722,172583398,175431752,712088.500,703680.500,1.725820173,173295486.500,1.732941001,7920970377318854716,333336,333336,7920970377318854716
40,76,aho_corasick,first,3,1,4,166668,150,100000000,100000800,2892636,174922002,177848080,731519.500,723159.000,1.749206026,175653521.500,1.756521163,7920970377318854716,333336,333336,7920970377318854716
40,76,aho_corasick,first,4,1,4,166668,150,100000000,100000800,2695098,171306188,174044116,684482.000,673774.500,1.713048176,171990670.000,1.719892941,7920970377318854716,333336,333336,7920970377318854716
40,76,hash,first,0,1,4,166668,150,100000000,100000800,33382,184148040,184184588,9137.000,8345.500,1.841465668,184157177.000,1.841557038,7920970377318854716,333336,333336,7920970377318854716
40,76,hash,first,1,1,4,166668,150,100000000,100000800,20178,185771664,185795068,5851.000,5044.500,1.857701778,185777515.000,1.857760288,7920970377318854716,333336,333336,7920970377318854716
40,76,hash,first,2,1,4,166668,150,100000000,100000800,14026,185464387,185481609,4305.500,3506.500,1.854629033,185468692.500,1.854672088,7920970377318854716,333336,333336,7920970377318854716
40,76,hash,first,3,1,4,166668,150,100000000,100000800,13956,185934989,185952903,4478.500,3489.000,1.859335015,185939467.500,1.859379800,7920970377318854716,333336,333336,7920970377318854716
40,76,hash,first,4,1,4,166668,150,100000000,100000800,13886,195230480,195248173,4423.250,3471.500,1.952289182,195234903.250,1.952333414,7920970377318854716,333336,333336,7920970377318854716
40,76,bndmq,first,0,1,4,166668,150,100000000,100000800,244076,519387707,519662801,68773.500,61019.000,5.193835519,519456480.500,5.194523249,7920970377318854716,333336,333336,7920970377318854716
40,76,bndmq,first,1,1,4,166668,150,100000000,100000800,156051,525362574,525543702,45282.000,39012.750,5.253583711,525407856.000,5.254036528,7920970377318854716,333336,333336,7920970377318854716
40,76,bndmq,first,2,1,4,166668,150,100000000,100000800,110035,513429584,513563684,33525.000,27508.750,5.134254766,513463109.000,5.134590013,7920970377318854716,333336,333336,7920970377318854716
40,76,bndmq,first,3,1,4,166668,150,100000000,100000800,112991,512749515,512891801,35571.500,28247.750,5.127454130,512785086.500,5.127809843,7920970377318854716,333336,333336,7920970377318854716
40,76,bndmq,first,4,1,4,166668,150,100000000,100000800,114033,511049850,511188509,34664.750,28508.250,5.110457616,511084514.750,5.110804261,7920970377318854716,333336,333336,7920970377318854716
40,91,hash,first,0,1,3,222224,150,100000000,100000800,18395,216773699,216794578,6959.667,6131.667,2.167719648,216780658.667,2.167789244,1351695965908473709,333336,333336,1351695965908473709
40,91,hash,first,1,1,3,222224,150,100000000,100000800,20197,212802000,212825693,7897.667,6732.333,2.128002976,212809897.667,2.128081952,1351695965908473709,333336,333336,1351695965908473709
40,91,hash,first,2,1,3,222224,150,100000000,100000800,13234,212864585,212881455,5623.333,4411.333,2.128628821,212870208.333,2.128685054,1351695965908473709,333336,333336,1351695965908473709
40,91,hash,first,3,1,3,222224,150,100000000,100000800,13265,217277445,217293996,5517.000,4421.667,2.172757068,217282962.000,2.172812238,1351695965908473709,333336,333336,1351695965908473709
40,91,hash,first,4,1,3,222224,150,100000000,100000800,15840,215196582,215215718,6378.667,5280.000,2.151948604,215202960.667,2.152012391,1351695965908473709,333336,333336,1351695965908473709
40,91,bndmq,first,0,1,3,222224,150,100000000,100000800,149388,623141090,623328378,62429.333,49796.000,6.231361049,623203519.333,6.231985337,1351695965908473709,333336,333336,1351695965908473709
40,91,bndmq,first,1,1,3,222224,150,100000000,100000800,247131,613168394,613447605,93070.333,82377.000,6.131634887,613261464.333,6.132565583,1351695965908473709,333336,333336,1351695965908473709
40,91,bndmq,first,2,1,3,222224,150,100000000,100000800,116888,626115849,626264797,49649.333,38962.667,6.261108401,626165498.333,6.261604890,1351695965908473709,333336,333336,1351695965908473709
40,91,bndmq,first,3,1,3,222224,150,100000000,100000800,113302,626374501,626521486,48995.000,37767.333,6.263694900,626423496.000,6.264184847,1351695965908473709,333336,333336,1351695965908473709
40,91,bndmq,first,4,1,3,222224,150,100000000,100000800,110025,604752768,604888200,45144.000,36675.000,6.047479300,604797912.000,6.047930737,1351695965908473709,333336,333336,1351695965908473709
40,91,aho_corasick,first,0,1,3,222224,150,100000000,100000800,2808770,176265245,179118068,950941.000,936256.667,1.762638349,177216186.000,1.772147683,1351695965908473709,333336,333336,1351695965908473709
40,91,aho_corasick,first,1,1,3,222224,150,100000000,100000800,2704025,176443233,179195077,917281.333,901341.667,1.764418215,177360514.333,1.773590955,1351695965908473709,333336,333336,1351695965908473709
40,91,aho_corasick,first,2,1,3,222224,150,100000000,100000800,2511696,178713565,181273040,853158.333,837232.000,1.787121353,179566723.333,1.795652868,1351695965908473709,333336,333336,1351695965908473709
40,91,aho_corasick,first,3,1,3,222224,150,100000000,100000800,2505865,178946574,181498725,850717.000,835288.333,1.789451424,179797291.000,1.797958526,1351695965908473709,333336,333336,1351695965908473709
40,91,aho_corasick,first,4,1,3,222224,150,100000000,100000800,2564835,176359524,178964534,868336.667,854945.000,1.763581131,177227860.667,1.772264429,1351695965908473709,333336,333336,1351695965908473709
41,32,hash,first,0,1,8,83334,150,100000000,100000800,151293,174570470,174726151,19460.125,18911.625,1.745690734,174589930.125,1.745885334,14545882975625201301,333336,333336,14545882975625201301
41,32,hash,first,1,1,8,83334,150,100000000,100000800,45966,171828209,171878363,6269.250,5745.750,1.718268344,171834478.250,1.718331036,14545882975625201301,333336,333336,14545882975625201301
41,32,hash,first,2,1,8,83334,150,100000000,100000800,16601,168364431,168385440,2626.125,2075.125,1.683630841,168367057.125,1.683657102,14545882975625201301,333336,333336,14545882975625201301
41,32,hash,first,3,1,8,83334,150,100000000,100000800,16591,174910472,174932032,2695.000,2073.875,1.749090727,174913167.000,1.749117677,14545882975625201301,333336,333336,14545882975625201301
41,32,hash,first,4,1,8,83334,150,100000000,100000800,18384,173883717,173906579,2857.750,2298.000,1.738823259,173886574.750,1.738851837,14545882975625201301,333336,333336,14545882975625201301
41,32,aho_corasick,first,0,1,8,83334,150,100000000,100000800,3024793,167553998,170614948,382618.750,378099.125,1.675526576,167936616.750,1.679352733,14545882975625201301,333336,333336,14545882975625201301
41,32,aho_corasick,first,1,1,8,83334,150,100000000,100000800,2904138,167973998,170907642,366705.500,363017.250,1.679726542,168340703.500,1.683393568,14545882975625201301,333336,333336,14545882975625201301
41,32,aho_corasick,first,2,1,8,83334,150,100000000,100000800,2636920,169058456,171731293,334104.625,329615.000,1.690571035,169392560.625,1.693912055,14545882975625201301,333336,333336,14545882975625201301
41,32,aho_corasick,first,3,1,8,83334,150,100000000,100000800,2434842,168785622,171256473,308856.375,304355.250,1.687842717,169094478.375,1.690931256,14545882975625201301,333336,333336,14545882975625201301
41,32,aho_corasick,first,4,1,8,83334,150,100000000,100000800,2614298,167002968,169652261,331161.625,326787.250,1.670016320,167334129.625,1.673327910,14545882975625201301,333336,333336,14545882975625201301
41,32,bndmq,first,0,1,8,83334,150,100000000,100000800,118471,224472013,224608879,17108.250,14808.875,2.244702172,224489121.250,2.244873254,14545882975625201301,333336,333336,14545882975625201301
41,32,bndmq,first,1,1,8,83334,150,100000000,100000800,69179,232010397,232102178,11472.625,8647.375,2.320085409,232021869.625,2.320200135,14545882975625201301,333336,333336,14545882975625201301
41,32,bndmq,first,2,1,8,83334,150,100000000,100000800,63739,227687492,227773132,10705.000,7967.375,2.276856705,227698197.000,2.276963754,14545882975625201301,333336,333336,14545882975625201301
41,32,bndmq,first,3,1,8,83334,150,100000000,100000800,61485,243644432,243735842,11426.250,7685.625,2.436424829,243655858.250,2.436539090,14545882975625201301,333336,333336,14545882975625201301
41,32,bndmq,first,4,1,8,83334,150,100000000,100000800,69620,228437692,228531998,11788.250,8702.500,2.284358645,228449480.250,2.284476527,14545882975625201301,333336,333336,14545882975625201301
42,32,aho_corasick,first,0,1,8,83334,150,100000000,100000800,2800565,166410572,169246493,354490.125,350070.625,1.664092407,166765062.125,1.667637280,14545882975625201301,333336,333336,14545882975625201301
42,32,aho_corasick,first,1,1,8,83334,150,100000000,100000800,3212547,174006718,177261593,406859.375,401568.375,1.740053260,174413577.375,1.744121821,14545882975625201301,333336,333336,14545882975625201301
42,32,aho_corasick,first,2,1,8,83334,150,100000000,100000800,2445603,167972115,170455018,310362.875,305700.375,1.679707712,168282477.875,1.682811316,14545882975625201301,333336,333336,14545882975625201301
42,32,aho_corasick,first,3,1,8,83334,150,100000000,100000800,2469717,171542310,174046001,312961.375,308714.625,1.715409377,171855271.375,1.718538965,14545882975625201301,333336,333336,14545882975625201301
42,32,aho_corasick,first,4,1,8,83334,150,100000000,100000800,2674660,172694736,175406715,338997.375,334332.500,1.726933545,173033733.375,1.730323491,14545882975625201301,333336,333336,14545882975625201301
42,32,hash,first,0,1,8,83334,150,100000000,100000800,41357,167157981,167203004,5627.875,5169.625,1.671566437,167163608.875,1.671622716,14545882975625201301,333336,333336,14545882975625201301
42,32,hash,first,1,1,8,83334,150,100000000,100000800,22281,169938071,169963869,3224.750,2785.125,1.699367115,169941295.750,1.699399362,14545882975625201301,333336,333336,14545882975625201301
42,32,hash,first,2,1,8,83334,150,100000000,100000800,15730,162766510,162786127,2452.125,1966.250,1.627652079,162768962.125,1.627676600,14545882975625201301,333336,333336,14545882975625201301
42,32,hash,first,3,1,8,83334,150,100000000,100000800,16010,168694082,168713649,2445.875,2001.250,1.686927325,168696527.875,1.686951783,14545882975625201301,333336,333336,14545882975625201301
42,32,hash,first,4,1,8,83334,150,100000000,100000800,17152,170685492,170706441,2618.625,2144.000,1.706841265,170688110.625,1.706867451,14545882975625201301,333336,333336,14545882975625201301
42,32,bndmq,first,0,1,8,83334,150,100000000,100000800,233786,182055163,182311883,32090.000,29223.250,1.820537066,182087253.000,1.820857963,14545882975625201301,333336,333336,14545882975625201301
42,32,bndmq,first,1,1,8,83334,150,100000000,100000800,129531,188226972,188380228,19157.000,16191.375,1.882254662,188246129.000,1.882446230,14545882975625201301,333336,333336,14545882975625201301
42,32,bndmq,first,2,1,8,83334,150,100000000,100000800,63198,186046810,186134103,10911.625,7899.750,1.860453216,186057721.625,1.860562332,14545882975625201301,333336,333336,14545882975625201301
42,32,bndmq,first,3,1,8,83334,150,100000000,100000800,64511,185382026,185471454,11178.500,8063.875,1.853805430,185393204.500,1.853917214,14545882975625201301,333336,333336,14545882975625201301
42,32,bndmq,first,4,1,8,83334,150,100000000,100000800,63258,182936817,183023419,10825.250,7907.250,1.829353535,182947642.250,1.829461787,14545882975625201301,333336,333336,14545882975625201301
44,32,bndmq,first,0,1,8,83334,150,100000000,100000800,211785,188543490,188778017,29315.875,26473.125,1.885419817,188572805.875,1.885712973,14545882975625201301,333336,333336,14545882975625201301
44,32,bndmq,first,1,1,8,83334,150,100000000,100000800,95668,184258249,184374967,14589.750,11958.500,1.842567749,184272838.750,1.842713646,14545882975625201301,333336,333336,14545882975625201301
44,32,bndmq,first,2,1,8,83334,150,100000000,100000800,64290,193660018,193749225,11150.875,8036.250,1.936584687,193671168.875,1.936696195,14545882975625201301,333336,333336,14545882975625201301
44,32,bndmq,first,3,1,8,83334,150,100000000,100000800,62807,192716107,192810743,11829.500,7850.875,1.927145653,192727936.500,1.927263947,14545882975625201301,333336,333336,14545882975625201301
44,32,bndmq,first,4,1,8,83334,150,100000000,100000800,64380,195661831,195750527,11087.000,8047.500,1.956602657,195672918.000,1.956713526,14545882975625201301,333336,333336,14545882975625201301
44,32,hash,first,0,1,8,83334,150,100000000,100000800,22783,166935892,166962191,3287.375,2847.875,1.669345565,166939179.375,1.669378439,14545882975625201301,333336,333336,14545882975625201301
44,32,hash,first,1,1,8,83334,150,100000000,100000800,24245,160894481,160921982,3437.625,3030.625,1.608931939,160897918.625,1.608966315,14545882975625201301,333336,333336,14545882975625201301
44,32,hash,first,2,1,8,83334,150,100000000,100000800,15108,169499746,169518530,2348.000,1888.500,1.694983900,169502094.000,1.695007380,14545882975625201301,333336,333336,14545882975625201301
44,32,hash,first,3,1,8,83334,150,100000000,100000800,16541,171934630,171954317,2460.875,2067.625,1.719332545,171937090.875,1.719357154,14545882975625201301,333336,333336,14545882975625201301
44,32,hash,first,4,1,8,83334,150,100000000,100000800,15269,172433566,172452542,2372.000,1908.625,1.724321865,172435938.000,1.724345585,14545882975625201301,333336,333336,14545882975625201301
44,32,aho_corasick,first,0,1,8,83334,150,100000000,100000800,2742457,168193669,170991899,349778.750,342807.125,1.681923235,168543447.750,1.685420994,14545882975625201301,333336,333336,14545882975625201301
44,32,aho_corasick,first,1,1,8,83334,150,100000000,100000800,2964742,172036347,175031556,374401.125,370592.750,1.720349707,172410748.125,1.724093689,14545882975625201301,333336,333336,14545882975625201301
44,32,aho_corasick,first,2,1,8,83334,150,100000000,100000800,2565035,175878067,178481314,325405.875,320629.375,1.758766600,176203472.875,1.762020633,14545882975625201301,333336,333336,14545882975625201301
44,32,aho_corasick,first,3,1,8,83334,150,100000000,100000800,2900672,166057989,168991211,366652.750,362584.000,1.660566605,166424641.750,1.664233104,14545882975625201301,333336,333336,14545882975625201301
44,32,aho_corasick,first,4,1,8,83334,150,100000000,100000800,2490316,175576140,178099257,315389.625,311289.500,1.755747354,175891529.625,1.758901225,14545882975625201301,333336,333336,14545882975625201301
44,64,aho_corasick,first,0,1,4,166668,150,100000000,100000800,2659812,175984614,178688938,676081.000,664953.000,1.759832061,176660695.000,1.766592817,7920970377318854716,333336,333336,7920970377318854716
44,64,aho_corasick,first,1,1,4,166668,150,100000000,100000800,3219586,173816804,177072989,814046.250,804896.500,1.738154135,174630850.250,1.746294532,7920970377318854716,333336,333336,7920970377318854716
44,64,aho_corasick,first,2,1,4,166668,150,100000000,100000800,2730835,172358701,175137225,694631.000,682708.750,1.723573221,173053332.000,1.730519476,7920970377318854716,333336,333336,7920970377318854716
44,64,aho_corasick,first,3,1,4,166668,150,100000000,100000800,2640446,172872053,175548015,668990.500,660111.500,1.728706700,173541043.500,1.735396552,7920970377318854716,333336,333336,7920970377318854716
44,64,aho_corasick,first,4,1,4,166668,150,100000000,100000800,2542223,173302702,175882285,644895.750,635555.750,1.733013156,173947597.750,1.739462062,7920970377318854716,333336,333336,7920970377318854716
44,64,hash,first,0,1,4,166668,150,100000000,100000800,19857,170038054,170060686,5658.000,4964.250,1.700366937,170043712.000,1.700423517,7920970377318854716,333336,333336,7920970377318854716
44,64,hash,first,1,1,4,166668,150,100000000,100000800,62827,168163995,168229808,16453.250,15706.750,1.681626497,168180448.250,1.681791028,7920970377318854716,333336,333336,7920970377318854716
44,64,hash,first,2,1,4,166668,150,100000000,100000800,13746,168959339,168976051,4178.000,3436.500,1.689579873,168963517.000,1.689621653,7920970377318854716,333336,333336,7920970377318854716
44,64,hash,first,3,1,4,166668,150,100000000,100000800,13245,173762753,173779785,4258.000,3311.250,1.737613629,173767011.000,1.737656209,7920970377318854716,333336,333336,7920970377318854716
44,64,hash,first,4,1,4,166668,150,100000000,100000800,18624,174296429,174318460,5507.750,4656.000,1.742950346,174301936.750,1.743005423,7920970377318854716,333336,333336,7920970377318854716
44,64,bndmq,first,0,1,4,166668,150,100000000,100000800,129682,344434880,344604677,42449.250,32420.500,3.444321245,344477329.250,3.444745735,7920970377318854716,333336,333336,7920970377318854716
44,64,bndmq,first,1,1,4,166668,150,100000000,100000800,142956,356898588,357074686,44024.500,35739.000,3.568957328,356942612.500,3.569397570,7920970377318854716,333336,333336,7920970377318854716
44,64,bndmq,first,2,1,4,166668,150,100000000,100000800,122298,357496438,357645746,37327.000,30574.500,3.574935781,357533765.000,3.575309048,7920970377318854716,333336,333336,7920970377318854716
44,64,bndmq,first,3,1,4,166668,150,100000000,100000800,102731,356847062,356981071,33502.250,25682.750,3.568442072,356880564.250,3.568777092,7920970377318854716,333336,333336,7920970377318854716
44,64,bndmq,first,4,1,4,166668,150,100000000,100000800,102341,354665476,354798585,33277.250,25585.250,3.546626387,354698753.250,3.546959157,7920970377318854716,333336,333336,7920970377318854716
48,23,bndmq,first,0,1,12,55556,150,100000000,100000800,150260,148434339,148609115,14564.667,12521.667,1.484331515,148448903.667,1.484477161,7235618553944064260,333336,333336,7235618553944064260
48,23,bndmq,first,1,1,12,55556,150,100000000,100000800,92693,142679012,142801190,10181.500,7724.417,1.426778706,142689193.500,1.426880520,7235618553944064260,333336,333336,7235618553944064260
48,23,bndmq,first,2,1,12,55556,150,100000000,100000800,84939,139260434,139375629,9599.583,7078.250,1.392593199,139270033.583,1.392689194,7235618553944064260,333336,333336,7235618553944064260
48,23,bndmq,first,3,1,12,55556,150,100000000,100000800,85249,143161404,143274485,9423.417,7104.083,1.431602587,143170827.417,1.431696821,7235618553944064260,333336,333336,7235618553944064260
48,23,bndmq,first,4,1,12,55556,150,100000000,100000800,87043,140188333,140305573,9770.000,7253.583,1.401872115,140198103.000,1.401969814,7235618553944064260,333336,333336,7235618553944064260
48,23,aho_corasick,first,0,1,12,55556,150,100000000,100000800,5272416,168867238,174175741,442375.250,439368.000,1.688658871,169309613.250,1.693082588,7235618553944064260,333336,333336,7235618553944064260
48,23,aho_corasick,first,1,1,12,55556,150,100000000,100000800,2945745,168073770,171056353,248548.583,245478.750,1.680724254,168322318.583,1.683209720,7235618553944064260,333336,333336,7235618553944064260
48,23,aho_corasick,first,2,1,12,55556,150,100000000,100000800,2921089,167493155,170452225,246589.167,243424.083,1.674918151,167739744.167,1.677384023,7235618553944064260,333336,333336,7235618553944064260
48,23,aho_corasick,first,3,1,12,55556,150,100000000,100000800,3143834,173111514,176303869,266029.583,261986.167,1.731101291,173377543.583,1.733761566,7235618553944064260,333336,333336,7235618553944064260
48,23,aho_corasick,first,4,1,12,55556,150,100000000,100000800,3049620,166310800,169400565,257480.417,254135.000,1.663094695,166568280.417,1.665669479,7235618553944064260,333336,333336,7235618553944064260
48,23,hash,first,0,1,12,55556,150,100000000,100000800,27010,191830376,191861063,2557.250,2250.833,1.918288414,191832933.250,1.918313986,7235618553944064260,333336,333336,7235618553944064260
48,23,hash,first,1,1,12,55556,150,100000000,100000800,29414,187577356,187611330,2831.167,2451.167,1.875758554,187580187.167,1.875786865,7235618553944064260,333336,333336,7235618553944064260
48,23,hash,first,2,1,12,55556,150,100000000,100000800,23975,187769819,187797881,2338.500,1997.917,1.877683169,187772157.500,1.877706553,7235618553944064260,333336,333336,7235618553944064260
48,23,hash,first,3,1,12,55556,150,100000000,100000800,20328,191274605,191298069,1955.333,1694.000,1.912730748,191276560.333,1.912750301,7235618553944064260,333336,333336,7235618553944064260
48,23,hash,first,4,1,12,55556,150,100000000,100000800,19967,191777806,191800999,1932.750,1663.917,1.917762718,191779738.750,1.917782045,7235618553944064260,333336,333336,7235618553944064260
48,27,bndmq,first,0,1,10,66668,150,100000000,100002000,238645,163666868,163929507,26263.900,23864.500,1.636635947,163693131.900,1.636898581,16826556867229731551,333340,333340,16826556867229731551
48,27,bndmq,first,1,1,10,66668,150,100000000,100002000,125875,166828416,166976172,14775.600,12587.500,1.668250795,166843191.600,1.668398548,16826556867229731551,333340,333340,16826556867229731551
48,27,bndmq,first,2,1,10,66668,150,100000000,100002000,76483,168065030,168164887,9985.700,7648.300,1.680616688,168075015.700,1.680716543,16826556867229731551,333340,333340,16826556867229731551
48,27,bndmq,first,3,1,10,66668,150,100000000,100002000,76623,171556806,171658084,10127.800,7662.300,1.715533749,171566933.800,1.715635025,16826556867229731551,333340,333340,16826556867229731551
48,27,bndmq,first,4,1,10,66668,150,100000000,100002000,79058,165651480,165751687,10020.700,7905.800,1.656481670,165661500.700,1.656581875,16826556867229731551,333340,333340,16826556867229731551
48,27,hash,first,0,1,10,66668,150,100000000,100002000,24356,226632714,226660346,2763.200,2435.600,2.266281814,226635477.200,2.266309446,16826556867229731551,333340,333340,16826556867229731551
48,27,hash,first,1,1,10,66668,150,100000000,100002000,23364,227448556,227475677,2712.100,2336.400,2.274440071,227451268.100,2.274467192,16826556867229731551,333340,333340,16826556867229731551
48,27,hash,first,2,1,10,66668,150,100000000,100002000,18705,234665378,234688081,2270.300,1870.500,2.346606848,234667648.300,2.346629550,16826556867229731551,333340,333340,16826556867229731551
48,27,hash,first,3,1,10,66668,150,100000000,100002000,19477,229998383,230021837,2345.400,1947.700,2.299937831,230000728.400,2.299961285,16826556867229731551,333340,333340,16826556867229731551
48,27,hash,first,4,1,10,66668,150,100000000,100002000,18866,239869393,239892136,2274.300,1886.600,2.398645957,239871667.300,2.398668700,16826556867229731551,333340,333340,16826556867229731551
48,27,aho_corasick,first,0,1,10,66668,150,100000000,100002000,4250961,166081893,170382326,430043.300,425096.100,1.660785714,166511936.300,1.665086061,16826556867229731551,333340,333340,16826556867229731551
48,27,aho_corasick,first,1,1,10,66668,150,100000000,100002000,3493727,168529831,172058544,352871.300,349372.700,1.685264605,168882702.300,1.688793247,16826556867229731551,333340,333340,16826556867229731551
48,27,aho_corasick,first,2,1,10,66668,150,100000000,100002000,2920659,168191828,171145789,295396.100,292065.900,1.681884642,168487224.100,1.684838544,16826556867229731551,333340,333340,16826556867229731551
48,27,aho_corasick,first,3,1,10,66668,150,100000000,100002000,2857941,168908294,171799277,289098.300,285794.100,1.689049159,169197392.300,1.691940084,16826556867229731551,333340,333340,16826556867229731551
48,27,aho_corasick,first,4,1,10,66668,150,100000000,100002000,3518591,168111924,171666442,355451.800,351859.100,1.681085618,168467375.800,1.684640065,16826556867229731551,333340,333340,16826556867229731551
48,29,bndmq,first,0,1,9,74076,150,100000000,100002600,120084,170037423,170178195,15641.333,13342.667,1.700330021,170053064.333,1.700486431,2549043575422421221,333342,333342,2549043575422421221
48,29,bndmq,first,1,1,9,74076,150,100000000,100002600,73948,170273946,170370887,10771.222,8216.444,1.702695190,170284717.222,1.702802899,2549043575422421221,333342,333342,2549043575422421221
48,29,bndmq,first,2,1,9,74076,150,100000000,100002600,67597,176260328,176350427,10011.000,7510.778,1.762557454,176270339.000,1.762657561,2549043575422421221,333342,333342,2549043575422421221
48,29,bndmq,first,3,1,9,74076,150,100000000,100002600,67016,175132656,175221793,9904.111,7446.222,1.751281027,175142560.111,1.751380065,2549043575422421221,333342,333342,2549043575422421221
48,29,bndmq,first,4,1,9,74076,150,100000000,100002600,65583,177515646,177606897,10139.000,7287.000,1.775110307,177525785.000,1.775211694,2549043575422421221,333342,333342,2549043575422421221
48,29,aho_corasick,first,0,1,9,74076,150,100000000,100002600,3396366,167273041,170699764,380747.000,377374.000,1.672686920,167653788.000,1.676494291,2549043575422421221,333342,333342,2549043575422421221
48,29,aho_corasick,first,1,1,9,74076,150,100000000,100002600,3237750,168707971,171983952,363997.889,359750.000,1.687035847,169071968.889,1.690675731,2549043575422421221,333342,333342,2549043575422421221
48,29,aho_corasick,first,2,1,9,74076,150,100000000,100002600,2806727,167489329,170333576,316027.444,311858.556,1.674849744,167805356.444,1.678009936,2549043575422421221,333342,333342,2549043575422421221
48,29,aho_corasick,first,3,1,9,74076,150,100000000,100002600,2891865,170889004,173823608,326067.111,321318.333,1.708845610,171215071.111,1.712106196,2549043575422421221,333342,333342,2549043575422421221
48,29,aho_corasick,first,4,1,9,74076,150,100000000,100002600,3051115,174909031,177998859,343314.222,339012.778,1.749044835,175252345.222,1.752477888,2549043575422421221,333342,333342,2549043575422421221
48,29,hash,first,0,1,9,74076,150,100000000,100002600,24806,155324914,155353067,3128.111,2756.222,1.553208757,155328042.111,1.553240037,2549043575422421221,333342,333342,2549043575422421221
48,29,hash,first,1,1,9,74076,150,100000000,100002600,26199,160306644,160336700,3339.556,2911.000,1.603024761,160309983.556,1.603058156,2549043575422421221,333342,333342,2549043575422421221
48,29,hash,first,2,1,9,74076,150,100000000,100002600,26058,158513894,158543639,3305.000,2895.333,1.585097727,158517199.000,1.585130777,2549043575422421221,333342,333342,2549043575422421221
48,29,hash,first,3,1,9,74076,150,100000000,100002600,18344,163892649,163914329,2408.889,2038.222,1.638883879,163895057.889,1.638907967,2549043575422421221,333342,333342,2549043575422421221
48,29,hash,first,4,1,9,74076,150,100000000,100002600,18354,167728846,167751438,2510.222,2039.333,1.677244852,167731356.222,1.677269953,2549043575422421221,333342,333342,2549043575422421221
5,128,bndmq,first,0,1,2,333334,150,100000000,100000200,117159,516307897,516459379,75741.000,58579.500,5.163068644,516383638.000,5.163826052,9494516320557277198,666668,666668,9494516320557277198
5,128,bndmq,first,1,1,2,333334,150,100000000,100000200,172772,520494756,520697555,101399.500,86386.000,5.204937150,520596155.500,5.205951143,9494516320557277198,666668,666668,9494516320557277198
5,128,bndmq,first,2,1,2,333334,150,100000000,100000200,199321,514006565,514232026,112730.500,99660.500,5.140055370,514119295.500,5.141182673,9494516320557277198,666668,666668,9494516320557277198
5,128,bndmq,first,3,1,2,333334,150,100000000,100000200,93875,514787400,514908696,60648.000,46937.500,5.147863704,514848048.000,5.148470183,9494516320557277198,666668,666668,9494516320557277198
5,128,bndmq,first,4,1,2,333334,150,100000000,100000200,93684,516256895,516375867,59486.000,46842.000,5.162558625,516316381.000,5.163153484,9494516320557277198,666668,666668,9494516320557277198
5,128,hash,first,0,1,2,333334,150,100000000,100000200,9488,40164842,40176795,5976.500,4744.000,0.401647617,40170818.500,0.401707382,9494516320557277198,666668,666668,9494516320557277198
5,128,hash,first,1,1,2,333334,150,100000000,100000200,9618,41060764,41073147,6191.500,4809.000,0.410606819,41066955.500,0.410668734,9494516320557277198,666668,666668,9494516320557277198
5,128,hash,first,2,1,2,333334,150,100000000,100000200,5600,38905339,38914035,4348.000,2800.000,0.389052612,38909687.000,0.389096092,9494516320557277198,666668,666668,9494516320557277198
5,128,hash,first,3,1,2,333334,150,100000000,100000200,5229,41356466,41364561,4047.500,2614.500,0.413563833,41360513.500,0.413604308,9494516320557277198,666668,666668,9494516320557277198
5,128,hash,first,4,1,2,333334,150,100000000,100000200,5440,40423626,40431801,4087.500,2720.000,0.404235452,40427713.500,0.404276326,9494516320557277198,666668,666668,9494516320557277198
5,128,aho_corasick,first,0,1,2,333334,150,100000000,100000200,247872,33987839,34255388,133774.500,123936.000,0.339877710,34121613.500,0.341215453,9494516320557277198,666668,666668,9494516320557277198
5,128,aho_corasick,first,1,1,2,333334,150,100000000,100000200,228486,33578656,33811850,116597.000,114243.000,0.335785888,33695253.000,0.336951856,9494516320557277198,666668,666668,9494516320557277198
5,128,aho_corasick,first,2,1,2,333334,150,100000000,100000200,229388,33592100,33825997,116948.500,114694.000,0.335920328,33709048.500,0.337089811,9494516320557277198,666668,666668,9494516320557277198
5,128,aho_corasick,first,3,1,2,333334,150,100000000,100000200,237854,32388386,32630218,120916.000,118927.000,0.323883212,32509302.000,0.325092370,9494516320557277198,666668,666668,9494516320557277198
5,128,aho_corasick,first,4,1,2,333334,150,100000000,100000200,215302,32230243,32449573,109665.000,107651.000,0.322301785,32339908.000,0.323398433,9494516320557277198,666668,666668,9494516320557277198
5,256,bndmq,first,0,1,1,666668,150,100000000,100000200,121257,512094526,512248824,154298.000,121257.000,5.120935018,512248824.000,5.122477995,5016691434576999751,666668,666668,5016691434576999751
5,256,bndmq,first,1,1,1,666668,150,100000000,100000200,118100,519180551,519300394,119843.000,118100.000,5.191795126,519300394.000,5.192993554,5016691434576999751,666668,666668,5016691434576999751
5,256,bndmq,first,2,1,1,666668,150,100000000,100000200,30757,517790774,517822913,32139.000,30757.000,5.177897384,517822913.000,5.178218774,5016691434576999751,666668,666668,5016691434576999751
5,256,bndmq,first,3,1,1,666668,150,100000000,100000200,33041,521938046,521973331,35285.000,33041.000,5.219370021,521973331.000,5.219722871,5016691434576999751,666668,666668,5016691434576999751
5,256,bndmq,first,4,1,1,666668,150,100000000,100000200,30998,515292593,515325193,32600.000,30998.000,5.152915624,515325193.000,5.153241624,5016691434576999751,666668,666668,5016691434576999751
5,256,aho_corasick,first,0,1,1,666668,150,100000000,100000200,211735,28042477,28272266,229789.000,211735.000,0.280424209,28272266.000,0.282722095,5016691434576999751,666668,666668,5016691434576999751
5,256,aho_corasick,first,1,1,1,666668,150,100000000,100000200,184153,29307828,29496670,188842.000,184153.000,0.293077694,29496670.000,0.294966110,5016691434576999751,666668,666668,5016691434576999751
5,256,aho_corasick,first,2,1,1,666668,150,100000000,100000200,184173,28541609,28730340,188731.000,184173.000,0.285415519,28730340.000,0.287302825,5016691434576999751,666668,666668,5016691434576999751
5,256,aho_corasick,first,3,1,1,666668,150,100000000,100000200,185035,29157317,29347431,190114.000,185035.000,0.291572587,29347431.000,0.293473723,5016691434576999751,666668,666668,5016691434576999751
5,256,aho_corasick,first,4,1,1,666668,150,100000000,100000200,176419,29121320,29302027,180707.000,176419.000,0.291212618,29302027.000,0.293019684,5016691434576999751,666668,666668,5016691434576999751
5,256,hash,first,0,1,1,666668,150,100000000,100000200,8906,36557984,36569114,11130.000,8906.000,0.365579109,36569114.000,0.365690409,5016691434576999751,666668,666668,5016691434576999751
5,256,hash,first,1,1,1,666668,150,100000000,100000200,13024,35943627,35958445,14818.000,13024.000,0.359435551,35958445.000,0.359583731,5016691434576999751,666668,666668,5016691434576999751
5,256,hash,first,2,1,1,666668,150,100000000,100000200,4418,35807329,35813510,6181.000,4418.000,0.358072574,35813510.000,0.358134384,5016691434576999751,666668,666668,5016691434576999751
5,256,hash,first,3,1,1,666668,150,100000000,100000200,5170,34649864,34656977,7113.000,5170.000,0.346497947,34656977.000,0.346569077,5016691434576999751,666668,666668,5016691434576999751
5,256,hash,first,4,1,1,666668,150,100000000,100000200,5020,35772017,35779361,7344.000,5020.000,0.357719455,35779361.000,0.357792894,5016691434576999751,666668,666668,5016691434576999751
52,32,aho_corasick,first,0,1,8,83334,150,100000000,100000800,3601479,180589088,184223068,454247.500,450184.875,1.805876433,181043335.500,1.810418872,14545882975625201301,333336,333336,14545882975625201301
52,32,aho_corasick,first,1,1,8,83334,150,100000000,100000800,2984709,176426051,179444092,377255.125,373088.625,1.764246396,176803306.125,1.768018917,14545882975625201301,333336,333336,14545882975625201301
52,32,aho_corasick,first,2,1,8,83334,150,100000000,100000800,2914839,179548963,182501382,369052.375,364354.875,1.795475266,179918015.375,1.799165760,14545882975625201301,333336,333336,14545882975625201301
52,32,aho_corasick,first,3,1,8,83334,150,100000000,100000800,3709871,174225478,177972288,468351.250,463733.875,1.742240842,174693829.250,1.746924317,14545882975625201301,333336,333336,14545882975625201301
52,32,aho_corasick,first,4,1,8,83334,150,100000000,100000800,2995949,172215996,175246769,378846.625,374493.625,1.722146183,172594842.625,1.725934619,14545882975625201301,333336,333336,14545882975625201301
52,32,hash,first,0,1,8,83334,150,100000000,100000800,32631,162335693,162372431,4592.250,4078.875,1.623343943,162340285.250,1.623389865,14545882975625201301,333336,333336,14545882975625201301
52,32,hash,first,1,1,8,83334,150,100000000,100000800,26659,158040112,158070037,3740.625,3332.375,1.580388477,158043852.625,1.580425883,14545882975625201301,333336,333336,14545882975625201301
52,32,hash,first,2,1,8,83334,150,100000000,100000800,24336,162287263,162318211,3868.500,3042.000,1.622859647,162291131.500,1.622898332,14545882975625201301,333336,333336,14545882975625201301
52,32,hash,first,3,1,8,83334,150,100000000,100000800,24996,162593085,162621938,3606.625,3124.500,1.625917843,162596691.625,1.625953909,14545882975625201301,333336,333336,14545882975625201301
52,32,hash,first,4,1,8,83334,150,100000000,100000800,18535,161274442,161296734,2786.500,2316.875,1.612731518,161277228.500,1.612759383,14545882975625201301,333336,333336,14545882975625201301
52,32,bndmq,first,0,1,8,83334,150,100000000,100000800,117088,187654031,187793331,17412.500,14636.000,1.876525298,187671443.500,1.876699421,14545882975625201301,333336,333336,14545882975625201301
52,32,bndmq,first,1,1,8,83334,150,100000000,100000800,75922,194079134,194167519,11048.125,9490.250,1.940775814,194090182.125,1.940886294,14545882975625201301,333336,333336,14545882975625201301
52,32,bndmq,first,2,1,8,83334,150,100000000,100000800,61395,198214478,198299367,10611.125,7674.375,1.982128923,198225089.125,1.982235033,14545882975625201301,333336,333336,14545882975625201301
52,32,bndmq,first,3,1,8,83334,150,100000000,100000800,63088,193275943,193366402,11307.375,7886.000,1.932743968,193287250.375,1.932857041,14545882975625201301,333336,333336,14545882975625201301
52,32,bndmq,first,4,1,8,83334,150,100000000,100000800,75912,192299766,192395936,12021.250,9489.000,1.922982276,192311787.250,1.923102488,14545882975625201301,333336,333336,14545882975625201301
54,32,hash,first,0,1,8,83334,150,100000000,100000800,25578,156357391,156386185,3599.250,3197.250,1.563561402,156360990.250,1.563597394,14545882975625201301,333336,333336,14545882975625201301
54,32,hash,first,1,1,8,83334,150,100000000,100000800,26670,160198523,160228719,3774.500,3333.750,1.601972414,160202297.500,1.602010159,14545882975625201301,333336,333336,14545882975625201301
54,32,hash,first,2,1,8,83334,150,100000000,100000800,18855,157173093,157195284,2773.875,2356.875,1.571718356,157175866.875,1.571746095,14545882975625201301,333336,333336,14545882975625201301
54,32,hash,first,3,1,8,83334,150,100000000,100000800,18154,160552237,160574148,2738.875,2269.250,1.605509526,160554975.875,1.605536914,14545882975625201301,333336,333336,14545882975625201301
54,32,hash,first,4,1,8,83334,150,100000000,100000800,27301,158846575,158877783,3901.000,3412.625,1.588453042,158850476.000,1.588492052,14545882975625201301,333336,333336,14545882975625201301
54,32,aho_corasick,first,0,1,8,83334,150,100000000,100000800,3334822,180391589,183759432,420980.375,416852.750,1.803901459,180812569.375,1.808111229,14545882975625201301,333336,333336,14545882975625201301
54,32,aho_corasick,first,1,1,8,83334,150,100000000,100000800,3660537,171840295,175537581,462160.750,457567.125,1.718389203,172302455.750,1.723010773,14545882975625201301,333336,333336,14545882975625201301
54,32,aho_corasick,first,2,1,8,83334,150,100000000,100000800,3449746,170743680,174228391,435588.875,431218.250,1.707423141,171179268.875,1.711778995,14545882975625201301,333336,333336,14545882975625201301
54,32,aho_corasick,first,3,1,8,83334,150,100000000,100000800,3182588,183620163,186839089,402365.750,397823.500,1.836186941,184022528.750,1.840210566,14545882975625201301,333336,333336,14545882975625201301
54,32,aho_corasick,first,4,1,8,83334,150,100000000,100000800,3567363,180173961,183781039,450884.750,445920.375,1.801725196,180624845.750,1.806234008,14545882975625201301,333336,333336,14545882975625201301
54,32,bndmq,first,0,1,8,83334,150,100000000,100000800,139290,140647151,140809484,20291.625,17411.250,1.406460258,140667442.625,1.406663173,14545882975625201301,333336,333336,14545882975625201301
54,32,bndmq,first,1,1,8,83334,150,100000000,100000800,66674,138516145,138606464,11289.875,8334.250,1.385150369,138527434.875,1.385263267,14545882975625201301,333336,333336,14545882975625201301
54,32,bndmq,first,2,1,8,83334,150,100000000,100000800,61465,146102088,146192407,11289.875,7683.125,1.461009192,146113377.875,1.461122090,14545882975625201301,333336,333336,14545882975625201301
54,32,bndmq,first,3,1,8,83334,150,100000000,100000800,69480,150401720,150495695,11746.875,8685.000,1.504005168,150413466.875,1.504122636,14545882975625201301,333336,333336,14545882975625201301
54,32,bndmq,first,4,1,8,83334,150,100000000,100000800,68949,144265051,144367021,12746.250,8618.625,1.442638969,144277797.250,1.442766430,14545882975625201301,333336,333336,14545882975625201301
56,32,bndmq,first,0,1,8,83334,150,100000000,100000800,137186,146516186,146673210,19628.000,17148.250,1.465150139,146535814.000,1.465346417,14545882975625201301,333336,333336,14545882975625201301
56,32,bndmq,first,1,1,8,83334,150,100000000,100000800,68047,143607990,143702726,11842.000,8505.875,1.436068411,143619832.000,1.436186831,14545882975625201301,333336,333336,14545882975625201301
56,32,bndmq,first,2,1,8,83334,150,100000000,100000800,72805,143652280,143755822,12942.750,9100.625,1.436511308,143665222.750,1.436640734,14545882975625201301,333336,333336,14545882975625201301
56,32,bndmq,first,3,1,8,83334,150,100000000,100000800,69269,145316908,145423869,13370.125,8658.625,1.453157455,145330278.125,1.453291155,14545882975625201301,333336,333336,14545882975625201301
56,32,bndmq,first,4,1,8,83334,150,100000000,100000800,85760,145745704,145862361,14582.125,10720.000,1.457445380,145760286.125,1.457591201,14545882975625201301,333336,333336,14545882975625201301
56,32,hash,first,0,1,8,83334,150,100000000,100000800,27021,158329510,158359656,3768.250,3377.625,1.583282434,158333278.250,1.583320116,14545882975625201301,333336,333336,14545882975625201301
56,32,hash,first,1,1,8,83334,150,100000000,100000800,24275,154802155,154830938,3597.875,3034.375,1.548009166,154805752.875,1.548045144,14545882975625201301,333336,333336,14545882975625201301
56,32,hash,first,2,1,8,83334,150,100000000,100000800,24395,162524242,162552614,3546.500,3049.375,1.625229418,162527788.500,1.625264883,14545882975625201301,333336,333336,14545882975625201301
56,32,hash,first,3,1,8,83334,150,100000000,100000800,22903,158673457,158699847,3298.750,2862.875,1.586721876,158676755.750,1.586754863,14545882975625201301,333336,333336,14545882975625201301
56,32,hash,first,4,1,8,83334,150,100000000,100000800,19637,161027834,161050968,2891.750,2454.625,1.610265458,161030725.750,1.610294375,14545882975625201301,333336,333336,14545882975625201301
56,32,aho_corasick,first,0,1,8,83334,150,100000000,100000800,3625123,174266561,177939853,459161.500,453140.375,1.742651669,174725722.500,1.747243247,14545882975625201301,333336,333336,14545882975625201301
56,32,aho_corasick,first,1,1,8,83334,150,100000000,100000800,3397952,179742725,183195158,431554.125,424744.000,1.797412871,180174279.125,1.801728377,14545882975625201301,333336,333336,14545882975625201301
56,32,aho_corasick,first,2,1,8,83334,150,100000000,100000800,3177909,173958944,177190714,403971.250,397238.625,1.739575523,174362915.250,1.743615204,14545882975625201301,333336,333336,14545882975625201301
56,32,aho_corasick,first,3,1,8,83334,150,100000000,100000800,3343758,178063189,181453685,423812.000,417969.750,1.780617645,178487001.000,1.784855731,14545882975625201301,333336,333336,14545882975625201301
56,32,aho_corasick,first,4,1,8,83334,150,100000000,100000800,3244022,173955989,177248531,411567.750,405502.750,1.739545974,174367556.750,1.743661618,14545882975625201301,333336,333336,14545882975625201301
6,3,bndmq,first,0,1,64,10418,150,100000000,100012800,116708,171917948,172065664,2308.062,1823.562,1.718959453,171920256.062,1.718982531,14948987225644089467,366914,366914,14948987225644089467
6,3,bndmq,first,1,1,64,10418,150,100000000,100012800,94877,169345122,169466027,1889.141,1482.453,1.693234486,169347011.141,1.693253375,14948987225644089467,366914,366914,14948987225644089467
6,3,bndmq,first,2,1,64,10418,150,100000000,100012800,87483,171600446,171714088,1775.656,1366.922,1.715784840,171602221.656,1.715802594,14948987225644089467,366914,366914,14948987225644089467
6,3,bndmq,first,3,1,64,10418,150,100000000,100012800,89738,169098117,169228100,2030.984,1402.156,1.690764752,169100147.984,1.690785059,14948987225644089467,366914,366914,14948987225644089467
6,3,bndmq,first,4,1,64,10418,150,100000000,100012800,93124,167599476,167721825,1911.703,1455.062,1.675780260,167601387.703,1.675799375,14948987225644089467,366914,366914,14948987225644089467
6,3,aho_corasick,first,0,1,64,10418,150,100000000,100012800,852991,259395029,260269420,13662.359,13327.984,2.593618307,259408691.359,2.593754913,14948987225644089467,366914,366914,14948987225644089467
6,3,aho_corasick,first,1,1,64,10418,150,100000000,100012800,849515,251229394,252098205,13575.172,13273.672,2.511972408,251242969.172,2.512108142,14948987225644089467,366914,366914,14948987225644089467
6,3,aho_corasick,first,2,1,64,10418,150,100000000,100012800,837482,259039063,259899598,13445.859,13085.656,2.590059102,259052508.859,2.590193544,14948987225644089467,366914,366914,14948987225644089467
6,3,aho_corasick,first,3,1,64,10418,150,100000000,100012800,820491,255103669,255948796,13205.109,12820.172,2.550710199,255116874.109,2.550842233,14948987225644089467,366914,366914,14948987225644089467
6,3,aho_corasick,first,4,1,64,10418,150,100000000,100012800,833935,258773119,259636889,13496.406,13030.234,2.587400003,258786615.406,2.587534950,14948987225644089467,366914,366914,14948987225644089467
6,3,hash,first,0,1,64,10418,150,100000000,100012800,38462,149121675,149163744,657.328,600.969,1.491025899,149122332.328,1.491032471,14948987225644089467,366914,366914,14948987225644089467
6,3,hash,first,1,1,64,10418,150,100000000,100012800,27080,151266193,151296549,474.312,423.125,1.512468334,151266667.312,1.512473077,14948987225644089467,366914,366914,14948987225644089467
6,3,hash,first,2,1,64,10418,150,100000000,100012800,15890,147222881,147241827,296.031,248.281,1.472040389,147223177.031,1.472043349,14948987225644089467,366914,366914,14948987225644089467
6,3,hash,first,3,1,64,10418,150,100000000,100012800,14117,151891748,151910483,292.734,220.578,1.518723083,151892040.734,1.518726010,14948987225644089467,366914,366914,14948987225644089467
6,3,hash,first,4,1,64,10418,150,100000000,100012800,16020,147314059,147333426,302.609,250.312,1.472952052,147314361.609,1.472955078,14948987225644089467,366914,366914,14948987225644089467
60,32,aho_corasick,first,0,1,8,83334,150,100000000,100000800,3929632,174819734,178806833,498387.375,491204.000,1.748183355,175318121.375,1.753167188,14545882975625201301,333336,333336,14545882975625201301
60,32,aho_corasick,first,1,1,8,83334,150,100000000,100000800,3533120,174547807,178121894,446760.875,441640.000,1.745464106,174994567.875,1.749931679,14545882975625201301,333336,333336,14545882975625201301
60,32,aho_corasick,first,2,1,8,83334,150,100000000,100000800,3582975,175735232,179375033,454975.125,447871.875,1.757338261,176190207.125,1.761887976,14545882975625201301,333336,333336,14545882975625201301
60,32,aho_corasick,first,3,1,8,83334,150,100000000,100000800,3896249,175698909,179640973,492758.000,487031.125,1.756975034,176191667.000,1.761902575,14545882975625201301,333336,333336,14545882975625201301
60,32,aho_corasick,first,4,1,8,83334,150,100000000,100000800,3910776,174111043,178068736,494711.625,488847.000,1.741096501,174605754.625,1.746043578,14545882975625201301,333336,333336,14545882975625201301
60,32,hash,first,0,1,8,83334,150,100000000,100000800,26490,155872481,155903239,3844.750,3311.250,1.558712340,155876325.750,1.558750787,14545882975625201301,333336,333336,14545882975625201301
60,32,hash,first,1,1,8,83334,150,100000000,100000800,25527,159164518,159267640,12890.250,3190.875,1.591632447,159177408.250,1.591761348,14545882975625201301,333336,333336,14545882975625201301
60,32,hash,first,2,1,8,83334,150,100000000,100000800,20288,161622985,161648542,3194.625,2536.000,1.616216920,161626179.625,1.616248866,14545882975625201301,333336,333336,14545882975625201301
60,32,hash,first,3,1,8,83334,150,100000000,100000800,24977,160227898,160256271,3546.625,3122.125,1.602266162,160231444.625,1.602301628,14545882975625201301,333336,333336,14545882975625201301
60,32,hash,first,4,1,8,83334,150,100000000,100000800,20358,159096691,159120726,3004.375,2544.750,1.590954182,159099695.375,1.590984226,14545882975625201301,333336,333336,14545882975625201301
60,32,bndmq,first,0,1,8,83334,150,100000000,100000800,396319,143246753,143665404,52331.375,49539.875,1.432456070,143299084.375,1.432979380,14545882975625201301,333336,333336,14545882975625201301
60,32,bndmq,first,1,1,8,83334,150,100000000,100000800,102632,143003916,143129090,15646.750,12829.000,1.430027720,143019562.750,1.430184186,14545882975625201301,333336,333336,14545882975625201301
60,32,bndmq,first,2,1,8,83334,150,100000000,100000800,60432,147760595,147841194,10074.875,7554.000,1.477594129,147770669.875,1.477694877,14545882975625201301,333336,333336,14545882975625201301
60,32,bndmq,first,3,1,8,83334,150,100000000,100000800,63028,146457625,146544317,10836.500,7878.500,1.464564533,146468461.500,1.464672898,14545882975625201301,333336,333336,14545882975625201301
60,32,bndmq,first,4,1,8,83334,150,100000000,100000800,64771,149007719,149096986,11158.375,8096.375,1.490065269,149018877.375,1.490176852,14545882975625201301,333336,333336,14545882975625201301
62,32,aho_corasick,first,0,1,8,83334,150,100000000,100000800,3794728,172642912,176470731,478477.375,474341.000,1.726415309,173121389.375,1.731200044,14545882975625201301,333336,333336,14545882975625201301
62,32,aho_corasick,first,1,1,8,83334,150,100000000,100000800,3536909,174570790,178138346,445944.500,442113.625,1.745693934,175016734.500,1.750153344,14545882975625201301,333336,333336,14545882975625201301
62,32,aho_corasick,first,2,1,8,83334,150,100000000,100000800,3654739,178516453,182206388,461241.875,456842.375,1.785150249,178977694.875,1.789762631,14545882975625201301,333336,333336,14545882975625201301
62,32,aho_corasick,first,3,1,8,83334,150,100000000,100000800,3908791,173618800,177562666,492983.250,488598.875,1.736174111,174111783.250,1.741103904,14545882975625201301,333336,333336,14545882975625201301
62,32,aho_corasick,first,4,1,8,83334,150,100000000,100000800,4020230,178737143,182794162,507127.375,502528.750,1.787357131,179244270.375,1.792428364,14545882975625201301,333336,333336,14545882975625201301
62,32,hash,first,0,1,8,83334,150,100000000,100000800,27571,156875658,156906836,3897.250,3446.375,1.568744030,156879555.250,1.568783002,14545882975625201301,333336,333336,14545882975625201301
62,32,hash,first,1,1,8,83334,150,100000000,100000800,29215,161525312,161558424,4139.000,3651.875,1.615240198,161529451.000,1.615281588,14545882975625201301,333336,333336,14545882975625201301
62,32,hash,first,2,1,8,83334,150,100000000,100000800,21540,155886933,155911749,3102.000,2692.500,1.558856859,155890035.000,1.558887879,14545882975625201301,333336,333336,14545882975625201301
62,32,hash,first,3,1,8,83334,150,100000000,100000800,20808,157540138,157564804,3083.250,2601.000,1.575388777,157543221.250,1.575419609,14545882975625201301,333336,333336,14545882975625201301
62,32,hash,first,4,1,8,83334,150,100000000,100000800,21841,154936580,154962098,3189.750,2730.125,1.549353405,154939769.750,1.549385302,14545882975625201301,333336,333336,14545882975625201301
62,32,bndmq,first,0,1,8,83334,150,100000000,100000800,209982,143426306,143657167,28857.625,26247.750,1.434251586,143455163.625,1.434540160,14545882975625201301,333336,333336,14545882975625201301
62,32,bndmq,first,1,1,8,83334,150,100000000,100000800,106669,142222621,142360067,17180.750,13333.625,1.422214832,142239801.750,1.422386638,14545882975625201301,333336,333336,14545882975625201301
62,32,bndmq,first,2,1,8,83334,150,100000000,100000800,92592,145322303,145434653,14043.750,11574.000,1.453211404,145336346.750,1.453351841,14545882975625201301,333336,333336,14545882975625201301
62,32,bndmq,first,3,1,8,83334,150,100000000,100000800,64530,143054973,143142957,10998.000,8066.250,1.430538286,143065971.000,1.430648265,14545882975625201301,333336,333336,14545882975625201301
62,32,bndmq,first,4,1,8,83334,150,100000000,100000800,63478,144122866,144208465,10699.875,7934.750,1.441217130,144133565.875,1.441324128,14545882975625201301,333336,333336,14545882975625201301
64,23,hash,first,0,1,12,55556,150,100000000,100000800,44794,181443669,181492190,4043.417,3732.833,1.814422175,181447712.417,1.814462608,7235618553944064260,333336,333336,7235618553944064260
64,23,hash,first,1,1,12,55556,150,100000000,100000800,27712,181746137,181777376,2603.250,2309.333,1.817446830,181748740.250,1.817472863,7235618553944064260,333336,333336,7235618553944064260
64,23,hash,first,2,1,12,55556,150,100000000,100000800,24817,182278197,182306490,2357.750,2068.083,1.822767388,182280554.750,1.822790965,7235618553944064260,333336,333336,7235618553944064260
64,23,hash,first,3,1,12,55556,150,100000000,100000800,25277,179594907,179624342,2452.917,2106.417,1.795934703,179597359.917,1.795959231,7235618553944064260,333336,333336,7235618553944064260
64,23,hash,first,4,1,12,55556,150,100000000,100000800,32681,186567842,186604220,3031.500,2723.417,1.865663495,186570873.500,1.865693809,7235618553944064260,333336,333336,7235618553944064260
64,23,bndmq,first,0,1,12,55556,150,100000000,100000800,222205,112633669,112881902,20686.083,18517.083,1.126327679,112654355.083,1.126534539,7235618553944064260,333336,333336,7235618553944064260
64,23,bndmq,first,1,1,12,55556,150,100000000,100000800,143367,117612798,117782524,14143.833,11947.250,1.176118571,117626941.833,1.176260008,7235618553944064260,333336,333336,7235618553944064260
64,23,bndmq,first,2,1,12,55556,150,100000000,100000800,85249,115828559,115945166,9717.250,7104.083,1.158276324,115838276.250,1.158373496,7235618553944064260,333336,333336,7235618553944064260
64,23,bndmq,first,3,1,12,55556,150,100000000,100000800,83756,115078692,115187234,9045.167,6979.667,1.150777714,115087737.167,1.150868165,7235618553944064260,333336,333336,7235618553944064260
64,23,bndmq,first,4,1,12,55556,150,100000000,100000800,85950,120557118,120668336,9268.167,7162.500,1.205561536,120566386.167,1.205654216,7235618553944064260,333336,333336,7235618553944064260
64,23,aho_corasick,first,0,1,12,55556,150,100000000,100000800,4470390,180957070,185461964,375407.833,372532.500,1.809556224,181332477.833,1.813310272,7235618553944064260,333336,333336,7235618553944064260
64,23,aho_corasick,first,1,1,12,55556,150,100000000,100000800,4077838,185589894,189703068,342764.500,339819.833,1.855884093,185932658.500,1.859311711,7235618553944064260,333336,333336,7235618553944064260
64,23,aho_corasick,first,2,1,12,55556,150,100000000,100000800,4569064,179708115,184315109,383916.167,380755.333,1.797066773,180092031.167,1.800905904,7235618553944064260,333336,333336,7235618553944064260
64,23,aho_corasick,first,3,1,12,55556,150,100000000,100000800,4025961,174032564,178095915,338612.583,335496.750,1.740311718,174371176.583,1.743697816,7235618553944064260,333336,333336,7235618553944064260
64,23,aho_corasick,first,4,1,12,55556,150,100000000,100000800,3872394,173808884,177722075,326099.250,322699.500,1.738074935,174134983.250,1.741335902,7235618553944064260,333336,333336,7235618553944064260
64,27,hash,first,0,1,10,66668,150,100000000,100002000,49983,226295720,226349089,5336.900,4998.300,2.262911942,226301056.900,2.262965310,16826556867229731551,333340,333340,16826556867229731551
64,27,hash,first,1,1,10,66668,150,100000000,100002000,30266,226033948,226067940,3399.200,3026.600,2.260294274,226037347.200,2.260328265,16826556867229731551,333340,333340,16826556867229731551
64,27,hash,first,2,1,10,66668,150,100000000,100002000,24756,228621002,228649054,2805.200,2475.600,2.286164297,228623807.200,2.286192348,16826556867229731551,333340,333340,16826556867229731551
64,27,hash,first,3,1,10,66668,150,100000000,100002000,25808,234058089,234087394,2930.500,2580.800,2.340534079,234061019.500,2.340563384,16826556867229731551,333340,333340,16826556867229731551
64,27,hash,first,4,1,10,66668,150,100000000,100002000,24936,230251093,230279886,2879.300,2493.600,2.302464881,230253972.300,2.302493673,16826556867229731551,333340,333340,16826556867229731551
64,27,aho_corasick,first,0,1,10,66668,150,100000000,100002000,4341289,177161334,181537197,437586.300,434128.900,1.771577908,177598920.300,1.775953684,16826556867229731551,333340,333340,16826556867229731551
64,27,aho_corasick,first,1,1,10,66668,150,100000000,100002000,3981888,174955525,178971046,401552.100,398188.800,1.749520260,175357077.100,1.753535700,16826556867229731551,333340,333340,16826556867229731551
64,27,aho_corasick,first,2,1,10,66668,150,100000000,100002000,4123493,178002110,182155930,415382.000,412349.300,1.779985500,178417492.000,1.784139237,16826556867229731551,333340,333340,16826556867229731551
64,27,aho_corasick,first,3,1,10,66668,150,100000000,100002000,3976800,174920659,178932063,401140.400,397680.000,1.749171607,175321799.400,1.753182930,16826556867229731551,333340,333340,16826556867229731551
64,27,aho_corasick,first,4,1,10,66668,150,100000000,100002000,4008138,178149058,182191870,404281.200,400813.800,1.781454951,178553339.200,1.785497682,16826556867229731551,333340,333340,16826556867229731551
64,27,bndmq,first,0,1,10,66668,150,100000000,100002000,127297,126909594,127116097,20650.300,12729.700,1.269070559,126930244.300,1.269277057,16826556867229731551,333340,333340,16826556867229731551
64,27,bndmq,first,1,1,10,66668,150,100000000,100002000,87994,126318820,126430087,11126.700,8799.400,1.263162937,126329946.700,1.263274202,16826556867229731551,333340,333340,16826556867229731551
64,27,bndmq,first,2,1,10,66668,150,100000000,100002000,76012,139312016,139410580,9856.400,7601.200,1.393092298,139321872.400,1.393190860,16826556867229731551,333340,333340,16826556867229731551
64,27,bndmq,first,3,1,10,66668,150,100000000,100002000,77585,127979458,128089724,11026.600,7758.500,1.279768985,127990484.600,1.279879248,16826556867229731551,333340,333340,16826556867229731551
64,27,bndmq,first,4,1,10,66668,150,100000000,100002000,113642,131295235,131434544,13930.900,11364.200,1.312926091,131309165.900,1.313065398,16826556867229731551,333340,333340,16826556867229731551
64,29,aho_corasick,first,0,1,9,74076,150,100000000,100002600,4161804,178469946,182669702,466639.556,462422.667,1.784653059,178936585.556,1.789319333,2549043575422421221,333342,333342,2549043575422421221
64,29,aho_corasick,first,1,1,9,74076,150,100000000,100002600,4176139,180975928,185192874,468549.556,464015.444,1.809712227,181444477.556,1.814397601,2549043575422421221,333342,333342,2549043575422421221
64,29,aho_corasick,first,2,1,9,74076,150,100000000,100002600,3790692,177567331,181396795,425496.000,421188.000,1.775627144,177992827.000,1.779881993,2549043575422421221,333342,333342,2549043575422421221
64,29,aho_corasick,first,3,1,9,74076,150,100000000,100002600,3848500,182360673,186248717,432004.889,427611.111,1.823559317,182792677.889,1.827879254,2549043575422421221,333342,333342,2549043575422421221
64,29,aho_corasick,first,4,1,9,74076,150,100000000,100002600,3674926,177679877,181394717,412760.000,408325.111,1.776752574,178092637.000,1.780880067,2549043575422421221,333342,333342,2549043575422421221
64,29,bndmq,first,0,1,9,74076,150,100000000,100002600,241260,134631128,134893567,29159.889,26806.667,1.346276277,134660287.889,1.346567868,2549043575422421221,333342,333342,2549043575422421221
64,29,bndmq,first,1,1,9,74076,150,100000000,100002600,118300,132442604,132583337,15637.000,13144.444,1.324391606,132458241.000,1.324547972,2549043575422421221,333342,333342,2549043575422421221
64,29,bndmq,first,2,1,9,74076,150,100000000,100002600,71744,130393895,130488862,10551.889,7971.556,1.303905048,130404446.889,1.304010565,2549043575422421221,333342,333342,2549043575422421221
64,29,bndmq,first,3,1,9,74076,150,100000000,100002600,70852,132189775,132284382,10511.889,7872.444,1.321863382,132200286.889,1.321968498,2549043575422421221,333342,333342,2549043575422421221
64,29,bndmq,first,4,1,9,74076,150,100000000,100002600,71894,133442360,133538078,10635.333,7988.222,1.334388906,133452995.333,1.334495256,2549043575422421221,333342,333342,2549043575422421221
64,29,hash,first,0,1,9,74076,150,100000000,100002600,31399,152383124,152417679,3839.444,3488.778,1.523791621,152386963.444,1.523830015,2549043575422421221,333342,333342,2549043575422421221
64,29,hash,first,1,1,9,74076,150,100000000,100002600,78957,154664473,154746907,9159.333,8773.000,1.546604518,154673632.333,1.546696109,2549043575422421221,333342,333342,2549043575422421221
64,29,hash,first,2,1,9,74076,150,100000000,100002600,22262,151690554,151716293,2859.889,2473.556,1.516866101,151693413.889,1.516894700,2549043575422421221,333342,333342,2549043575422421221
64,29,hash,first,3,1,9,74076,150,100000000,100002600,34053,155301150,155338309,4128.778,3783.667,1.552971123,155305278.778,1.553012409,2549043575422421221,333342,333342,2549043575422421221
64,29,hash,first,4,1,9,74076,150,100000000,100002600,22793,154907544,154933423,2875.444,2532.556,1.549035165,154910419.444,1.549063919,2549043575422421221,333342,333342,2549043575422421221
64,45,bndmq,first,0,1,6,111112,150,100000000,100000800,133138,194338106,194473778,22612.000,22189.667,1.943365513,194360718.000,1.943591631,7578595983660385048,333336,333336,7578595983660385048
64,45,bndmq,first,1,1,6,111112,150,100000000,100000800,64430,197490557,197576788,14371.833,10738.333,1.974889771,197504928.833,1.975033488,7578595983660385048,333336,333336,7578595983660385048
64,45,bndmq,first,2,1,6,111112,150,100000000,100000800,57267,187987868,188066114,13041.000,9544.500,1.879863641,188000909.000,1.879994050,7578595983660385048,333336,333336,7578595983660385048
64,45,bndmq,first,3,1,6,111112,150,100000000,100000800,53841,188543284,188617233,12324.833,8973.500,1.885417757,188555608.833,1.885541004,7578595983660385048,333336,333336,7578595983660385048
64,45,bndmq,first,4,1,6,111112,150,100000000,100000800,61866,199266941,199347461,13420.000,10311.000,1.992653469,199280361.000,1.992787668,7578595983660385048,333336,333336,7578595983660385048
64,45,aho_corasick,first,0,1,6,111112,150,100000000,100000800,3990274,179803646,183846859,673868.833,665045.667,1.798022076,180477514.833,1.804760710,7578595983660385048,333336,333336,7578595983660385048
64,45,aho_corasick,first,1,1,6,111112,150,100000000,100000800,4885564,195826794,200766468,823279.000,814260.667,1.958252274,196650073.000,1.966484998,7578595983660385048,333336,333336,7578595983660385048
64,45,aho_corasick,first,2,1,6,111112,150,100000000,100000800,5174944,186387133,191606610,869912.833,862490.667,1.863856419,187257045.833,1.872555478,7578595983660385048,333336,333336,7578595983660385048
64,45,aho_corasick,first,3,1,6,111112,150,100000000,100000800,3915764,191440311,195404615,660717.333,652627.333,1.914387795,192101028.333,1.920994915,7578595983660385048,333336,333336,7578595983660385048
64,45,aho_corasick,first,4,1,6,111112,150,100000000,100000800,4527447,184558410,189140649,763706.500,754574.500,1.845569335,185322116.500,1.853206339,7578595983660385048,333336,333336,7578595983660385048
64,45,hash,first,0,1,6,111112,150,100000000,100000800,27481,180362348,180392715,5061.167,4580.167,1.803609051,180367409.167,1.803659662,7578595983660385048,333336,333336,7578595983660385048
64,45,hash,first,1,1,6,111112,150,100000000,100000800,27210,172096770,172127517,5124.500,4535.000,1.720953932,172101894.500,1.721005177,7578595983660385048,333336,333336,7578595983660385048
64,45,hash,first,2,1,6,111112,150,100000000,100000800,27041,172436427,172467155,5121.333,4506.833,1.724350475,172441548.333,1.724401688,7578595983660385048,333336,333336,7578595983660385048
64,45,hash,first,3,1,6,111112,150,100000000,100000800,22422,173684105,173709613,4251.333,3737.000,1.736827155,173688356.333,1.736869668,7578595983660385048,333336,333336,7578595983660385048
64,45,hash,first,4,1,6,111112,150,100000000,100000800,23554,171124842,171151642,4466.667,3925.667,1.711234730,171129308.667,1.711279396,7578595983660385048,333336,333336,7578595983660385048
65,1,hash,first,0,1,64,10418,150,100000000,100012800,30637,129479132,129514067,545.859,478.703,1.294625608,129479677.859,1.294631066,10100110153867304471,333376,333376,10100110153867304471
65,1,hash,first,1,1,64,10418,150,100000000,100012800,23804,133080242,133107312,422.969,371.938,1.330632099,133080664.969,1.330636328,10100110153867304471,333376,333376,10100110153867304471
65,1,hash,first,2,1,64,10418,150,100000000,100012800,17482,131395375,131417116,339.703,273.156,1.313785585,131395714.703,1.313788982,10100110153867304471,333376,333376,10100110153867304471
65,1,hash,first,3,1,64,10418,150,100000000,100012800,16571,136221032,136240619,306.047,258.922,1.362035979,136221338.047,1.362039039,10100110153867304471,333376,333376,10100110153867304471
65,1,hash,first,4,1,64,10418,150,100000000,100012800,15820,135919939,135939556,306.516,247.188,1.359025435,135920245.516,1.359028500,10100110153867304471,333376,333376,10100110153867304471
65,1,aho_corasick,first,0,1,64,10418,150,100000000,100012800,1441359,51637492,53106543,22953.922,22521.234,0.516308832,51660445.922,0.516538342,10100110153867304471,333376,333376,10100110153867304471
65,1,aho_corasick,first,1,1,64,10418,150,100000000,100012800,1561914,49787909,51378266,24849.328,24404.906,0.497815370,49812758.328,0.498063831,10100110153867304471,333376,333376,10100110153867304471
65,1,aho_corasick,first,2,1,64,10418,150,100000000,100012800,1412876,51253533,52695583,22532.031,22076.188,0.512469734,51276065.031,0.512695025,10100110153867304471,333376,333376,10100110153867304471
65,1,aho_corasick,first,3,1,64,10418,150,100000000,100012800,1365156,50701454,52110273,22012.797,21330.562,0.506949650,50723466.797,0.507169750,10100110153867304471,333376,333376,10100110153867304471
65,1,aho_corasick,first,4,1,64,10418,150,100000000,100012800,1352013,48829533,50209037,21554.750,21125.203,0.488232836,48851087.750,0.488448356,10100110153867304471,333376,333376,10100110153867304471
65,16,hash,first,0,1,16,41668,150,100000000,100003200,32480,155104894,155142153,2328.688,2030.000,1.550999308,155107222.688,1.551022594,8485451749250642310,333344,333344,8485451749250642310
65,16,hash,first,1,1,16,41668,150,100000000,100003200,31258,159219420,159255267,2240.438,1953.625,1.592143251,159221660.438,1.592165655,8485451749250642310,333344,333344,8485451749250642310
65,16,hash,first,2,1,16,41668,150,100000000,100003200,23574,160311087,160339280,1762.062,1473.375,1.603059572,160312849.062,1.603077192,8485451749250642310,333344,333344,8485451749250642310
65,16,hash,first,3,1,16,41668,150,100000000,100003200,23513,165364545,165393378,1802.062,1469.562,1.653592535,165366347.062,1.653610555,8485451749250642310,333344,333344,8485451749250642310
65,16,hash,first,4,1,16,41668,150,100000000,100003200,35046,161002433,161041777,2459.000,2190.375,1.609972811,161004892.000,1.609997400,8485451749250642310,333344,333344,8485451749250642310
65,16,aho_corasick,first,0,1,16,41668,150,100000000,100003200,4009309,190282597,194322864,252516.688,250581.812,1.902765082,190535113.688,1.905290168,8485451749250642310,333344,333344,8485451749250642310
65,16,aho_corasick,first,1,1,16,41668,150,100000000,100003200,4282763,185836049,190154269,269888.750,267672.688,1.858301024,186105937.750,1.860999826,8485451749250642310,333344,333344,8485451749250642310
65,16,aho_corasick,first,2,1,16,41668,150,100000000,100003200,3704531,191651511,195400174,234291.438,231533.188,1.916453783,191885802.438,1.918796623,8485451749250642310,333344,333344,8485451749250642310
65,16,aho_corasick,first,3,1,16,41668,150,100000000,100003200,3745782,191789149,195584303,237197.125,234111.375,1.917830119,192026346.125,1.920202015,8485451749250642310,333344,333344,8485451749250642310
65,16,aho_corasick,first,4,1,16,41668,150,100000000,100003200,3765415,193929958,197740937,238186.188,235338.438,1.939237524,194168144.188,1.941619310,8485451749250642310,333344,333344,8485451749250642310
65,2,hash,first,0,1,64,10418,150,100000000,100012800,31549,131509003,131545160,564.953,492.953,1.314921720,131509567.953,1.314927369,10100110153867304471,333376,333376,10100110153867304471
65,2,hash,first,1,1,64,10418,150,100000000,100012800,28754,135469730,135502461,511.422,449.281,1.354523921,135470241.422,1.354529035,10100110153867304471,333376,333376,10100110153867304471
65,2,hash,first,2,1,64,10418,150,100000000,100012800,23154,136995178,137022920,433.469,361.781,1.369776449,136995611.469,1.369780783,10100110153867304471,333376,333376,10100110153867304471
65,2,hash,first,3,1,64,10418,150,100000000,100012800,23194,130876493,130904946,444.578,362.406,1.308597430,130876937.578,1.308601875,10100110153867304471,333376,333376,10100110153867304471
65,2,hash,first,4,1,64,10418,150,100000000,100012800,29245,132119846,132153289,522.547,456.953,1.321029368,132120368.547,1.321034593,10100110153867304471,333376,333376,10100110153867304471
65,2,aho_corasick,first,0,1,64,10418,150,100000000,100012800,2381773,416130922,418571485,38133.797,37215.203,4.160776641,416169055.797,4.161157930,10100110153867304471,333376,333376,10100110153867304471
65,2,aho_corasick,first,1,1,64,10418,150,100000000,100012800,2245981,409241931,411541512,35930.953,35093.453,4.091895547,409277861.953,4.092254811,10100110153867304471,333376,333376,10100110153867304471
65,2,aho_corasick,first,2,1,64,10418,150,100000000,100012800,2226193,411155305,413438084,35668.422,34784.266,4.111026839,411190973.422,4.111383477,10100110153867304471,333376,333376,10100110153867304471
65,2,aho_corasick,first,3,1,64,10418,150,100000000,100012800,2324467,409381512,411760861,37177.328,36319.797,4.093291179,409418689.328,4.093662904,10100110153867304471,333376,333376,10100110153867304471
65,2,aho_corasick,first,4,1,64,10418,150,100000000,100012800,2203481,419566363,421822562,35253.109,34429.391,4.195126654,419601616.109,4.195479140,10100110153867304471,333376,333376,10100110153867304471
65,32,aho_corasick,first,0,1,8,83334,150,100000000,100000800,5439518,191469133,196922306,681646.625,679939.750,1.914676013,192150779.625,1.921492424,14545882975625201301,333336,333336,14545882975625201301
65,32,aho_corasick,first,1,1,8,83334,150,100000000,100000800,3947956,196774433,200750291,496982.250,493494.500,1.967728588,197271415.250,1.972698371,14545882975625201301,333336,333336,14545882975625201301
65,32,aho_corasick,first,2,1,8,83334,150,100000000,100000800,5468803,201931523,207465588,691758.125,683600.375,2.019299076,202623281.125,2.026216602,14545882975625201301,333336,333336,14545882975625201301
65,32,aho_corasick,first,3,1,8,83334,150,100000000,100000800,4126769,198208127,202378467,521292.500,515846.125,1.982065413,198729419.500,1.987278297,14545882975625201301,333336,333336,14545882975625201301
65,32,aho_corasick,first,4,1,8,83334,150,100000000,100000800,3850775,192343004,196238172,486896.000,481346.875,1.923414653,192829900.000,1.928283574,14545882975625201301,333336,333336,14545882975625201301
65,32,hash,first,0,1,8,83334,150,100000000,100000800,32250,157887818,157923134,4414.500,4031.250,1.578865549,157892232.500,1.578909694,14545882975625201301,333336,333336,14545882975625201301
65,32,hash,first,1,1,8,83334,150,100000000,100000800,31309,157733117,157768964,4480.875,3913.625,1.577318551,157737597.875,1.577363360,14545882975625201301,333336,333336,14545882975625201301
65,32,hash,first,2,1,8,83334,150,100000000,100000800,22833,160092018,160119260,3405.250,2854.125,1.600907373,160095423.250,1.600941425,14545882975625201301,333336,333336,14545882975625201301
65,32,hash,first,3,1,8,83334,150,100000000,100000800,22132,162304405,162330204,3224.875,2766.500,1.623031066,162307629.875,1.623063314,14545882975625201301,333336,333336,14545882975625201301
65,32,hash,first,4,1,8,83334,150,100000000,100000800,30867,162081105,162115859,4344.250,3858.375,1.620798084,162085449.250,1.620841526,14545882975625201301,333336,333336,14545882975625201301
65,4,hash,first,0,1,64,10418,150,100000000,100012800,50184,141740910,141796243,864.578,784.125,1.417227695,141741774.578,1.417236340,10100110153867304471,333376,333376,10100110153867304471
65,4,hash,first,1,1,64,10418,150,100000000,100012800,42940,139763573,139811692,751.859,670.938,1.397456856,139764324.859,1.397464373,10100110153867304471,333376,333376,10100110153867304471
65,4,hash,first,2,1,64,10418,150,100000000,100012800,34404,141150703,141189495,606.125,537.562,1.411326380,141151309.125,1.411332441,10100110153867304471,333376,333376,10100110153867304471
65,4,hash,first,3,1,64,10418,150,100000000,100012800,32571,143726747,143764508,590.016,508.922,1.437083523,143727337.016,1.437089423,10100110153867304471,333376,333376,10100110153867304471
65,4,hash,first,4,1,64,10418,150,100000000,100012800,32491,145817755,145853843,563.875,507.672,1.457990927,145818318.875,1.457996565,10100110153867304471,333376,333376,10100110153867304471
65,4,aho_corasick,first,0,1,64,10418,150,100000000,100012800,4191650,175605822,179862202,66505.938,65494.531,1.755833473,175672327.938,1.756498448,10100110153867304471,333376,333376,10100110153867304471
65,4,aho_corasick,first,1,1,64,10418,150,100000000,100012800,4378331,177467465,181903304,69309.984,68411.422,1.774447521,177536774.984,1.775140532,10100110153867304471,333376,333376,10100110153867304471
65,4,aho_corasick,first,2,1,64,10418,150,100000000,100012800,4292418,177555636,181902546,67920.469,67069.031,1.775329118,177623556.469,1.776008236,10100110153867304471,333376,333376,10100110153867304471
65,4,aho_corasick,first,3,1,64,10418,150,100000000,100012800,4067879,178276051,182394344,64348.328,63560.609,1.782532346,178340399.328,1.783175747,10100110153867304471,333376,333376,10100110153867304471
65,4,aho_corasick,first,4,1,64,10418,150,100000000,100012800,4961627,180972874,185993251,78443.391,77525.422,1.809497124,181051317.391,1.810281458,10100110153867304471,333376,333376,10100110153867304471
65,8,hash,first,0,1,32,20834,150,100000000,100003200,44052,161092256,161142329,1564.781,1376.625,1.610871012,161093820.781,1.610886659,10007957261559824023,333344,333344,10007957261559824023
65,8,hash,first,1,1,32,20834,150,100000000,100003200,36578,163759185,163800933,1304.625,1143.062,1.637539449,163760489.625,1.637552495,10007957261559824023,333344,333344,10007957261559824023
65,8,hash,first,2,1,32,20834,150,100000000,100003200,30627,162517543,162553962,1138.094,957.094,1.625123426,162518681.094,1.625134807,10007957261559824023,333344,333344,10007957261559824023
65,8,hash,first,3,1,32,20834,150,100000000,100003200,26510,159754929,159787260,1010.344,828.438,1.597498170,159755939.344,1.597508273,10007957261559824023,333344,333344,10007957261559824023
65,8,hash,first,4,1,32,20834,150,100000000,100003200,31518,162321490,162359641,1192.219,984.938,1.623162959,162322682.219,1.623174881,10007957261559824023,333344,333344,10007957261559824023
65,8,aho_corasick,first,0,1,32,20834,150,100000000,100003200,4434493,183202053,187684766,140084.781,138577.906,1.831961907,183342137.781,1.833362710,10007957261559824023,333344,333344,10007957261559824023
65,8,aho_corasick,first,1,1,32,20834,150,100000000,100003200,4268687,177942549,182249970,134606.906,133396.469,1.779368550,178077155.906,1.780714576,10007957261559824023,333344,333344,10007957261559824023
65,8,aho_corasick,first,2,1,32,20834,150,100000000,100003200,3928628,185337325,189311888,124205.094,122769.625,1.853313944,185461530.094,1.854555955,10007957261559824023,333344,333344,10007957261559824023
65,8,aho_corasick,first,3,1,32,20834,150,100000000,100003200,3737893,176084845,179871920,118346.094,116809.156,1.760792105,176203191.094,1.761975528,10007957261559824023,333344,333344,10007957261559824023
65,8,aho_corasick,first,4,1,32,20834,150,100000000,100003200,4002206,203042378,207094748,126636.562,125068.938,2.030358809,203169014.562,2.031625134,10007957261559824023,333344,333344,10007957261559824023
7,1000,aho_corasick,first,0,1,1,666668,150,100000000,100000200,1051882,57023645,58108258,1084613.000,1051882.000,0.570235310,58108258.000,0.581081418,6200294619225726361,666622,666622,6200294619225726361
7,1000,aho_corasick,first,1,1,1,666668,150,100000000,100000200,1225576,58151480,59384470,1232990.000,1225576.000,0.581513637,59384470.000,0.593843512,6200294619225726361,666622,666622,6200294619225726361
7,1000,aho_corasick,first,2,1,1,666668,150,100000000,100000200,995648,57500074,58503426,1003352.000,995648.000,0.574999590,58503426.000,0.585033090,6200294619225726361,666622,666622,6200294619225726361
7,1000,aho_corasick,first,3,1,1,666668,150,100000000,100000200,992151,57105868,58105433,999565.000,992151.000,0.571057538,58105433.000,0.581053168,6200294619225726361,666622,666622,6200294619225726361
7,1000,aho_corasick,first,4,1,1,666668,150,100000000,100000200,986160,60892273,61885446,993173.000,986160.000,0.608921512,61885446.000,0.618853222,6200294619225726361,666622,666622,6200294619225726361
7,1000,hash,first,0,1,1,666668,150,100000000,100000200,26079,52623408,52652252,28844.000,26079.000,0.526233028,52652252.000,0.526521467,6200294619225726361,666622,666622,6200294619225726361
7,1000,hash,first,1,1,1,666668,150,100000000,100000200,29095,51186845,51218675,31830.000,29095.000,0.511867426,51218675.000,0.512185726,6200294619225726361,666622,666622,6200294619225726361
7,1000,hash,first,2,1,1,666668,150,100000000,100000200,12493,51357012,51372701,15689.000,12493.000,0.513569093,51372701.000,0.513725983,6200294619225726361,666622,666622,6200294619225726361
7,1000,hash,first,3,1,1,666668,150,100000000,100000200,12864,51184373,51200213,15840.000,12864.000,0.511842706,51200213.000,0.512001106,6200294619225726361,666622,666622,6200294619225726361
7,1000,hash,first,4,1,1,666668,150,100000000,100000200,13155,51761035,51777206,16171.000,13155.000,0.517609315,51777206.000,0.517771024,6200294619225726361,666622,666622,6200294619225726361
7,256,aho_corasick,first,0,1,1,666668,150,100000000,100000200,329645,94661456,95009535,348079.000,329645.000,0.946612667,95009535.000,0.950093450,3743847210309323338,632028,632028,3743847210309323338
7,256,aho_corasick,first,1,1,1,666668,150,100000000,100000200,349332,97624356,97978587,354231.000,349332.000,0.976241608,97978587.000,0.979783910,3743847210309323338,632028,632028,3743847210309323338
7,256,aho_corasick,first,2,1,1,666668,150,100000000,100000200,310149,98329579,98643024,313445.000,310149.000,0.983293823,98643024.000,0.986428267,3743847210309323338,632028,632028,3743847210309323338
7,256,aho_corasick,first,3,1,1,666668,150,100000000,100000200,306632,98760759,99070317,309558.000,306632.000,0.987605615,99070317.000,0.990701189,3743847210309323338,632028,632028,3743847210309323338
7,256,aho_corasick,first,4,1,1,666668,150,100000000,100000200,315929,95739040,96072421,333381.000,315929.000,0.957388485,96072421.000,0.960722289,3743847210309323338,632028,632028,3743847210309323338
7,256,hash,first,0,1,1,666668,150,100000000,100000200,9768,110823265,110835157,11892.000,9768.000,1.108230434,110835157.000,1.108349353,3743847210309323338,632028,632028,3743847210309323338
7,256,hash,first,1,1,1,666668,150,100000000,100000200,11201,109248234,109261429,13195.000,11201.000,1.092480155,109261429.000,1.092612105,3743847210309323338,632028,632028,3743847210309323338
7,256,hash,first,2,1,1,666668,150,100000000,100000200,4419,104516222,104522635,6413.000,4419.000,1.045160130,104522635.000,1.045224260,3743847210309323338,632028,632028,3743847210309323338
7,256,hash,first,3,1,1,666668,150,100000000,100000200,4688,110911570,110918162,6592.000,4688.000,1.109113482,110918162.000,1.109179402,3743847210309323338,632028,632028,3743847210309323338
7,256,hash,first,4,1,1,666668,150,100000000,100000200,4669,110700463,110707326,6863.000,4669.000,1.107002416,110707326.000,1.107071046,3743847210309323338,632028,632028,3743847210309323338
7,360,hash,first,0,1,1,666668,150,100000000,100000200,25016,129037244,129064524,27280.000,25016.000,1.290369859,129064524.000,1.290642659,17125226817882130371,653160,653160,17125226817882130371
7,360,hash,first,1,1,1,666668,150,100000000,100000200,14127,127727501,127743702,16201.000,14127.000,1.277272455,127743702.000,1.277434465,17125226817882130371,653160,653160,17125226817882130371
7,360,hash,first,2,1,1,666668,150,100000000,100000200,6943,129897834,129907311,9477.000,6943.000,1.298975742,129907311.000,1.299070512,17125226817882130371,653160,653160,17125226817882130371
7,360,hash,first,3,1,1,666668,150,100000000,100000200,7684,127364552,127374520,9968.000,7684.000,1.273642973,127374520.000,1.273742653,17125226817882130371,653160,653160,17125226817882130371
7,360,hash,first,4,1,1,666668,150,100000000,100000200,6612,131536624,131545622,8998.000,6612.000,1.315363609,131545622.000,1.315453589,17125226817882130371,653160,653160,17125226817882130371
7,360,aho_corasick,first,0,1,1,666668,150,100000000,100000200,607493,88722469,89348196,625727.000,607493.000,0.887222916,89348196.000,0.893480173,17125226817882130371,653160,653160,17125226817882130371
7,360,aho_corasick,first,1,1,1,666668,150,100000000,100000200,403212,86702913,87109962,407049.000,403212.000,0.867027396,87109962.000,0.871097878,17125226817882130371,653160,653160,17125226817882130371
7,360,aho_corasick,first,2,1,1,666668,150,100000000,100000200,508699,87641512,88169106,527594.000,508699.000,0.876413367,88169106.000,0.881689297,17125226817882130371,653160,653160,17125226817882130371
7,360,aho_corasick,first,3,1,1,666668,150,100000000,100000200,461331,85798958,86264417,465459.000,461331.000,0.857987864,86264417.000,0.862642445,17125226817882130371,653160,653160,17125226817882130371
7,360,aho_corasick,first,4,1,1,666668,150,100000000,100000200,420514,87588303,88012905,424602.000,420514.000,0.875881278,88012905.000,0.880127290,17125226817882130371,653160,653160,17125226817882130371
7,4,aho_corasick,first,0,1,64,10418,150,100000000,100012800,1018139,155941009,156988293,16363.812,15908.422,1.559210511,155957372.812,1.559374128,5143689193418643829,345087,345087,5143689193418643829
7,4,aho_corasick,first,1,1,64,10418,150,100000000,100012800,986661,156434014,157441323,15739.203,15416.578,1.564139930,156449753.203,1.564297302,5143689193418643829,345087,345087,5143689193418643829
7,4,aho_corasick,first,2,1,64,10418,150,100000000,100012800,1522380,159668337,161212699,24130.656,23787.188,1.596479021,159692467.656,1.596720296,5143689193418643829,345087,345087,5143689193418643829
7,4,aho_corasick,first,3,1,64,10418,150,100000000,100012800,991139,149258331,150276731,15912.500,15486.547,1.492392284,149274243.500,1.492551388,5143689193418643829,345087,345087,5143689193418643829
7,4,aho_corasick,first,4,1,64,10418,150,100000000,100012800,966203,151729719,152727461,15589.719,15096.922,1.517103001,151745308.719,1.517258878,5143689193418643829,345087,345087,5143689193418643829
7,4,hash,first,0,1,64,10418,150,100000000,100012800,26580,155938401,155970471,501.094,415.312,1.559184434,155938902.094,1.559189445,5143689193418643829,345087,345087,5143689193418643829
7,4,hash,first,1,1,64,10418,150,100000000,100012800,27632,159078716,159110415,495.297,431.750,1.590583565,159079211.297,1.590588518,5143689193418643829,345087,345087,5143689193418643829
7,4,hash,first,2,1,64,10418,150,100000000,100012800,17953,161686814,161709646,356.750,280.516,1.616661207,161687170.750,1.616664774,5143689193418643829,345087,345087,5143689193418643829
7,4,hash,first,3,1,64,10418,150,100000000,100012800,26199,155042173,155073061,482.625,409.359,1.550223301,155042655.625,1.550228127,5143689193418643829,345087,345087,5143689193418643829
7,4,hash,first,4,1,64,10418,150,100000000,100012800,18755,160079485,160103159,369.906,293.047,1.600589974,160079854.906,1.600593673,5143689193418643829,345087,345087,5143689193418643829
7,4,bndmq,first,0,1,64,10418,150,100000000,100012800,146704,187390077,187569792,2808.047,2292.250,1.873660941,187392885.047,1.873689018,5143689193418643829,345087,345087,5143689193418643829
7,4,bndmq,first,1,1,64,10418,150,100000000,100012800,185226,180616820,180830920,3345.312,2894.156,1.805937040,180620165.312,1.805970489,5143689193418643829,345087,345087,5143689193418643829
7,4,bndmq,first,2,1,64,10418,150,100000000,100012800,116578,182411234,182556445,2268.922,1821.531,1.823878884,182413502.922,1.823901570,5143689193418643829,345087,345087,5143689193418643829
7,4,bndmq,first,3,1,64,10418,150,100000000,100012800,114193,183325651,183471243,2274.875,1784.266,1.833021883,183327925.875,1.833044629,5143689193418643829,345087,345087,5143689193418643829
7,4,bndmq,first,4,1,64,10418,150,100000000,100012800,113942,184115159,184260760,2275.016,1780.344,1.840915953,184117434.016,1.840938700,5143689193418643829,345087,345087,5143689193418643829
7,506,aho_corasick,first,0,1,1,666668,150,100000000,100000200,632420,81254773,81892222,637449.000,632420.000,0.812546105,81892222.000,0.818920582,3896301049551553940,662948,662948,3896301049551553940
7,506,aho_corasick,first,1,1,1,666668,150,100000000,100000200,822495,84884174,85728379,844205.000,822495.000,0.848840042,85728379.000,0.857282075,3896301049551553940,662948,662948,3896301049551553940
7,506,aho_corasick,first,2,1,1,666668,150,100000000,100000200,534617,85465662,86007012,541350.000,534617.000,0.854654911,86007012.000,0.860068400,3896301049551553940,662948,662948,3896301049551553940
7,506,aho_corasick,first,3,1,1,666668,150,100000000,100000200,580683,85651222,86237816,586594.000,580683.000,0.856510507,86237816.000,0.862376435,3896301049551553940,662948,662948,3896301049551553940
7,506,aho_corasick,first,4,1,1,666668,150,100000000,100000200,642549,89258278,89906828,648550.000,642549.000,0.892580995,89906828.000,0.899066482,3896301049551553940,662948,662948,3896301049551553940
7,506,hash,first,0,1,1,666668,150,100000000,100000200,18755,85344332,85365762,21430.000,18755.000,0.853441613,85365762.000,0.853655913,3896301049551553940,662948,662948,3896301049551553940
7,506,hash,first,1,1,1,666668,150,100000000,100000200,52368,83950702,84005434,54732.000,52368.000,0.839505341,84005434.000,0.840052660,3896301049551553940,662948,662948,3896301049551553940
7,506,hash,first,2,1,1,666668,150,100000000,100000200,8456,81802468,81813268,10800.000,8456.000,0.818023044,81813268.000,0.818131044,3896301049551553940,662948,662948,3896301049551553940
7,506,hash,first,3,1,1,666668,150,100000000,100000200,8606,78832484,78843846,11362.000,8606.000,0.788323263,78843846.000,0.788436883,3896301049551553940,662948,662948,3896301049551553940
7,506,hash,first,4,1,1,666668,150,100000000,100000200,8416,77001670,77013072,11402.000,8416.000,0.770015160,77013072.000,0.770129180,3896301049551553940,662948,662948,3896301049551553940
8,181,aho_corasick,first,0,1,2,333334,150,100000000,100000200,592556,150941103,151539550,299223.500,296278.000,1.509408011,151240326.500,1.512400240,13444179252567375367,442004,442004,13444179252567375367
8,181,aho_corasick,first,1,1,2,333334,150,100000000,100000200,554956,152655819,153233066,288623.500,277478.000,1.526555137,152944442.500,1.529441366,13444179252567375367,442004,442004,13444179252567375367
8,181,aho_corasick,first,2,1,2,333334,150,100000000,100000200,526913,148864052,149398599,267273.500,263456.500,1.488637543,149131325.500,1.491310272,13444179252567375367,442004,442004,13444179252567375367
8,181,aho_corasick,first,3,1,2,333334,150,100000000,100000200,529127,148063463,148600394,268465.500,264563.500,1.480631669,148331928.500,1.483316318,13444179252567375367,442004,442004,13444179252567375367
8,181,aho_corasick,first,4,1,2,333334,150,100000000,100000200,525350,149173148,149705842,266347.000,262675.000,1.491728497,149439495.000,1.494391961,13444179252567375367,442004,442004,13444179252567375367
8,181,hash,first,0,1,2,333334,150,100000000,100000200,10700,226725408,226738743,6667.500,5350.000,2.267249546,226732075.500,2.267316220,13444179252567375367,442004,442004,13444179252567375367
8,181,hash,first,1,1,2,333334,150,100000000,100000200,11501,215157961,215172558,7298.500,5750.500,2.151575307,215165259.500,2.151648292,13444179252567375367,442004,442004,13444179252567375367
8,181,hash,first,2,1,2,333334,150,100000000,100000200,6762,221211587,221221084,4748.500,3381.000,2.212111446,221216335.500,2.212158931,13444179252567375367,442004,442004,13444179252567375367
8,181,hash,first,3,1,2,333334,150,100000000,100000200,6883,225313405,225322933,4764.000,3441.500,2.253129544,225318169.000,2.253177184,13444179252567375367,442004,442004,13444179252567375367
8,181,hash,first,4,1,2,333334,150,100000000,100000200,6903,226900268,226909675,4703.500,3451.500,2.268998142,226904971.500,2.269045177,13444179252567375367,442004,442004,13444179252567375367
8,360,aho_corasick,first,0,1,1,666668,150,100000000,100000200,532513,156562127,157122992,560865.000,532513.000,1.565618139,157122992.000,1.571226778,17344180770939176742,515144,515144,17344180770939176742
8,360,aho_corasick,first,1,1,1,666668,150,100000000,100000200,497739,148614136,149131201,517065.000,497739.000,1.486138388,149131201.000,1.491309027,17344180770939176742,515144,515144,17344180770939176742
8,360,aho_corasick,first,2,1,1,666668,150,100000000,100000200,497168,151187308,151698833,511525.000,497168.000,1.511870056,151698833.000,1.516985296,17344180770939176742,515144,515144,17344180770939176742
8,360,aho_corasick,first,3,1,1,666668,150,100000000,100000200,493060,154655709,155152637,496928.000,493060.000,1.546553997,155152637.000,1.551523267,17344180770939176742,515144,515144,17344180770939176742
8,360,aho_corasick,first,4,1,1,666668,150,100000000,100000200,871105,155311340,156200038,888698.000,871105.000,1.553110294,156200038.000,1.561997256,17344180770939176742,515144,515144,17344180770939176742
8,360,hash,first,0,1,1,666668,150,100000000,100000200,10039,204957774,204969987,12213.000,10039.000,2.049573641,204969987.000,2.049695771,17344180770939176742,515144,515144,17344180770939176742
8,360,hash,first,1,1,1,666668,150,100000000,100000200,13145,200079732,200094991,15259.000,13145.000,2.000793318,200094991.000,2.000945908,17344180770939176742,515144,515144,17344180770939176742
8,360,hash,first,2,1,1,666668,150,100000000,100000200,6332,206740664,206749551,8887.000,6332.000,2.067402505,206749551.000,2.067491375,17344180770939176742,515144,515144,17344180770939176742
8,360,hash,first,3,1,1,666668,150,100000000,100000200,6802,199968870,199978087,9217.000,6802.000,1.999684701,199978087.000,1.999776870,17344180770939176742,515144,515144,17344180770939176742
8,360,hash,first,4,1,1,666668,150,100000000,100000200,6713,206872065,206880712,8647.000,6713.000,2.068716513,206880712.000,2.068802982,17344180770939176742,515144,515144,17344180770939176742
8,427,aho_corasick,first,0,1,1,666668,150,100000000,100000200,653109,151719874,152380107,660233.000,653109.000,1.517195706,152380107.000,1.523798022,18086625249199792291,536436,536436,18086625249199792291
8,427,aho_corasick,first,1,1,1,666668,150,100000000,100000200,618093,155158061,155790883,632822.000,618093.000,1.551577507,155790883.000,1.557905714,18086625249199792291,536436,536436,18086625249199792291
8,427,aho_corasick,first,2,1,1,666668,150,100000000,100000200,655052,155020868,155680708,659840.000,655052.000,1.550205580,155680708.000,1.556803966,18086625249199792291,536436,536436,18086625249199792291
8,427,aho_corasick,first,3,1,1,666668,150,100000000,100000200,554194,156025882,156586708,560826.000,554194.000,1.560255699,156586708.000,1.565863948,18086625249199792291,536436,536436,18086625249199792291
8,427,aho_corasick,first,4,1,1,666668,150,100000000,100000200,887526,159105428,159998123,892695.000,887526.000,1.591051098,159998123.000,1.599978030,18086625249199792291,536436,536436,18086625249199792291
8,427,hash,first,0,1,1,666668,150,100000000,100000200,23514,428757788,428783336,25548.000,23514.000,4.287569305,428783336.000,4.287824784,18086625249199792291,536436,536436,18086625249199792291
8,427,hash,first,1,1,1,666668,150,100000000,100000200,14818,420554215,420571277,17062.000,14818.000,4.205533739,420571277.000,4.205704359,18086625249199792291,536436,536436,18086625249199792291
8,427,hash,first,2,1,1,666668,150,100000000,100000200,8065,420499764,420509893,10129.000,8065.000,4.204989230,420509893.000,4.205090520,18086625249199792291,536436,536436,18086625249199792291
8,427,hash,first,3,1,1,666668,150,100000000,100000200,7534,415574475,415584103,9628.000,7534.000,4.155736439,415584103.000,4.155832718,18086625249199792291,536436,536436,18086625249199792291
8,427,hash,first,4,1,1,666668,150,100000000,100000200,7694,412227321,412237059,9738.000,7694.000,4.122264965,412237059.000,4.122362345,18086625249199792291,536436,536436,18086625249199792291
8,5,hash,first,0,1,52,12822,150,100000000,100011600,28182,157670595,157702624,615.942,541.962,1.576523073,157671210.942,1.576529232,9349888360354700439,336942,336942,9349888360354700439
8,5,hash,first,1,1,52,12822,150,100000000,100011600,24225,156764496,156793460,557.000,465.865,1.567463134,156765053.000,1.567468704,9349888360354700439,336942,336942,9349888360354700439
8,5,hash,first,2,1,52,12822,150,100000000,100011600,20799,163422424,163448323,498.058,399.981,1.634034692,163422922.058,1.634039672,9349888360354700439,336942,336942,9349888360354700439
8,5,hash,first,3,1,52,12822,150,100000000,100011600,18955,168762025,168789315,524.808,364.519,1.687424509,168762549.808,1.687429756,9349888360354700439,336942,336942,9349888360354700439
8,5,hash,first,4,1,52,12822,150,100000000,100011600,25267,162209831,162241029,599.962,485.904,1.621910168,162210430.962,1.621916167,9349888360354700439,336942,336942,9349888360354700439
8,5,bndmq,first,0,1,52,12822,150,100000000,100011600,134652,188134537,188299866,3179.404,2589.462,1.881127159,188137716.404,1.881158950,9349888360354700439,336942,336942,9349888360354700439
8,5,bndmq,first,1,1,52,12822,150,100000000,100011600,187079,189365444,189582959,4182.981,3597.673,1.893434802,189369626.981,1.893476627,9349888360354700439,336942,336942,9349888360354700439
8,5,bndmq,first,2,1,52,12822,150,100000000,100011600,110787,184424455,184564697,2696.962,2130.519,1.844030642,184427151.962,1.844057609,9349888360354700439,336942,336942,9349888360354700439
8,5,bndmq,first,3,1,52,12822,150,100000000,100011600,111649,187372006,187514071,2732.019,2147.096,1.873502734,187374738.019,1.873530051,9349888360354700439,336942,336942,9349888360354700439
8,5,bndmq,first,4,1,52,12822,150,100000000,100011600,111788,192160025,192302250,2735.096,2149.769,1.921377370,192162760.096,1.921404718,9349888360354700439,336942,336942,9349888360354700439
8,5,aho_corasick,first,0,1,52,12822,150,100000000,100011600,1334069,151801647,153157326,26070.750,25655.173,1.517840401,151827717.750,1.518101078,9349888360354700439,336942,336942,9349888360354700439
8,5,aho_corasick,first,1,1,52,12822,150,100000000,100011600,944682,151649509,152613798,18544.019,18166.962,1.516319197,151668053.019,1.516504616,9349888360354700439,336942,336942,9349888360354700439
8,5,aho_corasick,first,2,1,52,12822,150,100000000,100011600,953158,150781644,151759268,18800.462,18329.962,1.507641554,150800444.462,1.507829536,9349888360354700439,336942,336942,9349888360354700439
8,5,aho_corasick,first,3,1,52,12822,150,100000000,100011600,936317,151518805,152477964,18445.365,18006.096,1.515012309,151537250.365,1.515196741,9349888360354700439,336942,336942,9349888360354700439
8,5,aho_corasick,first,4,1,52,12822,150,100000000,100011600,941186,150669065,151632732,18532.058,18099.731,1.506515894,150687597.058,1.506701193,9349888360354700439,336942,336942,9349888360354700439
8,506,aho_corasick,first,0,1,1,666668,150,100000000,100000200,737977,144583016,145338666,755650.000,737977.000,1.445827268,145338666.000,1.453383753,64548467908036487,556366,556366,64548467908036487
8,506,aho_corasick,first,1,1,1,666668,150,100000000,100000200,695468,150889089,151609443,720354.000,695468.000,1.508887872,151609443.000,1.516091398,64548467908036487,556366,556366,64548467908036487
8,506,aho_corasick,first,2,1,1,666668,150,100000000,100000200,697922,146292413,147014350,721937.000,697922.000,1.462921204,147014350.000,1.470140560,64548467908036487,556366,556366,64548467908036487
8,506,aho_corasick,first,3,1,1,666668,150,100000000,100000200,668136,149142850,149833107,690257.000,668136.000,1.491425517,149833107.000,1.498328073,64548467908036487,556366,556366,64548467908036487
8,506,aho_corasick,first,4,1,1,666668,150,100000000,100000200,671472,148743817,149437159,693342.000,671472.000,1.487435195,149437159.000,1.494368601,64548467908036487,556366,556366,64548467908036487
8,506,hash,first,0,1,1,666668,150,100000000,100000200,15259,130453005,130470508,17503.000,15259.000,1.304527441,130470508.000,1.304702471,64548467908036487,556366,556366,64548467908036487
8,506,hash,first,1,1,1,666668,150,100000000,100000200,20017,126924500,126946901,22401.000,20017.000,1.269242462,126946901.000,1.269466471,64548467908036487,556366,556366,64548467908036487
8,506,hash,first,2,1,1,666668,150,100000000,100000200,8346,126712851,126724343,11492.000,8346.000,1.267125976,126724343.000,1.267240896,64548467908036487,556366,556366,64548467908036487
8,506,hash,first,3,1,1,666668,150,100000000,100000200,9719,130914898,130927402,12504.000,9719.000,1.309146362,130927402.000,1.309271401,64548467908036487,556366,556366,64548467908036487
8,506,hash,first,4,1,1,666668,150,100000000,100000200,9338,129660113,129672497,12384.000,9338.000,1.296598537,129672497.000,1.296722377,64548467908036487,556366,556366,64548467908036487
8,6,aho_corasick,first,0,1,43,15504,150,100000000,100000800,1026846,150980114,152031826,24458.419,23880.140,1.509789062,151004572.419,1.510033644,15163508798764245217,337592,337592,15163508798764245217
8,6,aho_corasick,first,1,1,43,15504,150,100000000,100000800,1078241,155038481,156138422,25580.023,25075.372,1.550372407,155064061.023,1.550628205,15163508798764245217,337592,337592,15163508798764245217
8,6,aho_corasick,first,2,1,43,15504,150,100000000,100000800,848473,155035568,155903167,20176.721,19731.930,1.550343277,155055744.721,1.550545043,15163508798764245217,337592,337592,15163508798764245217
8,6,aho_corasick,first,3,1,43,15504,150,100000000,100000800,868360,151561441,152450841,20683.721,20194.419,1.515602285,151582124.721,1.515809121,15163508798764245217,337592,337592,15163508798764245217
8,6,aho_corasick,first,4,1,43,15504,150,100000000,100000800,868920,150744309,151633046,20668.302,20207.442,1.507431031,150764977.302,1.507637712,15163508798764245217,337592,337592,15163508798764245217
8,6,bndmq,first,0,1,43,15504,150,100000000,100000800,143518,227829245,228004902,4085.047,3337.628,2.278274224,227833330.047,2.278315074,15163508798764245217,337592,337592,15163508798764245217
8,6,bndmq,first,1,1,43,15504,150,100000000,100000800,135433,230924377,231093733,3938.512,3149.605,2.309225296,230928315.512,2.309264681,15163508798764245217,337592,337592,15163508798764245217
8,6,bndmq,first,2,1,43,15504,150,100000000,100000800,111688,224060115,224205837,3388.884,2597.395,2.240583225,224063503.884,2.240617114,15163508798764245217,337592,337592,15163508798764245217
8,6,bndmq,first,3,1,43,15504,150,100000000,100000800,111317,222350586,222494323,3342.721,2588.767,2.223488072,222353928.721,2.223521499,15163508798764245217,337592,337592,15163508798764245217
8,6,bndmq,first,4,1,43,15504,150,100000000,100000800,113071,225001947,225142810,3275.884,2629.558,2.250001470,225005222.884,2.250034229,15163508798764245217,337592,337592,15163508798764245217
8,6,hash,first,0,1,43,15504,150,100000000,100000800,27782,166261562,166292830,727.163,646.093,1.662602319,166262289.163,1.662609591,15163508798764245217,337592,337592,15163508798764245217
8,6,hash,first,1,1,43,15504,150,100000000,100000800,19706,168084624,168107586,534.000,458.279,1.680832793,168085158.000,1.680838133,15163508798764245217,337592,337592,15163508798764245217
8,6,hash,first,2,1,43,15504,150,100000000,100000800,25507,167406054,167434546,662.605,593.186,1.674047148,167406716.605,1.674053774,15163508798764245217,337592,337592,15163508798764245217
8,6,hash,first,3,1,43,15504,150,100000000,100000800,15619,164108066,164128475,474.628,363.233,1.641067531,164108540.628,1.641072278,15163508798764245217,337592,337592,15163508798764245217
8,6,hash,first,4,1,43,15504,150,100000000,100000800,15519,172802847,172822474,456.442,360.907,1.728014646,172803303.442,1.728019210,15163508798764245217,337592,337592,15163508798764245217
9,5,hash,first,0,1,52,12822,150,100000000,100011600,30808,162160485,162195811,679.346,592.462,1.621416766,162161164.346,1.621423558,11945225273803166521,334231,334231,11945225273803166521
9,5,hash,first,1,1,52,12822,150,100000000,100011600,25167,161405188,161434603,565.673,483.981,1.613864672,161405753.673,1.613870328,11945225273803166521,334231,334231,11945225273803166521
9,5,hash,first,2,1,52,12822,150,100000000,100011600,20248,164032866,164059035,503.250,389.385,1.640138404,164033369.250,1.640143436,11945225273803166521,334231,334231,11945225273803166521
9,5,hash,first,3,1,52,12822,150,100000000,100011600,19186,164638961,164663477,471.462,368.962,1.646198651,164639432.462,1.646203365,11945225273803166521,334231,334231,11945225273803166521
9,5,hash,first,4,1,52,12822,150,100000000,100011600,18475,163114627,163138001,449.500,355.288,1.630957079,163115076.500,1.630961573,11945225273803166521,334231,334231,11945225273803166521
9,5,bndmq,first,0,1,52,12822,150,100000000,100011600,226713,161946448,162200201,4879.865,4359.865,1.619276644,161951327.865,1.619325437,11945225273803166521,334231,334231,11945225273803166521
9,5,bndmq,first,1,1,52,12822,150,100000000,100011600,125253,159583096,159734487,2911.365,2408.712,1.595645865,159586007.365,1.595674975,11945225273803166521,334231,334231,11945225273803166521
9,5,bndmq,first,2,1,52,12822,150,100000000,100011600,106629,177669009,177802949,2575.769,2050.558,1.776484018,177671584.769,1.776509773,11945225273803166521,334231,334231,11945225273803166521
9,5,bndmq,first,3,1,52,12822,150,100000000,100011600,118852,166883839,167033849,2884.808,2285.615,1.668644827,166886723.808,1.668673672,11945225273803166521,334231,334231,11945225273803166521
9,5,bndmq,first,4,1,52,12822,150,100000000,100011600,112801,162641424,162784191,2745.519,2169.250,1.626225598,162644169.519,1.626253050,11945225273803166521,334231,334231,11945225273803166521
9,5,aho_corasick,first,0,1,52,12822,150,100000000,100011600,1216069,152891470,154136212,23937.346,23385.942,1.528737366,152915407.346,1.528976712,11945225273803166521,334231,334231,11945225273803166521
9,5,aho_corasick,first,1,1,52,12822,150,100000000,100011600,1174421,156392374,157594677,23121.212,22585.019,1.563742346,156415495.212,1.563973531,11945225273803166521,334231,334231,11945225273803166521
9,5,aho_corasick,first,2,1,52,12822,150,100000000,100011600,977844,158400833,159406940,19348.212,18804.692,1.583824606,158420181.212,1.584018066,11945225273803166521,334231,334231,11945225273803166521
9,5,aho_corasick,first,3,1,52,12822,150,100000000,100011600,978245,153269931,154277040,19367.481,18812.404,1.532521538,153289298.481,1.532715190,11945225273803166521,334231,334231,11945225273803166521
9,5,aho_corasick,first,4,1,52,12822,150,100000000,100011600,966382,156521276,157528395,19367.673,18584.269,1.565031216,156540643.673,1.565224871,11945225273803166521,334231,334231,11945225273803166521
