k,patterns,algorithm,mode,run,iterations,banks,sequences_per_bank,sequence_length,target_bases_per_cell,bases,build_ns,search_ns,total_ns,fixed_ns_per_matcher,build_ns_per_matcher,search_ns_per_base,reference_total_ns,reference_ns_per_base,validation_checksum,matching_records,matches,timed_checksum
10,3162,hash,all,0,1,1,666668,150,100000000,100000200,38583,754828292,754873292,45000.000,38583.000,7.548267823,754873292.000,7.548717823,1556874763309097264,448729,615497,1556874763309097264
10,3162,hash,all,1,1,1,666668,150,100000000,100000200,47083,807209667,807265167,55500.000,47083.000,8.072080526,807265167.000,8.072635525,1556874763309097264,448729,615497,1556874763309097264
10,3162,hash,all,2,1,1,666668,150,100000000,100000200,29667,808286875,808331625,44750.000,29667.000,8.082852584,808331625.000,8.083300083,1556874763309097264,448729,615497,1556874763309097264
10,3162,hash,all,3,1,1,666668,150,100000000,100000200,56833,788469375,788531958,62583.000,56833.000,7.884677981,788531958.000,7.885303809,1556874763309097264,448729,615497,1556874763309097264
10,3162,hash,all,4,1,1,666668,150,100000000,100000200,29958,779426334,779461500,35166.000,29958.000,7.794247752,779461500.000,7.794599411,1556874763309097264,448729,615497,1556874763309097264
10,3162,aho_corasick,all,0,1,1,666668,150,100000000,100000200,5201125,378100750,383406333,5305583.000,5201125.000,3.780999938,383406333.000,3.834055662,1556874763309097264,448729,615497,1556874763309097264
10,3162,aho_corasick,all,1,1,1,666668,150,100000000,100000200,4993083,358601125,363688833,5087708.000,4993083.000,3.586004078,363688833.000,3.636881056,1556874763309097264,448729,615497,1556874763309097264
10,3162,aho_corasick,all,2,1,1,666668,150,100000000,100000200,4849083,361990958,366931333,4940375.000,4849083.000,3.619902340,366931333.000,3.669305991,1556874763309097264,448729,615497,1556874763309097264
10,3162,aho_corasick,all,3,1,1,666668,150,100000000,100000200,4955292,375649875,380697000,5047125.000,4955292.000,3.756491237,380697000.000,3.806962386,1556874763309097264,448729,615497,1556874763309097264
10,3162,aho_corasick,all,4,1,1,666668,150,100000000,100000200,4966917,379812500,384866250,5053750.000,4966917.000,3.798117404,384866250.000,3.848654803,1556874763309097264,448729,615497,1556874763309097264
10,5,aho_corasick,all,0,1,52,12822,150,100000000,100011600,915625,129736084,130675334,18062.500,17608.173,1.297210364,129754146.500,1.297390968,11888437530397224244,333599,333815,11888437530397224244
10,5,aho_corasick,all,1,1,52,12822,150,100000000,100011600,916875,124560750,125500667,18075.327,17632.212,1.245463026,124578825.327,1.245643759,11888437530397224244,333599,333815,11888437530397224244
10,5,aho_corasick,all,2,1,52,12822,150,100000000,100011600,876958,123977667,124882167,17394.231,16864.577,1.239632873,123995061.231,1.239806795,11888437530397224244,333599,333815,11888437530397224244
10,5,aho_corasick,all,3,1,52,12822,150,100000000,100011600,920417,126607958,127557708,18264.423,17700.327,1.265932732,126626222.423,1.266115355,11888437530397224244,333599,333815,11888437530397224244
10,5,aho_corasick,all,4,1,52,12822,150,100000000,100011600,926667,133265084,134257542,19085.731,17820.519,1.332496270,133284169.731,1.332687106,11888437530397224244,333599,333815,11888437530397224244
10,5,hash,all,0,1,52,12822,150,100000000,100011600,126417,231458500,231596000,2644.231,2431.096,2.314316539,231461144.231,2.314342979,11888437530397224244,333599,333815,11888437530397224244
10,5,hash,all,1,1,52,12822,150,100000000,100011600,45083,216954083,217008250,1041.673,866.981,2.169289192,216955124.673,2.169299608,11888437530397224244,333599,333815,11888437530397224244
10,5,hash,all,2,1,52,12822,150,100000000,100011600,15792,214043500,214066292,438.308,303.692,2.140186738,214043938.308,2.140191121,11888437530397224244,333599,333815,11888437530397224244
10,5,hash,all,3,1,52,12822,150,100000000,100011600,22333,214637875,214666750,555.288,429.481,2.146129799,214638430.288,2.146135351,11888437530397224244,333599,333815,11888437530397224244
10,5,hash,all,4,1,52,12822,150,100000000,100011600,20459,214350666,214377834,522.462,393.442,2.143258042,214351188.462,2.143263266,11888437530397224244,333599,333815,11888437530397224244
10,5,bndmq,all,0,1,52,12822,150,100000000,100011600,109750,124445208,124560750,2221.962,2110.577,1.244307740,124447429.962,1.244329957,11888437530397224244,333599,333815,11888437530397224244
10,5,bndmq,all,1,1,52,12822,150,100000000,100011600,68208,119352833,119423291,1354.962,1311.692,1.193389897,119354187.962,1.193403445,11888437530397224244,333599,333815,11888437530397224244
10,5,bndmq,all,2,1,52,12822,150,100000000,100011600,61584,120777000,120840916,1229.154,1184.308,1.207629915,120778229.154,1.207642205,11888437530397224244,333599,333815,11888437530397224244
10,5,bndmq,all,3,1,52,12822,150,100000000,100011600,39708,119501208,119543417,811.712,763.615,1.194873475,119502019.712,1.194881591,11888437530397224244,333599,333815,11888437530397224244
10,5,bndmq,all,4,1,52,12822,150,100000000,100011600,116875,120168541,120288917,2314.923,2247.596,1.201546031,120170855.923,1.201569177,11888437530397224244,333599,333815,11888437530397224244
10,5623,hash,all,0,1,1,666668,150,100000000,100000200,63500,498064500,498138583,74083.000,63500.000,4.980635039,498138583.000,4.981375867,2394968541812563097,510440,835730,2394968541812563097
10,5623,hash,all,1,1,1,666668,150,100000000,100000200,76875,508057125,508152125,95000.000,76875.000,5.080561089,508152125.000,5.081511087,2394968541812563097,510440,835730,2394968541812563097
10,5623,hash,all,2,1,1,666668,150,100000000,100000200,87250,494750709,494849375,98666.000,87250.000,4.947497195,494849375.000,4.948483853,2394968541812563097,510440,835730,2394968541812563097
10,5623,hash,all,3,1,1,666668,150,100000000,100000200,49625,499674084,499735708,61624.000,49625.000,4.996730847,499735708.000,4.997347085,2394968541812563097,510440,835730,2394968541812563097
10,5623,hash,all,4,1,1,666668,150,100000000,100000200,47584,492707958,492767417,59459.000,47584.000,4.927069726,492767417.000,4.927664315,2394968541812563097,510440,835730,2394968541812563097
10,5623,aho_corasick,all,0,1,1,666668,150,100000000,100000200,8450625,464221000,472839000,8618000.000,8450625.000,4.642200716,472839000.000,4.728380543,2394968541812563097,510440,835730,2394968541812563097
10,5623,aho_corasick,all,1,1,1,666668,150,100000000,100000200,8383334,479955208,488496792,8541584.000,8383334.000,4.799542481,488496792.000,4.884958150,2394968541812563097,510440,835730,2394968541812563097
10,5623,aho_corasick,all,2,1,1,666668,150,100000000,100000200,8501083,523402959,532058292,8655333.000,8501083.000,5.234019122,532058292.000,5.320572279,2394968541812563097,510440,835730,2394968541812563097
10,5623,aho_corasick,all,3,1,1,666668,150,100000000,100000200,8523542,444126125,452819834,8693709.000,8523542.000,4.441252367,452819834.000,4.528189284,2394968541812563097,510440,835730,2394968541812563097
10,5623,aho_corasick,all,4,1,1,666668,150,100000000,100000200,8619000,449854958,458629625,8774667.000,8619000.000,4.498540583,458629625.000,4.586287077,2394968541812563097,510440,835730,2394968541812563097
10,6,aho_corasick,all,0,1,43,15504,150,100000000,100000800,875416,126286792,127192500,21062.977,20358.512,1.262857817,126307854.977,1.263068445,883688603394637402,333596,333861,883688603394637402
10,6,aho_corasick,all,1,1,43,15504,150,100000000,100000800,853417,124132000,125009667,20410.860,19846.907,1.241310070,124152410.860,1.241514176,883688603394637402,333596,333861,883688603394637402
10,6,aho_corasick,all,2,1,43,15504,150,100000000,100000800,885542,125982750,126905792,21466.093,20594.000,1.259817421,126004216.093,1.260032081,883688603394637402,333596,333861,883688603394637402
10,6,aho_corasick,all,3,1,43,15504,150,100000000,100000800,851750,124758833,125637375,20431.209,19808.140,1.247578349,124779264.209,1.247782660,883688603394637402,333596,333861,883688603394637402
10,6,aho_corasick,all,4,1,43,15504,150,100000000,100000800,908625,124560500,125494417,21719.000,21130.814,1.245595035,124582219.000,1.245812224,883688603394637402,333596,333861,883688603394637402
10,6,hash,all,0,1,43,15504,150,100000000,100000800,63083,225986375,226058125,1668.605,1467.047,2.259845671,225988043.605,2.259862357,883688603394637402,333596,333861,883688603394637402
10,6,hash,all,1,1,43,15504,150,100000000,100000800,22959,223098583,223127459,671.535,533.930,2.230967982,223099254.535,2.230974698,883688603394637402,333596,333861,883688603394637402
10,6,hash,all,2,1,43,15504,150,100000000,100000800,27625,224092250,224125750,779.070,642.442,2.240904573,224093029.070,2.240912363,883688603394637402,333596,333861,883688603394637402
10,6,hash,all,3,1,43,15504,150,100000000,100000800,15083,223517125,223538250,491.279,350.767,2.235153369,223517616.279,2.235158282,883688603394637402,333596,333861,883688603394637402
10,6,hash,all,4,1,43,15504,150,100000000,100000800,33167,224076125,224127042,1184.116,771.326,2.240743324,224077309.116,2.240755165,883688603394637402,333596,333861,883688603394637402
10,6,bndmq,all,0,1,43,15504,150,100000000,100000800,133625,146277917,146414542,3177.326,3107.558,1.462767468,146281094.326,1.462799241,883688603394637402,333596,333861,883688603394637402
10,6,bndmq,all,1,1,43,15504,150,100000000,100000800,47291,144230709,144281167,1173.442,1099.791,1.442295552,144231882.442,1.442307286,883688603394637402,333596,333861,883688603394637402
10,6,bndmq,all,2,1,43,15504,150,100000000,100000800,50292,141439542,141492584,1233.535,1169.581,1.414384105,141440775.535,1.414396440,883688603394637402,333596,333861,883688603394637402
10,6,bndmq,all,3,1,43,15504,150,100000000,100000800,58583,140893042,140954375,1426.349,1362.395,1.408919149,140894468.349,1.408933412,883688603394637402,333596,333861,883688603394637402
10,6,bndmq,all,4,1,43,15504,150,100000000,100000800,84416,140548125,140635041,2021.302,1963.163,1.405470006,140550146.302,1.405490219,883688603394637402,333596,333861,883688603394637402
104,64,aho_corasick,all,0,1,4,166668,150,100000000,100000800,6528667,224166792,230731292,1641125.000,1632166.750,2.241649987,225807917.000,2.258061106,14485767178287882083,333336,333336,14485767178287882083
104,64,aho_corasick,all,1,1,4,166668,150,100000000,100000800,7357333,211487709,218909625,1855479.000,1839333.250,2.114860171,213343188.000,2.133414813,14485767178287882083,333336,333336,14485767178287882083
104,64,aho_corasick,all,2,1,4,166668,150,100000000,100000800,6827041,196220875,203067708,1711708.250,1706760.250,1.962193052,197932583.250,1.979309998,14485767178287882083,333336,333336,14485767178287882083
104,64,aho_corasick,all,3,1,4,166668,150,100000000,100000800,6310541,203049959,209414125,1591041.500,1577635.250,2.030483346,204641000.500,2.046393634,14485767178287882083,333336,333336,14485767178287882083
104,64,aho_corasick,all,4,1,4,166668,150,100000000,100000800,6419042,193042916,199516834,1618479.500,1604760.500,1.930413717,194661395.500,1.946598382,14485767178287882083,333336,333336,14485767178287882083
104,64,hash,all,0,1,4,166668,150,100000000,100000800,36500,208801583,208841125,9885.500,9125.000,2.087999126,208811468.500,2.088097980,14485767178287882083,333336,333336,14485767178287882083
104,64,hash,all,1,1,4,166668,150,100000000,100000800,35084,202443334,202481000,9416.500,8771.000,2.024417145,202452750.500,2.024511309,14485767178287882083,333336,333336,14485767178287882083
104,64,hash,all,2,1,4,166668,150,100000000,100000800,29583,202758458,202792416,8489.500,7395.750,2.027568359,202766947.500,2.027653254,14485767178287882083,333336,333336,14485767178287882083
104,64,hash,all,3,1,4,166668,150,100000000,100000800,34125,202837083,202875167,9521.000,8531.250,2.028354603,202846604.000,2.028449812,14485767178287882083,333336,333336,14485767178287882083
104,64,hash,all,4,1,4,166668,150,100000000,100000800,33333,193937083,193973042,8989.750,8333.250,1.939355315,193946072.750,1.939445212,14485767178287882083,333336,333336,14485767178287882083
11,6,hash,all,0,1,43,15504,150,100000000,100000800,82875,229014083,229110500,2242.256,1927.326,2.290122509,229016325.256,2.290144931,9540962536298771519,333409,333468,9540962536298771519
11,6,hash,all,1,1,43,15504,150,100000000,100000800,23334,231132375,231169541,864.326,542.651,2.311305260,231133239.326,2.311313903,9540962536298771519,333409,333468,9540962536298771519
11,6,hash,all,2,1,43,15504,150,100000000,100000800,36791,245431167,245485083,1253.860,855.605,2.454292036,245432420.860,2.454304574,9540962536298771519,333409,333468,9540962536298771519
11,6,hash,all,3,1,43,15504,150,100000000,100000800,22083,281538792,281569625,717.047,513.558,2.815365397,281539509.047,2.815372567,9540962536298771519,333409,333468,9540962536298771519
11,6,hash,all,4,1,43,15504,150,100000000,100000800,28125,263081708,263114500,762.605,654.070,2.630796034,263082470.605,2.630803660,9540962536298771519,333409,333468,9540962536298771519
11,6,aho_corasick,all,0,1,43,15504,150,100000000,100000800,953125,129382000,130355375,22636.628,22165.698,1.293809650,129404636.628,1.294036014,9540962536298771519,333409,333468,9540962536298771519
11,6,aho_corasick,all,1,1,43,15504,150,100000000,100000800,912083,125556125,126491000,21741.279,21211.233,1.255551206,125577866.279,1.255768617,9540962536298771519,333409,333468,9540962536298771519
11,6,aho_corasick,all,2,1,43,15504,150,100000000,100000800,874167,125681834,126578917,20862.395,20329.465,1.256808286,125702696.395,1.257016908,9540962536298771519,333409,333468,9540962536298771519
11,6,aho_corasick,all,3,1,43,15504,150,100000000,100000800,912208,130725833,131659250,21707.372,21214.140,1.307247872,130747540.372,1.307464944,9540962536298771519,333409,333468,9540962536298771519
11,6,aho_corasick,all,4,1,43,15504,150,100000000,100000800,1003000,127054917,128086583,23992.233,23325.581,1.270539006,127078909.233,1.270778926,9540962536298771519,333409,333468,9540962536298771519
11,6,bndmq,all,0,1,43,15504,150,100000000,100000800,83917,130687334,130774667,2031.000,1951.558,1.306862885,130689365.000,1.306883195,9540962536298771519,333409,333468,9540962536298771519
11,6,bndmq,all,1,1,43,15504,150,100000000,100000800,69000,131940542,132012834,1681.209,1604.651,1.319394865,131942223.209,1.319411677,9540962536298771519,333409,333468,9540962536298771519
11,6,bndmq,all,2,1,43,15504,150,100000000,100000800,85667,134396750,134485459,2063.000,1992.256,1.343956748,134398813.000,1.343977378,9540962536298771519,333409,333468,9540962536298771519
11,6,bndmq,all,3,1,43,15504,150,100000000,100000800,44333,158917417,158966250,1135.651,1031.000,1.589161457,158918552.651,1.589172813,9540962536298771519,333409,333468,9540962536298771519
11,6,bndmq,all,4,1,43,15504,150,100000000,100000800,42292,127524709,127569375,1038.744,983.535,1.275236888,127525747.744,1.275247275,9540962536298771519,333409,333468,9540962536298771519
112,128,hash,all,0,1,2,333334,150,100000000,100000200,35167,194682792,194722417,19812.500,17583.500,1.946824026,194702604.500,1.947022151,625418562388938944,333334,333334,625418562388938944
112,128,hash,all,1,1,2,333334,150,100000000,100000200,34000,191111083,191147750,18333.500,17000.000,1.911107008,191129416.500,1.911290342,625418562388938944,333334,333334,625418562388938944
112,128,hash,all,2,1,2,333334,150,100000000,100000200,31041,192649000,192683208,17104.000,15520.500,1.926486147,192666104.000,1.926657187,625418562388938944,333334,333334,625418562388938944
112,128,hash,all,3,1,2,333334,150,100000000,100000200,37833,191069500,191109833,20166.500,18916.500,1.910691179,191089666.500,1.910892843,625418562388938944,333334,333334,625418562388938944
112,128,hash,all,4,1,2,333334,150,100000000,100000200,31334,190726083,190760334,17125.500,15667.000,1.907257015,190743208.500,1.907428270,625418562388938944,333334,333334,625418562388938944
112,128,aho_corasick,all,0,1,2,333334,150,100000000,100000200,6397250,193482000,199935416,3226708.000,3198625.000,1.934816130,196708708.000,1.967083146,625418562388938944,333334,333334,625418562388938944
112,128,aho_corasick,all,1,1,2,333334,150,100000000,100000200,6381667,191183292,197615167,3215937.500,3190833.500,1.911829096,194399229.500,1.943988407,625418562388938944,333334,333334,625418562388938944
112,128,aho_corasick,all,2,1,2,333334,150,100000000,100000200,6396083,195441417,201890292,3224437.500,3198041.500,1.954410261,198665854.500,1.986654572,625418562388938944,333334,333334,625418562388938944
112,128,aho_corasick,all,3,1,2,333334,150,100000000,100000200,6297042,195363208,201694000,3165396.000,3148521.000,1.953628173,198528604.000,1.985282069,625418562388938944,333334,333334,625418562388938944
112,128,aho_corasick,all,4,1,2,333334,150,100000000,100000200,6901834,208118792,215068167,3474687.500,3450917.000,2.081183758,211593479.500,2.115930563,625418562388938944,333334,333334,625418562388938944
112,256,aho_corasick,all,0,1,1,666668,150,100000000,100000200,8105625,223169000,231334167,8165167.000,8105625.000,2.231685537,231334167.000,2.313337043,18312270484892554426,333334,333334,18312270484892554426
112,256,aho_corasick,all,1,1,1,666668,150,100000000,100000200,6869125,233809958,240740584,6930626.000,6869125.000,2.338094904,240740584.000,2.407401025,18312270484892554426,333334,333334,18312270484892554426
112,256,aho_corasick,all,2,1,1,666668,150,100000000,100000200,7705750,267509791,275266667,7756876.000,7705750.000,2.675092560,275266667.000,2.752661165,18312270484892554426,333334,333334,18312270484892554426
112,256,aho_corasick,all,3,1,1,666668,150,100000000,100000200,9106083,315455958,324610167,9154209.000,9106083.000,3.154553271,324610167.000,3.246095178,18312270484892554426,333334,333334,18312270484892554426
112,256,aho_corasick,all,4,1,1,666668,150,100000000,100000200,9999417,323667875,333722834,10054959.000,9999417.000,3.236672277,333722834.000,3.337221666,18312270484892554426,333334,333334,18312270484892554426
112,256,hash,all,0,1,1,666668,150,100000000,100000200,52375,300846000,300903333,57333.000,52375.000,3.008453983,300903333.000,3.009027312,18312270484892554426,333334,333334,18312270484892554426
112,256,hash,all,1,1,1,666668,150,100000000,100000200,59833,301937500,302000667,63167.000,59833.000,3.019368961,302000667.000,3.020000630,18312270484892554426,333334,333334,18312270484892554426
112,256,hash,all,2,1,1,666668,150,100000000,100000200,64708,298060833,298131042,70209.000,64708.000,2.980602369,298131042.000,2.981304457,18312270484892554426,333334,333334,18312270484892554426
112,256,hash,all,3,1,1,666668,150,100000000,100000200,85458,289923250,290011542,88292.000,85458.000,2.899226702,290011542.000,2.900109620,18312270484892554426,333334,333334,18312270484892554426
112,256,hash,all,4,1,1,666668,150,100000000,100000200,47041,270186709,270237958,51249.000,47041.000,2.701861686,270237958.000,2.702374175,18312270484892554426,333334,333334,18312270484892554426
112,64,aho_corasick,all,0,1,4,166668,150,100000000,100000800,9704958,284888500,294712958,2456114.500,2426239.500,2.848862209,287344614.500,2.873423158,7347228724435248932,333336,333336,7347228724435248932
112,64,aho_corasick,all,1,1,4,166668,150,100000000,100000800,8559416,255584708,264226875,2160541.750,2139854.000,2.555826633,257745249.750,2.577431878,7347228724435248932,333336,333336,7347228724435248932
112,64,aho_corasick,all,2,1,4,166668,150,100000000,100000800,8688584,237663959,246415958,2187999.750,2172146.000,2.376620577,239851958.750,2.398500399,7347228724435248932,333336,333336,7347228724435248932
112,64,aho_corasick,all,3,1,4,166668,150,100000000,100000800,7852375,212331084,220243667,1978145.750,1963093.750,2.123293854,214309229.750,2.143075153,7347228724435248932,333336,333336,7347228724435248932
112,64,aho_corasick,all,4,1,4,166668,150,100000000,100000800,6941916,199923500,206925375,1750468.750,1735479.000,1.999219006,201673968.750,2.016723554,7347228724435248932,333336,333336,7347228724435248932
112,64,hash,all,0,1,4,166668,150,100000000,100000800,39625,188999916,189043792,10969.000,9906.250,1.889984040,189010885.000,1.890093729,7347228724435248932,333336,333336,7347228724435248932
112,64,hash,all,1,1,4,166668,150,100000000,100000800,32292,176116458,176150042,8396.000,8073.000,1.761150491,176124854.000,1.761234450,7347228724435248932,333336,333336,7347228724435248932
112,64,hash,all,2,1,4,166668,150,100000000,100000800,30083,170460750,170492500,7937.500,7520.750,1.704593863,170468687.500,1.704673238,7347228724435248932,333336,333336,7347228724435248932
112,64,hash,all,3,1,4,166668,150,100000000,100000800,30167,177052291,177084334,8010.750,7541.750,1.770508746,177060301.750,1.770588853,7347228724435248932,333336,333336,7347228724435248932
112,64,hash,all,4,1,4,166668,150,100000000,100000800,31458,182819125,182856000,9218.750,7864.500,1.828176625,182828343.750,1.828268811,7347228724435248932,333336,333336,7347228724435248932
12,3162,aho_corasick,all,0,1,1,666668,150,100000000,100000200,7454083,415510416,423046375,7535959.000,7454083.000,4.155095850,423046375.000,4.230455289,11147682657900302077,342061,351181,11147682657900302077
12,3162,aho_corasick,all,1,1,1,666668,150,100000000,100000200,7442500,389157875,396700750,7542875.000,7442500.000,3.891570967,396700750.000,3.966999566,11147682657900302077,342061,351181,11147682657900302077
12,3162,aho_corasick,all,2,1,1,666668,150,100000000,100000200,6879166,387903584,394888000,6984416.000,6879166.000,3.879028082,394888000.000,3.948872102,11147682657900302077,342061,351181,11147682657900302077
12,3162,aho_corasick,all,3,1,1,666668,150,100000000,100000200,7001333,409812209,416889208,7076999.000,7001333.000,4.098113894,416889208.000,4.168883742,11147682657900302077,342061,351181,11147682657900302077
12,3162,aho_corasick,all,4,1,1,666668,150,100000000,100000200,7752958,500307167,508187000,7879833.000,7752958.000,5.003061664,508187000.000,5.081859836,11147682657900302077,342061,351181,11147682657900302077
12,3162,hash,all,0,1,1,666668,150,100000000,100000200,58417,1041093208,1041162917,69709.000,58417.000,10.410911258,1041162917.000,10.411608347,11147682657900302077,342061,351181,11147682657900302077
12,3162,hash,all,1,1,1,666668,150,100000000,100000200,73208,1004357667,1004439209,81542.000,73208.000,10.043556583,1004439209.000,10.044372001,11147682657900302077,342061,351181,11147682657900302077
12,3162,hash,all,2,1,1,666668,150,100000000,100000200,68167,915186792,915263708,76916.000,68167.000,9.151849616,915263708.000,9.152618775,11147682657900302077,342061,351181,11147682657900302077
12,3162,hash,all,3,1,1,666668,150,100000000,100000200,37292,881513917,881557000,43083.000,37292.000,8.815121540,881557000.000,8.815552369,11147682657900302077,342061,351181,11147682657900302077
12,3162,hash,all,4,1,1,666668,150,100000000,100000200,36667,880595541,880638167,42626.000,36667.000,8.805937798,880638167.000,8.806364057,11147682657900302077,342061,351181,11147682657900302077
12,5623,hash,all,0,1,1,666668,150,100000000,100000200,69125,532994000,533073459,79459.000,69125.000,5.329929340,533073459.000,5.330723929,18290372288378656005,348711,364469,18290372288378656005
12,5623,hash,all,1,1,1,666668,150,100000000,100000200,88125,533894375,533993416,99041.000,88125.000,5.338933072,533993416.000,5.339923480,18290372288378656005,348711,364469,18290372288378656005
12,5623,hash,all,2,1,1,666668,150,100000000,100000200,84917,548223125,548318834,95709.000,84917.000,5.482220286,548318834.000,5.483177374,18290372288378656005,348711,364469,18290372288378656005
12,5623,hash,all,3,1,1,666668,150,100000000,100000200,54125,554460875,554526500,65625.000,54125.000,5.544597661,554526500.000,5.545253909,18290372288378656005,348711,364469,18290372288378656005
12,5623,hash,all,4,1,1,666668,150,100000000,100000200,54708,567529208,567596375,67167.000,54708.000,5.675280729,567596375.000,5.675952398,18290372288378656005,348711,364469,18290372288378656005
12,5623,aho_corasick,all,0,1,1,666668,150,100000000,100000200,11384500,406983375,418565750,11582375.000,11384500.000,4.069825610,418565750.000,4.185649129,18290372288378656005,348711,364469,18290372288378656005
12,5623,aho_corasick,all,1,1,1,666668,150,100000000,100000200,11235500,431872625,443395959,11523334.000,11235500.000,4.318717613,443395959.000,4.433950722,18290372288378656005,348711,364469,18290372288378656005
12,5623,aho_corasick,all,2,1,1,666668,150,100000000,100000200,11513834,429840292,441573334,11733042.000,11513834.000,4.298394323,441573334.000,4.415724509,18290372288378656005,348711,364469,18290372288378656005
12,5623,aho_corasick,all,3,1,1,666668,150,100000000,100000200,11619791,410320875,422169583,11848708.000,11619791.000,4.103200544,422169583.000,4.221687387,18290372288378656005,348711,364469,18290372288378656005
12,5623,aho_corasick,all,4,1,1,666668,150,100000000,100000200,11326667,400125125,411629625,11504500.000,11326667.000,4.001243248,411629625.000,4.116288017,18290372288378656005,348711,364469,18290372288378656005
12,6,bndmq,all,0,1,43,15504,150,100000000,100000800,75000,134534375,134613958,1850.767,1744.186,1.345332987,134536225.767,1.345351495,10529161458045662895,333350,333373,10529161458045662895
12,6,bndmq,all,1,1,43,15504,150,100000000,100000800,43583,136340583,136386917,1077.535,1013.558,1.363394923,136341660.535,1.363405698,10529161458045662895,333350,333373,10529161458045662895
12,6,bndmq,all,2,1,43,15504,150,100000000,100000800,142458,142307208,142454333,3421.512,3312.977,1.423060696,142310629.512,1.423094910,10529161458045662895,333350,333373,10529161458045662895
12,6,bndmq,all,3,1,43,15504,150,100000000,100000800,80250,166528250,166617708,2080.419,1866.279,1.665269178,166530330.419,1.665289982,10529161458045662895,333350,333373,10529161458045662895
12,6,bndmq,all,4,1,43,15504,150,100000000,100000800,96375,151619500,151718458,2301.349,2241.279,1.516182871,151621801.349,1.516205884,10529161458045662895,333350,333373,10529161458045662895
12,6,aho_corasick,all,0,1,43,15504,150,100000000,100000800,1317459,166388000,167741375,31473.837,30638.581,1.663866689,166419473.837,1.664181425,10529161458045662895,333350,333373,10529161458045662895
12,6,aho_corasick,all,1,1,43,15504,150,100000000,100000800,1184292,161117417,162332667,28261.628,27541.674,1.611161281,161145678.628,1.611443895,10529161458045662895,333350,333373,10529161458045662895
12,6,aho_corasick,all,2,1,43,15504,150,100000000,100000800,1254375,161432916,162721166,29959.302,29171.512,1.614316245,161462875.302,1.614615836,10529161458045662895,333350,333373,10529161458045662895
12,6,aho_corasick,all,3,1,43,15504,150,100000000,100000800,1167666,158931333,160132333,27930.233,27155.023,1.589300616,158959263.233,1.589579916,10529161458045662895,333350,333373,10529161458045662895
12,6,aho_corasick,all,4,1,43,15504,150,100000000,100000800,1186583,152116375,153328916,28198.628,27594.953,1.521151581,152144573.628,1.521433565,10529161458045662895,333350,333373,10529161458045662895
12,6,hash,all,0,1,43,15504,150,100000000,100000800,72500,303081708,303179834,2282.000,1686.047,3.030792834,303083990.000,3.030815653,10529161458045662895,333350,333373,10529161458045662895
12,6,hash,all,1,1,43,15504,150,100000000,100000800,25708,297249125,297281750,758.721,597.860,2.972467470,297249883.721,2.972475057,10529161458045662895,333350,333373,10529161458045662895
12,6,hash,all,2,1,43,15504,150,100000000,100000800,26458,300391166,300421417,703.512,615.302,3.003887629,300391869.512,3.003894664,10529161458045662895,333350,333373,10529161458045662895
12,6,hash,all,3,1,43,15504,150,100000000,100000800,20083,290458042,290483292,587.209,467.047,2.904557184,290458629.209,2.904563056,10529161458045662895,333350,333373,10529161458045662895
12,6,hash,all,4,1,43,15504,150,100000000,100000800,41042,312331500,312381458,1161.814,954.465,3.123290014,312332661.814,3.123301632,10529161458045662895,333350,333373,10529161458045662895
12,7,aho_corasick,all,0,1,37,18020,150,100000000,100011000,986500,127774958,128792792,27509.027,26662.162,1.277609043,127802467.027,1.277884103,2540591164163135858,333391,333409,2540591164163135858
12,7,aho_corasick,all,1,1,37,18020,150,100000000,100011000,933291,125086792,126045917,25922.297,25224.081,1.250730340,125112714.297,1.250989534,2540591164163135858,333391,333409,2540591164163135858
12,7,aho_corasick,all,2,1,37,18020,150,100000000,100011000,931208,124241250,125190375,25652.027,25167.784,1.242275850,124266902.027,1.242532342,2540591164163135858,333391,333409,2540591164163135858
12,7,aho_corasick,all,3,1,37,18020,150,100000000,100011000,868792,124231625,125121041,24038.270,23480.865,1.242179610,124255663.270,1.242419967,2540591164163135858,333391,333409,2540591164163135858
12,7,aho_corasick,all,4,1,37,18020,150,100000000,100011000,886041,123742125,124648041,24484.216,23947.054,1.237285149,123766609.216,1.237529964,2540591164163135858,333391,333409,2540591164163135858
12,7,hash,all,0,1,37,18020,150,100000000,100011000,40083,233276750,233321542,1210.595,1083.324,2.332510924,233277960.595,2.332523028,2540591164163135858,333391,333409,2540591164163135858
12,7,hash,all,1,1,37,18020,150,100000000,100011000,19375,233199417,233222833,632.865,523.649,2.331737679,233200049.865,2.331744007,2540591164163135858,333391,333409,2540591164163135858
12,7,hash,all,2,1,37,18020,150,100000000,100011000,23625,232432209,232460542,765.757,638.514,2.324066443,232432974.757,2.324074099,2540591164163135858,333391,333409,2540591164163135858
12,7,hash,all,3,1,37,18020,150,100000000,100011000,21667,232700000,232726458,715.081,585.595,2.326744058,232700715.081,2.326751208,2540591164163135858,333391,333409,2540591164163135858
12,7,hash,all,4,1,37,18020,150,100000000,100011000,19917,233034541,233065458,835.595,538.297,2.330089100,233035376.595,2.330097455,2540591164163135858,333391,333409,2540591164163135858
12,7,bndmq,all,0,1,37,18020,150,100000000,100011000,78000,154524916,154606000,2191.459,2108.108,1.545079201,154527107.459,1.545101113,2540591164163135858,333391,333409,2540591164163135858
12,7,bndmq,all,1,1,37,18020,150,100000000,100011000,135458,136885792,137025208,3768.000,3661.027,1.368707362,136889560.000,1.368745038,2540591164163135858,333391,333409,2540591164163135858
12,7,bndmq,all,2,1,37,18020,150,100000000,100011000,137084,135077625,135218375,3804.054,3704.973,1.350627681,135081429.054,1.350665717,2540591164163135858,333391,333409,2540591164163135858
12,7,bndmq,all,3,1,37,18020,150,100000000,100011000,65625,154749208,154817833,1854.730,1773.649,1.547321875,154751062.730,1.547340420,2540591164163135858,333391,333409,2540591164163135858
12,7,bndmq,all,4,1,37,18020,150,100000000,100011000,55625,139601541,139659875,1576.595,1503.378,1.395861865,139603117.595,1.395877629,2540591164163135858,333391,333409,2540591164163135858
120,256,hash,all,0,1,1,666668,150,100000000,100000200,46625,221495250,221546166,50916.000,46625.000,2.214948070,221546166.000,2.215457229,13340754697131491226,333334,333334,13340754697131491226
120,256,hash,all,1,1,1,666668,150,100000000,100000200,43459,204642834,204689792,46958.000,43459.000,2.046424247,204689792.000,2.046893826,13340754697131491226,333334,333334,13340754697131491226
120,256,hash,all,2,1,1,666668,150,100000000,100000200,53584,224079958,224139167,59209.000,53584.000,2.240795098,224139167.000,2.241387187,13340754697131491226,333334,333334,13340754697131491226
120,256,hash,all,3,1,1,666668,150,100000000,100000200,60042,245676458,245739583,63125.000,60042.000,2.456759666,245739583.000,2.457390915,13340754697131491226,333334,333334,13340754697131491226
120,256,hash,all,4,1,1,666668,150,100000000,100000200,46791,244032667,244082458,49791.000,46791.000,2.440321789,244082458.000,2.440819698,13340754697131491226,333334,333334,13340754697131491226
120,256,aho_corasick,all,0,1,1,666668,150,100000000,100000200,9996125,308664167,318720958,10056791.000,9996125.000,3.086635497,318720958.000,3.187203206,13340754697131491226,333334,333334,13340754697131491226
120,256,aho_corasick,all,1,1,1,666668,150,100000000,100000200,9648667,306060708,315770208,9709500.000,9648667.000,3.060600959,315770208.000,3.157695765,13340754697131491226,333334,333334,13340754697131491226
120,256,aho_corasick,all,2,1,1,666668,150,100000000,100000200,9683209,322833167,332570750,9737583.000,9683209.000,3.228325213,332570750.000,3.325700849,13340754697131491226,333334,333334,13340754697131491226
120,256,aho_corasick,all,3,1,1,666668,150,100000000,100000200,10806958,314687125,325546125,10859000.000,10806958.000,3.146864956,325546125.000,3.255454739,13340754697131491226,333334,333334,13340754697131491226
120,256,aho_corasick,all,4,1,1,666668,150,100000000,100000200,9736541,298231542,308063000,9831458.000,9736541.000,2.982309455,308063000.000,3.080623839,13340754697131491226,333334,333334,13340754697131491226
128,108,aho_corasick,all,0,1,3,222224,150,100000000,100000800,14143500,306953042,321150084,4732347.333,4714500.000,3.069505864,311685389.333,3.116828959,2665000876676006255,333336,333336,2665000876676006255
128,108,aho_corasick,all,1,1,3,222224,150,100000000,100000800,14019208,320270333,334353375,4694347.333,4673069.333,3.202677709,324964680.333,3.249620806,2665000876676006255,333336,333336,2665000876676006255
128,108,aho_corasick,all,2,1,3,222224,150,100000000,100000800,17319167,371650458,389049708,5799750.000,5773055.667,3.716474848,377450208.000,3.774471884,2665000876676006255,333336,333336,2665000876676006255
128,108,aho_corasick,all,3,1,3,222224,150,100000000,100000800,16303667,369870875,386248500,5459208.333,5434555.667,3.698679161,375330083.333,3.753270807,2665000876676006255,333336,333336,2665000876676006255
128,108,aho_corasick,all,4,1,3,222224,150,100000000,100000800,14094667,296416375,310619125,4734250.000,4698222.333,2.964140037,301150625.000,3.011482158,2665000876676006255,333336,333336,2665000876676006255
128,108,hash,all,0,1,3,222224,150,100000000,100000800,71667,422281041,422356708,25222.333,23889.000,4.222776628,422306263.333,4.223028849,2665000876676006255,333336,333336,2665000876676006255
128,108,hash,all,1,1,3,222224,150,100000000,100000800,66750,392245375,392315500,23375.000,22250.000,3.922422371,392268750.000,3.922656119,2665000876676006255,333336,333336,2665000876676006255
128,108,hash,all,2,1,3,222224,150,100000000,100000800,57084,352590583,352660708,23375.000,19028.000,3.525877623,352613958.000,3.526111371,2665000876676006255,333336,333336,2665000876676006255
128,108,hash,all,3,1,3,222224,150,100000000,100000800,63625,317310000,317376542,22180.667,21208.333,3.173074615,317332180.667,3.173296420,2665000876676006255,333336,333336,2665000876676006255
128,108,hash,all,4,1,3,222224,150,100000000,100000800,56792,306366458,306426292,19944.667,18930.667,3.063640071,306386402.667,3.063839516,2665000876676006255,333336,333336,2665000876676006255
128,181,hash,all,0,1,2,333334,150,100000000,100000200,98292,366883917,366987292,51687.500,49146.000,3.668831832,366935604.500,3.669348706,3043116177377377111,333334,333334,3043116177377377111
128,181,hash,all,1,1,2,333334,150,100000000,100000200,97333,325940750,326043917,51583.500,48666.500,3.259400981,325992333.500,3.259916815,3043116177377377111,333334,333334,3043116177377377111
128,181,hash,all,2,1,2,333334,150,100000000,100000200,84083,303631167,303730625,49729.000,42041.500,3.036305597,303680896.000,3.036802886,3043116177377377111,333334,333334,3043116177377377111
128,181,hash,all,3,1,2,333334,150,100000000,100000200,75792,267645833,267726000,40083.500,37896.000,2.676452977,267685916.500,2.676853811,3043116177377377111,333334,333334,3043116177377377111
128,181,hash,all,4,1,2,333334,150,100000000,100000200,62250,237205917,237271625,32854.000,31125.000,2.372054426,237238771.000,2.372382965,3043116177377377111,333334,333334,3043116177377377111
128,181,aho_corasick,all,0,1,2,333334,150,100000000,100000200,11619708,219035583,230739917,5852167.000,5809854.000,2.190351449,224887750.000,2.248873002,3043116177377377111,333334,333334,3043116177377377111
128,181,aho_corasick,all,1,1,2,333334,150,100000000,100000200,10304417,209201458,219596584,5197563.000,5152208.500,2.092010396,214399021.000,2.143985922,3043116177377377111,333334,333334,3043116177377377111
128,181,aho_corasick,all,2,1,2,333334,150,100000000,100000200,10444833,209112334,219633792,5260729.000,5222416.500,2.091119158,214373063.000,2.143726343,3043116177377377111,333334,333334,3043116177377377111
128,181,aho_corasick,all,3,1,2,333334,150,100000000,100000200,10213542,213363958,223650667,5143354.500,5106771.000,2.133635313,218507312.500,2.185068755,3043116177377377111,333334,333334,3043116177377377111
128,181,aho_corasick,all,4,1,2,333334,150,100000000,100000200,10442125,213179417,223675458,5248020.500,5221062.500,2.131789906,218427437.500,2.184270006,3043116177377377111,333334,333334,3043116177377377111
128,215,hash,all,0,1,2,333334,150,100000000,100000200,65542,311317833,311394417,38292.000,32771.000,3.113172104,311356125.000,3.113555023,18076247836076472985,333334,333334,18076247836076472985
128,215,hash,all,1,1,2,333334,150,100000000,100000200,67583,309201208,309271166,34979.000,33791.500,3.092005896,309236187.000,3.092355685,18076247836076472985,333334,333334,18076247836076472985
128,215,hash,all,2,1,2,333334,150,100000000,100000200,58875,304046958,304108750,30896.000,29437.500,3.040463499,304077854.000,3.040772458,18076247836076472985,333334,333334,18076247836076472985
128,215,hash,all,3,1,2,333334,150,100000000,100000200,61459,334222625,334289750,33562.500,30729.500,3.342219566,334256187.500,3.342555190,18076247836076472985,333334,333334,18076247836076472985
128,215,hash,all,4,1,2,333334,150,100000000,100000200,74250,398864041,398943958,39958.500,37125.000,3.988632433,398903999.500,3.989032017,18076247836076472985,333334,333334,18076247836076472985
128,215,aho_corasick,all,0,1,2,333334,150,100000000,100000200,20238125,348515750,368849709,10166979.500,10119062.500,3.485150530,358682729.500,3.586820121,18076247836076472985,333334,333334,18076247836076472985
128,215,aho_corasick,all,1,1,2,333334,150,100000000,100000200,19123250,405964583,425256666,9646041.500,9561625.000,4.059637711,415610624.500,4.156097933,18076247836076472985,333334,333334,18076247836076472985
128,215,aho_corasick,all,2,1,2,333334,150,100000000,100000200,25602708,440437333,466234208,12898437.500,12801354.000,4.404364521,453335770.500,4.533348638,18076247836076472985,333334,333334,18076247836076472985
128,215,aho_corasick,all,3,1,2,333334,150,100000000,100000200,25944208,433827292,459896375,13034541.500,12972104.000,4.338264243,446861833.500,4.468609398,18076247836076472985,333334,333334,18076247836076472985
128,215,aho_corasick,all,4,1,2,333334,150,100000000,100000200,21580375,381489042,403194916,10852937.000,10790187.500,3.814882790,392341979.000,3.923411943,18076247836076472985,333334,333334,18076247836076472985
128,3,hash,all,0,1,64,10418,150,100000000,100012800,82584,205378750,205468541,1402.984,1290.375,2.053524649,205380152.984,2.053538677,8869052170888069620,333376,333376,8869052170888069620
128,3,hash,all,1,1,64,10418,150,100000000,100012800,78375,195164083,195255375,1426.438,1224.609,1.951391052,195165509.438,1.951405314,8869052170888069620,333376,333376,8869052170888069620
128,3,hash,all,2,1,64,10418,150,100000000,100012800,65417,180375208,180445917,1104.828,1022.141,1.803521229,180376312.828,1.803532276,8869052170888069620,333376,333376,8869052170888069620
128,3,hash,all,3,1,64,10418,150,100000000,100012800,41209,175203500,175250167,729.172,643.891,1.751810768,175204229.172,1.751818059,8869052170888069620,333376,333376,8869052170888069620
128,3,hash,all,4,1,64,10418,150,100000000,100012800,43833,180778542,180828250,776.688,684.891,1.807554053,180779318.688,1.807561819,8869052170888069620,333376,333376,8869052170888069620
128,3,aho_corasick,all,0,1,64,10418,150,100000000,100012800,5949625,279872458,285855083,93478.516,92962.891,2.798366389,279965936.516,2.799301055,8869052170888069620,333376,333376,8869052170888069620
128,3,aho_corasick,all,1,1,64,10418,150,100000000,100012800,5518375,276979500,282517167,86526.047,86224.609,2.769440512,277066026.047,2.770305661,8869052170888069620,333376,333376,8869052170888069620
128,3,aho_corasick,all,2,1,64,10418,150,100000000,100012800,5445542,264475125,269940167,85391.281,85086.594,2.644412765,264560516.281,2.645266569,8869052170888069620,333376,333376,8869052170888069620
128,3,aho_corasick,all,3,1,64,10418,150,100000000,100012800,5474042,260404916,265897708,85824.875,85531.906,2.603715884,260490740.875,2.604574023,8869052170888069620,333376,333376,8869052170888069620
128,3,aho_corasick,all,4,1,64,10418,150,100000000,100012800,5201333,266646375,271868250,81591.797,81270.828,2.666122486,266727966.797,2.666938300,8869052170888069620,333376,333376,8869052170888069620
128,38,hash,all,0,1,7,95240,150,100000000,100002000,46250,168442125,168493000,7267.857,6607.143,1.684387562,168449392.857,1.684460239,2640592164890625944,333340,333340,2640592164890625944
128,38,hash,all,1,1,7,95240,150,100000000,100002000,44458,162114375,162163084,6958.429,6351.143,1.621111328,162121333.429,1.621180911,2640592164890625944,333340,333340,2640592164890625944
128,38,hash,all,2,1,7,95240,150,100000000,100002000,39625,161223375,161266333,6136.857,5660.714,1.612201506,161229511.857,1.612262873,2640592164890625944,333340,333340,2640592164890625944
128,38,hash,all,3,1,7,95240,150,100000000,100002000,42958,160298708,160346750,6863.143,6136.857,1.602955021,160305571.143,1.603023651,2640592164890625944,333340,333340,2640592164890625944
128,38,hash,all,4,1,7,95240,150,100000000,100002000,35917,157184458,157224334,5696.571,5131.000,1.571813144,157190154.571,1.571870108,2640592164890625944,333340,333340,2640592164890625944
128,38,aho_corasick,all,0,1,7,95240,150,100000000,100002000,6892375,165718833,172656333,991071.429,984625.000,1.657155187,166709904.429,1.667065703,2640592164890625944,333340,333340,2640592164890625944
128,38,aho_corasick,all,1,1,7,95240,150,100000000,100002000,6834667,171608000,178501125,984732.143,976381.000,1.716045679,172592732.143,1.725892804,2640592164890625944,333340,333340,2640592164890625944
128,38,aho_corasick,all,2,1,7,95240,150,100000000,100002000,7106583,177740417,184894959,1022077.429,1015226.143,1.777368623,178762494.429,1.787589193,2640592164890625944,333340,333340,2640592164890625944
128,38,aho_corasick,all,3,1,7,95240,150,100000000,100002000,7301542,188212458,195558375,1049416.714,1043077.429,1.882086938,189261874.714,1.892580896,2640592164890625944,333340,333340,2640592164890625944
128,38,aho_corasick,all,4,1,7,95240,150,100000000,100002000,8014292,206027000,214086791,1151398.714,1144898.857,2.060228795,207178398.714,2.071742552,2640592164890625944,333340,333340,2640592164890625944
128,45,hash,all,0,1,6,111112,150,100000000,100000800,48333,209465416,209517125,8618.167,8055.500,2.094637403,209474034.167,2.094723584,4574886892499590408,333336,333336,4574886892499590408
128,45,hash,all,1,1,6,111112,150,100000000,100000800,43084,206303000,206349334,7722.333,7180.667,2.063013496,206310722.333,2.063090719,4574886892499590408,333336,333336,4574886892499590408
128,45,hash,all,2,1,6,111112,150,100000000,100000800,47083,206498417,206550125,8618.000,7847.167,2.064967650,206507035.000,2.065053830,4574886892499590408,333336,333336,4574886892499590408
128,45,hash,all,3,1,6,111112,150,100000000,100000800,45541,206246750,206294208,7909.667,7590.167,2.062451000,206254659.667,2.062530096,4574886892499590408,333336,333336,4574886892499590408
128,45,hash,all,4,1,6,111112,150,100000000,100000800,39959,209898291,209941417,7187.667,6659.833,2.098966118,209905478.667,2.099037994,4574886892499590408,333336,333336,4574886892499590408
128,45,aho_corasick,all,0,1,6,111112,150,100000000,100000800,7982709,199792667,207838750,1341013.833,1330451.500,1.997910687,201133680.833,2.011320718,4574886892499590408,333336,333336,4574886892499590408
128,45,aho_corasick,all,1,1,6,111112,150,100000000,100000800,8698958,234553458,243296584,1457187.667,1449826.333,2.345515816,236010645.667,2.360087576,4574886892499590408,333336,333336,4574886892499590408
128,45,aho_corasick,all,2,1,6,111112,150,100000000,100000800,10405792,255785709,266262834,1746187.500,1734298.667,2.557836627,257531896.500,2.575298363,4574886892499590408,333336,333336,4574886892499590408
128,45,aho_corasick,all,3,1,6,111112,150,100000000,100000800,11530208,279468667,291049667,1930166.667,1921701.333,2.794664313,281398833.667,2.813965825,4574886892499590408,333336,333336,4574886892499590408
128,45,aho_corasick,all,4,1,6,111112,150,100000000,100000800,11385000,295961125,307403833,1907118.000,1897500.000,2.959587573,297868243.000,2.978658601,4574886892499590408,333336,333336,4574886892499590408
128,91,hash,all,0,1,3,222224,150,100000000,100000800,75625,362089209,362170416,27069.000,25208.333,3.620863123,362116278.000,3.621133811,8929632798471461399,333336,333336,8929632798471461399
128,91,hash,all,1,1,3,222224,150,100000000,100000800,69458,320936084,321012625,25513.667,23152.667,3.209335165,320961597.667,3.209590300,8929632798471461399,333336,333336,8929632798471461399
128,91,hash,all,2,1,3,222224,150,100000000,100000800,80875,292525375,292609125,27916.667,26958.333,2.925230348,292553291.667,2.925509513,8929632798471461399,333336,333336,8929632798471461399
128,91,hash,all,3,1,3,222224,150,100000000,100000800,55708,305547583,305608417,20278.000,18569.333,3.055451386,305567861.000,3.055654165,8929632798471461399,333336,333336,8929632798471461399
128,91,hash,all,4,1,3,222224,150,100000000,100000800,56541,324696833,324757750,20305.667,18847.000,3.246942354,324717138.667,3.247145410,8929632798471461399,333336,333336,8929632798471461399
128,91,aho_corasick,all,0,1,3,222224,150,100000000,100000800,11917125,324366292,336412958,4015555.333,3972375.000,3.243636971,328381847.333,3.283792203,8929632798471461399,333336,333336,8929632798471461399
128,91,aho_corasick,all,1,1,3,222224,150,100000000,100000800,13404416,333515709,346977417,4487236.000,4468138.667,3.335130409,338002945.000,3.380002410,8929632798471461399,333336,333336,8929632798471461399
128,91,aho_corasick,all,2,1,3,222224,150,100000000,100000800,13271625,332132042,345488917,4452291.667,4423875.000,3.321293850,336584333.667,3.365816410,8929632798471461399,333336,333336,8929632798471461399
128,91,aho_corasick,all,3,1,3,222224,150,100000000,100000800,13563500,334981458,348595666,4538069.333,4521166.667,3.349787782,339519527.333,3.395168112,8929632798471461399,333336,333336,8929632798471461399
128,91,aho_corasick,all,4,1,3,222224,150,100000000,100000800,11792291,302076667,313942667,3955333.333,3930763.667,3.020742504,306032000.333,3.060295521,8929632798471461399,333336,333336,8929632798471461399
14,8,hash,all,0,1,32,20834,150,100000000,100003200,31792,240500083,240536084,1125.031,993.500,2.404923872,240501208.031,2.404935122,12753543703126299394,333347,333350,12753543703126299394
14,8,hash,all,1,1,32,20834,150,100000000,100003200,18167,243165666,243189458,743.500,567.719,2.431578849,243166409.500,2.431586284,12753543703126299394,333347,333350,12753543703126299394
14,8,hash,all,2,1,32,20834,150,100000000,100003200,37458,269481875,269523666,1305.969,1170.562,2.694732519,269483180.969,2.694745578,12753543703126299394,333347,333350,12753543703126299394
14,8,hash,all,3,1,32,20834,150,100000000,100003200,33083,266471833,266513000,1286.469,1033.844,2.664633062,266473119.469,2.664645926,12753543703126299394,333347,333350,12753543703126299394
14,8,hash,all,4,1,32,20834,150,100000000,100003200,31333,285077625,285114417,1149.750,979.156,2.850685028,285078774.750,2.850696525,12753543703126299394,333347,333350,12753543703126299394
14,8,aho_corasick,all,0,1,32,20834,150,100000000,100003200,1408125,164367709,165819250,45360.656,44003.906,1.643624494,164413069.656,1.644078086,12753543703126299394,333347,333350,12753543703126299394
14,8,aho_corasick,all,1,1,32,20834,150,100000000,100003200,1215750,161386958,162627834,38777.375,37992.188,1.613817938,161425735.375,1.614205699,12753543703126299394,333347,333350,12753543703126299394
14,8,aho_corasick,all,2,1,32,20834,150,100000000,100003200,1184333,161679250,162887834,37768.250,37010.406,1.616740764,161717018.250,1.617118435,12753543703126299394,333347,333350,12753543703126299394
14,8,aho_corasick,all,3,1,32,20834,150,100000000,100003200,1268542,165541291,166849083,40868.500,39641.938,1.655359938,165582159.500,1.655768610,12753543703126299394,333347,333350,12753543703126299394
14,8,aho_corasick,all,4,1,32,20834,150,100000000,100003200,1242375,161551125,162820084,39654.969,38824.219,1.615459555,161590779.969,1.615856092,12753543703126299394,333347,333350,12753543703126299394
14,8,bndmq,all,0,1,32,20834,150,100000000,100003200,83709,164476916,164563042,2691.438,2615.906,1.644716529,164479607.438,1.644743443,12753543703126299394,333347,333350,12753543703126299394
14,8,bndmq,all,1,1,32,20834,150,100000000,100003200,49709,169048416,169101209,1649.781,1553.406,1.690430066,169050065.781,1.690446564,12753543703126299394,333347,333350,12753543703126299394
14,8,bndmq,all,2,1,32,20834,150,100000000,100003200,45041,168900708,168948833,1503.906,1407.531,1.688953034,168902211.906,1.688968072,12753543703126299394,333347,333350,12753543703126299394
14,8,bndmq,all,3,1,32,20834,150,100000000,100003200,89375,168586916,168679042,2878.938,2792.969,1.685815214,168589794.938,1.685844002,12753543703126299394,333347,333350,12753543703126299394
14,8,bndmq,all,4,1,32,20834,150,100000000,100003200,53458,171821083,171877250,1755.219,1670.562,1.718155849,171822838.219,1.718173401,12753543703126299394,333347,333350,12753543703126299394
15,8,aho_corasick,all,0,1,32,20834,150,100000000,100003200,1066458,126986125,128080500,34199.219,33326.812,1.269820616,127020324.219,1.270162597,13457228446878677419,333344,333345,13457228446878677419
15,8,aho_corasick,all,1,1,32,20834,150,100000000,100003200,996625,124226375,125245250,31839.844,31144.531,1.242223999,124258214.844,1.242542387,13457228446878677419,333344,333345,13457228446878677419
15,8,aho_corasick,all,2,1,32,20834,150,100000000,100003200,994125,124869084,125880250,31598.938,31066.406,1.248650883,124900682.938,1.248966862,13457228446878677419,333344,333345,13457228446878677419
15,8,aho_corasick,all,3,1,32,20834,150,100000000,100003200,960750,123859500,124836333,30526.031,30023.438,1.238555366,123890026.031,1.238860617,13457228446878677419,333344,333345,13457228446878677419
15,8,aho_corasick,all,4,1,32,20834,150,100000000,100003200,1028625,124416750,125470250,32921.875,32144.531,1.244127688,124449671.875,1.244456896,13457228446878677419,333344,333345,13457228446878677419
15,8,hash,all,0,1,32,20834,150,100000000,100003200,40625,205987791,206033000,1412.781,1269.531,2.059811996,205989203.781,2.059826123,13457228446878677419,333344,333345,13457228446878677419
15,8,hash,all,1,1,32,20834,150,100000000,100003200,24458,207710250,207739583,916.656,764.312,2.077036035,207711166.656,2.077045201,13457228446878677419,333344,333345,13457228446878677419
15,8,hash,all,2,1,32,20834,150,100000000,100003200,32875,205424917,205462375,1170.562,1027.344,2.054183436,205426087.562,2.054195141,13457228446878677419,333344,333345,13457228446878677419
15,8,hash,all,3,1,32,20834,150,100000000,100003200,25625,203172208,203202542,947.938,800.781,2.031657067,203173155.938,2.031666546,13457228446878677419,333344,333345,13457228446878677419
15,8,hash,all,4,1,32,20834,150,100000000,100003200,24042,203464666,203493500,901.062,751.312,2.034581553,203465567.062,2.034590564,13457228446878677419,333344,333345,13457228446878677419
15,8,bndmq,all,0,1,32,20834,150,100000000,100003200,61541,123241083,123304666,1986.969,1923.156,1.232371394,123243069.969,1.232391263,13457228446878677419,333344,333345,13457228446878677419
15,8,bndmq,all,1,1,32,20834,150,100000000,100003200,62000,121787375,121851917,2016.938,1937.500,1.217834779,121789391.938,1.217854948,13457228446878677419,333344,333345,13457228446878677419
15,8,bndmq,all,2,1,32,20834,150,100000000,100003200,43625,122069750,122115125,1417.969,1363.281,1.220658439,122071167.969,1.220672618,13457228446878677419,333344,333345,13457228446878677419
15,8,bndmq,all,3,1,32,20834,150,100000000,100003200,42334,124680041,124726167,1441.438,1322.938,1.246760514,124681482.438,1.246774928,13457228446878677419,333344,333345,13457228446878677419
15,8,bndmq,all,4,1,32,20834,150,100000000,100003200,74791,121927584,122004583,2406.219,2337.219,1.219236824,121929990.219,1.219260886,13457228446878677419,333344,333345,13457228446878677419
16,11,hash,all,0,1,24,27778,150,100000000,100000800,30958,375125500,375160959,1477.458,1289.917,3.751224990,375126977.458,3.751239765,10935755049391634046,333337,333337,10935755049391634046
16,11,hash,all,1,1,24,27778,150,100000000,100000800,19041,378767958,378792375,1017.375,793.375,3.787649279,378768975.375,3.787659452,10935755049391634046,333337,333337,10935755049391634046
16,11,hash,all,2,1,24,27778,150,100000000,100000800,25500,362210375,362241583,1300.333,1062.500,3.622074773,362211675.333,3.622087777,10935755049391634046,333337,333337,10935755049391634046
16,11,hash,all,3,1,24,27778,150,100000000,100000800,31167,407793667,407830167,1520.833,1298.625,4.077904047,407795187.833,4.077919255,10935755049391634046,333337,333337,10935755049391634046
16,11,hash,all,4,1,24,27778,150,100000000,100000800,23875,381370291,381401000,1279.542,994.792,3.813672401,381371570.542,3.813685196,10935755049391634046,333337,333337,10935755049391634046
16,11,aho_corasick,all,0,1,24,27778,150,100000000,100000800,1572750,172337500,173940333,66784.708,65531.250,1.723361213,172404284.708,1.724029055,10935755049391634046,333337,333337,10935755049391634046
16,11,aho_corasick,all,1,1,24,27778,150,100000000,100000800,1306417,157055375,158390417,55626.750,54434.042,1.570541186,157111001.750,1.571097449,10935755049391634046,333337,333337,10935755049391634046
16,11,aho_corasick,all,2,1,24,27778,150,100000000,100000800,1188375,149965708,151174958,50385.417,49515.625,1.499645083,150016093.417,1.500148933,10935755049391634046,333337,333337,10935755049391634046
16,11,aho_corasick,all,3,1,24,27778,150,100000000,100000800,1256542,144075042,145358541,53479.125,52355.917,1.440738894,144128521.125,1.441273681,10935755049391634046,333337,333337,10935755049391634046
16,11,aho_corasick,all,4,1,24,27778,150,100000000,100000800,1147834,143713875,144887500,48901.042,47826.417,1.437127253,143762776.042,1.437616259,10935755049391634046,333337,333337,10935755049391634046
16,11,bndmq,all,0,1,24,27778,150,100000000,100000800,97041,188398417,188497625,4133.667,4043.375,1.883969098,188402550.667,1.884010435,10935755049391634046,333337,333337,10935755049391634046
16,11,bndmq,all,1,1,24,27778,150,100000000,100000800,68083,186446625,186517625,2958.333,2836.792,1.864451334,186449583.333,1.864480917,10935755049391634046,333337,333337,10935755049391634046
16,11,bndmq,all,2,1,24,27778,150,100000000,100000800,81500,186377334,186461458,3505.167,3395.833,1.863758430,186380839.167,1.863793481,10935755049391634046,333337,333337,10935755049391634046
16,11,bndmq,all,3,1,24,27778,150,100000000,100000800,86875,195389084,195478291,3716.958,3619.792,1.953875209,195392800.958,1.953912378,10935755049391634046,333337,333337,10935755049391634046
16,11,bndmq,all,4,1,24,27778,150,100000000,100000800,56792,199421208,199480250,2460.083,2366.333,1.994196126,199423668.083,1.994220727,10935755049391634046,333337,333337,10935755049391634046
16,3162,hash,all,0,1,1,666668,150,100000000,100000200,73209,895311459,895392125,80666.000,73209.000,8.953096684,895392125.000,8.953903342,11880516755797467499,333364,333401,11880516755797467499
16,3162,hash,all,1,1,1,666668,150,100000000,100000200,63875,892225791,892311583,85792.000,63875.000,8.922240066,892311583.000,8.923097984,11880516755797467499,333364,333401,11880516755797467499
16,3162,hash,all,2,1,1,666668,150,100000000,100000200,74500,934616708,934698042,81334.000,74500.000,9.346148388,934698042.000,9.346961726,11880516755797467499,333364,333401,11880516755797467499
16,3162,hash,all,3,1,1,666668,150,100000000,100000200,78833,838824875,838911583,86708.000,78833.000,8.388231974,838911583.000,8.389099052,11880516755797467499,333364,333401,11880516755797467499
16,3162,hash,all,4,1,1,666668,150,100000000,100000200,47208,812932583,812986292,53709.000,47208.000,8.129309571,812986292.000,8.129846660,11880516755797467499,333364,333401,11880516755797467499
16,3162,aho_corasick,all,0,1,1,666668,150,100000000,100000200,11285958,406022500,417794375,11771875.000,11285958.000,4.060216880,417794375.000,4.177935394,11880516755797467499,333364,333401,11880516755797467499
16,3162,aho_corasick,all,1,1,1,666668,150,100000000,100000200,11188334,413225625,424574208,11348583.000,11188334.000,4.132247986,424574208.000,4.245733589,11880516755797467499,333364,333401,11880516755797467499
16,3162,aho_corasick,all,2,1,1,666668,150,100000000,100000200,11281334,408623834,420093917,11470083.000,11281334.000,4.086230168,420093917.000,4.200930768,11880516755797467499,333364,333401,11880516755797467499
16,3162,aho_corasick,all,3,1,1,666668,150,100000000,100000200,10476250,401220209,411883708,10663499.000,10476250.000,4.012194066,411883708.000,4.118828842,11880516755797467499,333364,333401,11880516755797467499
16,3162,aho_corasick,all,4,1,1,666668,150,100000000,100000200,10144959,400004709,410330084,10325375.000,10144959.000,4.000039090,410330084.000,4.103292633,11880516755797467499,333364,333401,11880516755797467499
16,5623,hash,all,0,1,1,666668,150,100000000,100000200,84833,482052875,482147875,95000.000,84833.000,4.820519109,482147875.000,4.821469107,14426970774559737571,333384,333446,14426970774559737571
16,5623,hash,all,1,1,1,666668,150,100000000,100000200,91292,478456125,478560000,103875.000,91292.000,4.784551681,478560000.000,4.785590429,14426970774559737571,333384,333446,14426970774559737571
16,5623,hash,all,2,1,1,666668,150,100000000,100000200,93334,484948584,485058208,109624.000,93334.000,4.849476141,485058208.000,4.850572379,14426970774559737571,333384,333446,14426970774559737571
16,5623,hash,all,3,1,1,666668,150,100000000,100000200,112834,477703750,477826417,122667.000,112834.000,4.777027946,477826417.000,4.778254613,14426970774559737571,333384,333446,14426970774559737571
16,5623,hash,all,4,1,1,666668,150,100000000,100000200,67667,476081625,476158292,76667.000,67667.000,4.760806728,476158292.000,4.761573397,14426970774559737571,333384,333446,14426970774559737571
16,5623,aho_corasick,all,0,1,1,666668,150,100000000,100000200,18377792,491807833,510400334,18592501.000,18377792.000,4.918068494,510400334.000,5.103993132,14426970774559737571,333384,333446,14426970774559737571
16,5623,aho_corasick,all,1,1,1,666668,150,100000000,100000200,17465166,463053209,480724375,17671166.000,17465166.000,4.630522829,480724375.000,4.807234136,14426970774559737571,333384,333446,14426970774559737571
16,5623,aho_corasick,all,2,1,1,666668,150,100000000,100000200,17495500,454988375,472697000,17708625.000,17495500.000,4.549874650,472697000.000,4.726960546,14426970774559737571,333384,333446,14426970774559737571
16,5623,aho_corasick,all,3,1,1,666668,150,100000000,100000200,17200333,477815125,495215875,17400750.000,17200333.000,4.778141694,495215875.000,4.952148846,14426970774559737571,333384,333446,14426970774559737571
16,5623,aho_corasick,all,4,1,1,666668,150,100000000,100000200,17594708,435126792,452955917,17829125.000,17594708.000,4.351259217,452955917.000,4.529550111,14426970774559737571,333384,333446,14426970774559737571
16,9,bndmq,all,0,1,29,22990,150,100000000,100006500,72916,127756708,127833333,2642.241,2514.345,1.277484044,127759350.241,1.277510464,178449341953684528,333355,333355,178449341953684528
16,9,bndmq,all,1,1,29,22990,150,100000000,100006500,62083,127973708,128038291,2227.000,2140.793,1.279653902,127975935.000,1.279676171,178449341953684528,333355,333355,178449341953684528
16,9,bndmq,all,2,1,29,22990,150,100000000,100006500,66125,128324500,128392584,2347.724,2280.172,1.283161594,128326847.724,1.283185070,178449341953684528,333355,333355,178449341953684528
16,9,bndmq,all,3,1,29,22990,150,100000000,100006500,42667,130379459,130424333,1547.379,1471.276,1.303709849,130381006.379,1.303725322,178449341953684528,333355,333355,178449341953684528
16,9,bndmq,all,4,1,29,22990,150,100000000,100006500,49625,131076333,131128542,1800.310,1711.207,1.310678136,131078133.310,1.310696138,178449341953684528,333355,333355,178449341953684528
16,9,hash,all,0,1,29,22990,150,100000000,100006500,33250,225189375,225228250,1340.517,1146.552,2.251747386,225190715.517,2.251760791,178449341953684528,333355,333355,178449341953684528
16,9,hash,all,1,1,29,22990,150,100000000,100006500,15208,212961583,212980666,658.034,524.414,2.129477414,212962241.034,2.129483994,178449341953684528,333355,333355,178449341953684528
16,9,hash,all,2,1,29,22990,150,100000000,100006500,16666,218221417,218247166,887.897,574.690,2.182072335,218222304.897,2.182081214,178449341953684528,333355,333355,178449341953684528
16,9,hash,all,3,1,29,22990,150,100000000,100006500,31583,219553209,219590625,1290.207,1089.069,2.195389390,219554499.207,2.195402291,178449341953684528,333355,333355,178449341953684528
16,9,hash,all,4,1,29,22990,150,100000000,100006500,27041,215091000,215131458,1395.103,932.448,2.150770200,215092395.103,2.150784150,178449341953684528,333355,333355,178449341953684528
16,9,aho_corasick,all,0,1,29,22990,150,100000000,100006500,1105750,127115042,128241417,38840.517,38129.310,1.271067801,127153882.517,1.271456181,178449341953684528,333355,333355,178449341953684528
16,9,aho_corasick,all,1,1,29,22990,150,100000000,100006500,1084500,124331083,125448375,38527.310,37396.552,1.243230020,124369610.310,1.243615268,178449341953684528,333355,333355,178449341953684528
16,9,aho_corasick,all,2,1,29,22990,150,100000000,100006500,1092208,126263459,127373292,38270.103,37662.345,1.262552524,126301729.103,1.262935200,178449341953684528,333355,333355,178449341953684528
16,9,aho_corasick,all,3,1,29,22990,150,100000000,100006500,1035375,123745375,124799209,36339.103,35702.586,1.237373321,123781714.103,1.237736688,178449341953684528,333355,333355,178449341953684528
16,9,aho_corasick,all,4,1,29,22990,150,100000000,100006500,991209,123878458,124885875,34738.517,34179.621,1.238704064,123913196.517,1.239051427,178449341953684528,333355,333355,178449341953684528
18,11,bndmq,all,0,1,24,27778,150,100000000,100000800,79542,134316000,134399250,3468.750,3314.250,1.343149255,134319468.750,1.343183942,6116419555140534333,333336,333336,6116419555140534333
18,11,bndmq,all,1,1,24,27778,150,100000000,100000800,65125,132225875,132293709,2826.417,2713.542,1.322248172,132228701.417,1.322276436,6116419555140534333,333336,333336,6116419555140534333
18,11,bndmq,all,2,1,24,27778,150,100000000,100000800,74458,134650083,134728417,3263.917,3102.417,1.346490058,134653346.917,1.346522697,6116419555140534333,333336,333336,6116419555140534333
18,11,bndmq,all,3,1,24,27778,150,100000000,100000800,83750,133716333,133801417,3545.167,3489.583,1.337152633,133719878.167,1.337188084,6116419555140534333,333336,333336,6116419555140534333
18,11,bndmq,all,4,1,24,27778,150,100000000,100000800,36458,133275666,133314291,1609.375,1519.083,1.332745998,133277275.375,1.332762092,6116419555140534333,333336,333336,6116419555140534333
18,11,hash,all,0,1,24,27778,150,100000000,100000800,44042,282595708,282645000,2053.833,1835.083,2.825934473,282597761.833,2.825955011,6116419555140534333,333336,333336,6116419555140534333
18,11,hash,all,1,1,24,27778,150,100000000,100000800,30833,276751458,276785917,1435.792,1284.708,2.767492440,276752893.792,2.767506798,6116419555140534333,333336,333336,6116419555140534333
18,11,hash,all,2,1,24,27778,150,100000000,100000800,27917,276172542,276208417,1494.792,1163.208,2.761703326,276174036.792,2.761718274,6116419555140534333,333336,333336,6116419555140534333
18,11,hash,all,3,1,24,27778,150,100000000,100000800,22458,276340375,276366375,1083.333,935.750,2.763381643,276341458.333,2.763392476,6116419555140534333,333336,333336,6116419555140534333
18,11,hash,all,4,1,24,27778,150,100000000,100000800,20917,275590125,275615833,1071.167,871.542,2.755879203,275591196.167,2.755889915,6116419555140534333,333336,333336,6116419555140534333
18,11,aho_corasick,all,0,1,24,27778,150,100000000,100000800,1204209,128149666,129372625,50956.625,50175.375,1.281486408,128200622.625,1.281995970,6116419555140534333,333336,333336,6116419555140534333
18,11,aho_corasick,all,1,1,24,27778,150,100000000,100000800,1120625,125755375,126892000,47359.375,46692.708,1.257543690,125802734.375,1.258017280,6116419555140534333,333336,333336,6116419555140534333
18,11,aho_corasick,all,2,1,24,27778,150,100000000,100000800,1141667,128565667,129724125,48269.083,47569.458,1.285646385,128613936.083,1.286129072,6116419555140534333,333336,333336,6116419555140534333
18,11,aho_corasick,all,3,1,24,27778,150,100000000,100000800,1148708,128409083,129570958,48411.458,47862.833,1.284080557,128457494.458,1.284564668,6116419555140534333,333336,333336,6116419555140534333
18,11,aho_corasick,all,4,1,24,27778,150,100000000,100000800,1113250,126261917,127388750,46951.375,46385.417,1.262609069,126308868.375,1.263078579,6116419555140534333,333336,333336,6116419555140534333
20,11,bndmq,all,0,1,24,27778,150,100000000,100000800,78416,124423917,124506375,3435.750,3267.333,1.244229216,124427352.750,1.244263573,1630018436444667844,333336,333336,1630018436444667844
20,11,bndmq,all,1,1,24,27778,150,100000000,100000800,66458,123925583,123994791,2883.667,2769.083,1.239245916,123928466.667,1.239274752,1630018436444667844,333336,333336,1630018436444667844
20,11,bndmq,all,2,1,24,27778,150,100000000,100000800,81500,133076666,133160125,3477.458,3395.833,1.330756014,133080143.458,1.330790788,1630018436444667844,333336,333336,1630018436444667844
20,11,bndmq,all,3,1,24,27778,150,100000000,100000800,54084,135053250,135109375,2338.542,2253.500,1.350521696,135055588.542,1.350545081,1630018436444667844,333336,333336,1630018436444667844
20,11,bndmq,all,4,1,24,27778,150,100000000,100000800,67709,136817791,136887709,2913.250,2821.208,1.368166965,136820704.250,1.368196097,1630018436444667844,333336,333336,1630018436444667844
20,11,hash,all,0,1,24,27778,150,100000000,100000800,24000,310217375,310250125,1364.583,1000.000,3.102148933,310218739.583,3.102162579,1630018436444667844,333336,333336,1630018436444667844
20,11,hash,all,1,1,24,27778,150,100000000,100000800,27583,349796667,349829291,1359.333,1149.292,3.497938686,349798026.333,3.497952280,1630018436444667844,333336,333336,1630018436444667844
20,11,hash,all,2,1,24,27778,150,100000000,100000800,32334,386808375,386857250,2036.458,1347.250,3.868052806,386810411.458,3.868073170,1630018436444667844,333336,333336,1630018436444667844
20,11,hash,all,3,1,24,27778,150,100000000,100000800,55625,401086708,401148125,2559.042,2317.708,4.010834993,401089267.042,4.010860584,1630018436444667844,333336,333336,1630018436444667844
20,11,hash,all,4,1,24,27778,150,100000000,100000800,24209,376250625,376280916,1262.125,1008.708,3.762476150,376251887.125,3.762488771,1630018436444667844,333336,333336,1630018436444667844
20,11,aho_corasick,all,0,1,24,27778,150,100000000,100000800,1656833,163483416,165167250,70159.750,69034.708,1.634821081,163553575.750,1.635522673,1630018436444667844,333336,333336,1630018436444667844
20,11,aho_corasick,all,1,1,24,27778,150,100000000,100000800,1678833,171404500,173108417,70996.542,69951.375,1.714031288,171475496.542,1.714741247,1630018436444667844,333336,333336,1630018436444667844
20,11,aho_corasick,all,2,1,24,27778,150,100000000,100000800,1707667,174015584,175744167,72024.292,71152.792,1.740141919,174087608.292,1.740862156,1630018436444667844,333336,333336,1630018436444667844
20,11,aho_corasick,all,3,1,24,27778,150,100000000,100000800,1892417,191846250,193769792,80147.583,78850.708,1.918447152,191926397.583,1.919248622,1630018436444667844,333336,333336,1630018436444667844
20,11,aho_corasick,all,4,1,24,27778,150,100000000,100000800,2176500,218842417,221052458,92085.042,90687.500,2.188406663,218934502.042,2.189327506,1630018436444667844,333336,333336,1630018436444667844
20,13,hash,all,0,1,20,33334,150,100000000,100002000,53959,415395584,415454250,2933.300,2697.950,4.153872763,415398517.300,4.153902095,13034297608939342708,333340,333340,13034297608939342708
20,13,hash,all,1,1,20,33334,150,100000000,100002000,56167,413345666,413405000,2966.700,2808.350,4.133373993,413348632.700,4.133403659,13034297608939342708,333340,333340,13034297608939342708
20,13,hash,all,2,1,20,33334,150,100000000,100002000,42708,409226708,409273500,2339.600,2135.400,4.092185236,409229047.600,4.092208632,13034297608939342708,333340,333340,13034297608939342708
20,13,hash,all,3,1,20,33334,150,100000000,100002000,27792,409102709,409134458,1587.450,1389.600,4.090945271,409104296.450,4.090961145,13034297608939342708,333340,333340,13034297608939342708
20,13,hash,all,4,1,20,33334,150,100000000,100002000,29875,412331917,412365625,1685.400,1493.750,4.123236705,412333602.400,4.123253559,13034297608939342708,333340,333340,13034297608939342708
20,13,aho_corasick,all,0,1,20,33334,150,100000000,100002000,1200500,126011417,127233041,61081.200,60025.000,1.260088968,126072498.200,1.260699768,13034297608939342708,333340,333340,13034297608939342708
20,13,aho_corasick,all,1,1,20,33334,150,100000000,100002000,1158666,125741083,126917833,58837.500,57933.300,1.257385682,125799920.500,1.257974046,13034297608939342708,333340,333340,13034297608939342708
20,13,aho_corasick,all,2,1,20,33334,150,100000000,100002000,1179792,124708125,125904542,59820.850,58989.600,1.247056309,124767945.850,1.247654505,13034297608939342708,333340,333340,13034297608939342708
20,13,aho_corasick,all,3,1,20,33334,150,100000000,100002000,1113625,124069792,125198042,56412.500,55681.250,1.240673107,124126204.500,1.241237220,13034297608939342708,333340,333340,13034297608939342708
20,13,aho_corasick,all,4,1,20,33334,150,100000000,100002000,1151208,124448167,125616042,58393.750,57560.400,1.244456781,124506560.750,1.245040707,13034297608939342708,333340,333340,13034297608939342708
20,13,bndmq,all,0,1,20,33334,150,100000000,100002000,75750,167474375,167552250,3893.750,3787.500,1.674710256,167478268.750,1.674749193,13034297608939342708,333340,333340,13034297608939342708
20,13,bndmq,all,1,1,20,33334,150,100000000,100002000,68292,144024083,144094625,3527.100,3414.600,1.440212026,144027610.100,1.440247296,13034297608939342708,333340,333340,13034297608939342708
20,13,bndmq,all,2,1,20,33334,150,100000000,100002000,74417,143054291,143130750,3822.950,3720.850,1.430514300,143058113.950,1.430552528,13034297608939342708,333340,333340,13034297608939342708
20,13,bndmq,all,3,1,20,33334,150,100000000,100002000,81834,142433166,142517209,4202.150,4091.700,1.424303174,142437368.150,1.424345195,13034297608939342708,333340,333340,13034297608939342708
20,13,bndmq,all,4,1,20,33334,150,100000000,100002000,49666,142218959,142270625,2583.300,2483.300,1.422161147,142221542.300,1.422186979,13034297608939342708,333340,333340,13034297608939342708
20,3162,hash,all,0,1,1,666668,150,100000000,100000200,82334,1008679000,1008770541,91541.000,82334.000,10.086769826,1008770541.000,10.087685235,17975890719011960645,333334,333334,17975890719011960645
20,3162,hash,all,1,1,1,666668,150,100000000,100000200,72250,986021542,986101459,79917.000,72250.000,9.860195700,986101459.000,9.860994868,17975890719011960645,333334,333334,17975890719011960645
20,3162,hash,all,2,1,1,666668,150,100000000,100000200,95917,951247667,951351167,103500.000,95917.000,9.512457645,951351167.000,9.513492643,17975890719011960645,333334,333334,17975890719011960645
20,3162,hash,all,3,1,1,666668,150,100000000,100000200,86916,921323958,921417958,94000.000,86916.000,9.213221154,921417958.000,9.214161152,17975890719011960645,333334,333334,17975890719011960645
20,3162,hash,all,4,1,1,666668,150,100000000,100000200,58917,1101428625,1101496375,67750.000,58917.000,11.014264221,1101496375.000,11.014941720,17975890719011960645,333334,333334,17975890719011960645
20,3162,aho_corasick,all,0,1,1,666668,150,100000000,100000200,17603375,494436333,512267041,17830708.000,17603375.000,4.944353441,512267041.000,5.122660165,17975890719011960645,333334,333334,17975890719011960645
20,3162,aho_corasick,all,1,1,1,666668,150,100000000,100000200,15734208,430987958,447025708,16037750.000,15734208.000,4.309870960,447025708.000,4.470248140,17975890719011960645,333334,333334,17975890719011960645
20,3162,aho_corasick,all,2,1,1,666668,150,100000000,100000200,14904833,447244875,462336458,15091583.000,14904833.000,4.472439805,462336458.000,4.623355333,17975890719011960645,333334,333334,17975890719011960645
20,3162,aho_corasick,all,3,1,1,666668,150,100000000,100000200,13972500,370733750,384950417,14216667.000,13972500.000,3.707330085,384950417.000,3.849496471,17975890719011960645,333334,333334,17975890719011960645
20,3162,aho_corasick,all,4,1,1,666668,150,100000000,100000200,13374166,380918250,394511250,13593000.000,13374166.000,3.809174882,394511250.000,3.945104610,17975890719011960645,333334,333334,17975890719011960645
20,5623,hash,all,0,1,1,666668,150,100000000,100000200,103792,452451375,452566250,114875.000,103792.000,4.524504701,452566250.000,4.525653449,2194583320622145610,333334,333335,2194583320622145610
20,5623,hash,all,1,1,1,666668,150,100000000,100000200,86708,450988500,451086416,97916.000,86708.000,4.509875980,451086416.000,4.510855138,2194583320622145610,333334,333335,2194583320622145610
20,5623,hash,all,2,1,1,666668,150,100000000,100000200,106958,450495708,450613833,118125.000,106958.000,4.504948070,450613833.000,4.506129318,2194583320622145610,333334,333335,2194583320622145610
20,5623,hash,all,3,1,1,666668,150,100000000,100000200,112667,456319584,456460083,140499.000,112667.000,4.563186714,456460083.000,4.564591701,2194583320622145610,333334,333335,2194583320622145610
20,5623,hash,all,4,1,1,666668,150,100000000,100000200,106375,473869834,473987500,117666.000,106375.000,4.738688863,473987500.000,4.739865520,2194583320622145610,333334,333335,2194583320622145610
20,5623,aho_corasick,all,0,1,1,666668,150,100000000,100000200,23711459,505681500,529603708,23922208.000,23711459.000,5.056804886,529603708.000,5.296026488,2194583320622145610,333334,333335,2194583320622145610
20,5623,aho_corasick,all,1,1,1,666668,150,100000000,100000200,24099541,493081708,517453750,24372042.000,24099541.000,4.930807218,517453750.000,5.174527151,2194583320622145610,333334,333335,2194583320622145610
20,5623,aho_corasick,all,2,1,1,666668,150,100000000,100000200,23845709,485179792,509260000,24080208.000,23845709.000,4.851788216,509260000.000,5.092589815,2194583320622145610,333334,333335,2194583320622145610
20,5623,aho_corasick,all,3,1,1,666668,150,100000000,100000200,23606833,458637750,482522917,23885167.000,23606833.000,4.586368327,482522917.000,4.825219520,2194583320622145610,333334,333335,2194583320622145610
20,5623,aho_corasick,all,4,1,1,666668,150,100000000,100000200,23141000,478115959,501527125,23411166.000,23141000.000,4.781150028,501527125.000,5.015261219,2194583320622145610,333334,333335,2194583320622145610
24,11,bndmq,all,0,1,24,27778,150,100000000,100000800,152084,162024417,162178958,6439.208,6336.833,1.620231208,162030856.208,1.620295600,15626354441059486085,333336,333336,15626354441059486085
24,11,bndmq,all,1,1,24,27778,150,100000000,100000800,62167,145965333,146031125,2741.333,2590.292,1.459641653,145968074.333,1.459669066,15626354441059486085,333336,333336,15626354441059486085
24,11,bndmq,all,2,1,24,27778,150,100000000,100000800,71250,138771833,138844917,3045.167,2968.750,1.387707228,138774878.167,1.387737680,15626354441059486085,333336,333336,15626354441059486085
24,11,bndmq,all,3,1,24,27778,150,100000000,100000800,49791,143992792,144044375,2149.292,2074.625,1.439916401,143994941.292,1.439937893,15626354441059486085,333336,333336,15626354441059486085
24,11,bndmq,all,4,1,24,27778,150,100000000,100000800,58791,143184625,143245291,2527.750,2449.625,1.431834795,143187152.750,1.431860073,15626354441059486085,333336,333336,15626354441059486085
24,11,hash,all,0,1,24,27778,150,100000000,100000800,83458,334214625,334302750,3671.875,3477.417,3.342119513,334218296.875,3.342156232,15626354441059486085,333336,333336,15626354441059486085
24,11,hash,all,1,1,24,27778,150,100000000,100000800,47708,317312583,317365417,2201.417,1987.833,3.173100445,317314784.417,3.173122459,15626354441059486085,333336,333336,15626354441059486085
24,11,hash,all,2,1,24,27778,150,100000000,100000800,18417,327416500,327439375,953.125,767.375,3.274138807,327417453.125,3.274148338,15626354441059486085,333336,333336,15626354441059486085
24,11,hash,all,3,1,24,27778,150,100000000,100000800,28666,321987875,322023083,1467.000,1194.417,3.219852991,321989342.000,3.219867661,15626354441059486085,333336,333336,15626354441059486085
24,11,hash,all,4,1,24,27778,150,100000000,100000800,39250,347668250,347713042,1866.333,1635.417,3.476654687,347670116.333,3.476673350,15626354441059486085,333336,333336,15626354441059486085
24,11,aho_corasick,all,0,1,24,27778,150,100000000,100000800,2216250,179021958,181280916,94123.250,92343.750,1.790205258,179116081.250,1.791146483,15626354441059486085,333336,333336,15626354441059486085
24,11,aho_corasick,all,1,1,24,27778,150,100000000,100000800,2078250,163993666,166089084,87309.083,86593.750,1.639923541,164080975.083,1.640796624,15626354441059486085,333336,333336,15626354441059486085
24,11,aho_corasick,all,2,1,24,27778,150,100000000,100000800,1778666,158062958,159860000,74876.750,74111.083,1.580616935,158137834.750,1.581365697,15626354441059486085,333336,333336,15626354441059486085
24,11,aho_corasick,all,3,1,24,27778,150,100000000,100000800,1737209,156335625,158088208,73024.292,72383.708,1.563343743,156408649.292,1.564073980,15626354441059486085,333336,333336,15626354441059486085
24,11,aho_corasick,all,4,1,24,27778,150,100000000,100000800,1764459,164292792,166076917,74338.542,73519.125,1.642914777,164367130.542,1.643658156,15626354441059486085,333336,333336,15626354441059486085
24,13,aho_corasick,all,0,1,20,33334,150,100000000,100002000,1394375,126189959,127607042,70854.150,69718.750,1.261874353,126260813.150,1.262582880,16106174259094367862,333340,333340,16106174259094367862
24,13,aho_corasick,all,1,1,20,33334,150,100000000,100002000,1379958,123917125,125312042,69745.850,68997.900,1.239146467,123986870.850,1.239843912,16106174259094367862,333340,333340,16106174259094367862
24,13,aho_corasick,all,2,1,20,33334,150,100000000,100002000,1384292,127607292,129008375,70054.150,69214.600,1.276047399,127677346.150,1.276747927,16106174259094367862,333340,333340,16106174259094367862
24,13,aho_corasick,all,3,1,20,33334,150,100000000,100002000,1368791,125119583,126501958,69118.750,68439.550,1.251170807,125188701.750,1.251861980,16106174259094367862,333340,333340,16106174259094367862
24,13,aho_corasick,all,4,1,20,33334,150,100000000,100002000,1399084,124638292,126054000,70785.400,69954.200,1.246357993,124709077.400,1.247065833,16106174259094367862,333340,333340,16106174259094367862
24,13,bndmq,all,0,1,20,33334,150,100000000,100002000,88625,122903792,122994500,4535.400,4431.250,1.229013340,122908327.400,1.229058693,16106174259094367862,333340,333340,16106174259094367862
24,13,bndmq,all,1,1,20,33334,150,100000000,100002000,66959,118987666,119056625,3447.950,3347.950,1.189852863,118991113.950,1.189887342,16106174259094367862,333340,333340,16106174259094367862
24,13,bndmq,all,2,1,20,33334,150,100000000,100002000,56291,119286459,119344167,2885.400,2814.550,1.192840733,119289344.400,1.192869587,16106174259094367862,333340,333340,16106174259094367862
24,13,bndmq,all,3,1,20,33334,150,100000000,100002000,36000,122676458,122714500,1902.100,1800.000,1.226740045,122678360.100,1.226759066,16106174259094367862,333340,333340,16106174259094367862
24,13,bndmq,all,4,1,20,33334,150,100000000,100002000,66417,119844125,119912708,3429.150,3320.850,1.198417282,119847554.150,1.198451572,16106174259094367862,333340,333340,16106174259094367862
24,13,hash,all,0,1,20,33334,150,100000000,100002000,89375,421074833,421167541,4635.400,4468.750,4.210664117,421079468.400,4.210710470,16106174259094367862,333340,333340,16106174259094367862
24,13,hash,all,1,1,20,33334,150,100000000,100002000,26708,417301459,417331417,1497.900,1335.400,4.172931131,417302956.900,4.172946110,16106174259094367862,333340,333340,16106174259094367862
24,13,hash,all,2,1,20,33334,150,100000000,100002000,45417,471511250,471563166,2595.800,2270.850,4.715018200,471513845.800,4.715044157,16106174259094367862,333340,333340,16106174259094367862
24,13,hash,all,3,1,20,33334,150,100000000,100002000,17917,463209541,463230500,1047.950,895.850,4.632002770,463210588.950,4.632013249,16106174259094367862,333340,333340,16106174259094367862
24,13,hash,all,4,1,20,33334,150,100000000,100002000,31500,464056209,464092958,1837.450,1575.000,4.640469281,464058046.450,4.640487655,16106174259094367862,333340,333340,16106174259094367862
24,3162,hash,all,0,1,1,666668,150,100000000,100000200,108083,1338849167,1338973917,124750.000,108083.000,13.388464893,1338973917.000,13.389712391,5636513302353686925,333334,333334,5636513302353686925
24,3162,hash,all,1,1,1,666668,150,100000000,100000200,146791,1453844333,1454018250,173917.000,146791.000,14.538414253,1454018250.000,14.540153420,5636513302353686925,333334,333334,5636513302353686925
24,3162,hash,all,2,1,1,666668,150,100000000,100000200,134666,1434256417,1434403375,146958.000,134666.000,14.342535485,1434403375.000,14.344005062,5636513302353686925,333334,333334,5636513302353686925
24,3162,hash,all,3,1,1,666668,150,100000000,100000200,157500,1289230666,1289396542,165876.000,157500.000,12.892280875,1289396542.000,12.893939632,5636513302353686925,333334,333334,5636513302353686925
24,3162,hash,all,4,1,1,666668,150,100000000,100000200,83916,879066500,879156833,90333.000,83916.000,8.790647419,879156833.000,8.791550747,5636513302353686925,333334,333334,5636513302353686925
24,3162,aho_corasick,all,0,1,1,666668,150,100000000,100000200,18647625,491255500,510136959,18881459.000,18647625.000,4.912545175,510136959.000,5.101359387,5636513302353686925,333334,333334,5636513302353686925
24,3162,aho_corasick,all,1,1,1,666668,150,100000000,100000200,17404375,465638416,483350750,17712334.000,17404375.000,4.656374847,483350750.000,4.833497833,5636513302353686925,333334,333334,5636513302353686925
24,3162,aho_corasick,all,2,1,1,666668,150,100000000,100000200,17079334,446993959,464304500,17310541.000,17079334.000,4.469930650,464304500.000,4.643035714,5636513302353686925,333334,333334,5636513302353686925
24,3162,aho_corasick,all,3,1,1,666668,150,100000000,100000200,16425375,439711666,456360291,16648625.000,16425375.000,4.397107866,456360291.000,4.563593783,5636513302353686925,333334,333334,5636513302353686925
24,3162,aho_corasick,all,4,1,1,666668,150,100000000,100000200,16753125,431707625,448643875,16936250.000,16753125.000,4.317067616,448643875.000,4.486429777,5636513302353686925,333334,333334,5636513302353686925
24,5623,aho_corasick,all,0,1,1,666668,150,100000000,100000200,30062542,515713083,546071209,30358126.000,30062542.000,5.157120516,546071209.000,5.460701169,6348911866276134350,333334,333334,6348911866276134350
24,5623,aho_corasick,all,1,1,1,666668,150,100000000,100000200,29980375,538226625,568443459,30216834.000,29980375.000,5.382255485,568443459.000,5.684423221,6348911866276134350,333334,333334,6348911866276134350
24,5623,aho_corasick,all,2,1,1,666668,150,100000000,100000200,30054834,530422875,560732125,30309250.000,30054834.000,5.304218142,560732125.000,5.607310035,6348911866276134350,333334,333334,6348911866276134350
24,5623,aho_corasick,all,3,1,1,666668,150,100000000,100000200,29501083,514757042,544557417,29800375.000,29501083.000,5.147560125,544557417.000,5.445563279,6348911866276134350,333334,333334,6348911866276134350
24,5623,aho_corasick,all,4,1,1,666668,150,100000000,100000200,29934917,550613250,580846417,30233167.000,29934917.000,5.506121488,580846417.000,5.808452553,6348911866276134350,333334,333334,6348911866276134350
24,5623,hash,all,0,1,1,666668,150,100000000,100000200,121875,464746959,464881167,134208.000,121875.000,4.647460295,464881167.000,4.648802372,6348911866276134350,333334,333334,6348911866276134350
24,5623,hash,all,1,1,1,666668,150,100000000,100000200,130541,460475875,460617416,141541.000,130541.000,4.604749541,460617416.000,4.606164948,6348911866276134350,333334,333334,6348911866276134350
24,5623,hash,all,2,1,1,666668,150,100000000,100000200,99959,460887500,461003875,116375.000,99959.000,4.608865782,461003875.000,4.610029530,6348911866276134350,333334,333334,6348911866276134350
24,5623,hash,all,3,1,1,666668,150,100000000,100000200,134542,459661958,459815709,153751.000,134542.000,4.596610387,459815709.000,4.598147894,6348911866276134350,333334,333334,6348911866276134350
24,5623,hash,all,4,1,1,666668,150,100000000,100000200,117709,461478500,461606209,127709.000,117709.000,4.614775770,461606209.000,4.616052858,6348911866276134350,333334,333334,6348911866276134350
25,1000,hash,all,0,1,1,666668,150,100000000,100000200,65167,243543208,243612917,69709.000,65167.000,2.435427209,243612917.000,2.436124298,3661248043532512584,333334,333334,3661248043532512584
25,1000,hash,all,1,1,1,666668,150,100000000,100000200,19167,237226750,237250250,23500.000,19167.000,2.372262755,237250250.000,2.372497755,3661248043532512584,333334,333334,3661248043532512584
25,1000,hash,all,2,1,1,666668,150,100000000,100000200,41208,237395750,237441292,45542.000,41208.000,2.373952752,237441292.000,2.374408171,3661248043532512584,333334,333334,3661248043532512584
25,1000,hash,all,3,1,1,666668,150,100000000,100000200,41250,237345959,237391375,45416.000,41250.000,2.373454843,237391375.000,2.373909002,3661248043532512584,333334,333334,3661248043532512584
25,1000,hash,all,4,1,1,666668,150,100000000,100000200,19000,239025583,239048833,23250.000,19000.000,2.390251049,239048833.000,2.390483549,3661248043532512584,333334,333334,3661248043532512584
25,1000,aho_corasick,all,0,1,1,666668,150,100000000,100000200,5529000,238608458,244171167,5562709.000,5529000.000,2.386079808,244171167.000,2.441706787,3661248043532512584,333334,333334,3661248043532512584
25,1000,aho_corasick,all,1,1,1,666668,150,100000000,100000200,5388500,228210709,233681459,5470750.000,5388500.000,2.282102526,233681459.000,2.336809916,3661248043532512584,333334,333334,3661248043532512584
25,1000,aho_corasick,all,2,1,1,666668,150,100000000,100000200,5646958,237634916,243311542,5676626.000,5646958.000,2.376344407,243311542.000,2.433110554,3661248043532512584,333334,333334,3661248043532512584
25,1000,aho_corasick,all,3,1,1,666668,150,100000000,100000200,5364250,226689917,232075042,5385125.000,5364250.000,2.266894636,232075042.000,2.320745779,3661248043532512584,333334,333334,3661248043532512584
25,1000,aho_corasick,all,4,1,1,666668,150,100000000,100000200,5409000,231750709,237191583,5440874.000,5409000.000,2.317502455,237191583.000,2.371911086,3661248043532512584,333334,333334,3661248043532512584
27,1000,aho_corasick,all,0,1,1,666668,150,100000000,100000200,8249708,301424208,309755458,8331250.000,8249708.000,3.014236052,309755458.000,3.097548385,12316870781600376073,333334,333334,12316870781600376073
27,1000,aho_corasick,all,1,1,1,666668,150,100000000,100000200,7638917,290538167,298232459,7694292.000,7638917.000,2.905375859,298232459.000,2.982318625,12316870781600376073,333334,333334,12316870781600376073
27,1000,aho_corasick,all,2,1,1,666668,150,100000000,100000200,7395166,324126875,331599750,7472875.000,7395166.000,3.241262267,331599750.000,3.315990868,12316870781600376073,333334,333334,12316870781600376073
27,1000,aho_corasick,all,3,1,1,666668,150,100000000,100000200,9053750,355592417,364674416,9081999.000,9053750.000,3.555917058,364674416.000,3.646736867,12316870781600376073,333334,333334,12316870781600376073
27,1000,aho_corasick,all,4,1,1,666668,150,100000000,100000200,7716375,314989375,322731917,7742542.000,7716375.000,3.149887450,322731917.000,3.227312715,12316870781600376073,333334,333334,12316870781600376073
27,1000,hash,all,0,1,1,666668,150,100000000,100000200,44125,282697667,282749583,51916.000,44125.000,2.826971016,282749583.000,2.827490175,12316870781600376073,333334,333334,12316870781600376073
27,1000,hash,all,1,1,1,666668,150,100000000,100000200,39625,274431958,274475708,43750.000,39625.000,2.744314091,274475708.000,2.744751590,12316870781600376073,333334,333334,12316870781600376073
27,1000,hash,all,2,1,1,666668,150,100000000,100000200,23042,273610041,273636375,26334.000,23042.000,2.736094938,273636375.000,2.736358277,12316870781600376073,333334,333334,12316870781600376073
27,1000,hash,all,3,1,1,666668,150,100000000,100000200,24083,276940917,276968292,27375.000,24083.000,2.769403631,276968292.000,2.769677381,12316870781600376073,333334,333334,12316870781600376073
27,1000,hash,all,4,1,1,666668,150,100000000,100000200,23959,263999000,264025500,26500.000,23959.000,2.639984720,264025500.000,2.640249720,12316870781600376073,333334,333334,12316870781600376073
27,126,hash,all,0,1,3,222224,150,100000000,100000800,10708,238134000,238151792,5930.667,3569.333,2.381320949,238139930.667,2.381380256,14488575057585992602,333336,333336,14488575057585992602
27,126,hash,all,1,1,3,222224,150,100000000,100000800,18250,234571333,234592916,7194.333,6083.333,2.345694564,234578527.333,2.345766507,14488575057585992602,333336,333336,14488575057585992602
27,126,hash,all,2,1,3,222224,150,100000000,100000800,23958,240015292,240046083,10263.667,7986.000,2.400133719,240025555.667,2.400236355,14488575057585992602,333336,333336,14488575057585992602
27,126,hash,all,3,1,3,222224,150,100000000,100000800,15500,235875417,235893708,6097.000,5166.667,2.358735300,235881514.000,2.358796270,14488575057585992602,333336,333336,14488575057585992602
27,126,hash,all,4,1,3,222224,150,100000000,100000800,18250,237338583,237360125,7180.667,6083.333,2.373366843,237345763.667,2.373438649,14488575057585992602,333336,333336,14488575057585992602
27,126,bndmq,all,0,1,3,222224,150,100000000,100000800,71000,901220167,901303458,27763.667,23666.667,9.012129573,901247930.667,9.012407207,14488575057585992602,333336,333336,14488575057585992602
27,126,bndmq,all,1,1,3,222224,150,100000000,100000800,102250,873586209,873690916,34902.333,34083.333,8.735792204,873621111.333,8.736141224,14488575057585992602,333336,333336,14488575057585992602
27,126,bndmq,all,2,1,3,222224,150,100000000,100000800,46417,907336375,907383833,15819.333,15472.333,9.073291164,907352194.333,9.073449356,14488575057585992602,333336,333336,14488575057585992602
27,126,bndmq,all,3,1,3,222224,150,100000000,100000800,51291,911085334,911141208,18624.667,17097.000,9.110780454,911103958.667,9.110966699,14488575057585992602,333336,333336,14488575057585992602
27,126,bndmq,all,4,1,3,222224,150,100000000,100000800,53292,899993708,900052000,19430.667,17764.000,8.999865081,900013138.667,9.000059386,14488575057585992602,333336,333336,14488575057585992602
27,126,aho_corasick,all,0,1,3,222224,150,100000000,100000800,2062541,138343792,140422750,692986.000,687513.667,1.383426853,139036778.000,1.390356657,14488575057585992602,333336,333336,14488575057585992602
27,126,aho_corasick,all,1,1,3,222224,150,100000000,100000800,1950041,136404333,138370083,655250.000,650013.667,1.364032418,137059583.000,1.370584865,14488575057585992602,333336,333336,14488575057585992602
27,126,aho_corasick,all,2,1,3,222224,150,100000000,100000800,2046208,134846542,136916417,689958.333,682069.333,1.348454632,135536500.333,1.355354161,14488575057585992602,333336,333336,14488575057585992602
27,126,aho_corasick,all,3,1,3,222224,150,100000000,100000800,2058125,138184000,140255209,690403.000,686041.667,1.381828945,138874403.000,1.388732920,14488575057585992602,333336,333336,14488575057585992602
27,126,aho_corasick,all,4,1,3,222224,150,100000000,100000800,2024417,134644833,136683250,679472.333,674805.667,1.346437558,135324305.333,1.353232227,14488575057585992602,333336,333336,14488575057585992602
27,16,bndmq,all,0,1,16,41668,150,100000000,100003200,120542,191037750,191161792,7752.625,7533.875,1.910316370,191045502.625,1.910393894,15187139420829767087,333344,333344,15187139420829767087
27,16,bndmq,all,1,1,16,41668,150,100000000,100003200,105833,208767542,208877042,6843.750,6614.562,2.087608617,208774385.750,2.087677052,15187139420829767087,333344,333344,15187139420829767087
27,16,bndmq,all,2,1,16,41668,150,100000000,100003200,153125,201612208,201767167,9684.938,9570.312,2.016057566,201621892.938,2.016154412,15187139420829767087,333344,333344,15187139420829767087
27,16,bndmq,all,3,1,16,41668,150,100000000,100003200,58292,207666417,207733375,4184.875,3643.250,2.076597719,207670601.875,2.076639566,15187139420829767087,333344,333344,15187139420829767087
27,16,bndmq,all,4,1,16,41668,150,100000000,100003200,127167,210124791,210256125,8208.375,7947.938,2.101180672,210132999.375,2.101262753,15187139420829767087,333344,333344,15187139420829767087
27,16,hash,all,0,1,16,41668,150,100000000,100003200,39791,345429750,345481292,3221.375,2486.938,3.454186966,345432971.375,3.454219179,15187139420829767087,333344,333344,15187139420829767087
27,16,hash,all,1,1,16,41668,150,100000000,100003200,34791,338037792,338083167,2835.938,2174.438,3.380269751,338040627.938,3.380298110,15187139420829767087,333344,333344,15187139420829767087
27,16,hash,all,2,1,16,41668,150,100000000,100003200,50250,327011375,327077625,4140.625,3140.625,3.270009110,327015515.625,3.270050515,15187139420829767087,333344,333344,15187139420829767087
27,16,hash,all,3,1,16,41668,150,100000000,100003200,98708,338593125,338698583,6591.125,6169.250,3.385822904,338599716.125,3.385888813,15187139420829767087,333344,333344,15187139420829767087
27,16,hash,all,4,1,16,41668,150,100000000,100003200,29875,307789459,307825292,2239.562,1867.188,3.077796101,307791698.562,3.077818495,15187139420829767087,333344,333344,15187139420829767087
27,16,aho_corasick,all,0,1,16,41668,150,100000000,100003200,2302167,191628459,193953167,145294.250,143885.438,1.916223271,191773753.250,1.917676167,15187139420829767087,333344,333344,15187139420829767087
27,16,aho_corasick,all,1,1,16,41668,150,100000000,100003200,2228042,194516000,196776625,141289.062,139252.625,1.945097757,194657289.062,1.946510602,15187139420829767087,333344,333344,15187139420829767087
27,16,aho_corasick,all,2,1,16,41668,150,100000000,100003200,2555917,208123750,210696209,160778.688,159744.812,2.081170903,208284528.688,2.082778638,15187139420829767087,333344,333344,15187139420829767087
27,16,aho_corasick,all,3,1,16,41668,150,100000000,100003200,2182208,186189541,188390958,137588.562,136388.000,1.861835831,186327129.562,1.863211673,15187139420829767087,333344,333344,15187139420829767087
27,16,aho_corasick,all,4,1,16,41668,150,100000000,100003200,1975750,181856958,183848709,124484.438,123484.375,1.818511388,181981442.438,1.819756192,15187139420829767087,333344,333344,15187139420829767087
29,16,hash,all,0,1,16,41668,150,100000000,100003200,49125,208113542,208166208,3291.625,3070.312,2.081068826,208116833.625,2.081101741,14428833582868254624,333344,333344,14428833582868254624
29,16,hash,all,1,1,16,41668,150,100000000,100003200,19708,204154166,204177916,1484.375,1231.750,2.041476333,204155650.375,2.041491176,14428833582868254624,333344,333344,14428833582868254624
29,16,hash,all,2,1,16,41668,150,100000000,100003200,19833,207066125,207089125,1437.500,1239.562,2.070594991,207067562.500,2.070609366,14428833582868254624,333344,333344,14428833582868254624
29,16,hash,all,3,1,16,41668,150,100000000,100003200,29125,205864916,205898208,2080.750,1820.312,2.058583285,205866996.750,2.058604092,14428833582868254624,333344,333344,14428833582868254624
29,16,hash,all,4,1,16,41668,150,100000000,100003200,23125,204878708,204905958,1703.125,1445.312,2.048721521,204880411.125,2.048738552,14428833582868254624,333344,333344,14428833582868254624
29,16,bndmq,all,0,1,16,41668,150,100000000,100003200,140958,131334917,131482375,9216.125,8809.875,1.313307144,131344133.125,1.313399302,14428833582868254624,333344,333344,14428833582868254624
29,16,bndmq,all,1,1,16,41668,150,100000000,100003200,117792,127993291,128113625,7520.875,7362.000,1.279891953,128000811.875,1.279967160,14428833582868254624,333344,333344,14428833582868254624
29,16,bndmq,all,2,1,16,41668,150,100000000,100003200,43750,129597833,129644583,2921.875,2734.375,1.295936860,129600754.875,1.295966078,14428833582868254624,333344,333344,14428833582868254624
29,16,bndmq,all,3,1,16,41668,150,100000000,100003200,100917,130056084,130159875,6486.938,6307.312,1.300519223,130062570.938,1.300584091,14428833582868254624,333344,333344,14428833582868254624
29,16,bndmq,all,4,1,16,41668,150,100000000,100003200,50750,129846708,129900625,3369.812,3171.875,1.298425530,129850077.812,1.298459227,14428833582868254624,333344,333344,14428833582868254624
29,16,aho_corasick,all,0,1,16,41668,150,100000000,100003200,1693292,131033167,132762709,108096.375,105830.750,1.310289741,131141263.375,1.311370670,14428833582868254624,333344,333344,14428833582868254624
29,16,aho_corasick,all,1,1,16,41668,150,100000000,100003200,1586042,126465333,128063791,99903.625,99127.625,1.264612862,126565236.625,1.265611867,14428833582868254624,333344,333344,14428833582868254624
29,16,aho_corasick,all,2,1,16,41668,150,100000000,100003200,1552666,126303750,127874583,98177.062,97041.625,1.262997084,126401927.062,1.263978823,14428833582868254624,333344,333344,14428833582868254624
29,16,aho_corasick,all,3,1,16,41668,150,100000000,100003200,1531625,126273417,127822417,96812.500,95726.562,1.262693764,126370229.500,1.263661858,14428833582868254624,333344,333344,14428833582868254624
29,16,aho_corasick,all,4,1,16,41668,150,100000000,100003200,1562458,124322542,125904958,98901.000,97653.625,1.243185638,124421443.000,1.244174616,14428833582868254624,333344,333344,14428833582868254624
31,19,aho_corasick,all,0,1,14,47620,150,100000000,100002000,1760542,127347125,129130375,127375.000,125753.000,1.273445781,127474500.000,1.274719506,1141955283974194314,333340,333340,1141955283974194314
31,19,aho_corasick,all,1,1,14,47620,150,100000000,100002000,1655625,124169208,125842333,119508.929,118258.929,1.241667247,124288716.929,1.242862312,1141955283974194314,333340,333340,1141955283974194314
31,19,aho_corasick,all,2,1,14,47620,150,100000000,100002000,1780333,124750542,126547584,128360.143,127166.643,1.247480470,124878902.143,1.248764046,1141955283974194314,333340,333340,1141955283974194314
31,19,aho_corasick,all,3,1,14,47620,150,100000000,100002000,1641625,124712125,126371333,118514.857,117258.929,1.247096308,124830639.857,1.248281433,1141955283974194314,333340,333340,1141955283974194314
31,19,aho_corasick,all,4,1,14,47620,150,100000000,100002000,1743417,125139167,126898250,125648.786,124529.786,1.251366643,125264815.786,1.252623105,1141955283974194314,333340,333340,1141955283974194314
31,19,bndmq,all,0,1,14,47620,150,100000000,100002000,88583,127451042,127542917,6562.500,6327.357,1.274484930,127457604.500,1.274550554,1141955283974194314,333340,333340,1141955283974194314
31,19,bndmq,all,1,1,14,47620,150,100000000,100002000,79416,124542334,124623791,5818.357,5672.571,1.245398432,124548152.357,1.245456614,1141955283974194314,333340,333340,1141955283974194314
31,19,bndmq,all,2,1,14,47620,150,100000000,100002000,53250,147803667,147860625,4068.429,3803.571,1.478007110,147807735.429,1.478047793,1141955283974194314,333340,333340,1141955283974194314
31,19,bndmq,all,3,1,14,47620,150,100000000,100002000,91417,134647209,134741792,6755.929,6529.786,1.346445161,134653964.929,1.346512719,1141955283974194314,333340,333340,1141955283974194314
31,19,bndmq,all,4,1,14,47620,150,100000000,100002000,36709,124617583,124656708,2794.643,2622.071,1.246150907,124620377.643,1.246178853,1141955283974194314,333340,333340,1141955283974194314
31,19,hash,all,0,1,14,47620,150,100000000,100002000,44917,300651542,300700125,3470.214,3208.357,3.006455291,300655012.214,3.006489992,1141955283974194314,333340,333340,1141955283974194314
31,19,hash,all,1,1,14,47620,150,100000000,100002000,20292,301998375,302023625,1803.571,1449.429,3.019923352,302000178.571,3.019941387,1141955283974194314,333340,333340,1141955283974194314
31,19,hash,all,2,1,14,47620,150,100000000,100002000,26667,297236208,297267166,2211.286,1904.786,2.972302634,297238419.286,2.972324746,1141955283974194314,333340,333340,1141955283974194314
31,19,hash,all,3,1,14,47620,150,100000000,100002000,41541,296478708,296523166,3175.571,2967.214,2.964727785,296481883.571,2.964759541,1141955283974194314,333340,333340,1141955283974194314
31,19,hash,all,4,1,14,47620,150,100000000,100002000,21542,296116750,296143500,1910.714,1538.714,2.961108278,296118660.714,2.961127385,1141955283974194314,333340,333340,1141955283974194314
31,23,hash,all,0,1,12,55556,150,100000000,100000800,23083,602094000,602123292,2441.000,1923.583,6.020891833,602096441.000,6.020916243,4053404369192834940,333336,333336,4053404369192834940
31,23,hash,all,1,1,12,55556,150,100000000,100000800,21583,657774292,657800666,2197.833,1798.583,6.577690298,657776489.833,6.577712277,4053404369192834940,333336,333336,4053404369192834940
31,23,hash,all,2,1,12,55556,150,100000000,100000800,47333,765986792,766044583,4815.917,3944.417,7.659806642,765991607.917,7.659854800,4053404369192834940,333336,333336,4053404369192834940
31,23,hash,all,3,1,12,55556,150,100000000,100000800,67625,754605625,754679500,6156.250,5635.417,7.545995882,754611781.250,7.546057444,4053404369192834940,333336,333336,4053404369192834940
31,23,hash,all,4,1,12,55556,150,100000000,100000800,49458,654158792,654213292,4541.667,4121.500,6.541535588,654163333.667,6.541581004,4053404369192834940,333336,333336,4053404369192834940
31,23,aho_corasick,all,0,1,12,55556,150,100000000,100000800,2335750,163399167,165765834,197222.250,194645.833,1.633978598,163596389.250,1.635950805,4053404369192834940,333336,333336,4053404369192834940
31,23,aho_corasick,all,1,1,12,55556,150,100000000,100000800,2189708,161852542,164062334,184149.333,182475.667,1.618512472,162036691.333,1.620353951,4053404369192834940,333336,333336,4053404369192834940
31,23,aho_corasick,all,2,1,12,55556,150,100000000,100000800,2172750,154828500,157018666,182513.833,181062.500,1.548272614,155011013.833,1.550097738,4053404369192834940,333336,333336,4053404369192834940
31,23,aho_corasick,all,3,1,12,55556,150,100000000,100000800,2022125,148567625,150604834,169767.417,168510.417,1.485664365,148737392.417,1.487362025,4053404369192834940,333336,333336,4053404369192834940
31,23,aho_corasick,all,4,1,12,55556,150,100000000,100000800,1916792,144263583,146195292,160975.750,159732.667,1.442624289,144424558.750,1.444234034,4053404369192834940,333336,333336,4053404369192834940
31,23,bndmq,all,0,1,12,55556,150,100000000,100000800,84334,180366583,180454416,7319.417,7027.833,1.803651401,180373902.417,1.803724594,4053404369192834940,333336,333336,4053404369192834940
31,23,bndmq,all,1,1,12,55556,150,100000000,100000800,54833,176712291,176769541,4770.833,4569.417,1.767108773,176717061.833,1.767156481,4053404369192834940,333336,333336,4053404369192834940
31,23,bndmq,all,2,1,12,55556,150,100000000,100000800,63791,178594167,178661500,5611.083,5315.917,1.785927383,178599778.083,1.785983493,4053404369192834940,333336,333336,4053404369192834940
31,23,bndmq,all,3,1,12,55556,150,100000000,100000800,108792,191337042,191447333,9190.917,9066.000,1.913355113,191346232.917,1.913447022,4053404369192834940,333336,333336,4053404369192834940
31,23,bndmq,all,4,1,12,55556,150,100000000,100000800,56334,183259541,183316709,4764.000,4694.500,1.832580749,183264305.000,1.832628389,4053404369192834940,333336,333336,4053404369192834940
31,506,hash,all,0,1,1,666668,150,100000000,100000200,32959,286282167,286327375,45208.000,32959.000,2.862815944,286327375.000,2.863268023,17143461683315956731,333334,333334,17143461683315956731
31,506,hash,all,1,1,1,666668,150,100000000,100000200,17417,287006959,287027459,20500.000,17417.000,2.870063850,287027459.000,2.870268849,17143461683315956731,333334,333334,17143461683315956731
31,506,hash,all,2,1,1,666668,150,100000000,100000200,18708,290622500,290645250,22750.000,18708.000,2.906219188,290645250.000,2.906446687,17143461683315956731,333334,333334,17143461683315956731
31,506,hash,all,3,1,1,666668,150,100000000,100000200,85750,311596000,311684250,88250.000,85750.000,3.115953768,311684250.000,3.116836266,17143461683315956731,333334,333334,17143461683315956731
31,506,hash,all,4,1,1,666668,150,100000000,100000200,17792,293112416,293133500,21084.000,17792.000,2.931118298,293133500.000,2.931329137,17143461683315956731,333334,333334,17143461683315956731
31,506,aho_corasick,all,0,1,1,666668,150,100000000,100000200,5271584,291277084,296615125,5338041.000,5271584.000,2.912765014,296615125.000,2.966145318,17143461683315956731,333334,333334,17143461683315956731
31,506,aho_corasick,all,1,1,1,666668,150,100000000,100000200,4385542,246661542,251063458,4401916.000,4385542.000,2.466610487,251063458.000,2.510629559,17143461683315956731,333334,333334,17143461683315956731
31,506,aho_corasick,all,2,1,1,666668,150,100000000,100000200,3978209,227802750,231795042,3992292.000,3978209.000,2.278022944,231795042.000,2.317945784,17143461683315956731,333334,333334,17143461683315956731
31,506,aho_corasick,all,3,1,1,666668,150,100000000,100000200,3728333,222773209,226517625,3744416.000,3728333.000,2.227727635,226517625.000,2.265171720,17143461683315956731,333334,333334,17143461683315956731
31,506,aho_corasick,all,4,1,1,666668,150,100000000,100000200,3811459,204780334,208626250,3845916.000,3811459.000,2.047799244,208626250.000,2.086258327,17143461683315956731,333334,333334,17143461683315956731
31,711,hash,all,0,1,1,666668,150,100000000,100000200,42625,737643000,737689292,46292.000,42625.000,7.376415247,737689292.000,7.376878166,2955878364410733040,333334,333334,2955878364410733040
31,711,hash,all,1,1,1,666668,150,100000000,100000200,34875,657528625,657567375,38750.000,34875.000,6.575273099,657567375.000,6.575660599,2955878364410733040,333334,333334,2955878364410733040
31,711,hash,all,2,1,1,666668,150,100000000,100000200,20792,638800875,638824750,23875.000,20792.000,6.387995974,638824750.000,6.388234724,2955878364410733040,333334,333334,2955878364410733040
31,711,hash,all,3,1,1,666668,150,100000000,100000200,19750,668061292,668088125,26833.000,19750.000,6.680599559,668088125.000,6.680867888,2955878364410733040,333334,333334,2955878364410733040
31,711,hash,all,4,1,1,666668,150,100000000,100000200,22334,667533875,667560792,26917.000,22334.000,6.675325399,667560792.000,6.675594569,2955878364410733040,333334,333334,2955878364410733040
31,711,aho_corasick,all,0,1,1,666668,150,100000000,100000200,5174583,219590500,224789167,5198667.000,5174583.000,2.195900608,224789167.000,2.247887174,2955878364410733040,333334,333334,2955878364410733040
31,711,aho_corasick,all,1,1,1,666668,150,100000000,100000200,4854834,208565834,213442875,4877041.000,4854834.000,2.085654169,213442875.000,2.134424481,2955878364410733040,333334,333334,2955878364410733040
31,711,aho_corasick,all,2,1,1,666668,150,100000000,100000200,5601166,215875084,221498666,5623582.000,5601166.000,2.158746523,221498666.000,2.214982230,2955878364410733040,333334,333334,2955878364410733040
31,711,aho_corasick,all,3,1,1,666668,150,100000000,100000200,4887542,207960292,212864209,4903917.000,4887542.000,2.079598761,212864209.000,2.128637833,2955878364410733040,333334,333334,2955878364410733040
31,711,aho_corasick,all,4,1,1,666668,150,100000000,100000200,4757584,208448000,213223750,4775750.000,4757584.000,2.084475831,213223750.000,2.132233236,2955878364410733040,333334,333334,2955878364410733040
4,3,bndmq,all,0,1,64,10418,150,100000000,100012800,113500,228485250,228603750,1851.562,1773.438,2.284560076,228487101.562,2.284578590,16555577882958454112,607746,1479239,16555577882958454112
4,3,bndmq,all,1,1,64,10418,150,100000000,100012800,53916,220799583,220857125,899.094,842.438,2.207713243,220800482.094,2.207722232,16555577882958454112,607746,1479239,16555577882958454112
4,3,bndmq,all,2,1,64,10418,150,100000000,100012800,33709,222678208,222715917,589.203,526.703,2.226497088,222678797.203,2.226502980,16555577882958454112,607746,1479239,16555577882958454112
4,3,bndmq,all,3,1,64,10418,150,100000000,100012800,61959,246837334,246904583,1050.766,968.109,2.468057429,246838384.766,2.468067935,16555577882958454112,607746,1479239,16555577882958454112
4,3,bndmq,all,4,1,64,10418,150,100000000,100012800,57458,227416083,227476958,951.172,897.781,2.273869775,227417034.172,2.273879285,16555577882958454112,607746,1479239,16555577882958454112
4,3,aho_corasick,all,0,1,64,10418,150,100000000,100012800,763916,333258458,334046042,12306.000,11936.188,3.332158064,333270764.000,3.332281108,16555577882958454112,607746,1479239,16555577882958454112
4,3,aho_corasick,all,1,1,64,10418,150,100000000,100012800,613917,328676083,329310375,9910.812,9592.453,3.286340178,328685993.812,3.286439274,16555577882958454112,607746,1479239,16555577882958454112
4,3,aho_corasick,all,2,1,64,10418,150,100000000,100012800,622000,327593834,328239791,10093.078,9718.750,3.275519074,327603927.078,3.275619991,16555577882958454112,607746,1479239,16555577882958454112
4,3,aho_corasick,all,3,1,64,10418,150,100000000,100012800,665417,327161916,327855750,10841.156,10397.141,3.271200446,327172757.156,3.271308844,16555577882958454112,607746,1479239,16555577882958454112
4,3,aho_corasick,all,4,1,64,10418,150,100000000,100012800,623500,326472000,327119542,10117.844,9742.188,3.264302169,326482117.844,3.264403335,16555577882958454112,607746,1479239,16555577882958454112
4,3,hash,all,0,1,64,10418,150,100000000,100012800,57375,271783542,271858167,1166.016,896.484,2.717487582,271784708.016,2.717499240,16555577882958454112,607746,1479239,16555577882958454112
4,3,hash,all,1,1,64,10418,150,100000000,100012800,29792,262384041,262427125,673.188,465.500,2.623504601,262384714.188,2.623511332,16555577882958454112,607746,1479239,16555577882958454112
4,3,hash,all,2,1,64,10418,150,100000000,100012800,29125,266848167,266887166,609.359,455.078,2.668140148,266848776.359,2.668146241,16555577882958454112,607746,1479239,16555577882958454112
4,3,hash,all,3,1,64,10418,150,100000000,100012800,17083,263835625,263860042,381.516,266.922,2.638018584,263836006.516,2.638022398,16555577882958454112,607746,1479239,16555577882958454112
4,3,hash,all,4,1,64,10418,150,100000000,100012800,23542,265690834,265724875,531.891,367.844,2.656568299,265691365.891,2.656573617,16555577882958454112,607746,1479239,16555577882958454112
40,19,hash,all,0,1,14,47620,150,100000000,100002000,34209,256839666,256888667,3500.071,2443.500,2.568345293,256843166.071,2.568380293,9071848173530581323,333340,333340,9071848173530581323
40,19,hash,all,1,1,14,47620,150,100000000,100002000,71500,248330584,248406209,5401.786,5107.143,2.483256175,248335985.786,2.483310192,9071848173530581323,333340,333340,9071848173530581323
40,19,hash,all,2,1,14,47620,150,100000000,100002000,26792,244143458,244175084,2259.000,1913.714,2.441385752,244145717.000,2.441408342,9071848173530581323,333340,333340,9071848173530581323
40,19,hash,all,3,1,14,47620,150,100000000,100002000,21709,254638708,254665458,1910.714,1550.643,2.546336153,254640618.714,2.546355260,9071848173530581323,333340,333340,9071848173530581323
40,19,hash,all,4,1,14,47620,150,100000000,100002000,24292,259790125,259818667,2038.714,1735.143,2.597849293,259792163.714,2.597869680,9071848173530581323,333340,333340,9071848173530581323
40,19,aho_corasick,all,0,1,14,47620,150,100000000,100002000,2412541,142068208,144516458,174875.000,172324.357,1.420653667,142243083.000,1.422402382,9071848173530581323,333340,333340,9071848173530581323
40,19,aho_corasick,all,1,1,14,47620,150,100000000,100002000,2439500,140560000,143017792,175556.571,174250.000,1.405571889,140735556.571,1.407327419,9071848173530581323,333340,333340,9071848173530581323
40,19,aho_corasick,all,2,1,14,47620,150,100000000,100002000,2459875,140014000,142503000,177785.714,175705.357,1.400111998,140191785.714,1.401889819,9071848173530581323,333340,333340,9071848173530581323
40,19,aho_corasick,all,3,1,14,47620,150,100000000,100002000,2507834,145124250,147646750,180178.571,179131.000,1.451213476,145304428.571,1.453015225,9071848173530581323,333340,333340,9071848173530581323
40,19,aho_corasick,all,4,1,14,47620,150,100000000,100002000,2465750,144306042,146806833,178627.929,176125.000,1.443031559,144484669.929,1.444817803,9071848173530581323,333340,333340,9071848173530581323
40,19,bndmq,all,0,1,14,47620,150,100000000,100002000,97958,131496792,131597834,7217.286,6997.000,1.314941621,131504009.286,1.315013793,9071848173530581323,333340,333340,9071848173530581323
40,19,bndmq,all,1,1,14,47620,150,100000000,100002000,88292,146175875,146267209,6523.857,6306.571,1.461729515,146182398.857,1.461794753,9071848173530581323,333340,333340,9071848173530581323
40,19,bndmq,all,2,1,14,47620,150,100000000,100002000,56792,151752708,151813000,4306.571,4056.571,1.517496730,151757014.571,1.517539795,9071848173530581323,333340,333340,9071848173530581323
40,19,bndmq,all,3,1,14,47620,150,100000000,100002000,72375,153004667,153081000,5452.357,5169.643,1.530016070,153010119.357,1.530070592,9071848173530581323,333340,333340,9071848173530581323
40,19,bndmq,all,4,1,14,47620,150,100000000,100002000,52375,156874250,156931459,4086.357,3741.071,1.568711126,156878336.357,1.568751989,9071848173530581323,333340,333340,9071848173530581323
40,23,bndmq,all,0,1,12,55556,150,100000000,100000800,102250,167966959,168075792,9069.417,8520.833,1.679656153,167976028.417,1.679746846,17394517359549433940,333336,333336,17394517359549433940
40,23,bndmq,all,1,1,12,55556,150,100000000,100000800,165750,187625042,187794583,14128.417,13812.500,1.876235410,187639170.417,1.876376693,17394517359549433940,333336,333336,17394517359549433940
40,23,bndmq,all,2,1,12,55556,150,100000000,100000800,110083,192877375,192990500,9427.083,9173.583,1.928758320,192886802.083,1.928852590,17394517359549433940,333336,333336,17394517359549433940
40,23,bndmq,all,3,1,12,55556,150,100000000,100000800,61250,195343542,195409167,5468.750,5104.167,1.953419793,195349010.750,1.953474480,17394517359549433940,333336,333336,17394517359549433940
40,23,bndmq,all,4,1,12,55556,150,100000000,100000800,135833,214737750,214877292,11628.500,11319.417,2.147360321,214749378.500,2.147476605,17394517359549433940,333336,333336,17394517359549433940
40,23,hash,all,0,1,12,55556,150,100000000,100000800,53333,464362791,464423583,5066.000,4444.417,4.643590761,464367857.000,4.643641421,17394517359549433940,333336,333336,17394517359549433940
40,23,hash,all,1,1,12,55556,150,100000000,100000800,26709,473046709,473078125,2618.000,2225.750,4.730429247,473049327.000,4.730455426,17394517359549433940,333336,333336,17394517359549433940
40,23,hash,all,2,1,12,55556,150,100000000,100000800,40250,441140708,441187459,3895.917,3354.167,4.411371789,441144603.917,4.411410748,17394517359549433940,333336,333336,17394517359549433940
40,23,hash,all,3,1,12,55556,150,100000000,100000800,39833,409075792,409122250,3871.500,3319.417,4.090725194,409079663.500,4.090763909,17394517359549433940,333336,333336,17394517359549433940
40,23,hash,all,4,1,12,55556,150,100000000,100000800,27542,411636792,411669167,2697.917,2295.167,4.116334989,411639489.917,4.116361968,17394517359549433940,333336,333336,17394517359549433940
40,23,aho_corasick,all,0,1,12,55556,150,100000000,100000800,2978541,158305792,161352958,253930.500,248211.750,1.583045256,158559722.500,1.585584540,17394517359549433940,333336,333336,17394517359549433940
40,23,aho_corasick,all,1,1,12,55556,150,100000000,100000800,2619708,166803583,169460250,221388.917,218309.000,1.668022486,167024971.917,1.670236357,17394517359549433940,333336,333336,17394517359549433940
40,23,aho_corasick,all,2,1,12,55556,150,100000000,100000800,3078416,174624208,177719833,257968.750,256534.667,1.746228110,174882176.750,1.748807777,17394517359549433940,333336,333336,17394517359549433940
40,23,aho_corasick,all,3,1,12,55556,150,100000000,100000800,2997083,168578416,171594958,251378.500,249756.917,1.685770674,168829794.500,1.688284439,17394517359549433940,333336,333336,17394517359549433940
40,23,aho_corasick,all,4,1,12,55556,150,100000000,100000800,3100791,165015958,168145833,260822.917,258399.250,1.650146379,165276780.917,1.652754587,17394517359549433940,333336,333336,17394517359549433940
40,506,hash,all,0,1,1,666668,150,100000000,100000200,38583,277893500,277936084,42584.000,38583.000,2.778929442,277936084.000,2.779355281,14524345102158346770,333334,333334,14524345102158346770
40,506,hash,all,1,1,1,666668,150,100000000,100000200,21208,276569125,276594291,25166.000,21208.000,2.765685719,276594291.000,2.765937378,14524345102158346770,333334,333334,14524345102158346770
40,506,hash,all,2,1,1,666668,150,100000000,100000200,43667,266909458,266955958,46500.000,43667.000,2.669089242,266955958.000,2.669554241,14524345102158346770,333334,333334,14524345102158346770
40,506,hash,all,3,1,1,666668,150,100000000,100000200,19416,269542750,269566875,24125.000,19416.000,2.695422109,269566875.000,2.695663359,14524345102158346770,333334,333334,14524345102158346770
40,506,hash,all,4,1,1,666668,150,100000000,100000200,48584,277263208,277314792,51584.000,48584.000,2.772626535,277314792.000,2.773142374,14524345102158346770,333334,333334,14524345102158346770
40,506,aho_corasick,all,0,1,1,666668,150,100000000,100000200,5656959,241100292,246806375,5706083.000,5656959.000,2.410998098,246806375.000,2.468058814,14524345102158346770,333334,333334,14524345102158346770
40,506,aho_corasick,all,1,1,1,666668,150,100000000,100000200,5635500,255279167,260936125,5656958.000,5635500.000,2.552786564,260936125.000,2.609356031,14524345102158346770,333334,333334,14524345102158346770
40,506,aho_corasick,all,2,1,1,666668,150,100000000,100000200,5557584,246096834,251675833,5578999.000,5557584.000,2.460963418,251675833.000,2.516753296,14524345102158346770,333334,333334,14524345102158346770
40,506,aho_corasick,all,3,1,1,666668,150,100000000,100000200,5212250,221570416,226796750,5226334.000,5212250.000,2.215699729,226796750.000,2.267962964,14524345102158346770,333334,333334,14524345102158346770
40,506,aho_corasick,all,4,1,1,666668,150,100000000,100000200,4989584,210254750,215255834,5001084.000,4989584.000,2.102543295,215255834.000,2.152554035,14524345102158346770,333334,333334,14524345102158346770
40,711,hash,all,0,1,1,666668,150,100000000,100000200,37417,433506625,433548416,41791.000,37417.000,4.335057580,433548416.000,4.335475489,11087136254283396617,333334,333334,11087136254283396617
40,711,hash,all,1,1,1,666668,150,100000000,100000200,42167,425061166,425105458,44292.000,42167.000,4.250603159,425105458.000,4.251046078,11087136254283396617,333334,333334,11087136254283396617
40,711,hash,all,2,1,1,666668,150,100000000,100000200,24334,417234209,417262167,27958.000,24334.000,4.172333745,417262167.000,4.172613325,11087136254283396617,333334,333334,11087136254283396617
40,711,hash,all,3,1,1,666668,150,100000000,100000200,50125,419093042,419150209,57167.000,50125.000,4.190922038,419150209.000,4.191493707,11087136254283396617,333334,333334,11087136254283396617
40,711,hash,all,4,1,1,666668,150,100000000,100000200,28209,436685208,436718750,33542.000,28209.000,4.366843346,436718750.000,4.367178766,11087136254283396617,333334,333334,11087136254283396617
40,711,aho_corasick,all,0,1,1,666668,150,100000000,100000200,6682084,230206625,236942042,6735417.000,6682084.000,2.302061646,236942042.000,2.369415681,11087136254283396617,333334,333334,11087136254283396617
40,711,aho_corasick,all,1,1,1,666668,150,100000000,100000200,6532292,240652208,247243083,6590875.000,6532292.000,2.406517267,247243083.000,2.472425885,11087136254283396617,333334,333334,11087136254283396617
40,711,aho_corasick,all,2,1,1,666668,150,100000000,100000200,6966458,256332000,263350792,7018792.000,6966458.000,2.563314873,263350792.000,2.633502653,11087136254283396617,333334,333334,11087136254283396617
40,711,aho_corasick,all,3,1,1,666668,150,100000000,100000200,7173291,254154000,261372583,7218583.000,7173291.000,2.541534917,261372583.000,2.613720603,11087136254283396617,333334,333334,11087136254283396617
40,711,aho_corasick,all,4,1,1,666668,150,100000000,100000200,7482584,252473875,260002542,7528667.000,7482584.000,2.524733701,260002542.000,2.600020220,11087136254283396617,333334,333334,11087136254283396617
44,23,hash,all,0,1,12,55556,150,100000000,100000800,37750,414376708,414426000,4107.667,3145.833,4.143733930,414380815.667,4.143775006,275247950511984768,333336,333336,275247950511984768
44,23,hash,all,1,1,12,55556,150,100000000,100000800,56208,484719750,484781750,5166.667,4684.000,4.847158723,484724916.667,4.847210389,275247950511984768,333336,333336,275247950511984768
44,23,hash,all,2,1,12,55556,150,100000000,100000800,45750,626997583,627050667,4423.667,3812.500,6.269925671,627002006.667,6.269969907,275247950511984768,333336,333336,275247950511984768
44,23,hash,all,3,1,12,55556,150,100000000,100000800,30417,570752583,570792042,3288.250,2534.750,5.707480170,570755871.250,5.707513052,275247950511984768,333336,333336,275247950511984768
44,23,hash,all,4,1,12,55556,150,100000000,100000800,23500,481229417,481257750,2361.083,1958.333,4.812255672,481231778.083,4.812279283,275247950511984768,333336,333336,275247950511984768
44,23,bndmq,all,0,1,12,55556,150,100000000,100000800,96708,120024125,120123666,8295.083,8059.000,1.200231648,120032420.083,1.200314598,275247950511984768,333336,333336,275247950511984768
44,23,bndmq,all,1,1,12,55556,150,100000000,100000800,96083,122596458,122698500,8503.500,8006.917,1.225954772,122604961.500,1.226039807,275247950511984768,333336,333336,275247950511984768
44,23,bndmq,all,2,1,12,55556,150,100000000,100000800,73417,125250209,125326583,6364.500,6118.083,1.252492070,125256573.500,1.252555715,275247950511984768,333336,333336,275247950511984768
44,23,bndmq,all,3,1,12,55556,150,100000000,100000800,68416,124738708,124810083,5947.917,5701.333,1.247377101,124744655.917,1.247436580,275247950511984768,333336,333336,275247950511984768
44,23,bndmq,all,4,1,12,55556,150,100000000,100000800,111083,124698458,124812792,9527.833,9256.917,1.246974604,124707985.833,1.247069882,275247950511984768,333336,333336,275247950511984768
44,23,aho_corasick,all,0,1,12,55556,150,100000000,100000800,3487333,161132375,164656125,293645.833,290611.083,1.611310860,161426020.833,1.614247294,275247950511984768,333336,333336,275247950511984768
44,23,aho_corasick,all,1,1,12,55556,150,100000000,100000800,2945042,147003959,149974500,247545.083,245420.167,1.470027830,147251504.083,1.472503261,275247950511984768,333336,333336,275247950511984768
44,23,aho_corasick,all,2,1,12,55556,150,100000000,100000800,2839000,145054208,147921250,238920.167,236583.333,1.450530476,145293128.167,1.452919658,275247950511984768,333336,333336,275247950511984768
44,23,aho_corasick,all,3,1,12,55556,150,100000000,100000800,2618166,138630750,141266000,219604.167,218180.500,1.386296410,138850354.167,1.388492434,275247950511984768,333336,333336,275247950511984768
44,23,aho_corasick,all,4,1,12,55556,150,100000000,100000800,2622292,138606625,141267167,221711.833,218524.333,1.386055162,138828336.833,1.388272262,275247950511984768,333336,333336,275247950511984768
48,23,hash,all,0,1,12,55556,150,100000000,100000800,68000,570845083,570921125,6336.833,5666.667,5.708405163,570851419.833,5.708468531,10522832238612516269,333336,333336,10522832238612516269
48,23,hash,all,1,1,12,55556,150,100000000,100000800,38083,561914667,561958834,3680.583,3173.583,5.619101717,561918347.583,5.619138523,10522832238612516269,333336,333336,10522832238612516269
48,23,hash,all,2,1,12,55556,150,100000000,100000800,50084,487336959,487395750,4899.250,4173.667,4.873330603,487341858.250,4.873379595,10522832238612516269,333336,333336,10522832238612516269
48,23,hash,all,3,1,12,55556,150,100000000,100000800,61000,433001750,433066542,5399.333,5083.333,4.329982860,433007149.333,4.330036853,10522832238612516269,333336,333336,10522832238612516269
48,23,hash,all,4,1,12,55556,150,100000000,100000800,57125,397241041,397302083,5086.833,4760.417,3.972378631,397246127.833,3.972429499,10522832238612516269,333336,333336,10522832238612516269
48,23,aho_corasick,all,0,1,12,55556,150,100000000,100000800,3251000,146965833,150242250,273034.750,270916.667,1.469646573,147238867.750,1.472376898,10522832238612516269,333336,333336,10522832238612516269
48,23,aho_corasick,all,1,1,12,55556,150,100000000,100000800,2995500,144140250,147164667,252034.750,249625.000,1.441390969,144392284.750,1.443911296,10522832238612516269,333336,333336,10522832238612516269
48,23,aho_corasick,all,2,1,12,55556,150,100000000,100000800,2942333,145396458,148387084,249218.833,245194.417,1.453952948,145645676.833,1.456445117,10522832238612516269,333336,333336,10522832238612516269
48,23,aho_corasick,all,3,1,12,55556,150,100000000,100000800,2919750,152124000,155069834,245486.167,243312.500,1.521227830,152369486.167,1.523682672,10522832238612516269,333336,333336,10522832238612516269
48,23,aho_corasick,all,4,1,12,55556,150,100000000,100000800,3238375,152474375,155737291,271909.667,269864.583,1.524731552,152746284.667,1.527450627,10522832238612516269,333336,333336,10522832238612516269
48,23,bndmq,all,0,1,12,55556,150,100000000,100000800,79542,121369709,121452833,6927.000,6628.500,1.213687381,121376636.000,1.213756650,10522832238612516269,333336,333336,10522832238612516269
48,23,bndmq,all,1,1,12,55556,150,100000000,100000800,56083,120645917,120704167,4854.167,4673.583,1.206449518,120650771.167,1.206498060,10522832238612516269,333336,333336,10522832238612516269
48,23,bndmq,all,2,1,12,55556,150,100000000,100000800,51834,120529625,120583125,4458.333,4319.500,1.205286608,120534083.333,1.205331191,10522832238612516269,333336,333336,10522832238612516269
48,23,bndmq,all,3,1,12,55556,150,100000000,100000800,67541,122290083,122358291,5684.000,5628.417,1.222891047,122295767.000,1.222947886,10522832238612516269,333336,333336,10522832238612516269
48,23,bndmq,all,4,1,12,55556,150,100000000,100000800,62500,121386458,121450417,5329.917,5208.333,1.213854869,121391787.917,1.213908168,10522832238612516269,333336,333336,10522832238612516269
48,27,bndmq,all,0,1,10,66668,150,100000000,100002000,85333,135506625,135595042,8841.700,8533.300,1.355039149,135515466.700,1.355127564,11753462395987383994,333340,333340,11753462395987383994
48,27,bndmq,all,1,1,10,66668,150,100000000,100002000,77000,134117000,134197500,8050.000,7700.000,1.341143177,134125050.000,1.341223676,11753462395987383994,333340,333340,11753462395987383994
48,27,bndmq,all,2,1,10,66668,150,100000000,100002000,102750,132593166,132697583,10441.700,10275.000,1.325905142,132603607.700,1.326009557,11753462395987383994,333340,333340,11753462395987383994
48,27,bndmq,all,3,1,10,66668,150,100000000,100002000,47334,133260125,133312209,5208.400,4733.400,1.332574599,133265333.400,1.332626681,11753462395987383994,333340,333340,11753462395987383994
48,27,bndmq,all,4,1,10,66668,150,100000000,100002000,119958,135442958,135569542,12658.400,11995.800,1.354402492,135455616.400,1.354529073,11753462395987383994,333340,333340,11753462395987383994
48,27,aho_corasick,all,0,1,10,66668,150,100000000,100002000,2888709,146381417,149326459,294504.200,288870.900,1.463784894,146675921.200,1.466729877,11753462395987383994,333340,333340,11753462395987383994
48,27,aho_corasick,all,1,1,10,66668,150,100000000,100002000,3033459,140249708,143311417,306170.900,303345.900,1.402469031,140555878.900,1.405530678,11753462395987383994,333340,333340,11753462395987383994
48,27,aho_corasick,all,2,1,10,66668,150,100000000,100002000,2875417,139870875,142769834,289895.900,287541.700,1.398680776,140160770.900,1.401579677,11753462395987383994,333340,333340,11753462395987383994
48,27,aho_corasick,all,3,1,10,66668,150,100000000,100002000,2832916,145173625,148019167,284554.200,283291.600,1.451707216,145458179.200,1.454552701,11753462395987383994,333340,333340,11753462395987383994
48,27,aho_corasick,all,4,1,10,66668,150,100000000,100002000,2939083,144276333,147227708,295137.500,293908.300,1.442734475,144571470.500,1.445685791,11753462395987383994,333340,333340,11753462395987383994
48,27,hash,all,0,1,10,66668,150,100000000,100002000,37583,827980291,828023708,4341.700,3758.300,8.279637317,827984632.700,8.279680733,11753462395987383994,333340,333340,11753462395987383994
48,27,hash,all,1,1,10,66668,150,100000000,100002000,92708,862940583,863038042,9745.900,9270.800,8.629233245,862950328.900,8.629330702,11753462395987383994,333340,333340,11753462395987383994
48,27,hash,all,2,1,10,66668,150,100000000,100002000,35917,901875500,901916625,4112.500,3591.700,9.018574629,901879612.500,9.018615753,11753462395987383994,333340,333340,11753462395987383994
48,27,hash,all,3,1,10,66668,150,100000000,100002000,48417,893553250,893606625,5337.500,4841.700,8.935353793,893558587.500,8.935407167,11753462395987383994,333340,333340,11753462395987383994
48,27,hash,all,4,1,10,66668,150,100000000,100002000,34417,674072917,674110958,3804.100,3441.700,6.740594358,674076721.100,6.740632398,11753462395987383994,333340,333340,11753462395987383994
48,506,hash,all,0,1,1,666668,150,100000000,100000200,40166,309131458,309180667,49209.000,40166.000,3.091308397,309180667.000,3.091800486,8951990129668428072,333334,333334,8951990129668428072
48,506,hash,all,1,1,1,666668,150,100000000,100000200,25709,290190084,290218792,28708.000,25709.000,2.901895036,290218792.000,2.902182116,8951990129668428072,333334,333334,8951990129668428072
48,506,hash,all,2,1,1,666668,150,100000000,100000200,25125,299535917,299562958,27041.000,25125.000,2.995353179,299562958.000,2.995623589,8951990129668428072,333334,333334,8951990129668428072
48,506,hash,all,3,1,1,666668,150,100000000,100000200,25250,297867875,297896625,28750.000,25250.000,2.978672793,297896625.000,2.978960292,8951990129668428072,333334,333334,8951990129668428072
48,506,hash,all,4,1,1,666668,150,100000000,100000200,29333,357299208,357332792,33584.000,29333.000,3.572984934,357332792.000,3.573320773,8951990129668428072,333334,333334,8951990129668428072
48,506,aho_corasick,all,0,1,1,666668,150,100000000,100000200,6916250,257206458,264276917,7070459.000,6916250.000,2.572059436,264276917.000,2.642763884,8951990129668428072,333334,333334,8951990129668428072
48,506,aho_corasick,all,1,1,1,666668,150,100000000,100000200,6471417,238894084,245381167,6487083.000,6471417.000,2.388936062,245381167.000,2.453806762,8951990129668428072,333334,333334,8951990129668428072
48,506,aho_corasick,all,2,1,1,666668,150,100000000,100000200,5754125,222408875,228177250,5768375.000,5754125.000,2.224084302,228177250.000,2.281767936,8951990129668428072,333334,333334,8951990129668428072
48,506,aho_corasick,all,3,1,1,666668,150,100000000,100000200,5676708,222259542,227953375,5693833.000,5676708.000,2.222590975,227953375.000,2.279529191,8951990129668428072,333334,333334,8951990129668428072
48,506,aho_corasick,all,4,1,1,666668,150,100000000,100000200,5666166,222155917,227835667,5679750.000,5666166.000,2.221554727,227835667.000,2.278352113,8951990129668428072,333334,333334,8951990129668428072
48,711,aho_corasick,all,0,1,1,666668,150,100000000,100000200,8943209,288373708,297412750,9039042.000,8943209.000,2.883731313,297412750.000,2.974121552,10788663426838221477,333334,333334,10788663426838221477
48,711,aho_corasick,all,1,1,1,666668,150,100000000,100000200,9355208,279954708,289397875,9443167.000,9355208.000,2.799541481,289397875.000,2.893972962,10788663426838221477,333334,333334,10788663426838221477
48,711,aho_corasick,all,2,1,1,666668,150,100000000,100000200,8783209,248328709,257182584,8853875.000,8783209.000,2.483282123,257182584.000,2.571820696,10788663426838221477,333334,333334,10788663426838221477
48,711,aho_corasick,all,3,1,1,666668,150,100000000,100000200,8416500,253082833,261567209,8484376.000,8416500.000,2.530823268,261567209.000,2.615666859,10788663426838221477,333334,333334,10788663426838221477
48,711,aho_corasick,all,4,1,1,666668,150,100000000,100000200,8561916,253034625,261666208,8631583.000,8561916.000,2.530341189,261666208.000,2.616656847,10788663426838221477,333334,333334,10788663426838221477
48,711,hash,all,0,1,1,666668,150,100000000,100000200,48750,420284791,420338000,53209.000,48750.000,4.202839504,420338000.000,4.203371593,10788663426838221477,333334,333334,10788663426838221477
48,711,hash,all,1,1,1,666668,150,100000000,100000200,58375,405397750,405458167,60417.000,58375.000,4.053969392,405458167.000,4.054573561,10788663426838221477,333334,333334,10788663426838221477
48,711,hash,all,2,1,1,666668,150,100000000,100000200,32708,394851625,394887167,35542.000,32708.000,3.948508353,394887167.000,3.948863772,10788663426838221477,333334,333334,10788663426838221477
48,711,hash,all,3,1,1,666668,150,100000000,100000200,30417,406164708,406198708,34000.000,30417.000,4.061638957,406198708.000,4.061978956,10788663426838221477,333334,333334,10788663426838221477
48,711,hash,all,4,1,1,666668,150,100000000,100000200,32917,433417792,433454417,36625.000,32917.000,4.334169252,433454417.000,4.334535501,10788663426838221477,333334,333334,10788663426838221477
5,1,bndmq,all,0,1,64,10418,150,100000000,100012800,46750,63843375,63892959,774.750,730.469,0.638352041,63844149.750,0.638359787,8790684212107688630,377974,427730,8790684212107688630
5,1,bndmq,all,1,1,64,10418,150,100000000,100012800,17792,60800250,60821000,324.219,278.000,0.607924686,60800574.219,0.607927927,8790684212107688630,377974,427730,8790684212107688630
5,1,bndmq,all,2,1,64,10418,150,100000000,100012800,21083,60901292,60924333,360.016,329.422,0.608934976,60901652.016,0.608938576,8790684212107688630,377974,427730,8790684212107688630
5,1,bndmq,all,3,1,64,10418,150,100000000,100012800,15667,61530625,61549167,289.719,244.797,0.615227501,61530914.719,0.615230398,8790684212107688630,377974,427730,8790684212107688630
5,1,bndmq,all,4,1,64,10418,150,100000000,100012800,24166,60367375,60393750,412.109,377.594,0.603596490,60367787.109,0.603600610,8790684212107688630,377974,427730,8790684212107688630
5,1,aho_corasick,all,0,1,64,10418,150,100000000,100012800,570833,65469250,66068375,9361.328,8919.266,0.654608710,65478611.328,0.654702311,8790684212107688630,377974,427730,8790684212107688630
5,1,aho_corasick,all,1,1,64,10418,150,100000000,100012800,510125,63905834,64432750,8233.062,7970.703,0.638976551,63914067.062,0.639058871,8790684212107688630,377974,427730,8790684212107688630
5,1,aho_corasick,all,2,1,64,10418,150,100000000,100012800,493750,63901000,64411125,7970.703,7714.844,0.638928217,63908970.703,0.639007914,8790684212107688630,377974,427730,8790684212107688630
5,1,aho_corasick,all,3,1,64,10418,150,100000000,100012800,538708,64156584,64720125,8805.328,8417.312,0.641483730,64165389.328,0.641571772,8790684212107688630,377974,427730,8790684212107688630
5,1,aho_corasick,all,4,1,64,10418,150,100000000,100012800,508917,63995959,64525375,8272.125,7951.828,0.639877686,64004231.125,0.639960396,8790684212107688630,377974,427730,8790684212107688630
5,1,hash,all,0,1,64,10418,150,100000000,100012800,20458,180316541,180346667,470.719,319.656,1.802934634,180317011.719,1.802939341,8790684212107688630,377974,427730,8790684212107688630
5,1,hash,all,1,1,64,10418,150,100000000,100012800,12416,178740792,178772458,494.781,194.000,1.787179161,178741286.781,1.787184108,8790684212107688630,377974,427730,8790684212107688630
5,1,hash,all,2,1,64,10418,150,100000000,100012800,13875,180589500,180614917,397.141,216.797,1.805663875,180589897.141,1.805667846,8790684212107688630,377974,427730,8790684212107688630
5,1,hash,all,3,1,64,10418,150,100000000,100012800,18875,179082292,179105792,367.188,294.922,1.790593724,179082659.188,1.790597395,8790684212107688630,377974,427730,8790684212107688630
5,1,hash,all,4,1,64,10418,150,100000000,100012800,21417,178945208,178976625,490.891,334.641,1.789223059,178945698.891,1.789227968,8790684212107688630,377974,427730,8790684212107688630
52,32,aho_corasick,all,0,1,8,83334,150,100000000,100000800,2957583,143334250,146315041,372598.875,369697.875,1.433331033,143706848.875,1.437056992,10652080473344920095,333336,333336,10652080473344920095
52,32,aho_corasick,all,1,1,8,83334,150,100000000,100000800,2946292,141684750,144642292,369692.750,368286.500,1.416836165,142054442.750,1.420533063,10652080473344920095,333336,333336,10652080473344920095
52,32,aho_corasick,all,2,1,8,83334,150,100000000,100000800,2935416,141868125,144815917,368474.000,366927.000,1.418669901,142236599.000,1.422354611,10652080473344920095,333336,333336,10652080473344920095
52,32,aho_corasick,all,3,1,8,83334,150,100000000,100000800,2857333,140631167,143502000,358854.125,357166.625,1.406300420,140990021.125,1.409888932,10652080473344920095,333336,333336,10652080473344920095
52,32,aho_corasick,all,4,1,8,83334,150,100000000,100000800,2759583,135175333,137945584,346281.375,344947.875,1.351742516,135521614.375,1.355205302,10652080473344920095,333336,333336,10652080473344920095
52,32,bndmq,all,0,1,8,83334,150,100000000,100000800,71708,153304583,153379292,9338.625,8963.500,1.533033566,153313921.625,1.533126951,10652080473344920095,333336,333336,10652080473344920095
52,32,bndmq,all,1,1,8,83334,150,100000000,100000800,46667,155307875,155356625,6093.750,5833.375,1.553066325,155313968.750,1.553127262,10652080473344920095,333336,333336,10652080473344920095
52,32,bndmq,all,2,1,8,83334,150,100000000,100000800,53917,155245458,155304834,7422.000,6739.625,1.552442160,155252880.000,1.552516380,10652080473344920095,333336,333336,10652080473344920095
52,32,bndmq,all,3,1,8,83334,150,100000000,100000800,92708,155102667,155198084,11927.125,11588.500,1.551014262,155114594.125,1.551133532,10652080473344920095,333336,333336,10652080473344920095
52,32,bndmq,all,4,1,8,83334,150,100000000,100000800,91542,155311791,155406042,11781.375,11442.750,1.553105485,155323572.375,1.553223298,10652080473344920095,333336,333336,10652080473344920095
52,32,hash,all,0,1,8,83334,150,100000000,100000800,28208,226883500,226917125,4203.125,3526.000,2.268816849,226887703.125,2.268858880,10652080473344920095,333336,333336,10652080473344920095
52,32,hash,all,1,1,8,83334,150,100000000,100000800,23667,262311291,262339292,3500.125,2958.375,2.623091925,262314791.125,2.623126926,10652080473344920095,333336,333336,10652080473344920095
52,32,hash,all,2,1,8,83334,150,100000000,100000800,36792,272649709,272694750,5630.125,4599.000,2.726475278,272655339.125,2.726531579,10652080473344920095,333336,333336,10652080473344920095
52,32,hash,all,3,1,8,83334,150,100000000,100000800,26292,298445709,298479292,4197.875,3286.500,2.984433215,298449906.875,2.984475193,10652080473344920095,333336,333336,10652080473344920095
52,32,hash,all,4,1,8,83334,150,100000000,100000800,60750,281793209,281858708,8187.375,7593.750,2.817909547,281801396.375,2.817991420,10652080473344920095,333336,333336,10652080473344920095
56,32,bndmq,all,0,1,8,83334,150,100000000,100000800,107333,150852000,150969583,14697.875,13416.625,1.508507932,150866697.875,1.508654910,15637553090399845316,333336,333336,15637553090399845316
56,32,bndmq,all,1,1,8,83334,150,100000000,100000800,61250,148140000,148203416,7927.000,7656.250,1.481388149,148147927.000,1.481467418,15637553090399845316,333336,333336,15637553090399845316
56,32,bndmq,all,2,1,8,83334,150,100000000,100000800,70334,148275542,148346708,8895.750,8791.750,1.482743558,148284437.750,1.482832515,15637553090399845316,333336,333336,15637553090399845316
56,32,bndmq,all,3,1,8,83334,150,100000000,100000800,70750,144165125,144237458,9041.625,8843.750,1.441639717,144174166.625,1.441730132,15637553090399845316,333336,333336,15637553090399845316
56,32,bndmq,all,4,1,8,83334,150,100000000,100000800,62958,147874042,147938584,8067.750,7869.750,1.478728590,147882109.750,1.478809267,15637553090399845316,333336,333336,15637553090399845316
56,32,hash,all,0,1,8,83334,150,100000000,100000800,38084,260923292,260966292,5375.000,4760.500,2.609212046,260928667.000,2.609265796,15637553090399845316,333336,333336,15637553090399845316
56,32,hash,all,1,1,8,83334,150,100000000,100000800,29291,293557792,293592708,4364.500,3661.375,2.935554436,293562156.500,2.935598080,15637553090399845316,333336,333336,15637553090399845316
56,32,hash,all,2,1,8,83334,150,100000000,100000800,41042,267080625,267125208,5572.875,5130.250,2.670784884,267086197.875,2.670840612,15637553090399845316,333336,333336,15637553090399845316
56,32,hash,all,3,1,8,83334,150,100000000,100000800,23959,250745792,250774292,3562.500,2994.875,2.507437860,250749354.500,2.507473485,15637553090399845316,333336,333336,15637553090399845316
56,32,hash,all,4,1,8,83334,150,100000000,100000800,36625,238549209,238589000,4973.875,4578.125,2.385473006,238554182.875,2.385522745,15637553090399845316,333336,333336,15637553090399845316
56,32,aho_corasick,all,0,1,8,83334,150,100000000,100000800,3311208,152969125,156305959,417104.250,413901.000,1.529679013,153386229.250,1.533850022,15637553090399845316,333336,333336,15637553090399845316
56,32,aho_corasick,all,1,1,8,83334,150,100000000,100000800,3194416,150877542,154090208,401583.250,399302.000,1.508763350,151279125.250,1.512779150,15637553090399845316,333336,333336,15637553090399845316
56,32,aho_corasick,all,2,1,8,83334,150,100000000,100000800,3305708,151802917,155117375,414307.250,413213.500,1.518017026,152217224.250,1.522160065,15637553090399845316,333336,333336,15637553090399845316
56,32,aho_corasick,all,3,1,8,83334,150,100000000,100000800,3176958,146937250,150122792,398192.750,397119.750,1.469360745,147335442.750,1.473342641,15637553090399845316,333336,333336,15637553090399845316
56,32,aho_corasick,all,4,1,8,83334,150,100000000,100000800,3030458,144367584,147406667,379885.375,378807.250,1.443664291,144747469.375,1.447463114,15637553090399845316,333336,333336,15637553090399845316
6,3,bndmq,all,0,1,64,10418,150,100000000,100012800,58375,146017583,146079500,967.453,912.109,1.459988951,146018550.453,1.459998625,4245997940607039866,366914,404116,4245997940607039866
6,3,bndmq,all,1,1,64,10418,150,100000000,100012800,52042,143580042,143634875,856.766,813.156,1.435616661,143580898.766,1.435625228,4245997940607039866,366914,404116,4245997940607039866
6,3,bndmq,all,2,1,64,10418,150,100000000,100012800,40708,144999250,145043375,689.453,636.062,1.449806925,144999939.453,1.449813818,4245997940607039866,366914,404116,4245997940607039866
6,3,bndmq,all,3,1,64,10418,150,100000000,100012800,39417,145189333,145231625,660.812,615.891,1.451707511,145189993.812,1.451714119,4245997940607039866,366914,404116,4245997940607039866
6,3,bndmq,all,4,1,64,10418,150,100000000,100012800,63917,144943125,145009917,1043.625,998.703,1.449245747,144944168.625,1.449256181,4245997940607039866,366914,404116,4245997940607039866
6,3,aho_corasick,all,0,1,64,10418,150,100000000,100012800,744458,293077375,293848208,12044.266,11632.156,2.930398659,293089419.266,2.930519086,4245997940607039866,366914,404116,4245997940607039866
6,3,aho_corasick,all,1,1,64,10418,150,100000000,100012800,715167,287179917,287918375,11538.406,11174.484,2.871431627,287191455.406,2.871546996,4245997940607039866,366914,404116,4245997940607039866
6,3,aho_corasick,all,2,1,64,10418,150,100000000,100012800,690792,287819500,288530750,11113.281,10793.625,2.877826638,287830613.281,2.877937757,4245997940607039866,366914,404116,4245997940607039866
6,3,aho_corasick,all,3,1,64,10418,150,100000000,100012800,718000,290103041,290856708,11776.047,11218.750,2.900659126,290114817.047,2.900776871,4245997940607039866,366914,404116,4245997940607039866
6,3,aho_corasick,all,4,1,64,10418,150,100000000,100012800,736792,294670084,295437958,11998.031,11512.375,2.946323711,294682082.031,2.946443676,4245997940607039866,366914,404116,4245997940607039866
6,3,hash,all,0,1,64,10418,150,100000000,100012800,36708,202339500,202400375,951.172,573.562,2.023136039,202340451.172,2.023145549,4245997940607039866,366914,404116,4245997940607039866
6,3,hash,all,1,1,64,10418,150,100000000,100012800,23542,200414542,200450334,559.250,367.844,2.003888922,200415101.250,2.003894514,4245997940607039866,366914,404116,4245997940607039866
6,3,hash,all,2,1,64,10418,150,100000000,100012800,14209,199778417,199807167,449.219,222.016,1.997528486,199778866.219,1.997532978,4245997940607039866,366914,404116,4245997940607039866
6,3,hash,all,3,1,64,10418,150,100000000,100012800,25833,200784083,200814500,475.266,403.641,2.007583859,200784558.266,2.007588611,4245997940607039866,366914,404116,4245997940607039866
6,3,hash,all,4,1,64,10418,150,100000000,100012800,29125,203911834,203957291,710.266,455.078,2.038857366,203912544.266,2.038864468,4245997940607039866,366914,404116,4245997940607039866
64,360,bndmq,all,0,1,1,666668,150,100000000,100000200,88500,1550161875,1550254833,92958.000,88500.000,15.501587747,1550254833.000,15.502517325,9504417179844920470,333334,333334,9504417179844920470
64,360,bndmq,all,1,1,1,666668,150,100000000,100000200,171042,1753304750,1753485208,180458.000,171042.000,17.533012434,1753485208.000,17.534817010,9504417179844920470,333334,333334,9504417179844920470
64,360,bndmq,all,2,1,1,666668,150,100000000,100000200,134584,1782343292,1782480458,137166.000,134584.000,17.823397273,1782480458.000,17.824768930,9504417179844920470,333334,333334,9504417179844920470
64,360,bndmq,all,3,1,1,666668,150,100000000,100000200,141750,1541945083,1542088750,143667.000,141750.000,15.419419991,1542088750.000,15.420856658,9504417179844920470,333334,333334,9504417179844920470
64,360,bndmq,all,4,1,1,666668,150,100000000,100000200,69166,1384052542,1384123583,71041.000,69166.000,13.840497739,1384123583.000,13.841208148,9504417179844920470,333334,333334,9504417179844920470
64,360,hash,all,0,1,1,666668,150,100000000,100000200,30667,459588166,459621875,33709.000,30667.000,4.595872468,459621875.000,4.596209558,9504417179844920470,333334,333334,9504417179844920470
64,360,hash,all,1,1,1,666668,150,100000000,100000200,25375,445669167,445696500,27333.000,25375.000,4.456682757,445696500.000,4.456956086,9504417179844920470,333334,333334,9504417179844920470
64,360,hash,all,2,1,1,666668,150,100000000,100000200,27958,436755792,436786500,30708.000,27958.000,4.367549185,436786500.000,4.367856264,9504417179844920470,333334,333334,9504417179844920470
64,360,hash,all,3,1,1,666668,150,100000000,100000200,36334,458523542,458563250,39708.000,36334.000,4.585226250,458563250.000,4.585623329,9504417179844920470,333334,333334,9504417179844920470
64,360,hash,all,4,1,1,666668,150,100000000,100000200,102667,517953666,518058916,105250.000,102667.000,5.179526301,518058916.000,5.180578799,9504417179844920470,333334,333334,9504417179844920470
64,360,aho_corasick,all,0,1,1,666668,150,100000000,100000200,6375292,226924875,233327667,6402792.000,6375292.000,2.269244212,233327667.000,2.333272003,9504417179844920470,333334,333334,9504417179844920470
64,360,aho_corasick,all,1,1,1,666668,150,100000000,100000200,5626750,213441833,219099291,5657458.000,5626750.000,2.134414061,219099291.000,2.190988528,9504417179844920470,333334,333334,9504417179844920470
64,360,aho_corasick,all,2,1,1,666668,150,100000000,100000200,5384833,207513208,212918958,5405750.000,5384833.000,2.075127930,212918958.000,2.129185322,9504417179844920470,333334,333334,9504417179844920470
64,360,aho_corasick,all,3,1,1,666668,150,100000000,100000200,5349291,204095709,209455541,5359832.000,5349291.000,2.040953008,209455541.000,2.094551221,9504417179844920470,333334,333334,9504417179844920470
64,360,aho_corasick,all,4,1,1,666668,150,100000000,100000200,5352250,206142125,211506125,5364000.000,5352250.000,2.061417127,211506125.000,2.115057020,9504417179844920470,333334,333334,9504417179844920470
64,38,hash,all,0,1,7,95240,150,100000000,100002000,32000,311241666,311280542,5553.714,4571.429,3.112354413,311247219.714,3.112409949,10503368139271327029,333340,333340,10503368139271327029
64,38,hash,all,1,1,7,95240,150,100000000,100002000,37500,301432542,301474166,5946.286,5357.143,3.014265135,301438488.286,3.014324596,10503368139271327029,333340,333340,10503368139271327029
64,38,hash,all,2,1,7,95240,150,100000000,100002000,32792,275989791,276027000,5315.571,4684.571,2.759842713,275995106.571,2.759895868,10503368139271327029,333340,333340,10503368139271327029
64,38,hash,all,3,1,7,95240,150,100000000,100002000,32500,266218000,266255834,5404.857,4642.857,2.662126757,266223404.857,2.662180805,10503368139271327029,333340,333340,10503368139271327029
64,38,hash,all,4,1,7,95240,150,100000000,100002000,46250,279369834,279420750,7273.714,6607.143,2.793642467,279377107.714,2.793715203,10503368139271327029,333340,333340,10503368139271327029
64,38,bndmq,all,0,1,7,95240,150,100000000,100002000,92875,156041459,156137875,13773.714,13267.857,1.560383382,156055232.714,1.560521117,10503368139271327029,333340,333340,10503368139271327029
64,38,bndmq,all,1,1,7,95240,150,100000000,100002000,96750,150197083,150296250,14166.714,13821.429,1.501940791,150211249.714,1.502082455,10503368139271327029,333340,333340,10503368139271327029
64,38,bndmq,all,2,1,7,95240,150,100000000,100002000,116000,190542292,190663292,17285.714,16571.429,1.905384812,190559577.714,1.905557666,10503368139271327029,333340,333340,10503368139271327029
64,38,bndmq,all,3,1,7,95240,150,100000000,100002000,135791,183506792,183648458,20238.000,19398.714,1.835031219,183527030.000,1.835233595,10503368139271327029,333340,333340,10503368139271327029
64,38,bndmq,all,4,1,7,95240,150,100000000,100002000,107709,202010500,202121666,15880.857,15387.000,2.020064599,202026380.857,2.020223404,10503368139271327029,333340,333340,10503368139271327029
64,38,aho_corasick,all,0,1,7,95240,150,100000000,100002000,4731208,193454583,198205333,678678.571,675886.857,1.934507140,194133261.571,1.941293790,10503368139271327029,333340,333340,10503368139271327029
64,38,aho_corasick,all,1,1,7,95240,150,100000000,100002000,4413375,176501708,180930208,632642.857,630482.143,1.764981780,177134350.857,1.771308082,10503368139271327029,333340,333340,10503368139271327029
64,38,aho_corasick,all,2,1,7,95240,150,100000000,100002000,3984833,164322167,168321333,571309.429,569261.857,1.643188806,164893476.429,1.648901786,10503368139271327029,333340,333340,10503368139271327029
64,38,aho_corasick,all,3,1,7,95240,150,100000000,100002000,3941667,158287250,162246917,565666.714,563095.286,1.582840843,158852916.714,1.588497397,10503368139271327029,333340,333340,10503368139271327029
64,38,aho_corasick,all,4,1,7,95240,150,100000000,100002000,3946875,165222750,169197250,567785.714,563839.286,1.652194456,165790535.714,1.657872200,10503368139271327029,333340,333340,10503368139271327029
64,45,aho_corasick,all,0,1,6,111112,150,100000000,100000800,3809250,157872667,161707750,639180.500,634875.000,1.578714040,158511847.500,1.585105794,15710586815758631609,333336,333336,15710586815758631609
64,45,aho_corasick,all,1,1,6,111112,150,100000000,100000800,3677292,155839583,159534500,615819.500,612882.000,1.558383363,156455402.500,1.564541509,15710586815758631609,333336,333336,15710586815758631609
64,45,aho_corasick,all,2,1,6,111112,150,100000000,100000800,3671250,155385750,159074167,614736.167,611875.000,1.553845069,156000486.167,1.559992382,15710586815758631609,333336,333336,15710586815758631609
64,45,aho_corasick,all,3,1,6,111112,150,100000000,100000800,3816708,155403583,159235292,638618.167,636118.000,1.554023398,156042201.167,1.560409528,15710586815758631609,333336,333336,15710586815758631609
64,45,aho_corasick,all,4,1,6,111112,150,100000000,100000800,3800833,155854541,159671292,636125.167,633472.167,1.558532942,156490666.167,1.564894143,15710586815758631609,333336,333336,15710586815758631609
64,45,bndmq,all,0,1,6,111112,150,100000000,100000800,97334,162144667,162247334,17111.167,16222.333,1.621433699,162161778.167,1.621604809,15710586815758631609,333336,333336,15710586815758631609
64,45,bndmq,all,1,1,6,111112,150,100000000,100000800,49792,159453041,159504459,8569.667,8298.667,1.594517654,159461610.667,1.594603350,15710586815758631609,333336,333336,15710586815758631609
64,45,bndmq,all,2,1,6,111112,150,100000000,100000800,64125,168254209,168320583,11062.333,10687.500,1.682528630,168265271.333,1.682639252,15710586815758631609,333336,333336,15710586815758631609
64,45,bndmq,all,3,1,6,111112,150,100000000,100000800,56208,185803333,185861959,9771.000,9368.000,1.858018466,185813104.000,1.858116175,15710586815758631609,333336,333336,15710586815758631609
64,45,bndmq,all,4,1,6,111112,150,100000000,100000800,76042,209260792,209340084,13215.333,12673.667,2.092591179,209274007.333,2.092723332,15710586815758631609,333336,333336,15710586815758631609
64,45,hash,all,0,1,6,111112,150,100000000,100000800,35459,374134667,374175458,6798.500,5909.833,3.741316739,374141465.500,3.741384724,15710586815758631609,333336,333336,15710586815758631609
64,45,hash,all,1,1,6,111112,150,100000000,100000800,33750,362671708,362708625,6152.833,5625.000,3.626688066,362677860.833,3.626749594,15710586815758631609,333336,333336,15710586815758631609
64,45,hash,all,2,1,6,111112,150,100000000,100000800,37291,382600125,382640542,6736.167,6215.167,3.825970642,382606861.167,3.826038003,15710586815758631609,333336,333336,15710586815758631609
64,45,hash,all,3,1,6,111112,150,100000000,100000800,33417,364457708,364496166,6409.667,5569.500,3.644547924,364464117.667,3.644612020,15710586815758631609,333336,333336,15710586815758631609
64,45,hash,all,4,1,6,111112,150,100000000,100000800,51333,342982500,343037500,9166.667,8555.500,3.429797562,342991666.667,3.429889228,15710586815758631609,333336,333336,15710586815758631609
64,506,hash,all,0,1,1,666668,150,100000000,100000200,57167,259855209,259916417,61208.000,57167.000,2.598546893,259916417.000,2.599158972,18091063637004542186,333334,333334,18091063637004542186
64,506,hash,all,1,1,1,666668,150,100000000,100000200,34708,252077375,252115625,38250.000,34708.000,2.520768708,252115625.000,2.521151208,18091063637004542186,333334,333334,18091063637004542186
64,506,hash,all,2,1,1,666668,150,100000000,100000200,52125,251407500,251462791,55291.000,52125.000,2.514069972,251462791.000,2.514622881,18091063637004542186,333334,333334,18091063637004542186
64,506,hash,all,3,1,1,666668,150,100000000,100000200,34375,246428750,246464916,36166.000,34375.000,2.464282571,246464916.000,2.464644231,18091063637004542186,333334,333334,18091063637004542186
64,506,hash,all,4,1,1,666668,150,100000000,100000200,32417,239558625,239595000,36375.000,32417.000,2.395581459,239595000.000,2.395945208,18091063637004542186,333334,333334,18091063637004542186
64,506,aho_corasick,all,0,1,1,666668,150,100000000,100000200,9170417,269669292,278930459,9261167.000,9170417.000,2.696687527,278930459.000,2.789299011,18091063637004542186,333334,333334,18091063637004542186
64,506,aho_corasick,all,1,1,1,666668,150,100000000,100000200,8669916,255707458,264443625,8736167.000,8669916.000,2.557069466,264443625.000,2.644430961,18091063637004542186,333334,333334,18091063637004542186
64,506,aho_corasick,all,2,1,1,666668,150,100000000,100000200,8680750,244783625,253523750,8740125.000,8680750.000,2.447831354,253523750.000,2.535232430,18091063637004542186,333334,333334,18091063637004542186
64,506,aho_corasick,all,3,1,1,666668,150,100000000,100000200,8195708,238538333,246821541,8283208.000,8195708.000,2.385378559,246821541.000,2.468210474,18091063637004542186,333334,333334,18091063637004542186
64,506,aho_corasick,all,4,1,1,666668,150,100000000,100000200,8270375,234550000,242881000,8331000.000,8270375.000,2.345495309,242881000.000,2.428805142,18091063637004542186,333334,333334,18091063637004542186
65,1,aho_corasick,all,0,1,64,10418,150,100000000,100012800,1493417,107064458,108598667,23972.016,23334.641,1.070507555,107088430.016,1.070747245,3815439206341047368,333376,333376,3815439206341047368
65,1,aho_corasick,all,1,1,64,10418,150,100000000,100012800,1417083,106595333,108052333,22765.625,22141.922,1.065816905,106618098.625,1.066044533,3815439206341047368,333376,333376,3815439206341047368
65,1,aho_corasick,all,2,1,64,10418,150,100000000,100012800,1417834,112040875,113483417,22539.719,22153.656,1.120265356,112063414.719,1.120490724,3815439206341047368,333376,333376,3815439206341047368
65,1,aho_corasick,all,3,1,64,10418,150,100000000,100012800,1498083,112469583,113987625,23719.406,23407.547,1.124551887,112493302.406,1.124789051,3815439206341047368,333376,333376,3815439206341047368
65,1,aho_corasick,all,4,1,64,10418,150,100000000,100012800,1495250,114232875,115788125,24300.781,23363.281,1.142182551,114257175.781,1.142425527,3815439206341047368,333376,333376,3815439206341047368
65,1,hash,all,0,1,64,10418,150,100000000,100012800,52792,204457542,204516083,914.703,824.875,2.044313748,204458456.703,2.044322894,3815439206341047368,333376,333376,3815439206341047368
65,1,hash,all,1,1,64,10418,150,100000000,100012800,25500,198414750,198445375,478.516,398.438,1.983893562,198415228.516,1.983898346,3815439206341047368,333376,333376,3815439206341047368
65,1,hash,all,2,1,64,10418,150,100000000,100012800,20083,201267584,201292250,385.406,313.797,2.012418250,201267969.406,2.012422104,3815439206341047368,333376,333376,3815439206341047368
65,1,hash,all,3,1,64,10418,150,100000000,100012800,13375,217746834,217766667,309.891,208.984,2.177189660,217747143.891,2.177192758,3815439206341047368,333376,333376,3815439206341047368
65,1,hash,all,4,1,64,10418,150,100000000,100012800,19750,238559834,238586000,408.844,308.594,2.385293022,238560242.844,2.385297110,3815439206341047368,333376,333376,3815439206341047368
65,16,hash,all,0,1,16,41668,150,100000000,100003200,38334,275148750,275199125,3148.438,2395.875,2.751399455,275151898.438,2.751430939,6901730096891625205,333344,333344,6901730096891625205
65,16,hash,all,1,1,16,41668,150,100000000,100003200,31666,294180458,294218542,2380.250,1979.125,2.941710445,294182838.250,2.941734247,6901730096891625205,333344,333344,6901730096891625205
65,16,hash,all,2,1,16,41668,150,100000000,100003200,33541,292282708,292322916,2513.000,2096.312,2.922733553,292285221.000,2.922758682,6901730096891625205,333344,333344,6901730096891625205
65,16,hash,all,3,1,16,41668,150,100000000,100003200,40000,324330042,324376666,2914.000,2500.000,3.243196638,324332956.000,3.243225777,6901730096891625205,333344,333344,6901730096891625205
65,16,hash,all,4,1,16,41668,150,100000000,100003200,39917,374089708,374141625,3244.812,2494.812,3.740777375,374092952.812,3.740809822,6901730096891625205,333344,333344,6901730096891625205
65,16,aho_corasick,all,0,1,16,41668,150,100000000,100003200,6511250,248240833,254868583,414234.375,406953.125,2.482328895,248655067.375,2.486471107,6901730096891625205,333344,333344,6901730096891625205
65,16,aho_corasick,all,1,1,16,41668,150,100000000,100003200,6617667,240807834,247560542,422044.250,413604.188,2.408001284,241229878.250,2.412221591,6901730096891625205,333344,333344,6901730096891625205
65,16,aho_corasick,all,2,1,16,41668,150,100000000,100003200,5549667,215388500,220970750,348890.625,346854.188,2.153816078,215737390.625,2.157304872,6901730096891625205,333344,333344,6901730096891625205
65,16,aho_corasick,all,3,1,16,41668,150,100000000,100003200,5500292,214812125,220341375,345578.125,343768.250,2.148052512,215157703.125,2.151508183,6901730096891625205,333344,333344,6901730096891625205
65,16,aho_corasick,all,4,1,16,41668,150,100000000,100003200,5732833,206649041,212423833,360924.500,358302.062,2.066424284,207009965.500,2.070033414,6901730096891625205,333344,333344,6901730096891625205
65,2,aho_corasick,all,0,1,64,10418,150,100000000,100012800,3551250,654053542,657761292,57933.594,55488.281,6.539698339,654111475.594,6.540277600,9531300631416686205,333376,333376,9531300631416686205
65,2,aho_corasick,all,1,1,64,10418,150,100000000,100012800,2997125,572766042,575789625,47243.484,46830.078,5.726927373,572813285.484,5.727399748,9531300631416686205,333376,333376,9531300631416686205
65,2,aho_corasick,all,2,1,64,10418,150,100000000,100012800,2746250,520794916,523607167,43941.422,42910.156,5.207282628,520838857.422,5.207721986,9531300631416686205,333376,333376,9531300631416686205
65,2,aho_corasick,all,3,1,64,10418,150,100000000,100012800,2456125,526673583,529171334,39027.359,38376.953,5.266061774,526712610.359,5.266451998,9531300631416686205,333376,333376,9531300631416686205
65,2,aho_corasick,all,4,1,64,10418,150,100000000,100012800,2326834,491947542,494293875,36661.453,36356.781,4.918845808,491984203.453,4.919212375,9531300631416686205,333376,333376,9531300631416686205
65,2,hash,all,0,1,64,10418,150,100000000,100012800,84458,204210458,204302500,1438.156,1319.656,2.041843224,204211896.156,2.041857604,9531300631416686205,333376,333376,9531300631416686205
65,2,hash,all,1,1,64,10418,150,100000000,100012800,28958,212638042,212672291,535.141,452.469,2.126108278,212638577.141,2.126113629,9531300631416686205,333376,333376,9531300631416686205
65,2,hash,all,2,1,64,10418,150,100000000,100012800,36583,212738208,212780625,662.766,571.609,2.127109810,212738870.766,2.127116437,9531300631416686205,333376,333376,9531300631416686205
65,2,hash,all,3,1,64,10418,150,100000000,100012800,43917,235403709,235453834,783.203,686.203,2.353735812,235404492.203,2.353743643,9531300631416686205,333376,333376,9531300631416686205
65,2,hash,all,4,1,64,10418,150,100000000,100012800,37000,288289250,288333708,694.656,578.125,2.882523537,288289944.656,2.882530483,9531300631416686205,333376,333376,9531300631416686205
65,3,hash,all,0,1,64,10418,150,100000000,100012800,50958,186437500,186494833,895.828,796.219,1.864136391,186438395.828,1.864145348,9209027590627688491,333376,333376,9209027590627688491
65,3,hash,all,1,1,64,10418,150,100000000,100012800,32875,185336958,185374083,580.078,513.672,1.853132379,185337538.078,1.853138179,9209027590627688491,333376,333376,9209027590627688491
65,3,hash,all,2,1,64,10418,150,100000000,100012800,25750,181456042,181486958,483.062,402.344,1.814328186,181456525.062,1.814333016,9209027590627688491,333376,333376,9209027590627688491
65,3,hash,all,3,1,64,10418,150,100000000,100012800,30084,179178041,179213334,551.453,470.062,1.791551091,179178592.453,1.791556605,9209027590627688491,333376,333376,9209027590627688491
65,3,hash,all,4,1,64,10418,150,100000000,100012800,33042,175638916,175684792,716.812,516.281,1.756164371,175639632.812,1.756171538,9209027590627688491,333376,333376,9209027590627688491
65,3,aho_corasick,all,0,1,64,10418,150,100000000,100012800,2988292,287704916,290729084,47252.625,46692.062,2.876680945,287752168.625,2.877153411,9209027590627688491,333376,333376,9209027590627688491
65,3,aho_corasick,all,1,1,64,10418,150,100000000,100012800,3012000,283688333,286715416,47298.172,47062.500,2.836520255,283735631.172,2.836993177,9209027590627688491,333376,333376,9209027590627688491
65,3,aho_corasick,all,2,1,64,10418,150,100000000,100012800,2961375,276279208,279262000,46606.125,46271.484,2.762438488,276325814.125,2.762904489,9209027590627688491,333376,333376,9209027590627688491
65,3,aho_corasick,all,3,1,64,10418,150,100000000,100012800,2964042,286060541,289053041,46757.812,46313.156,2.860239299,286107298.812,2.860706818,9209027590627688491,333376,333376,9209027590627688491
65,3,aho_corasick,all,4,1,64,10418,150,100000000,100012800,2958250,286654875,289630750,46498.047,46222.656,2.866181879,286701373.047,2.866646800,9209027590627688491,333376,333376,9209027590627688491
65,32,hash,all,0,1,8,83334,150,100000000,100000800,24417,244682625,244711334,3588.625,3052.125,2.446806676,244686213.625,2.446842562,12279311655930670409,333336,333336,12279311655930670409
65,32,hash,all,1,1,8,83334,150,100000000,100000800,24375,237718791,237745542,3343.875,3046.875,2.377168893,237722134.875,2.377202331,12279311655930670409,333336,333336,12279311655930670409
65,32,hash,all,2,1,8,83334,150,100000000,100000800,24042,237357000,237384167,3395.875,3005.250,2.373551012,237360395.875,2.373584970,12279311655930670409,333336,333336,12279311655930670409
65,32,hash,all,3,1,8,83334,150,100000000,100000800,19875,246161167,246184792,2953.125,2484.375,2.461591977,246164120.125,2.461621508,12279311655930670409,333336,333336,12279311655930670409
65,32,hash,all,4,1,8,83334,150,100000000,100000800,27625,253412125,253443000,3859.375,3453.125,2.534100977,253415984.375,2.534139571,12279311655930670409,333336,333336,12279311655930670409
65,32,aho_corasick,all,0,1,8,83334,150,100000000,100000800,4243541,172750750,177031291,535067.625,530442.625,1.727493680,173285817.625,1.732844313,12279311655930670409,333336,333336,12279311655930670409
65,32,aho_corasick,all,1,1,8,83334,150,100000000,100000800,4170125,172099125,176341541,530302.000,521265.625,1.720977482,172629427.000,1.726280460,12279311655930670409,333336,333336,12279311655930670409
65,32,aho_corasick,all,2,1,8,83334,150,100000000,100000800,4279583,178015458,182317750,537786.500,534947.875,1.780140339,178553244.500,1.785518161,12279311655930670409,333336,333336,12279311655930670409
65,32,aho_corasick,all,3,1,8,83334,150,100000000,100000800,4314250,174229084,178559709,541328.125,539281.250,1.742276902,174770412.125,1.747690140,12279311655930670409,333336,333336,12279311655930670409
65,32,aho_corasick,all,4,1,8,83334,150,100000000,100000800,4103708,174470208,178591459,515156.375,512963.500,1.744688122,174985364.375,1.749839645,12279311655930670409,333336,333336,12279311655930670409
65,4,hash,all,0,1,64,10418,150,100000000,100012800,69125,219413791,219488500,1167.328,1080.078,2.193857096,219414958.328,2.193868768,13344154097240717980,333376,333376,13344154097240717980
65,4,hash,all,1,1,64,10418,150,100000000,100012800,36667,231554041,231597667,681.656,572.922,2.315244059,231554722.656,2.315250874,13344154097240717980,333376,333376,13344154097240717980
65,4,hash,all,2,1,64,10418,150,100000000,100012800,49250,230140958,230196667,870.453,769.531,2.301115037,230141828.453,2.301123741,13344154097240717980,333376,333376,13344154097240717980
65,4,hash,all,3,1,64,10418,150,100000000,100012800,39792,222944750,222989917,705.734,621.750,2.229162167,222945455.734,2.229169224,13344154097240717980,333376,333376,13344154097240717980
65,4,hash,all,4,1,64,10418,150,100000000,100012800,27791,221999375,222032583,518.875,434.234,2.219709627,221999893.875,2.219714815,13344154097240717980,333376,333376,13344154097240717980
65,4,aho_corasick,all,0,1,64,10418,150,100000000,100012800,5069458,179777042,184969625,81134.109,79210.281,1.797540335,179858176.109,1.798351572,13344154097240717980,333376,333376,13344154097240717980
65,4,aho_corasick,all,1,1,64,10418,150,100000000,100012800,4903166,176559334,181530667,77677.078,76611.969,1.765367373,176637011.078,1.766144044,13344154097240717980,333376,333376,13344154097240717980
65,4,aho_corasick,all,2,1,64,10418,150,100000000,100012800,5290834,198527625,203848416,83137.359,82669.281,1.985022167,198610762.359,1.985853434,13344154097240717980,333376,333376,13344154097240717980
65,4,aho_corasick,all,3,1,64,10418,150,100000000,100012800,5982042,213709167,219749542,94380.859,93469.406,2.136818157,213803547.859,2.137761845,13344154097240717980,333376,333376,13344154097240717980
65,4,aho_corasick,all,4,1,64,10418,150,100000000,100012800,5895291,213261708,219187458,92589.844,92113.922,2.132344140,213354297.844,2.133269920,13344154097240717980,333376,333376,13344154097240717980
65,8,hash,all,0,1,32,20834,150,100000000,100003200,60583,303800875,303868125,2101.562,1893.219,3.037911537,303802976.562,3.037932552,5161372676192153254,333344,333344,5161372676192153254
65,8,hash,all,1,1,32,20834,150,100000000,100003200,67667,300131625,300206625,2343.750,2114.594,3.001220211,300133968.750,3.001243648,5161372676192153254,333344,333344,5161372676192153254
65,8,hash,all,2,1,32,20834,150,100000000,100003200,34625,305349917,305391417,1296.875,1082.031,3.053401461,305351213.875,3.053414429,5161372676192153254,333344,333344,5161372676192153254
65,8,hash,all,3,1,32,20834,150,100000000,100003200,38958,338101667,338154625,1654.938,1217.438,3.380908481,338103321.938,3.380925030,5161372676192153254,333344,333344,5161372676192153254
65,8,hash,all,4,1,32,20834,150,100000000,100003200,63125,313039708,313111084,2230.500,1972.656,3.130296910,313041938.500,3.130319215,5161372676192153254,333344,333344,5161372676192153254
65,8,aho_corasick,all,0,1,32,20834,150,100000000,100003200,5998792,217105625,223231583,191436.188,187462.250,2.170986778,217297061.188,2.172901079,5161372676192153254,333344,333344,5161372676192153254
65,8,aho_corasick,all,1,1,32,20834,150,100000000,100003200,5262708,203475083,208817667,166955.750,164459.625,2.034685720,203642038.750,2.036355224,5161372676192153254,333344,333344,5161372676192153254
65,8,aho_corasick,all,2,1,32,20834,150,100000000,100003200,5818625,214822541,220738042,184859.406,181832.031,2.148156669,215007400.406,2.150005204,5161372676192153254,333344,333344,5161372676192153254
65,8,aho_corasick,all,3,1,32,20834,150,100000000,100003200,5741000,213922708,219720916,181194.000,179406.250,2.139158627,214103902.000,2.140970509,5161372676192153254,333344,333344,5161372676192153254
65,8,aho_corasick,all,4,1,32,20834,150,100000000,100003200,5743125,213368791,219168583,181243.500,179472.656,2.133619634,213550034.500,2.135432011,5161372676192153254,333344,333344,5161372676192153254
7,4,bndmq,all,0,1,64,10418,150,100000000,100012800,104083,154723833,154835625,1746.750,1626.297,1.547040309,154725579.750,1.547057774,12641984526438481746,345087,357017,12641984526438481746
7,4,bndmq,all,1,1,64,10418,150,100000000,100012800,91709,151385666,151480167,1476.578,1432.953,1.513662911,151387142.578,1.513677675,12641984526438481746,345087,357017,12641984526438481746
7,4,bndmq,all,2,1,64,10418,150,100000000,100012800,72042,148907042,148982167,1173.828,1125.656,1.488879843,148908215.828,1.488891580,12641984526438481746,345087,357017,12641984526438481746
7,4,bndmq,all,3,1,64,10418,150,100000000,100012800,47417,147150083,147200917,794.281,740.891,1.471312502,147150877.281,1.471320444,12641984526438481746,345087,357017,12641984526438481746
7,4,bndmq,all,4,1,64,10418,150,100000000,100012800,47875,146735791,146786708,795.578,748.047,1.467170112,146736586.578,1.467178067,12641984526438481746,345087,357017,12641984526438481746
7,4,hash,all,0,1,64,10418,150,100000000,100012800,61792,212898166,212973125,1171.234,965.500,2.128709185,212899337.234,2.128720896,12641984526438481746,345087,357017,12641984526438481746
7,4,hash,all,1,1,64,10418,150,100000000,100012800,36084,209131833,209182834,796.891,563.812,2.091050676,209132629.891,2.091058643,12641984526438481746,345087,357017,12641984526438481746
7,4,hash,all,2,1,64,10418,150,100000000,100012800,33667,209702291,209746000,682.953,526.047,2.096754525,209702973.953,2.096761354,12641984526438481746,345087,357017,12641984526438481746
7,4,hash,all,3,1,64,10418,150,100000000,100012800,35500,209704333,209745125,637.375,554.688,2.096774943,209704970.375,2.096781316,12641984526438481746,345087,357017,12641984526438481746
7,4,hash,all,4,1,64,10418,150,100000000,100012800,32125,209175417,209216792,646.484,501.953,2.091486460,209176063.484,2.091492924,12641984526438481746,345087,357017,12641984526438481746
7,4,aho_corasick,all,0,1,64,10418,150,100000000,100012800,883000,126967666,127885084,14334.656,13796.875,1.269514162,126982000.656,1.269657490,12641984526438481746,345087,357017,12641984526438481746
7,4,aho_corasick,all,1,1,64,10418,150,100000000,100012800,838708,124129875,124993792,13498.703,13104.812,1.241139884,124143373.703,1.241274854,12641984526438481746,345087,357017,12641984526438481746
7,4,aho_corasick,all,2,1,64,10418,150,100000000,100012800,820792,124209500,125057709,13253.266,12824.875,1.241936032,124222753.266,1.242068548,12641984526438481746,345087,357017,12641984526438481746
7,4,aho_corasick,all,3,1,64,10418,150,100000000,100012800,812750,124176458,125016084,13119.156,12699.219,1.241605654,124189577.156,1.241736829,12641984526438481746,345087,357017,12641984526438481746
7,4,aho_corasick,all,4,1,64,10418,150,100000000,100012800,801625,125252250,126081042,12949.875,12525.391,1.252362198,125265199.875,1.252491680,12641984526438481746,345087,357017,12641984526438481746
8,5,bndmq,all,0,1,52,12822,150,100000000,100011600,157917,153663208,153825125,3113.788,3036.865,1.536453851,153666321.788,1.536484986,1858726480772888920,336942,340508,1858726480772888920
8,5,bndmq,all,1,1,52,12822,150,100000000,100011600,66541,150220792,150289625,1323.712,1279.635,1.502033684,150222115.712,1.502046920,1858726480772888920,336942,340508,1858726480772888920
8,5,bndmq,all,2,1,52,12822,150,100000000,100011600,40042,150349583,150391875,813.308,770.038,1.503321445,150350396.308,1.503329577,1858726480772888920,336942,340508,1858726480772888920
8,5,bndmq,all,3,1,52,12822,150,100000000,100011600,42542,149643458,149688541,866.981,818.115,1.496261014,149644324.981,1.496269683,1858726480772888920,336942,340508,1858726480772888920
8,5,bndmq,all,4,1,52,12822,150,100000000,100011600,74875,148964083,149041417,1487.192,1439.904,1.489468052,148965570.192,1.489482922,1858726480772888920,336942,340508,1858726480772888920
8,5,aho_corasick,all,0,1,52,12822,150,100000000,100011600,810875,126125583,126960958,16064.904,15593.750,1.261109541,126141647.904,1.261270172,1858726480772888920,336942,340508,1858726480772888920
8,5,aho_corasick,all,1,1,52,12822,150,100000000,100011600,891042,126683000,127611125,17848.558,17135.423,1.266683065,126700848.558,1.266861530,1858726480772888920,336942,340508,1858726480772888920
8,5,aho_corasick,all,2,1,52,12822,150,100000000,100011600,794708,122785667,123600209,15664.269,15282.846,1.227714255,122801331.269,1.227870880,1858726480772888920,336942,340508,1858726480772888920
8,5,aho_corasick,all,3,1,52,12822,150,100000000,100011600,773500,123425708,124218625,15248.404,14875.000,1.234113923,123440956.404,1.234266389,1858726480772888920,336942,340508,1858726480772888920
8,5,aho_corasick,all,4,1,52,12822,150,100000000,100011600,836542,123244250,124106667,16584.942,16087.346,1.232299553,123260834.942,1.232465383,1858726480772888920,336942,340508,1858726480772888920
8,5,hash,all,0,1,52,12822,150,100000000,100011600,172167,222168125,222350375,3504.808,3310.904,2.221423565,222171629.808,2.221458609,1858726480772888920,336942,340508,1858726480772888920
8,5,hash,all,1,1,52,12822,150,100000000,100011600,20792,212723375,212753625,581.731,399.846,2.126987020,212723956.731,2.126992836,1858726480772888920,336942,340508,1858726480772888920
8,5,hash,all,2,1,52,12822,150,100000000,100011600,18000,214702292,214729375,520.827,346.154,2.146773894,214702812.827,2.146779102,1858726480772888920,336942,340508,1858726480772888920
8,5,hash,all,3,1,52,12822,150,100000000,100011600,17333,224822292,224854625,621.788,333.327,2.247962156,224822913.788,2.247968374,1858726480772888920,336942,340508,1858726480772888920
8,5,hash,all,4,1,52,12822,150,100000000,100011600,30916,215366875,215403875,711.538,594.538,2.153418953,215367586.538,2.153426068,1858726480772888920,336942,340508,1858726480772888920
8,6,hash,all,0,1,43,15504,150,100000000,100000800,22500,226819167,226851708,756.767,523.256,2.268173525,226819923.767,2.268181092,4727463419857204893,337592,341741,4727463419857204893
8,6,hash,all,1,1,43,15504,150,100000000,100000800,16292,226484916,226505417,476.767,378.884,2.264831041,226485392.767,2.264835809,4727463419857204893,337592,341741,4727463419857204893
8,6,hash,all,2,1,43,15504,150,100000000,100000800,27750,227048292,227082042,784.884,645.349,2.270464756,227049076.884,2.270472605,4727463419857204893,337592,341741,4727463419857204893
8,6,hash,all,3,1,43,15504,150,100000000,100000800,66750,227001292,227084583,1937.000,1552.326,2.269994760,227003229.000,2.270014130,4727463419857204893,337592,341741,4727463419857204893
8,6,hash,all,4,1,43,15504,150,100000000,100000800,28958,228720458,228753708,773.256,673.442,2.287186283,228721231.256,2.287194015,4727463419857204893,337592,341741,4727463419857204893
8,6,aho_corasick,all,0,1,43,15504,150,100000000,100000800,805250,129143125,129981834,19504.860,18726.744,1.291420919,129162629.860,1.291615966,4727463419857204893,337592,341741,4727463419857204893
8,6,aho_corasick,all,1,1,43,15504,150,100000000,100000800,762875,125692500,126479542,18303.302,17741.279,1.256914945,125710803.302,1.257097976,4727463419857204893,337592,341741,4727463419857204893
8,6,aho_corasick,all,2,1,43,15504,150,100000000,100000800,791042,125647500,126467875,19078.488,18396.326,1.256464948,125666578.488,1.256655732,4727463419857204893,337592,341741,4727463419857204893
8,6,aho_corasick,all,3,1,43,15504,150,100000000,100000800,731584,124931417,125686125,17551.349,17013.581,1.249304176,124948968.349,1.249479688,4727463419857204893,337592,341741,4727463419857204893
8,6,aho_corasick,all,4,1,43,15504,150,100000000,100000800,750333,124227834,124997333,17895.326,17449.605,1.242268402,124245729.326,1.242447354,4727463419857204893,337592,341741,4727463419857204893
8,6,bndmq,all,0,1,43,15504,150,100000000,100000800,77750,179608167,179689833,1899.209,1808.140,1.796067301,179610066.209,1.796086293,4727463419857204893,337592,341741,4727463419857204893
8,6,bndmq,all,1,1,43,15504,150,100000000,100000800,79417,177694333,177776792,1917.651,1846.907,1.776929115,177696250.651,1.776948291,4727463419857204893,337592,341741,4727463419857204893
8,6,bndmq,all,2,1,43,15504,150,100000000,100000800,75709,176070916,176148750,1810.093,1760.674,1.760695074,176072726.093,1.760713175,4727463419857204893,337592,341741,4727463419857204893
8,6,bndmq,all,3,1,43,15504,150,100000000,100000800,33750,176750916,176787083,841.093,784.884,1.767495020,176751757.093,1.767503431,4727463419857204893,337592,341741,4727463419857204893
8,6,bndmq,all,4,1,43,15504,150,100000000,100000800,37125,176444875,176484334,917.651,863.372,1.764434635,176445792.651,1.764443811,4727463419857204893,337592,341741,4727463419857204893
80,3,aho_corasick,all,0,1,64,10418,150,100000000,100012800,3778292,308647125,312492334,60081.391,59035.812,3.086076232,308707206.391,3.086676969,6953768328920231242,333376,333376,6953768328920231242
80,3,aho_corasick,all,1,1,64,10418,150,100000000,100012800,4155750,315918125,320095834,65276.703,64933.594,3.158776927,315983401.703,3.159429610,6953768328920231242,333376,333376,6953768328920231242
80,3,aho_corasick,all,2,1,64,10418,150,100000000,100012800,3821417,310298167,314140083,60029.938,59709.641,3.102584539,310358196.938,3.103184762,6953768328920231242,333376,333376,6953768328920231242
80,3,aho_corasick,all,3,1,64,10418,150,100000000,100012800,3787625,337340375,341150875,59539.062,59181.641,3.372972010,337399914.062,3.373567324,6953768328920231242,333376,333376,6953768328920231242
80,3,aho_corasick,all,4,1,64,10418,150,100000000,100012800,4351458,394321167,398701875,68448.562,67991.531,3.942707004,394389615.562,3.943391402,6953768328920231242,333376,333376,6953768328920231242
80,3,hash,all,0,1,64,10418,150,100000000,100012800,70042,287464667,287546375,1276.688,1094.406,2.874278762,287465943.688,2.874291528,6953768328920231242,333376,333376,6953768328920231242
80,3,hash,all,1,1,64,10418,150,100000000,100012800,51917,309842458,309902875,944.016,811.203,3.098028032,309843402.016,3.098037471,6953768328920231242,333376,333376,6953768328920231242
80,3,hash,all,2,1,64,10418,150,100000000,100012800,53958,311587875,311652250,1005.859,843.094,3.115479969,311588880.859,3.115490026,6953768328920231242,333376,333376,6953768328920231242
80,3,hash,all,3,1,64,10418,150,100000000,100012800,62583,282691917,282765125,1143.875,977.859,2.826557371,282693060.875,2.826568808,6953768328920231242,333376,333376,6953768328920231242
80,3,hash,all,4,1,64,10418,150,100000000,100012800,54166,277124000,277187000,984.375,846.344,2.770885327,277124984.375,2.770895169,6953768328920231242,333376,333376,6953768328920231242
80,360,aho_corasick,all,0,1,1,666668,150,100000000,100000200,7985125,242667833,250709833,8042000.000,7985125.000,2.426673477,250709833.000,2.507093316,16026556968740177923,333334,333334,16026556968740177923
80,360,aho_corasick,all,1,1,1,666668,150,100000000,100000200,7135542,232359333,239564042,7204709.000,7135542.000,2.323588683,239564042.000,2.395635629,16026556968740177923,333334,333334,16026556968740177923
80,360,aho_corasick,all,2,1,1,666668,150,100000000,100000200,6992334,222197666,229244334,7046668.000,6992334.000,2.221972216,229244334.000,2.292438755,16026556968740177923,333334,333334,16026556968740177923
80,360,aho_corasick,all,3,1,1,666668,150,100000000,100000200,6990084,213180458,220217583,7037125.000,6990084.000,2.131800316,220217583.000,2.202171426,16026556968740177923,333334,333334,16026556968740177923
80,360,aho_corasick,all,4,1,1,666668,150,100000000,100000200,6725667,206826708,213599583,6772875.000,6725667.000,2.068262943,213599583.000,2.135991558,16026556968740177923,333334,333334,16026556968740177923
80,360,hash,all,0,1,1,666668,150,100000000,100000200,38958,404229375,404272167,42792.000,38958.000,4.042285665,404272167.000,4.042713585,16026556968740177923,333334,333334,16026556968740177923
80,360,hash,all,1,1,1,666668,150,100000000,100000200,36583,395998083,396040250,42167.000,36583.000,3.959972910,396040250.000,3.960394579,16026556968740177923,333334,333334,16026556968740177923
80,360,hash,all,2,1,1,666668,150,100000000,100000200,28875,385797291,385828750,31459.000,28875.000,3.857965194,385828750.000,3.858279783,16026556968740177923,333334,333334,16026556968740177923
80,360,hash,all,3,1,1,666668,150,100000000,100000200,32166,387159417,387194291,34874.000,32166.000,3.871586427,387194291.000,3.871935166,16026556968740177923,333334,333334,16026556968740177923
80,360,hash,all,4,1,1,666668,150,100000000,100000200,41375,398104625,398149250,44625.000,41375.000,3.981038288,398149250.000,3.981484537,16026556968740177923,333334,333334,16026556968740177923
80,506,hash,all,0,1,1,666668,150,100000000,100000200,56375,247725250,247785750,60500.000,56375.000,2.477247546,247785750.000,2.477852544,1647229194677721357,333334,333334,1647229194677721357
80,506,hash,all,1,1,1,666668,150,100000000,100000200,63750,250366958,250434083,67125.000,63750.000,2.503664573,250434083.000,2.504335821,1647229194677721357,333334,333334,1647229194677721357
80,506,hash,all,2,1,1,666668,150,100000000,100000200,46750,241495250,241546667,51417.000,46750.000,2.414947670,241546667.000,2.415461839,1647229194677721357,333334,333334,1647229194677721357
80,506,hash,all,3,1,1,666668,150,100000000,100000200,62625,260808583,260880125,71542.000,62625.000,2.608080614,260880125.000,2.608796032,1647229194677721357,333334,333334,1647229194677721357
80,506,hash,all,4,1,1,666668,150,100000000,100000200,47625,247907208,247958167,50959.000,47625.000,2.479067122,247958167.000,2.479576711,1647229194677721357,333334,333334,1647229194677721357
80,506,aho_corasick,all,0,1,1,666668,150,100000000,100000200,10949250,257366250,268448292,11082042.000,10949250.000,2.573657353,268448292.000,2.684477551,1647229194677721357,333334,333334,1647229194677721357
80,506,aho_corasick,all,1,1,1,666668,150,100000000,100000200,10878500,269944958,280932917,10987959.000,10878500.000,2.699444181,280932917.000,2.809323551,1647229194677721357,333334,333334,1647229194677721357
80,506,aho_corasick,all,2,1,1,666668,150,100000000,100000200,10714458,261561333,272363167,10801834.000,10714458.000,2.615608099,272363167.000,2.723626223,1647229194677721357,333334,333334,1647229194677721357
80,506,aho_corasick,all,3,1,1,666668,150,100000000,100000200,10879750,285229500,296226750,10997250.000,10879750.000,2.852289295,296226750.000,2.962261575,1647229194677721357,333334,333334,1647229194677721357
80,506,aho_corasick,all,4,1,1,666668,150,100000000,100000200,12358208,308261250,320727375,12466125.000,12358208.000,3.082606335,320727375.000,3.207267335,1647229194677721357,333334,333334,1647229194677721357
9,10000,aho_corasick,all,0,1,1,666668,150,100000000,100000200,11524083,551024625,562813792,11789167.000,11524083.000,5.510235230,562813792.000,5.628126664,16697657626858688803,665371,3928366,16697657626858688803
9,10000,aho_corasick,all,1,1,1,666668,150,100000000,100000200,11251542,521608000,533116542,11508542.000,11251542.000,5.216069568,533116542.000,5.331154758,16697657626858688803,665371,3928366,16697657626858688803
9,10000,aho_corasick,all,2,1,1,666668,150,100000000,100000200,11162250,541724083,553190750,11466667.000,11162250.000,5.417229996,553190750.000,5.531896436,16697657626858688803,665371,3928366,16697657626858688803
9,10000,aho_corasick,all,3,1,1,666668,150,100000000,100000200,11414834,578921166,590591958,11670792.000,11414834.000,5.789200082,590591958.000,5.905907768,16697657626858688803,665371,3928366,16697657626858688803
9,10000,aho_corasick,all,4,1,1,666668,150,100000000,100000200,11308917,575498625,587086042,11587417.000,11308917.000,5.754974740,587086042.000,5.870848678,16697657626858688803,665371,3928366,16697657626858688803
9,10000,hash,all,0,1,1,666668,150,100000000,100000200,109458,479514917,479647458,132541.000,109458.000,4.795139580,479647458.000,4.796464987,16697657626858688803,665371,3928366,16697657626858688803
9,10000,hash,all,1,1,1,666668,150,100000000,100000200,69917,472217000,472306250,89250.000,69917.000,4.722160556,472306250.000,4.723053054,16697657626858688803,665371,3928366,16697657626858688803
9,10000,hash,all,2,1,1,666668,150,100000000,100000200,114167,473139042,473275334,136292.000,114167.000,4.731380957,473275334.000,4.732743875,16697657626858688803,665371,3928366,16697657626858688803
9,10000,hash,all,3,1,1,666668,150,100000000,100000200,108792,472708292,472839500,131208.000,108792.000,4.727073466,472839500.000,4.728385543,16697657626858688803,665371,3928366,16697657626858688803
9,10000,hash,all,4,1,1,666668,150,100000000,100000200,67875,470498333,470585208,86875.000,67875.000,4.704973920,470585208.000,4.705842668,16697657626858688803,665371,3928366,16697657626858688803
96,3,aho_corasick,all,0,1,64,10418,150,100000000,100012800,6450666,418784708,425279292,101477.875,100791.656,4.187311104,418886185.875,4.188325753,16411169189359659818,333376,333376,16411169189359659818
96,3,aho_corasick,all,1,1,64,10418,150,100000000,100012800,6390416,483703667,490146041,100662.094,99850.250,4.836417609,483804329.094,4.837424101,16411169189359659818,333376,333376,16411169189359659818
96,3,aho_corasick,all,2,1,64,10418,150,100000000,100012800,8664834,543899375,552707000,137619.141,135388.031,5.438297648,544036994.141,5.439673663,16411169189359659818,333376,333376,16411169189359659818
96,3,aho_corasick,all,3,1,64,10418,150,100000000,100012800,8312625,521735000,530084584,130462.250,129884.766,5.216682265,521865462.250,5.217986720,16411169189359659818,333376,333376,16411169189359659818
96,3,aho_corasick,all,4,1,64,10418,150,100000000,100012800,7253833,438777041,446072458,113990.891,113341.141,4.387208847,438891031.891,4.388348610,16411169189359659818,333376,333376,16411169189359659818
96,3,hash,all,0,1,64,10418,150,100000000,100012800,93458,323250958,323356417,1647.797,1460.281,3.232095872,323252605.797,3.232112348,16411169189359659818,333376,333376,16411169189359659818
96,3,hash,all,1,1,64,10418,150,100000000,100012800,72208,291189209,291273375,1315.094,1128.250,2.911519416,291190524.094,2.911532565,16411169189359659818,333376,333376,16411169189359659818
96,3,hash,all,2,1,64,10418,150,100000000,100012800,48292,254661250,254721833,946.609,754.562,2.546286575,254662196.609,2.546296040,16411169189359659818,333376,333376,16411169189359659818
96,3,hash,all,3,1,64,10418,150,100000000,100012800,66458,257136375,257219000,1291.016,1038.406,2.571034658,257137666.016,2.571047566,16411169189359659818,333376,333376,16411169189359659818
96,3,hash,all,4,1,64,10418,150,100000000,100012800,72250,242698958,242779750,1262.375,1128.906,2.426678965,242700220.375,2.426691587,16411169189359659818,333376,333376,16411169189359659818
96,360,aho_corasick,all,0,1,1,666668,150,100000000,100000200,13420542,360195750,373743875,13548125.000,13420542.000,3.601950296,373743875.000,3.737431275,3527223201504522141,333334,333334,3527223201504522141
96,360,aho_corasick,all,1,1,1,666668,150,100000000,100000200,12858291,342577750,355556542,12978792.000,12858291.000,3.425770648,355556542.000,3.555558309,3527223201504522141,333334,333334,3527223201504522141
96,360,aho_corasick,all,2,1,1,666668,150,100000000,100000200,12705541,310981625,323795792,12814167.000,12705541.000,3.109810030,323795792.000,3.237951444,3527223201504522141,333334,333334,3527223201504522141
96,360,aho_corasick,all,3,1,1,666668,150,100000000,100000200,11657500,308787833,320545375,11757542.000,11657500.000,3.087872154,320545375.000,3.205447339,3527223201504522141,333334,333334,3527223201504522141
96,360,aho_corasick,all,4,1,1,666668,150,100000000,100000200,11794417,332559208,344413333,11854125.000,11794417.000,3.325585429,344413333.000,3.444126442,3527223201504522141,333334,333334,3527223201504522141
96,360,hash,all,0,1,1,666668,150,100000000,100000200,66042,431627459,431696500,69041.000,66042.000,4.316265957,431696500.000,4.316956366,3527223201504522141,333334,333334,3527223201504522141
96,360,hash,all,1,1,1,666668,150,100000000,100000200,41375,394605750,394649625,43875.000,41375.000,3.946049608,394649625.000,3.946488357,3527223201504522141,333334,333334,3527223201504522141
96,360,hash,all,2,1,1,666668,150,100000000,100000200,60667,418715208,418779834,64626.000,60667.000,4.187143706,418779834.000,4.187789964,3527223201504522141,333334,333334,3527223201504522141
96,360,hash,all,3,1,1,666668,150,100000000,100000200,72167,469763583,469844959,81376.000,72167.000,4.697626435,469844959.000,4.698440193,3527223201504522141,333334,333334,3527223201504522141
96,360,hash,all,4,1,1,666668,150,100000000,100000200,57250,474171125,474233416,62291.000,57250.000,4.741701767,474233416.000,4.742324675,3527223201504522141,333334,333334,3527223201504522141
96,506,aho_corasick,all,0,1,1,666668,150,100000000,100000200,18461125,373128250,391751083,18622833.000,18461125.000,3.731275037,391751083.000,3.917502995,2730951953179344375,333334,333334,2730951953179344375
96,506,aho_corasick,all,1,1,1,666668,150,100000000,100000200,15042167,301845375,317024000,15178625.000,15042167.000,3.018447713,317024000.000,3.170233660,2730951953179344375,333334,333334,2730951953179344375
96,506,aho_corasick,all,2,1,1,666668,150,100000000,100000200,13938416,303135959,317212208,14076249.000,13938416.000,3.031353527,317212208.000,3.172115736,2730951953179344375,333334,333334,2730951953179344375
96,506,aho_corasick,all,3,1,1,666668,150,100000000,100000200,13807958,280486208,294426667,13940459.000,13807958.000,2.804856470,294426667.000,2.944260781,2730951953179344375,333334,333334,2730951953179344375
96,506,aho_corasick,all,4,1,1,666668,150,100000000,100000200,12965250,257759083,270835000,13075917.000,12965250.000,2.577585675,270835000.000,2.708344583,2730951953179344375,333334,333334,2730951953179344375
96,506,hash,all,0,1,1,666668,150,100000000,100000200,72083,235153750,235230583,76833.000,72083.000,2.351532797,235230583.000,2.352301125,2730951953179344375,333334,333334,2730951953179344375
96,506,hash,all,1,1,1,666668,150,100000000,100000200,55083,233431041,233495750,64709.000,55083.000,2.334305741,233495750.000,2.334952830,2730951953179344375,333334,333334,2730951953179344375
96,506,hash,all,2,1,1,666668,150,100000000,100000200,80917,281597750,281683292,85542.000,80917.000,2.815971868,281683292.000,2.816827286,2730951953179344375,333334,333334,2730951953179344375
96,506,hash,all,3,1,1,666668,150,100000000,100000200,69417,277356083,277431625,75542.000,69417.000,2.773555283,277431625.000,2.774310701,2730951953179344375,333334,333334,2730951953179344375
96,506,hash,all,4,1,1,666668,150,100000000,100000200,90666,263458667,263554208,95541.000,90666.000,2.634581401,263554208.000,2.635536809,2730951953179344375,333334,333334,2730951953179344375
10,3162,aho_corasick,first,0,1,1,666668,150,100000000,100000200,6131792,299002917,305254541,6251624.000,6131792.000,2.990023190,305254541.000,3.052539305,10612697645772778508,448729,448729,10612697645772778508
10,3162,aho_corasick,first,1,1,1,666668,150,100000000,100000200,5838625,300068458,306043292,5974834.000,5838625.000,3.000678579,306043292.000,3.060426799,10612697645772778508,448729,448729,10612697645772778508
10,3162,aho_corasick,first,2,1,1,666668,150,100000000,100000200,5699208,286587833,292407583,5819750.000,5699208.000,2.865872598,292407583.000,2.924069982,10612697645772778508,448729,448729,10612697645772778508
10,3162,aho_corasick,first,3,1,1,666668,150,100000000,100000200,5928833,332611417,338668625,6057208.000,5928833.000,3.326107518,338668625.000,3.386679477,10612697645772778508,448729,448729,10612697645772778508
10,3162,aho_corasick,first,4,1,1,666668,150,100000000,100000200,6054291,318836875,325009875,6173000.000,6054291.000,3.188362373,325009875.000,3.250092250,10612697645772778508,448729,448729,10612697645772778508
10,3162,hash,first,0,1,1,666668,150,100000000,100000200,79625,657285833,657378125,92292.000,79625.000,6.572845184,657378125.000,6.573768102,10612697645772778508,448729,448729,10612697645772778508
10,3162,hash,first,1,1,1,666668,150,100000000,100000200,67417,739582791,739659917,77126.000,67417.000,7.395813118,739659917.000,7.396584377,10612697645772778508,448729,448729,10612697645772778508
10,3162,hash,first,2,1,1,666668,150,100000000,100000200,86333,708152917,708248084,95167.000,86333.000,7.081515007,708248084.000,7.082466675,10612697645772778508,448729,448729,10612697645772778508
10,3162,hash,first,3,1,1,666668,150,100000000,100000200,38417,655843083,655890292,47209.000,38417.000,6.558417713,655890292.000,6.558889802,10612697645772778508,448729,448729,10612697645772778508
10,3162,hash,first,4,1,1,666668,150,100000000,100000200,41792,763267875,763322959,55084.000,41792.000,7.632663485,763322959.000,7.633214324,10612697645772778508,448729,448729,10612697645772778508
10,5,bndmq,first,0,1,52,12822,150,100000000,100011600,75667,113936333,114021667,1641.038,1455.135,1.139231179,113937974.038,1.139247588,16899333319418254308,333599,333599,16899333319418254308
10,5,bndmq,first,1,1,52,12822,150,100000000,100011600,194750,108047375,108244792,3796.481,3745.192,1.080348430,108051171.481,1.080386390,16899333319418254308,333599,333599,16899333319418254308
10,5,bndmq,first,2,1,52,12822,150,100000000,100011600,71375,96059916,96133208,1409.462,1372.596,0.960487743,96061325.462,0.960501836,16899333319418254308,333599,333599,16899333319418254308
10,5,bndmq,first,3,1,52,12822,150,100000000,100011600,67375,95444667,95514875,1350.154,1295.673,0.954335967,95446017.154,0.954349467,16899333319418254308,333599,333599,16899333319418254308
10,5,bndmq,first,4,1,52,12822,150,100000000,100011600,67834,94851125,94920583,1335.731,1304.500,0.948401235,94852460.731,0.948414591,16899333319418254308,333599,333599,16899333319418254308
10,5,aho_corasick,first,0,1,52,12822,150,100000000,100011600,968000,104741417,105743750,19275.635,18615.385,1.047292684,104760692.635,1.047485418,16899333319418254308,333599,333599,16899333319418254308
10,5,aho_corasick,first,1,1,52,12822,150,100000000,100011600,923000,102349958,103291917,18114.596,17750.000,1.023380868,102368072.596,1.023561993,16899333319418254308,333599,333599,16899333319418254308
10,5,aho_corasick,first,2,1,52,12822,150,100000000,100011600,910792,120101958,121032750,17899.846,17515.231,1.200880278,120119857.846,1.201059256,16899333319418254308,333599,333599,16899333319418254308
10,5,aho_corasick,first,3,1,52,12822,150,100000000,100011600,954667,104987791,105980875,19097.769,18358.981,1.049756138,105006888.769,1.049947094,16899333319418254308,333599,333599,16899333319418254308
10,5,aho_corasick,first,4,1,52,12822,150,100000000,100011600,910750,104030959,104973584,18127.404,17514.423,1.040188928,104049086.404,1.040370181,16899333319418254308,333599,333599,16899333319418254308
10,5,hash,first,0,1,52,12822,150,100000000,100011600,97625,166972166,167083084,2133.038,1877.404,1.669527995,166974299.038,1.669549323,16899333319418254308,333599,333599,16899333319418254308
10,5,hash,first,1,1,52,12822,150,100000000,100011600,30583,178287625,178328333,782.846,588.135,1.782669460,178288407.846,1.782677288,16899333319418254308,333599,333599,16899333319418254308
10,5,hash,first,2,1,52,12822,150,100000000,100011600,31375,164472875,164512916,770.019,603.365,1.644537984,164473645.019,1.644545683,16899333319418254308,333599,333599,16899333319418254308
10,5,hash,first,3,1,52,12822,150,100000000,100011600,28416,164877750,164915625,728.365,546.462,1.648586264,164878478.365,1.648593547,16899333319418254308,333599,333599,16899333319418254308
10,5,hash,first,4,1,52,12822,150,100000000,100011600,24041,164482625,164511416,553.673,462.327,1.644635472,164483178.673,1.644641008,16899333319418254308,333599,333599,16899333319418254308
10,5623,hash,first,0,1,1,666668,150,100000000,100000200,68709,291531291,291611833,80542.000,68709.000,2.915307079,291611833.000,2.916112498,6445816933952401784,510440,510440,6445816933952401784
10,5623,hash,first,1,1,1,666668,150,100000000,100000200,45292,286853625,286910041,56416.000,45292.000,2.868530513,286910041.000,2.869094672,6445816933952401784,510440,510440,6445816933952401784
10,5623,hash,first,2,1,1,666668,150,100000000,100000200,72375,275388167,275472083,83916.000,72375.000,2.753876162,275472083.000,2.754715321,6445816933952401784,510440,510440,6445816933952401784
10,5623,hash,first,3,1,1,666668,150,100000000,100000200,48166,275830084,275891416,61332.000,48166.000,2.758295323,275891416.000,2.758908642,6445816933952401784,510440,510440,6445816933952401784
10,5623,hash,first,4,1,1,666668,150,100000000,100000200,46000,272958125,273014958,56833.000,46000.000,2.729575791,273014958.000,2.730144120,6445816933952401784,510440,510440,6445816933952401784
10,5623,aho_corasick,first,0,1,1,666668,150,100000000,100000200,8587708,273323250,282081750,8758500.000,8587708.000,2.733227034,282081750.000,2.820811858,6445816933952401784,510440,510440,6445816933952401784
10,5623,aho_corasick,first,1,1,1,666668,150,100000000,100000200,8380833,279192167,287761375,8569208.000,8380833.000,2.791916086,287761375.000,2.877607995,6445816933952401784,510440,510440,6445816933952401784
10,5623,aho_corasick,first,2,1,1,666668,150,100000000,100000200,8183208,266609375,274940875,8331500.000,8183208.000,2.666088418,274940875.000,2.749403251,6445816933952401784,510440,510440,6445816933952401784
10,5623,aho_corasick,first,3,1,1,666668,150,100000000,100000200,8178208,276763875,285094667,8330792.000,8178208.000,2.767633215,285094667.000,2.850940968,6445816933952401784,510440,510440,6445816933952401784
10,5623,aho_corasick,first,4,1,1,666668,150,100000000,100000200,8233416,293363334,301747000,8383666.000,8233416.000,2.933627473,301747000.000,3.017463965,6445816933952401784,510440,510440,6445816933952401784
10,6,hash,first,0,1,43,15504,150,100000000,100000800,30083,171391500,171431667,934.116,699.605,1.713901289,171392434.116,1.713910630,3814440014644279798,333596,333596,3814440014644279798
10,6,hash,first,1,1,43,15504,150,100000000,100000800,23125,169079792,169113208,777.116,537.791,1.690784394,169080569.116,1.690792165,3814440014644279798,333596,333596,3814440014644279798
10,6,hash,first,2,1,43,15504,150,100000000,100000800,18084,168966666,168992750,606.605,420.558,1.689653143,168967272.605,1.689659209,3814440014644279798,333596,333596,3814440014644279798
10,6,hash,first,3,1,43,15504,150,100000000,100000800,17584,169350667,169376042,590.116,408.930,1.693493122,169351257.116,1.693499023,3814440014644279798,333596,333596,3814440014644279798
10,6,hash,first,4,1,43,15504,150,100000000,100000800,17916,169321167,169346833,596.884,416.651,1.693198124,169321763.884,1.693204093,3814440014644279798,333596,333596,3814440014644279798
10,6,bndmq,first,0,1,43,15504,150,100000000,100000800,76208,112578708,112659375,1875.977,1772.279,1.125778074,112580583.977,1.125796833,3814440014644279798,333596,333596,3814440014644279798
10,6,bndmq,first,1,1,43,15504,150,100000000,100000800,41750,111416500,111461292,1041.674,970.930,1.114156087,111417541.674,1.114166503,3814440014644279798,333596,333596,3814440014644279798
10,6,bndmq,first,2,1,43,15504,150,100000000,100000800,62375,111201000,111264959,1487.419,1450.581,1.112001104,111202487.419,1.112015978,3814440014644279798,333596,333596,3814440014644279798
10,6,bndmq,first,3,1,43,15504,150,100000000,100000800,43291,111138375,111184125,1063.953,1006.767,1.111374859,111139438.953,1.111385498,3814440014644279798,333596,333596,3814440014644279798
10,6,bndmq,first,4,1,43,15504,150,100000000,100000800,29833,111287792,111319333,733.512,693.791,1.112869017,111288525.512,1.112876352,3814440014644279798,333596,333596,3814440014644279798
10,6,aho_corasick,first,0,1,43,15504,150,100000000,100000800,857166,102792708,103678708,20604.651,19934.093,1.027918857,102813312.651,1.028124902,3814440014644279798,333596,333596,3814440014644279798
10,6,aho_corasick,first,1,1,43,15504,150,100000000,100000800,846083,102475375,103344583,20214.140,19676.349,1.024745552,102495589.140,1.024947692,3814440014644279798,333596,333596,3814440014644279798
10,6,aho_corasick,first,2,1,43,15504,150,100000000,100000800,815791,102306292,103149000,19597.860,18971.884,1.023054736,102325889.860,1.023250713,3814440014644279798,333596,333596,3814440014644279798
10,6,aho_corasick,first,3,1,43,15504,150,100000000,100000800,873625,102086625,102977541,20718.977,20316.860,1.020858083,102107343.977,1.021065271,3814440014644279798,333596,333596,3814440014644279798
10,6,aho_corasick,first,4,1,43,15504,150,100000000,100000800,789750,102542000,103351500,18825.581,18366.279,1.025411797,102560825.581,1.025600051,3814440014644279798,333596,333596,3814440014644279798
11,1000,hash,first,0,1,1,666668,150,100000000,100000200,25708,219243750,219274625,30875.000,25708.000,2.192433115,219274625.000,2.192741865,7262537800131411677,344312,344312,7262537800131411677
11,1000,hash,first,1,1,1,666668,150,100000000,100000200,10583,230181792,230196667,14875.000,10583.000,2.301813316,230196667.000,2.301962066,7262537800131411677,344312,344312,7262537800131411677
11,1000,hash,first,2,1,1,666668,150,100000000,100000200,10167,236908250,236922833,14583.000,10167.000,2.369077762,236922833.000,2.369223592,7262537800131411677,344312,344312,7262537800131411677
11,1000,hash,first,3,1,1,666668,150,100000000,100000200,10666,240537000,240552958,15958.000,10666.000,2.405365189,240552958.000,2.405524769,7262537800131411677,344312,344312,7262537800131411677
11,1000,hash,first,4,1,1,666668,150,100000000,100000200,33000,269733416,269772291,38875.000,33000.000,2.697328765,269772291.000,2.697717515,7262537800131411677,344312,344312,7262537800131411677
11,1000,aho_corasick,first,0,1,1,666668,150,100000000,100000200,2733708,225506458,228299084,2792626.000,2733708.000,2.255060070,228299084.000,2.282986274,7262537800131411677,344312,344312,7262537800131411677
11,1000,aho_corasick,first,1,1,1,666668,150,100000000,100000200,2284000,201633708,203942917,2309209.000,2284000.000,2.016333047,203942917.000,2.039425091,7262537800131411677,344312,344312,7262537800131411677
11,1000,aho_corasick,first,2,1,1,666668,150,100000000,100000200,2108125,206229000,208361000,2132000.000,2108125.000,2.062285875,208361000.000,2.083605833,7262537800131411677,344312,344312,7262537800131411677
11,1000,aho_corasick,first,3,1,1,666668,150,100000000,100000200,2150042,198676208,200867333,2191125.000,2150042.000,1.986758106,200867333.000,2.008669313,7262537800131411677,344312,344312,7262537800131411677
11,1000,aho_corasick,first,4,1,1,666668,150,100000000,100000200,2155333,198191375,200369792,2178417.000,2155333.000,1.981909786,200369792.000,2.003693913,7262537800131411677,344312,344312,7262537800131411677
112,16,aho_corasick,first,0,1,16,41668,150,100000000,100003200,8001666,212134291,220271542,508578.188,500104.125,2.121275029,212642869.188,2.126360648,8485451749250642310,333344,333344,8485451749250642310
112,16,aho_corasick,first,1,1,16,41668,150,100000000,100003200,10282167,232456666,242778125,645091.188,642635.438,2.324492276,233101757.188,2.330942982,8485451749250642310,333344,333344,8485451749250642310
112,16,aho_corasick,first,2,1,16,41668,150,100000000,100003200,9675375,224047042,233782292,608453.125,604710.938,2.240398727,224655495.125,2.246483064,8485451749250642310,333344,333344,8485451749250642310
112,16,aho_corasick,first,3,1,16,41668,150,100000000,100003200,9366208,249745375,259207000,591351.562,585388.000,2.497373834,250336726.562,2.503287160,8485451749250642310,333344,333344,8485451749250642310
112,16,aho_corasick,first,4,1,16,41668,150,100000000,100003200,10909708,252926750,263873375,684164.062,681856.750,2.529186566,253610914.062,2.536027988,8485451749250642310,333344,333344,8485451749250642310
112,16,hash,first,0,1,16,41668,150,100000000,100003200,94500,318125834,318233625,6736.938,5906.250,3.181156543,318132570.938,3.181223910,8485451749250642310,333344,333344,8485451749250642310
112,16,hash,first,1,1,16,41668,150,100000000,100003200,69209,278020291,278105750,5341.188,4325.562,2.780113946,278025632.188,2.780167357,8485451749250642310,333344,333344,8485451749250642310
112,16,hash,first,2,1,16,41668,150,100000000,100003200,98292,276432500,276543458,6934.875,6143.250,2.764236544,276439434.875,2.764305891,8485451749250642310,333344,333344,8485451749250642310
112,16,hash,first,3,1,16,41668,150,100000000,100003200,81667,268748125,268842459,5895.875,5104.188,2.687395253,268754020.875,2.687454210,8485451749250642310,333344,333344,8485451749250642310
112,16,hash,first,4,1,16,41668,150,100000000,100003200,72167,241517208,241605459,5515.688,4510.438,2.415094797,241522723.688,2.415149952,8485451749250642310,333344,333344,8485451749250642310
12,506,hash,first,0,1,1,666668,150,100000000,100000200,19209,248989667,249014250,24583.000,19209.000,2.489891690,249014250.000,2.490137520,18319715273561090696,334719,334719,18319715273561090696
12,506,hash,first,1,1,1,666668,150,100000000,100000200,6917,244601708,244620750,19042.000,6917.000,2.446012188,244620750.000,2.446202608,18319715273561090696,334719,334719,18319715273561090696
12,506,hash,first,2,1,1,666668,150,100000000,100000200,44708,245710125,245758250,48125.000,44708.000,2.457096336,245758250.000,2.457577585,18319715273561090696,334719,334719,18319715273561090696
12,506,hash,first,3,1,1,666668,150,100000000,100000200,6750,232467542,232478125,10583.000,6750.000,2.324670771,232478125.000,2.324776600,18319715273561090696,334719,334719,18319715273561090696
12,506,hash,first,4,1,1,666668,150,100000000,100000200,30333,233299625,233333541,33916.000,30333.000,2.332991584,233333541.000,2.333330743,18319715273561090696,334719,334719,18319715273561090696
12,506,aho_corasick,first,0,1,1,666668,150,100000000,100000200,1464666,164815292,166307291,1491999.000,1464666.000,1.648149624,166307291.000,1.663069584,18319715273561090696,334719,334719,18319715273561090696
12,506,aho_corasick,first,1,1,1,666668,150,100000000,100000200,1372666,152471042,153859250,1388208.000,1372666.000,1.524707371,153859250.000,1.538589423,18319715273561090696,334719,334719,18319715273561090696
12,506,aho_corasick,first,2,1,1,666668,150,100000000,100000200,1345917,150566791,151953542,1386751.000,1345917.000,1.505664899,151953542.000,1.519532381,18319715273561090696,334719,334719,18319715273561090696
12,506,aho_corasick,first,3,1,1,666668,150,100000000,100000200,1258208,168433542,169709459,1275917.000,1258208.000,1.684332051,169709459.000,1.697091196,18319715273561090696,334719,334719,18319715273561090696
12,506,aho_corasick,first,4,1,1,666668,150,100000000,100000200,1395958,168350542,169769625,1419083.000,1395958.000,1.683502053,169769625.000,1.697692855,18319715273561090696,334719,334719,18319715273561090696
12,6,hash,first,0,1,43,15504,150,100000000,100000800,166875,243379083,243555959,4113.395,3880.814,2.433771360,243383196.395,2.433812493,12471316949071594568,333350,333350,12471316949071594568
12,6,hash,first,1,1,43,15504,150,100000000,100000800,24125,251504583,251538208,781.977,561.047,2.515025710,251505364.977,2.515033529,12471316949071594568,333350,333350,12471316949071594568
12,6,hash,first,2,1,43,15504,150,100000000,100000800,27834,236826375,236863375,860.465,647.302,2.368244804,236827235.465,2.368253409,12471316949071594568,333350,333350,12471316949071594568
12,6,hash,first,3,1,43,15504,150,100000000,100000800,47042,248407375,248471375,1488.372,1094.000,2.484053878,248408863.372,2.484068761,12471316949071594568,333350,333350,12471316949071594568
12,6,hash,first,4,1,43,15504,150,100000000,100000800,26417,236533666,236572250,897.302,614.349,2.365317737,236534563.302,2.365326710,12471316949071594568,333350,333350,12471316949071594568
12,6,aho_corasick,first,0,1,43,15504,150,100000000,100000800,1354667,137410541,138796125,32222.884,31503.884,1.374094417,137442763.884,1.374416644,12471316949071594568,333350,333350,12471316949071594568
12,6,aho_corasick,first,1,1,43,15504,150,100000000,100000800,1236167,133835584,135105250,29527.116,28748.070,1.338345133,133865111.116,1.338640402,12471316949071594568,333350,333350,12471316949071594568
12,6,aho_corasick,first,2,1,43,15504,150,100000000,100000800,1223333,134305708,135556375,29085.279,28449.605,1.343046336,134334793.279,1.343337186,12471316949071594568,333350,333350,12471316949071594568
12,6,aho_corasick,first,3,1,43,15504,150,100000000,100000800,1164750,133899708,135095375,27806.209,27087.209,1.338986368,133927514.209,1.339264428,12471316949071594568,333350,333350,12471316949071594568
12,6,aho_corasick,first,4,1,43,15504,150,100000000,100000800,1208875,127382917,128618208,28727.698,28113.372,1.273818979,127411644.698,1.274106254,12471316949071594568,333350,333350,12471316949071594568
12,6,bndmq,first,0,1,43,15504,150,100000000,100000800,86208,114219833,114313000,2166.674,2004.837,1.142189192,114221999.674,1.142210859,12471316949071594568,333350,333350,12471316949071594568
12,6,bndmq,first,1,1,43,15504,150,100000000,100000800,55833,113872792,113933750,1417.628,1298.442,1.138718810,113874209.628,1.138732986,12471316949071594568,333350,333350,12471316949071594568
12,6,bndmq,first,2,1,43,15504,150,100000000,100000800,80917,112641166,112723792,1921.535,1881.791,1.126402649,112643087.535,1.126421864,12471316949071594568,333350,333350,12471316949071594568
12,6,bndmq,first,3,1,43,15504,150,100000000,100000800,35834,112956959,112995750,902.116,833.349,1.129560554,112957861.116,1.129569575,12471316949071594568,333350,333350,12471316949071594568
12,6,bndmq,first,4,1,43,15504,150,100000000,100000800,81792,112942209,113026458,1959.279,1902.140,1.129413055,112944168.279,1.129432647,12471316949071594568,333350,333350,12471316949071594568
12,7,bndmq,first,0,1,37,18020,150,100000000,100011000,956417,120609458,121569208,25939.189,25849.108,1.205961924,120635397.189,1.206221288,1186678425877302498,333391,333391,1186678425877302498
12,7,bndmq,first,1,1,37,18020,150,100000000,100011000,56375,107972000,108031209,1600.243,1523.649,1.079601244,107973600.243,1.079617245,1186678425877302498,333391,333391,1186678425877302498
12,7,bndmq,first,2,1,37,18020,150,100000000,100011000,75542,112124416,112207375,2242.135,2041.676,1.121120837,112126658.135,1.121143256,1186678425877302498,333391,333391,1186678425877302498
12,7,bndmq,first,3,1,37,18020,150,100000000,100011000,80625,111786167,111869875,2262.378,2179.054,1.117738719,111788429.378,1.117761340,1186678425877302498,333391,333391,1186678425877302498
12,7,bndmq,first,4,1,37,18020,150,100000000,100011000,82375,111494084,111579166,2299.514,2226.351,1.114818210,111496383.514,1.114841203,1186678425877302498,333391,333391,1186678425877302498
12,7,aho_corasick,first,0,1,37,18020,150,100000000,100011000,935834,106243875,107198583,25802.919,25292.811,1.062321895,106269677.919,1.062579895,1186678425877302498,333391,333391,1186678425877302498
12,7,aho_corasick,first,1,1,37,18020,150,100000000,100011000,879208,103497958,104398750,24345.730,23762.378,1.034865745,103522303.730,1.035109175,1186678425877302498,333391,333391,1186678425877302498
12,7,aho_corasick,first,2,1,37,18020,150,100000000,100011000,931916,102709500,103662416,25754.486,25186.919,1.026982032,102735254.486,1.027239549,1186678425877302498,333391,333391,1186678425877302498
12,7,aho_corasick,first,3,1,37,18020,150,100000000,100011000,888834,103688375,104598333,24593.459,24022.541,1.036769705,103712968.459,1.037015613,1186678425877302498,333391,333391,1186678425877302498
12,7,aho_corasick,first,4,1,37,18020,150,100000000,100011000,880375,104488916,105387083,24274.784,23793.919,1.044774235,104513190.784,1.045016956,1186678425877302498,333391,333391,1186678425877302498
12,7,hash,first,0,1,37,18020,150,100000000,100011000,83834,189602375,189697709,2576.595,2265.784,1.895815210,189604951.595,1.895840973,1186678425877302498,333391,333391,1186678425877302498
12,7,hash,first,1,1,37,18020,150,100000000,100011000,53250,202980625,203038125,1554.054,1439.189,2.029582996,202982179.054,2.029598535,1186678425877302498,333391,333391,1186678425877302498
12,7,hash,first,2,1,37,18020,150,100000000,100011000,16083,175401291,175421500,546.189,434.676,1.753819990,175401837.189,1.753825451,1186678425877302498,333391,333391,1186678425877302498
12,7,hash,first,3,1,37,18020,150,100000000,100011000,22750,175374084,175400959,726.351,614.865,1.753547950,175374810.351,1.753555212,1186678425877302498,333391,333391,1186678425877302498
12,7,hash,first,4,1,37,18020,150,100000000,100011000,24750,174721708,174750541,779.270,668.919,1.747024907,174722487.270,1.747032699,1186678425877302498,333391,333391,1186678425877302498
12,711,hash,first,0,1,1,666668,150,100000000,100000200,39417,336970792,337013542,42750.000,39417.000,3.369701181,337013542.000,3.370128680,6079156747088735758,335317,335317,6079156747088735758
12,711,hash,first,1,1,1,666668,150,100000000,100000200,7834,330658166,330669458,11292.000,7834.000,3.306575047,330669458.000,3.306687967,6079156747088735758,335317,335317,6079156747088735758
12,711,hash,first,2,1,1,666668,150,100000000,100000200,27167,333561458,333596250,34792.000,27167.000,3.335607909,333596250.000,3.335955828,6079156747088735758,335317,335317,6079156747088735758
12,711,hash,first,3,1,1,666668,150,100000000,100000200,11625,336597833,336616791,18958.000,11625.000,3.365971598,336616791.000,3.366161178,6079156747088735758,335317,335317,6079156747088735758
12,711,hash,first,4,1,1,666668,150,100000000,100000200,24459,332557959,332586750,28791.000,24459.000,3.325572939,332586750.000,3.325860848,6079156747088735758,335317,335317,6079156747088735758
12,711,aho_corasick,first,0,1,1,666668,150,100000000,100000200,1635292,161461042,163134417,1673375.000,1635292.000,1.614607191,163134417.000,1.631340907,6079156747088735758,335317,335317,6079156747088735758
12,711,aho_corasick,first,1,1,1,666668,150,100000000,100000200,1527541,154351834,155916542,1564708.000,1527541.000,1.543515253,155916542.000,1.559162302,6079156747088735758,335317,335317,6079156747088735758
12,711,aho_corasick,first,2,1,1,666668,150,100000000,100000200,1586083,148574625,150176709,1602084.000,1586083.000,1.485743279,150176709.000,1.501764086,6079156747088735758,335317,335317,6079156747088735758
12,711,aho_corasick,first,3,1,1,666668,150,100000000,100000200,1517250,155352917,156911375,1558458.000,1517250.000,1.553526063,156911375.000,1.569110612,6079156747088735758,335317,335317,6079156747088735758
12,711,aho_corasick,first,4,1,1,666668,150,100000000,100000200,1616000,155809000,157442666,1633666.000,1616000.000,1.558086884,157442666.000,1.574423511,6079156747088735758,335317,335317,6079156747088735758
120,16,aho_corasick,first,0,1,16,41668,150,100000000,100003200,7257000,167938083,175248042,456872.438,453562.500,1.679327092,168394955.438,1.683895670,8485451749250642310,333344,333344,8485451749250642310
120,16,aho_corasick,first,1,1,16,41668,150,100000000,100003200,7203500,168002708,175261917,453700.562,450218.750,1.679973321,168456408.562,1.684510181,8485451749250642310,333344,333344,8485451749250642310
120,16,aho_corasick,first,2,1,16,41668,150,100000000,100003200,7667375,186198125,193890042,480744.812,479210.938,1.861921669,186678869.812,1.866728963,8485451749250642310,333344,333344,8485451749250642310
120,16,aho_corasick,first,3,1,16,41668,150,100000000,100003200,8679125,207603959,216315333,544460.875,542445.312,2.075973159,208148419.875,2.081417593,8485451749250642310,333344,333344,8485451749250642310
120,16,aho_corasick,first,4,1,16,41668,150,100000000,100003200,8614708,200484500,209126917,540151.062,538419.250,2.004780847,201024651.062,2.010182185,8485451749250642310,333344,333344,8485451749250642310
120,16,hash,first,0,1,16,41668,150,100000000,100003200,76959,240207959,240291292,5208.312,4809.938,2.402002726,240213167.312,2.402054807,8485451749250642310,333344,333344,8485451749250642310
120,16,hash,first,1,1,16,41668,150,100000000,100003200,62250,236385917,236453708,4236.938,3890.625,2.363783529,236390153.938,2.363825897,8485451749250642310,333344,333344,8485451749250642310
120,16,hash,first,2,1,16,41668,150,100000000,100003200,55542,236624583,236689041,4028.625,3471.375,2.366170113,236628611.625,2.366210398,8485451749250642310,333344,333344,8485451749250642310
120,16,hash,first,3,1,16,41668,150,100000000,100003200,63958,238656166,238731250,4692.750,3997.375,2.386485292,238660858.750,2.386532218,8485451749250642310,333344,333344,8485451749250642310
120,16,hash,first,4,1,16,41668,150,100000000,100003200,66208,215258500,215334334,4739.625,4138.000,2.152516119,215263239.625,2.152563514,8485451749250642310,333344,333344,8485451749250642310
128,11,hash,first,0,1,24,27778,150,100000000,100000800,63125,183805667,183873750,2836.792,2630.208,1.838041966,183808503.792,1.838070333,5012969227078361570,333336,333336,5012969227078361570
128,11,hash,first,1,1,24,27778,150,100000000,100000800,47625,177658417,177710041,2151.000,1984.375,1.776569957,177660568.000,1.776591467,5012969227078361570,333336,333336,5012969227078361570
128,11,hash,first,2,1,24,27778,150,100000000,100000800,56458,186157916,186217916,2500.000,2352.417,1.861564267,186160416.000,1.861589267,5012969227078361570,333336,333336,5012969227078361570
128,11,hash,first,3,1,24,27778,150,100000000,100000800,53916,186032500,186089333,2368.042,2246.500,1.860310118,186034868.042,1.860333798,5012969227078361570,333336,333336,5012969227078361570
128,11,hash,first,4,1,24,27778,150,100000000,100000800,49500,178886209,178939083,2203.083,2062.500,1.788847779,178888412.083,1.788869810,5012969227078361570,333336,333336,5012969227078361570
128,11,aho_corasick,first,0,1,24,27778,150,100000000,100000800,8082417,154266917,162438125,340467.000,336767.375,1.542656829,154607384.000,1.546061472,5012969227078361570,333336,333336,5012969227078361570
128,11,aho_corasick,first,1,1,24,27778,150,100000000,100000800,7522083,149895334,157497875,316772.542,313420.125,1.498941348,150212106.542,1.502109049,5012969227078361570,333336,333336,5012969227078361570
128,11,aho_corasick,first,2,1,24,27778,150,100000000,100000800,7560209,149953750,157566458,317196.167,315008.708,1.499525504,150270946.167,1.502697440,5012969227078361570,333336,333336,5012969227078361570
128,11,aho_corasick,first,3,1,24,27778,150,100000000,100000800,7452542,148204459,155702000,312397.542,310522.583,1.482032734,148516856.542,1.485156684,5012969227078361570,333336,333336,5012969227078361570
128,11,aho_corasick,first,4,1,24,27778,150,100000000,100000800,7099500,146646084,153792208,297755.167,295812.500,1.466449108,146943839.167,1.469426636,5012969227078361570,333336,333336,5012969227078361570
128,13,hash,first,0,1,20,33334,150,100000000,100002000,53459,208889500,208946833,2866.650,2672.950,2.088853223,208892366.650,2.088881889,8060179092069319143,333340,333340,8060179092069319143
128,13,hash,first,1,1,20,33334,150,100000000,100002000,52000,193582500,193638875,2818.750,2600.000,1.935786284,193585318.750,1.935814471,8060179092069319143,333340,333340,8060179092069319143
128,13,hash,first,2,1,20,33334,150,100000000,100002000,52875,193738625,193795042,2820.850,2643.750,1.937347503,193741445.850,1.937375711,8060179092069319143,333340,333340,8060179092069319143
128,13,hash,first,3,1,20,33334,150,100000000,100002000,45250,189785875,189835375,2475.000,2262.500,1.897820794,189788350.000,1.897845543,8060179092069319143,333340,333340,8060179092069319143
128,13,hash,first,4,1,20,33334,150,100000000,100002000,48500,185279750,185332250,2625.000,2425.000,1.852760445,185282375.000,1.852786694,8060179092069319143,333340,333340,8060179092069319143
128,13,aho_corasick,first,0,1,20,33334,150,100000000,100002000,7087875,146595834,153735541,356985.350,354393.750,1.465929021,146952819.350,1.469498804,8060179092069319143,333340,333340,8060179092069319143
128,13,aho_corasick,first,1,1,20,33334,150,100000000,100002000,6986875,145857417,152903666,352312.450,349343.750,1.458544999,146209729.450,1.462068053,8060179092069319143,333340,333340,8060179092069319143
128,13,aho_corasick,first,2,1,20,33334,150,100000000,100002000,7170167,147005208,154219125,360695.850,358508.350,1.470022680,147365903.850,1.473629566,8060179092069319143,333340,333340,8060179092069319143
128,13,aho_corasick,first,3,1,20,33334,150,100000000,100002000,6932166,148501625,155462292,348033.350,346608.300,1.484986550,148849658.350,1.488466814,8060179092069319143,333340,333340,8060179092069319143
128,13,aho_corasick,first,4,1,20,33334,150,100000000,100002000,7076458,146464500,153582542,355902.100,353822.900,1.464615708,146820402.100,1.468174658,8060179092069319143,333340,333340,8060179092069319143
128,3,aho_corasick,first,0,1,64,10418,150,100000000,100012800,5932083,263842000,269826625,93509.766,92688.797,2.638082325,263935509.766,2.639017303,10100110153867304471,333376,333376,10100110153867304471
128,3,aho_corasick,first,1,1,64,10418,150,100000000,100012800,6243708,314473292,320752625,98114.578,97557.938,3.144330446,314571406.578,3.145311466,10100110153867304471,333376,333376,10100110153867304471
128,3,aho_corasick,first,2,1,64,10418,150,100000000,100012800,7304417,333204209,340554417,114847.000,114131.516,3.331615643,333319056.000,3.332763966,10100110153867304471,333376,333376,10100110153867304471
128,3,aho_corasick,first,3,1,64,10418,150,100000000,100012800,8248917,362738833,371019042,129378.266,128889.328,3.626924084,362868211.266,3.628217701,10100110153867304471,333376,333376,10100110153867304471
128,3,aho_corasick,first,4,1,64,10418,150,100000000,100012800,8313542,363205750,371551583,130403.641,129899.094,3.631592656,363336153.641,3.632896526,10100110153867304471,333376,333376,10100110153867304471
128,3,hash,first,0,1,64,10418,150,100000000,100012800,106333,236535958,236654541,1852.859,1661.453,2.365056853,236537810.859,2.365075379,10100110153867304471,333376,333376,10100110153867304471
128,3,hash,first,1,1,64,10418,150,100000000,100012800,83083,211630375,211721583,1425.125,1298.172,2.116032898,211631800.125,2.116047147,10100110153867304471,333376,333376,10100110153867304471
128,3,hash,first,2,1,64,10418,150,100000000,100012800,56792,187712542,187775417,982.422,887.375,1.876885179,187713524.422,1.876895002,10100110153867304471,333376,333376,10100110153867304471
128,3,hash,first,3,1,64,10418,150,100000000,100012800,49834,189860042,189916167,876.953,778.656,1.898357430,189860918.953,1.898366199,10100110153867304471,333376,333376,10100110153867304471
128,3,hash,first,4,1,64,10418,150,100000000,100012800,59083,185639542,185705875,1036.453,923.172,1.856157832,185640578.453,1.856168195,10100110153867304471,333376,333376,10100110153867304471
13,8,bndmq,first,0,1,32,20834,150,100000000,100003200,73208,117889375,117970333,2529.938,2287.750,1.178856027,117891904.938,1.178881325,179117607735470129,333349,333349,179117607735470129
13,8,bndmq,first,1,1,32,20834,150,100000000,100003200,66416,115859917,115928625,2147.125,2075.500,1.158562096,115862064.125,1.158583567,179117607735470129,333349,333349,179117607735470129
13,8,bndmq,first,2,1,32,20834,150,100000000,100003200,79583,114314709,114396333,2550.750,2486.969,1.143110510,114317259.750,1.143136017,179117607735470129,333349,333349,179117607735470129
13,8,bndmq,first,3,1,32,20834,150,100000000,100003200,114000,114909000,115027584,3705.750,3562.500,1.149053230,114912705.750,1.149090287,179117607735470129,333349,333349,179117607735470129
13,8,bndmq,first,4,1,32,20834,150,100000000,100003200,66250,114513750,114581542,2118.500,2070.312,1.145100857,114515868.500,1.145122041,179117607735470129,333349,333349,179117607735470129
13,8,aho_corasick,first,0,1,32,20834,150,100000000,100003200,959958,106079958,107060209,30632.844,29998.688,1.060765635,106110590.844,1.061071954,179117607735470129,333349,333349,179117607735470129
13,8,aho_corasick,first,1,1,32,20834,150,100000000,100003200,901042,104117083,105039958,28839.844,28157.562,1.041137514,104145922.844,1.041425903,179117607735470129,333349,333349,179117607735470129
13,8,aho_corasick,first,2,1,32,20834,150,100000000,100003200,933375,105157667,106119334,30052.094,29167.969,1.051543021,105187719.094,1.051843532,179117607735470129,333349,333349,179117607735470129
13,8,aho_corasick,first,3,1,32,20834,150,100000000,100003200,942875,105058542,106016375,29932.281,29464.844,1.050551802,105088474.281,1.050851116,179117607735470129,333349,333349,179117607735470129
13,8,aho_corasick,first,4,1,32,20834,150,100000000,100003200,874458,103302292,104192750,27826.812,27326.812,1.032989864,103330118.812,1.033268124,179117607735470129,333349,333349,179117607735470129
13,8,hash,first,0,1,32,20834,150,100000000,100003200,37917,157762291,157805834,1360.719,1184.906,1.577572428,157763651.719,1.577586034,179117607735470129,333349,333349,179117607735470129
13,8,hash,first,1,1,32,20834,150,100000000,100003200,17416,154560792,154584708,747.375,544.250,1.545558462,154561539.375,1.545565936,179117607735470129,333349,333349,179117607735470129
13,8,hash,first,2,1,32,20834,150,100000000,100003200,32750,157138209,157181666,1358.031,1023.438,1.571331807,157139567.031,1.571345387,179117607735470129,333349,333349,179117607735470129
13,8,hash,first,3,1,32,20834,150,100000000,100003200,31208,155577375,155614458,1158.844,975.250,1.555723967,155578533.844,1.555735555,179117607735470129,333349,333349,179117607735470129
13,8,hash,first,4,1,32,20834,150,100000000,100003200,22916,154674125,154700958,838.531,716.125,1.546691756,154674963.531,1.546700141,179117607735470129,333349,333349,179117607735470129
14,8,bndmq,first,0,1,32,20834,150,100000000,100003200,88792,135507666,135599542,2871.125,2774.750,1.355033299,135510537.125,1.355062009,14332880991912503425,333347,333347,14332880991912503425
14,8,bndmq,first,1,1,32,20834,150,100000000,100003200,131625,141223208,141357709,4203.156,4113.281,1.412186890,141227411.156,1.412228920,14332880991912503425,333347,333347,14332880991912503425
14,8,bndmq,first,2,1,32,20834,150,100000000,100003200,59625,144998750,145061083,1947.906,1863.281,1.449941102,145000697.906,1.449960580,14332880991912503425,333347,333347,14332880991912503425
14,8,bndmq,first,3,1,32,20834,150,100000000,100003200,54666,135631792,135687875,1752.594,1708.312,1.356274519,135633544.594,1.356292045,14332880991912503425,333347,333347,14332880991912503425
14,8,bndmq,first,4,1,32,20834,150,100000000,100003200,50083,133910291,133962792,1640.656,1565.094,1.339060060,133911931.656,1.339076466,14332880991912503425,333347,333347,14332880991912503425
14,8,aho_corasick,first,0,1,32,20834,150,100000000,100003200,1268875,137602042,138903708,40677.062,39652.344,1.375976389,137642719.062,1.376383146,14332880991912503425,333347,333347,14332880991912503425
14,8,aho_corasick,first,1,1,32,20834,150,100000000,100003200,1319125,145637292,146980916,41988.250,41222.656,1.456326318,145679280.250,1.456746187,14332880991912503425,333347,333347,14332880991912503425
14,8,aho_corasick,first,2,1,32,20834,150,100000000,100003200,1319917,136323542,137664167,41894.531,41247.406,1.363191798,136365436.531,1.363610730,14332880991912503425,333347,333347,14332880991912503425
14,8,aho_corasick,first,3,1,32,20834,150,100000000,100003200,1184417,131273458,132480334,37714.875,37013.031,1.312692574,131311172.875,1.313069711,14332880991912503425,333347,333347,14332880991912503425
14,8,aho_corasick,first,4,1,32,20834,150,100000000,100003200,1172250,131086875,132287625,37523.438,36632.812,1.310826804,131124398.438,1.311202026,14332880991912503425,333347,333347,14332880991912503425
14,8,hash,first,0,1,32,20834,150,100000000,100003200,67375,211224000,211296958,2279.938,2105.469,2.112172410,211226279.938,2.112195209,14332880991912503425,333347,333347,14332880991912503425
14,8,hash,first,1,1,32,20834,150,100000000,100003200,19083,207447375,207470833,733.062,596.344,2.074407369,207448108.062,2.074414699,14332880991912503425,333347,333347,14332880991912503425
14,8,hash,first,2,1,32,20834,150,100000000,100003200,12291,203960917,203979042,566.406,384.094,2.039543905,203961483.406,2.039549568,14332880991912503425,333347,333347,14332880991912503425
14,8,hash,first,3,1,32,20834,150,100000000,100003200,35625,206167625,206209125,1296.875,1113.281,2.061610278,206168921.875,2.061623247,14332880991912503425,333347,333347,14332880991912503425
14,8,hash,first,4,1,32,20834,150,100000000,100003200,33667,216211208,216250958,1242.188,1052.094,2.162042895,216212450.188,2.162055316,14332880991912503425,333347,333347,14332880991912503425
16,11,hash,first,0,1,24,27778,150,100000000,100000800,29083,256923958,256957375,1392.375,1211.792,2.569219026,256925350.375,2.569232950,11831279386241208527,333337,333337,11831279386241208527
16,11,hash,first,1,1,24,27778,150,100000000,100000800,17625,269399125,269430000,1286.458,734.375,2.693969698,269400411.458,2.693982563,11831279386241208527,333337,333337,11831279386241208527
16,11,hash,first,2,1,24,27778,150,100000000,100000800,30375,267754042,267789250,1467.000,1265.625,2.677519000,267755509.000,2.677533670,11831279386241208527,333337,333337,11831279386241208527
16,11,hash,first,3,1,24,27778,150,100000000,100000800,32666,268445167,268483500,1597.208,1361.083,2.684430195,268446764.208,2.684446167,11831279386241208527,333337,333337,11831279386241208527
16,11,hash,first,4,1,24,27778,150,100000000,100000800,35166,268919334,268960250,1704.833,1465.250,2.689171827,268921038.833,2.689188875,11831279386241208527,333337,333337,11831279386241208527
16,11,bndmq,first,0,1,24,27778,150,100000000,100000800,82125,153512916,153599834,3621.583,3421.875,1.535116879,153516537.583,1.535153095,11831279386241208527,333337,333337,11831279386241208527
16,11,bndmq,first,1,1,24,27778,150,100000000,100000800,128667,161341708,161473625,5496.542,5361.125,1.613404173,161347204.542,1.613459138,11831279386241208527,333337,333337,11831279386241208527
16,11,bndmq,first,2,1,24,27778,150,100000000,100000800,58042,157537250,157599458,2592.000,2418.417,1.575359897,157539842.000,1.575385817,11831279386241208527,333337,333337,11831279386241208527
16,11,bndmq,first,3,1,24,27778,150,100000000,100000800,83584,157040084,157125750,3569.417,3482.667,1.570388277,157043653.417,1.570423971,11831279386241208527,333337,333337,11831279386241208527
16,11,bndmq,first,4,1,24,27778,150,100000000,100000800,46167,149112166,149160000,1993.083,1923.625,1.491109731,149114159.083,1.491129662,11831279386241208527,333337,333337,11831279386241208527
16,11,aho_corasick,first,0,1,24,27778,150,100000000,100000800,1367209,146759250,148160458,58383.667,56967.042,1.467580759,146817633.667,1.468164591,11831279386241208527,333337,333337,11831279386241208527
16,11,aho_corasick,first,1,1,24,27778,150,100000000,100000800,1446750,137186583,138657125,61272.583,60281.250,1.371854855,137247855.583,1.372467576,11831279386241208527,333337,333337,11831279386241208527
16,11,aho_corasick,first,2,1,24,27778,150,100000000,100000800,1317792,143267083,144602209,55630.250,54908.000,1.432659369,143322713.250,1.433215667,11831279386241208527,333337,333337,11831279386241208527
16,11,aho_corasick,first,3,1,24,27778,150,100000000,100000800,1369792,135574542,136970334,58158.000,57074.667,1.355734574,135632700.000,1.356316149,11831279386241208527,333337,333337,11831279386241208527
16,11,aho_corasick,first,4,1,24,27778,150,100000000,100000800,1300125,134826541,136151542,55208.375,54171.875,1.348254624,134881749.375,1.348806703,11831279386241208527,333337,333337,11831279386241208527
16,506,aho_corasick,first,0,1,1,666668,150,100000000,100000200,2138625,193446000,195625125,2179125.000,2138625.000,1.934456131,195625125.000,1.956247338,16672516710447807423,333340,333340,16672516710447807423
16,506,aho_corasick,first,1,1,1,666668,150,100000000,100000200,2121917,217128916,219324042,2195126.000,2121917.000,2.171284817,219324042.000,2.193236034,16672516710447807423,333340,333340,16672516710447807423
16,506,aho_corasick,first,2,1,1,666668,150,100000000,100000200,2344458,205820375,208205375,2385000.000,2344458.000,2.058199634,208205375.000,2.082049586,16672516710447807423,333340,333340,16672516710447807423
16,506,aho_corasick,first,3,1,1,666668,150,100000000,100000200,1983959,185539708,187559834,2020126.000,1983959.000,1.855393369,187559834.000,1.875594589,16672516710447807423,333340,333340,16672516710447807423
16,506,aho_corasick,first,4,1,1,666668,150,100000000,100000200,2065334,188598083,190710000,2111917.000,2065334.000,1.885977058,190710000.000,1.907096186,16672516710447807423,333340,333340,16672516710447807423
16,506,hash,first,0,1,1,666668,150,100000000,100000200,27417,239075834,239108042,32208.000,27417.000,2.390753558,239108042.000,2.391075638,16672516710447807423,333340,333340,16672516710447807423
16,506,hash,first,1,1,1,666668,150,100000000,100000200,22375,226114875,226139333,24458.000,22375.000,2.261144228,226139333.000,2.261388807,16672516710447807423,333340,333340,16672516710447807423
16,506,hash,first,2,1,1,666668,150,100000000,100000200,28792,234579875,234612458,32583.000,28792.000,2.345794058,234612458.000,2.346119888,16672516710447807423,333340,333340,16672516710447807423
16,506,hash,first,3,1,1,666668,150,100000000,100000200,8375,268936542,268952750,16208.000,8375.000,2.689360041,268952750.000,2.689522121,16672516710447807423,333340,333340,16672516710447807423
16,506,hash,first,4,1,1,666668,150,100000000,100000200,16541,297316125,297341917,25792.000,16541.000,2.973155304,297341917.000,2.973413223,16672516710447807423,333340,333340,16672516710447807423
16,711,aho_corasick,first,0,1,1,666668,150,100000000,100000200,2360875,161911166,164303334,2392168.000,2360875.000,1.619108422,164303334.000,1.643030054,1756370486642284437,333341,333341,1756370486642284437
16,711,aho_corasick,first,1,1,1,666668,150,100000000,100000200,2249166,162111834,164378125,2266291.000,2249166.000,1.621115098,164378125.000,1.643777962,1756370486642284437,333341,333341,1756370486642284437
16,711,aho_corasick,first,2,1,1,666668,150,100000000,100000200,2206208,161870958,164096708,2225750.000,2206208.000,1.618706343,164096708.000,1.640963798,1756370486642284437,333341,333341,1756370486642284437
16,711,aho_corasick,first,3,1,1,666668,150,100000000,100000200,2292167,158907666,161219625,2311959.000,2292167.000,1.589073482,161219625.000,1.612193026,1756370486642284437,333341,333341,1756370486642284437
16,711,aho_corasick,first,4,1,1,666668,150,100000000,100000200,2216250,159881667,162118084,2236417.000,2216250.000,1.598813472,162118084.000,1.621177598,1756370486642284437,333341,333341,1756370486642284437
16,9,bndmq,first,0,1,29,22990,150,100000000,100006500,79166,102964625,103046166,2811.759,2729.862,1.029579327,102967436.759,1.029607443,1810127855942420047,333355,333355,1810127855942420047
16,9,bndmq,first,1,1,29,22990,150,100000000,100006500,50458,102350250,102403834,1847.724,1739.931,1.023435977,102352097.724,1.023454453,1810127855942420047,333355,333355,1810127855942420047
16,9,bndmq,first,2,1,29,22990,150,100000000,100006500,69000,101094792,101166791,2482.724,2379.310,1.010882213,101097274.724,1.010907038,1810127855942420047,333355,333355,1810127855942420047
16,9,bndmq,first,3,1,29,22990,150,100000000,100006500,52042,101440750,101495125,1875.000,1794.552,1.014341568,101442625.000,1.014360317,1810127855942420047,333355,333355,1810127855942420047
16,9,bndmq,first,4,1,29,22990,150,100000000,100006500,38417,102800542,102841208,1402.276,1324.724,1.027938604,102801944.276,1.027952626,1810127855942420047,333355,333355,1810127855942420047
16,9,hash,first,0,1,29,22990,150,100000000,100006500,40625,167135166,167180042,1547.448,1400.862,1.671243029,167136713.448,1.671258503,1810127855942420047,333355,333355,1810127855942420047
16,9,hash,first,1,1,29,22990,150,100000000,100006500,23000,166418750,166447041,975.552,793.103,1.664079335,166419725.552,1.664089090,1810127855942420047,333355,333355,1810127855942420047
16,9,hash,first,2,1,29,22990,150,100000000,100006500,24500,164936916,164964750,959.793,844.828,1.649261958,164937875.793,1.649271555,1810127855942420047,333355,333355,1810127855942420047
16,9,hash,first,3,1,29,22990,150,100000000,100006500,20167,165535708,165561917,903.759,695.414,1.655249489,165536611.759,1.655258526,1810127855942420047,333355,333355,1810127855942420047
16,9,hash,first,4,1,29,22990,150,100000000,100006500,32000,164950208,164986208,1241.379,1103.448,1.649394869,164951449.379,1.649407282,1810127855942420047,333355,333355,1810127855942420047
16,9,aho_corasick,first,0,1,29,22990,150,100000000,100006500,1140000,106857833,108021000,40109.207,39310.345,1.068508877,106897942.207,1.068909943,1810127855942420047,333355,333355,1810127855942420047
16,9,aho_corasick,first,1,1,29,22990,150,100000000,100006500,1033584,105617875,106673000,36383.621,35640.828,1.056110103,105654258.621,1.056473915,1810127855942420047,333355,333355,1810127855942420047
16,9,aho_corasick,first,2,1,29,22990,150,100000000,100006500,1020000,104070041,105105375,35701.172,35172.414,1.040632769,104105742.172,1.040989757,1810127855942420047,333355,333355,1810127855942420047
16,9,aho_corasick,first,3,1,29,22990,150,100000000,100006500,1012417,103501375,104527792,35393.690,34910.931,1.034946478,103536768.690,1.035300392,1810127855942420047,333355,333355,1810127855942420047
16,9,aho_corasick,first,4,1,29,22990,150,100000000,100006500,983667,103795334,104795708,34495.655,33919.552,1.037885877,103829829.655,1.038230812,1810127855942420047,333355,333355,1810127855942420047
20,11,hash,first,0,1,24,27778,150,100000000,100000800,62833,358965250,359033792,2855.917,2618.042,3.589623783,358968105.917,3.589652342,5012969227078361570,333336,333336,5012969227078361570
20,11,hash,first,1,1,24,27778,150,100000000,100000800,25833,352137458,352170084,1359.417,1076.375,3.521346409,352138817.417,3.521360003,5012969227078361570,333336,333336,5012969227078361570
20,11,hash,first,2,1,24,27778,150,100000000,100000800,38916,341133708,341181792,2003.500,1621.500,3.411309790,341135711.500,3.411329824,5012969227078361570,333336,333336,5012969227078361570
20,11,hash,first,3,1,24,27778,150,100000000,100000800,47625,305852000,305904666,2194.417,1984.375,3.058495532,305854194.417,3.058517476,5012969227078361570,333336,333336,5012969227078361570
20,11,hash,first,4,1,24,27778,150,100000000,100000800,30250,291132875,291168291,1475.667,1260.417,2.911305460,291134350.667,2.911320216,5012969227078361570,333336,333336,5012969227078361570
20,11,bndmq,first,0,1,24,27778,150,100000000,100000800,96333,128550375,128649458,4128.458,4013.875,1.285493466,128554503.458,1.285534750,5012969227078361570,333336,333336,5012969227078361570
20,11,bndmq,first,1,1,24,27778,150,100000000,100000800,77625,131655333,131735458,3338.542,3234.375,1.316542798,131658671.542,1.316576183,5012969227078361570,333336,333336,5012969227078361570
20,11,bndmq,first,2,1,24,27778,150,100000000,100000800,63750,131544792,131610125,2722.208,2656.250,1.315437397,131547514.208,1.315464618,5012969227078361570,333336,333336,5012969227078361570
20,11,bndmq,first,3,1,24,27778,150,100000000,100000800,49083,130730084,130781500,2142.333,2045.125,1.307290382,130732226.333,1.307311805,5012969227078361570,333336,333336,5012969227078361570
20,11,bndmq,first,4,1,24,27778,150,100000000,100000800,118167,137051208,137179291,5336.792,4923.625,1.370501116,137056544.792,1.370554483,5012969227078361570,333336,333336,5012969227078361570
20,11,aho_corasick,first,0,1,24,27778,150,100000000,100000800,1624708,134997708,136639708,68416.667,67696.167,1.349966280,135066124.667,1.350650441,5012969227078361570,333336,333336,5012969227078361570
20,11,aho_corasick,first,1,1,24,27778,150,100000000,100000800,1492000,127770583,129285458,63119.792,62166.667,1.277695608,127833702.792,1.278326801,5012969227078361570,333336,333336,5012969227078361570
20,11,aho_corasick,first,2,1,24,27778,150,100000000,100000800,1469500,138606375,140106459,62503.500,61229.167,1.386052662,138668878.500,1.386677692,5012969227078361570,333336,333336,5012969227078361570
20,11,aho_corasick,first,3,1,24,27778,150,100000000,100000800,1512416,129285250,130816750,63812.500,63017.333,1.292842157,129349062.500,1.293480277,5012969227078361570,333336,333336,5012969227078361570
20,11,aho_corasick,first,4,1,24,27778,150,100000000,100000800,1519250,125047167,126583791,64026.000,63302.083,1.250461666,125111193.000,1.251101921,5012969227078361570,333336,333336,5012969227078361570
20,506,aho_corasick,first,0,1,1,666668,150,100000000,100000200,2435375,175003375,177470167,2466792.000,2435375.000,1.750030250,177470167.000,1.774698121,10878890858135063043,333334,333334,10878890858135063043
20,506,aho_corasick,first,1,1,1,666668,150,100000000,100000200,2390042,172950334,175355208,2404874.000,2390042.000,1.729499881,175355208.000,1.753548573,10878890858135063043,333334,333334,10878890858135063043
20,506,aho_corasick,first,2,1,1,666668,150,100000000,100000200,2609792,175299625,177941750,2642125.000,2609792.000,1.752992744,177941750.000,1.779413941,10878890858135063043,333334,333334,10878890858135063043
20,506,aho_corasick,first,3,1,1,666668,150,100000000,100000200,2378250,165662583,168056083,2393500.000,2378250.000,1.656622517,168056083.000,1.680557469,10878890858135063043,333334,333334,10878890858135063043
20,506,aho_corasick,first,4,1,1,666668,150,100000000,100000200,2440042,163227083,165694750,2467667.000,2440042.000,1.632267565,165694750.000,1.656944186,10878890858135063043,333334,333334,10878890858135063043
20,506,hash,first,0,1,1,666668,150,100000000,100000200,27833,275887583,275925667,38084.000,27833.000,2.758870312,275925667.000,2.759251151,10878890858135063043,333334,333334,10878890858135063043
20,506,hash,first,1,1,1,666668,150,100000000,100000200,38209,328082250,328127625,45375.000,38209.000,3.280815938,328127625.000,3.281269687,10878890858135063043,333334,333334,10878890858135063043
20,506,hash,first,2,1,1,666668,150,100000000,100000200,13667,386994375,387013959,19584.000,13667.000,3.869936010,387013959.000,3.870131850,10878890858135063043,333334,333334,10878890858135063043
20,506,hash,first,3,1,1,666668,150,100000000,100000200,43959,561707250,561768000,60750.000,43959.000,5.617061266,561768000.000,5.617668765,10878890858135063043,333334,333334,10878890858135063043
20,506,hash,first,4,1,1,666668,150,100000000,100000200,19000,411819209,411846458,27249.000,19000.000,4.118183854,411846458.000,4.118456343,10878890858135063043,333334,333334,10878890858135063043
20,711,aho_corasick,first,0,1,1,666668,150,100000000,100000200,3005166,179696334,182745041,3048707.000,3005166.000,1.796959746,182745041.000,1.827446755,10878890858135063043,333334,333334,10878890858135063043
20,711,aho_corasick,first,1,1,1,666668,150,100000000,100000200,2886875,180993000,183920084,2927084.000,2886875.000,1.809926380,183920084.000,1.839197162,10878890858135063043,333334,333334,10878890858135063043
20,711,aho_corasick,first,2,1,1,666668,150,100000000,100000200,2965375,176025375,179014417,2989042.000,2965375.000,1.760250229,179014417.000,1.790140590,10878890858135063043,333334,333334,10878890858135063043
20,711,aho_corasick,first,3,1,1,666668,150,100000000,100000200,3031542,172218583,175277167,3058584.000,3031542.000,1.722182386,175277167.000,1.752768164,10878890858135063043,333334,333334,10878890858135063043
20,711,aho_corasick,first,4,1,1,666668,150,100000000,100000200,2962458,204886125,207874375,2988250.000,2962458.000,2.048857152,207874375.000,2.078739593,10878890858135063043,333334,333334,10878890858135063043
20,9,bndmq,first,0,1,29,22990,150,100000000,100006500,87958,86012833,86104084,3146.586,3033.034,0.860072425,86015979.586,0.860103889,1810127855942420047,333355,333355,1810127855942420047
20,9,bndmq,first,1,1,29,22990,150,100000000,100006500,79875,83118209,83200042,2821.828,2754.310,0.831128067,83121030.828,0.831156283,1810127855942420047,333355,333355,1810127855942420047
20,9,bndmq,first,2,1,29,22990,150,100000000,100006500,48333,82627167,82678167,1758.621,1666.655,0.826217966,82628925.621,0.826235551,1810127855942420047,333355,333355,1810127855942420047
20,9,bndmq,first,3,1,29,22990,150,100000000,100006500,50083,82473667,82525125,1774.414,1727.000,0.824683066,82475441.414,0.824700809,1810127855942420047,333355,333355,1810127855942420047
20,9,bndmq,first,4,1,29,22990,150,100000000,100006500,36833,81925000,81963000,1310.345,1270.103,0.819196752,81926310.345,0.819209855,1810127855942420047,333355,333355,1810127855942420047
20,9,hash,first,0,1,29,22990,150,100000000,100006500,57542,173068833,173130958,2142.241,1984.207,1.730575843,173070975.241,1.730597264,1810127855942420047,333355,333355,1810127855942420047
20,9,hash,first,1,1,29,22990,150,100000000,100006500,20000,169930125,169954500,840.517,689.655,1.699190803,169930965.517,1.699199207,1810127855942420047,333355,333355,1810127855942420047
20,9,hash,first,2,1,29,22990,150,100000000,100006500,25875,170990375,171020584,1041.690,892.241,1.709792613,170991416.690,1.709803030,1810127855942420047,333355,333355,1810127855942420047
20,9,hash,first,3,1,29,22990,150,100000000,100006500,28541,170845000,170878458,1153.724,984.172,1.708338958,170846153.724,1.708350494,1810127855942420047,333355,333355,1810127855942420047
20,9,hash,first,4,1,29,22990,150,100000000,100006500,40333,171908542,171953125,1537.345,1390.793,1.718973687,171910079.345,1.718989059,1810127855942420047,333355,333355,1810127855942420047
20,9,aho_corasick,first,0,1,29,22990,150,100000000,100006500,1275208,106529166,107823042,44616.414,43972.690,1.065222421,106573782.414,1.065668556,1810127855942420047,333355,333355,1810127855942420047
20,9,aho_corasick,first,1,1,29,22990,150,100000000,100006500,1249667,104442750,105707625,43616.379,43091.966,1.044359617,104486366.379,1.044795752,1810127855942420047,333355,333355,1810127855942420047
20,9,aho_corasick,first,2,1,29,22990,150,100000000,100006500,1207500,104380833,105603083,42146.552,41637.931,1.043740487,104422979.552,1.044161925,1810127855942420047,333355,333355,1810127855942420047
20,9,aho_corasick,first,3,1,29,22990,150,100000000,100006500,1226709,104538625,105778917,42768.690,42300.310,1.045318304,104581393.690,1.045745963,1810127855942420047,333355,333355,1810127855942420047
20,9,aho_corasick,first,4,1,29,22990,150,100000000,100006500,1191583,104465708,105673042,41632.207,41089.069,1.044589182,104507340.207,1.045005477,1810127855942420047,333355,333355,1810127855942420047
22,16,bndmq,first,0,1,16,41668,150,100000000,100003200,240583,299897208,300142791,15348.938,15036.438,2.998876116,299912556.938,2.999029600,8485451749250642310,333344,333344,8485451749250642310
22,16,bndmq,first,1,1,16,41668,150,100000000,100003200,89125,300429292,300523583,5893.188,5570.312,3.004196786,300435185.188,3.004255716,8485451749250642310,333344,333344,8485451749250642310
22,16,bndmq,first,2,1,16,41668,150,100000000,100003200,149084,362411792,362568750,9809.875,9317.750,3.624001952,362421601.875,3.624100048,8485451749250642310,333344,333344,8485451749250642310
22,16,bndmq,first,3,1,16,41668,150,100000000,100003200,116750,412639625,412762417,7674.500,7296.875,4.126264210,412647299.500,4.126340952,8485451749250642310,333344,333344,8485451749250642310
22,16,bndmq,first,4,1,16,41668,150,100000000,100003200,230625,361641375,361884708,15208.312,14414.062,3.616298028,361656583.312,3.616450107,8485451749250642310,333344,333344,8485451749250642310
22,16,aho_corasick,first,0,1,16,41668,150,100000000,100003200,3405167,251275875,254723458,215473.938,212822.938,2.512678344,251491348.938,2.514833015,8485451749250642310,333344,333344,8485451749250642310
22,16,aho_corasick,first,1,1,16,41668,150,100000000,100003200,2734917,237697459,240481834,174023.438,170932.312,2.376898529,237871482.438,2.378638708,8485451749250642310,333344,333344,8485451749250642310
22,16,aho_corasick,first,2,1,16,41668,150,100000000,100003200,2913666,241017375,243971042,184604.188,182104.125,2.410096627,241201979.188,2.411942610,8485451749250642310,333344,333344,8485451749250642310
22,16,aho_corasick,first,3,1,16,41668,150,100000000,100003200,2717625,238206167,240954625,171778.625,169851.562,2.381985446,238377945.625,2.383703178,8485451749250642310,333344,333344,8485451749250642310
22,16,aho_corasick,first,4,1,16,41668,150,100000000,100003200,2967791,237825708,240834625,188057.312,185486.938,2.378180978,238013765.312,2.380061491,8485451749250642310,333344,333344,8485451749250642310
22,16,hash,first,0,1,16,41668,150,100000000,100003200,92292,328924833,329022958,6132.812,5768.250,3.289143077,328930965.812,3.289204404,8485451749250642310,333344,333344,8485451749250642310
22,16,hash,first,1,1,16,41668,150,100000000,100003200,50208,321385917,321444542,3664.062,3138.000,3.213756330,321389581.062,3.213792969,8485451749250642310,333344,333344,8485451749250642310
22,16,hash,first,2,1,16,41668,150,100000000,100003200,48208,309482542,309536584,3377.625,3013.000,3.094726389,309485919.625,3.094760164,8485451749250642310,333344,333344,8485451749250642310
22,16,hash,first,3,1,16,41668,150,100000000,100003200,27167,332118625,332153041,2151.000,1697.938,3.321079975,332120776.000,3.321101485,8485451749250642310,333344,333344,8485451749250642310
22,16,hash,first,4,1,16,41668,150,100000000,100003200,32792,309685875,309733541,2979.125,2049.500,3.096759654,309688854.125,3.096789444,8485451749250642310,333344,333344,8485451749250642310
23,16,bndmq,first,0,1,16,41668,150,100000000,100003200,114000,118496708,118613958,7328.125,7125.000,1.184929162,118504036.125,1.185002441,8485451749250642310,333344,333344,8485451749250642310
23,16,bndmq,first,1,1,16,41668,150,100000000,100003200,83375,113762875,113847791,5307.250,5210.938,1.137592347,113768182.250,1.137645418,8485451749250642310,333344,333344,8485451749250642310
23,16,bndmq,first,2,1,16,41668,150,100000000,100003200,35167,114523875,114562750,2429.688,2197.938,1.145202104,114526304.688,1.145226400,8485451749250642310,333344,333344,8485451749250642310
23,16,bndmq,first,3,1,16,41668,150,100000000,100003200,99000,114324083,114426084,6375.062,6187.500,1.143204247,114330458.062,1.143267996,8485451749250642310,333344,333344,8485451749250642310
23,16,bndmq,first,4,1,16,41668,150,100000000,100003200,38167,114096541,114137375,2552.125,2385.438,1.140928900,114099093.125,1.140954421,8485451749250642310,333344,333344,8485451749250642310
23,16,aho_corasick,first,0,1,16,41668,150,100000000,100003200,1342917,108686250,110044375,84882.812,83932.312,1.086827722,108771132.812,1.087676522,8485451749250642310,333344,333344,8485451749250642310
23,16,aho_corasick,first,1,1,16,41668,150,100000000,100003200,1249916,105705083,106966500,78838.562,78119.750,1.057017005,105783921.562,1.057805366,8485451749250642310,333344,333344,8485451749250642310
23,16,aho_corasick,first,2,1,16,41668,150,100000000,100003200,1270250,105848958,107137417,80528.688,79390.625,1.058455709,105929486.688,1.059260971,8485451749250642310,333344,333344,8485451749250642310
23,16,aho_corasick,first,3,1,16,41668,150,100000000,100003200,1324750,107961583,109297833,83515.625,82796.875,1.079581283,108045098.625,1.080416413,8485451749250642310,333344,333344,8485451749250642310
23,16,aho_corasick,first,4,1,16,41668,150,100000000,100003200,1208875,105370041,106591375,76333.375,75554.688,1.053666693,105446374.375,1.054430002,8485451749250642310,333344,333344,8485451749250642310
23,16,hash,first,0,1,16,41668,150,100000000,100003200,33333,165099541,165137542,2375.062,2083.312,1.650942580,165101916.062,1.650966330,8485451749250642310,333344,333344,8485451749250642310
23,16,hash,first,1,1,16,41668,150,100000000,100003200,15125,164286375,164306459,1255.250,945.312,1.642811180,164287630.250,1.642823732,8485451749250642310,333344,333344,8485451749250642310
23,16,hash,first,2,1,16,41668,150,100000000,100003200,27333,165033250,165064666,1963.500,1708.312,1.650279691,165035213.500,1.650299325,8485451749250642310,333344,333344,8485451749250642310
23,16,hash,first,3,1,16,41668,150,100000000,100003200,29042,163848375,163882500,2132.812,1815.125,1.638431320,163850507.812,1.638452648,8485451749250642310,333344,333344,8485451749250642310
23,16,hash,first,4,1,16,41668,150,100000000,100003200,21667,165731333,165757584,1640.688,1354.188,1.657260298,165732973.688,1.657276704,8485451749250642310,333344,333344,8485451749250642310
24,19,aho_corasick,first,0,1,14,47620,150,100000000,100002000,1416209,116124750,117573292,103467.286,101157.786,1.161224276,116228217.286,1.162258928,8894573090096257035,333340,333340,8894573090096257035
24,19,aho_corasick,first,1,1,14,47620,150,100000000,100002000,1440208,114336542,115797250,104336.286,102872.000,1.143342553,114440878.286,1.144385895,8894573090096257035,333340,333340,8894573090096257035
24,19,aho_corasick,first,2,1,14,47620,150,100000000,100002000,1516458,120788958,122320875,109422.643,108318.429,1.207865423,120898380.643,1.208959627,8894573090096257035,333340,333340,8894573090096257035
24,19,aho_corasick,first,3,1,14,47620,150,100000000,100002000,1438500,116392833,117847167,103881.000,102750.000,1.163905052,116496714.000,1.164943841,8894573090096257035,333340,333340,8894573090096257035
24,19,aho_corasick,first,4,1,14,47620,150,100000000,100002000,1387834,113919125,115324375,100375.000,99131.000,1.139168467,114019500.000,1.140172197,8894573090096257035,333340,333340,8894573090096257035
24,19,hash,first,0,1,14,47620,150,100000000,100002000,56542,198357875,198418792,4351.214,4038.714,1.983539079,198362226.214,1.983582590,8894573090096257035,333340,333340,8894573090096257035
24,19,hash,first,1,1,14,47620,150,100000000,100002000,15125,197197417,197220917,1678.571,1080.357,1.971934731,197199095.571,1.971951517,8894573090096257035,333340,333340,8894573090096257035
24,19,hash,first,2,1,14,47620,150,100000000,100002000,29708,190911875,190946083,2443.429,2122.000,1.909080568,190914318.429,1.909105002,8894573090096257035,333340,333340,8894573090096257035
24,19,hash,first,3,1,14,47620,150,100000000,100002000,18583,195803667,195826959,1663.714,1327.357,1.957997510,195805330.714,1.958014147,8894573090096257035,333340,333340,8894573090096257035
24,19,hash,first,4,1,14,47620,150,100000000,100002000,23125,187098209,187125458,1946.357,1651.786,1.870944671,187100155.357,1.870964134,8894573090096257035,333340,333340,8894573090096257035
24,19,bndmq,first,0,1,14,47620,150,100000000,100002000,105084,165999959,166109917,7854.143,7506.000,1.659966391,166007813.143,1.660044931,8894573090096257035,333340,333340,8894573090096257035
24,19,bndmq,first,1,1,14,47620,150,100000000,100002000,135208,138224208,138361792,9827.429,9657.714,1.382214436,138234035.429,1.382312708,8894573090096257035,333340,333340,8894573090096257035
24,19,bndmq,first,2,1,14,47620,150,100000000,100002000,42709,148578209,148622792,3184.500,3050.643,1.485752375,148581393.500,1.485784219,8894573090096257035,333340,333340,8894573090096257035
24,19,bndmq,first,3,1,14,47620,150,100000000,100002000,46833,135508667,135559083,3601.143,3345.214,1.355059569,135512268.143,1.355095580,8894573090096257035,333340,333340,8894573090096257035
24,19,bndmq,first,4,1,14,47620,150,100000000,100002000,76458,133444625,133523500,5633.929,5461.286,1.334419562,133450258.929,1.334475900,8894573090096257035,333340,333340,8894573090096257035
24,23,bndmq,first,0,1,12,55556,150,100000000,100000800,120334,238831250,238957916,10555.500,10027.833,2.388293394,238841805.500,2.388398948,7235618553944064260,333336,333336,7235618553944064260
24,23,bndmq,first,1,1,12,55556,150,100000000,100000800,60833,275138000,275205417,5618.083,5069.417,2.751357989,275143618.083,2.751414170,7235618553944064260,333336,333336,7235618553944064260
24,23,bndmq,first,2,1,12,55556,150,100000000,100000800,85459,322095042,322189458,7868.000,7121.583,3.220924653,322102910.000,3.221003332,7235618553944064260,333336,333336,7235618553944064260
24,23,bndmq,first,3,1,12,55556,150,100000000,100000800,248125,361014625,361266042,20951.417,20677.083,3.610117369,361035576.417,3.610326882,7235618553944064260,333336,333336,7235618553944064260
24,23,bndmq,first,4,1,12,55556,150,100000000,100000800,1458500,362611000,364076833,122152.750,121541.667,3.626080991,362733152.750,3.627302509,7235618553944064260,333336,333336,7235618553944064260
24,23,aho_corasick,first,0,1,12,55556,150,100000000,100000800,2836750,213137375,216022917,240461.833,236395.833,2.131356699,213377836.833,2.133761298,7235618553944064260,333336,333336,7235618553944064260
24,23,aho_corasick,first,1,1,12,55556,150,100000000,100000800,2425500,183250084,185699792,204142.333,202125.000,1.832486180,183454226.333,1.834527587,7235618553944064260,333336,333336,7235618553944064260
24,23,aho_corasick,first,2,1,12,55556,150,100000000,100000800,2534584,183068459,185631500,213586.750,211215.333,1.830669945,183282045.750,1.832805795,7235618553944064260,333336,333336,7235618553944064260
24,23,aho_corasick,first,3,1,12,55556,150,100000000,100000800,2282167,182373458,184688375,192909.750,190180.583,1.823719990,182566367.750,1.825649072,7235618553944064260,333336,333336,7235618553944064260
24,23,aho_corasick,first,4,1,12,55556,150,100000000,100000800,3016375,188050584,191113459,255239.583,251364.583,1.880490796,188305823.583,1.883043171,7235618553944064260,333336,333336,7235618553944064260
24,23,hash,first,0,1,12,55556,150,100000000,100000800,46375,518734917,518795167,5020.833,3864.583,5.187307672,518739937.833,5.187357879,7235618553944064260,333336,333336,7235618553944064260
24,23,hash,first,1,1,12,55556,150,100000000,100000800,142875,470505917,470663958,13170.083,11906.250,4.705021530,470519087.083,4.705153230,7235618553944064260,333336,333336,7235618553944064260
24,23,hash,first,2,1,12,55556,150,100000000,100000800,27709,475743125,475776666,2795.083,2309.083,4.757393191,475745920.083,4.757421141,7235618553944064260,333336,333336,7235618553944064260
24,23,hash,first,3,1,12,55556,150,100000000,100000800,22708,421542208,421571584,2448.000,1892.333,4.215388357,421544656.000,4.215412837,7235618553944064260,333336,333336,7235618553944064260
24,23,hash,first,4,1,12,55556,150,100000000,100000800,26333,355275916,355306958,2586.833,2194.417,3.552730738,355278502.833,3.552756606,7235618553944064260,333336,333336,7235618553944064260
24,506,aho_corasick,first,0,1,1,666668,150,100000000,100000200,3485917,188672375,192213792,3541417.000,3485917.000,1.886719977,192213792.000,1.922134076,10878890858135063043,333334,333334,10878890858135063043
24,506,aho_corasick,first,1,1,1,666668,150,100000000,100000200,3162792,179660291,182834750,3174459.000,3162792.000,1.796599317,182834750.000,1.828343843,10878890858135063043,333334,333334,10878890858135063043
24,506,aho_corasick,first,2,1,1,666668,150,100000000,100000200,2637125,170090709,172746167,2655458.000,2637125.000,1.700903688,172746167.000,1.727458215,10878890858135063043,333334,333334,10878890858135063043
24,506,aho_corasick,first,3,1,1,666668,150,100000000,100000200,2620916,168964542,171597125,2632583.000,2620916.000,1.689642041,171597125.000,1.715967818,10878890858135063043,333334,333334,10878890858135063043
24,506,aho_corasick,first,4,1,1,666668,150,100000000,100000200,2561542,166854459,169432542,2578083.000,2561542.000,1.668541253,169432542.000,1.694322031,10878890858135063043,333334,333334,10878890858135063043
24,506,hash,first,0,1,1,666668,150,100000000,100000200,26875,210987833,211017834,30001.000,26875.000,2.109874110,211017834.000,2.110174120,10878890858135063043,333334,333334,10878890858135063043
24,506,hash,first,1,1,1,666668,150,100000000,100000200,11708,208229250,208243292,14042.000,11708.000,2.082288335,208243292.000,2.082428755,10878890858135063043,333334,333334,10878890858135063043
24,506,hash,first,2,1,1,666668,150,100000000,100000200,11209,206942250,206955584,13334.000,11209.000,2.069418361,206955584.000,2.069551701,10878890858135063043,333334,333334,10878890858135063043
24,506,hash,first,3,1,1,666668,150,100000000,100000200,11083,217552041,217569292,17251.000,11083.000,2.175516059,217569292.000,2.175688569,10878890858135063043,333334,333334,10878890858135063043
24,506,hash,first,4,1,1,666668,150,100000000,100000200,27000,254477250,254509583,32333.000,27000.000,2.544767410,254509583.000,2.545090740,10878890858135063043,333334,333334,10878890858135063043
24,711,aho_corasick,first,0,1,1,666668,150,100000000,100000200,3679667,177512166,181221958,3709792.000,3679667.000,1.775118110,181221958.000,1.812215956,10878890858135063043,333334,333334,10878890858135063043
24,711,aho_corasick,first,1,1,1,666668,150,100000000,100000200,3557792,177816917,181397959,3581042.000,3557792.000,1.778165614,181397959.000,1.813975962,10878890858135063043,333334,333334,10878890858135063043
24,711,aho_corasick,first,2,1,1,666668,150,100000000,100000200,3586750,179247875,182855417,3607542.000,3586750.000,1.792475165,182855417.000,1.828550513,10878890858135063043,333334,333334,10878890858135063043
24,711,aho_corasick,first,3,1,1,666668,150,100000000,100000200,3578709,173662167,177259042,3596875.000,3578709.000,1.736618197,177259042.000,1.772586875,10878890858135063043,333334,333334,10878890858135063043
24,711,aho_corasick,first,4,1,1,666668,150,100000000,100000200,3702583,172106208,175847667,3741459.000,3702583.000,1.721058638,175847667.000,1.758473153,10878890858135063043,333334,333334,10878890858135063043
24,711,hash,first,0,1,1,666668,150,100000000,100000200,34500,383293750,383339375,45625.000,34500.000,3.832929834,383339375.000,3.833386083,10878890858135063043,333334,333334,10878890858135063043
24,711,hash,first,1,1,1,666668,150,100000000,100000200,15125,381163625,381182125,18500.000,15125.000,3.811628627,381182125.000,3.811813626,10878890858135063043,333334,333334,10878890858135063043
24,711,hash,first,2,1,1,666668,150,100000000,100000200,37292,381442709,381483167,40458.000,37292.000,3.814419461,381483167.000,3.814824040,10878890858135063043,333334,333334,10878890858135063043
24,711,hash,first,3,1,1,666668,150,100000000,100000200,32000,381304750,381342833,38083.000,32000.000,3.813039874,381342833.000,3.813420703,10878890858135063043,333334,333334,10878890858135063043
24,711,hash,first,4,1,1,666668,150,100000000,100000200,15250,380314250,380335250,21000.000,15250.000,3.803134894,380335250.000,3.803344893,10878890858135063043,333334,333334,10878890858135063043
27,506,aho_corasick,first,0,1,1,666668,150,100000000,100000200,2905209,156573125,159503625,2930500.000,2905209.000,1.565728119,159503625.000,1.595033060,10878890858135063043,333334,333334,10878890858135063043
27,506,aho_corasick,first,1,1,1,666668,150,100000000,100000200,2868500,148775125,151665875,2890750.000,2868500.000,1.487748275,151665875.000,1.516655717,10878890858135063043,333334,333334,10878890858135063043
27,506,aho_corasick,first,2,1,1,666668,150,100000000,100000200,2733541,155852708,158614625,2761917.000,2733541.000,1.558523963,158614625.000,1.586143078,10878890858135063043,333334,333334,10878890858135063043
27,506,aho_corasick,first,3,1,1,666668,150,100000000,100000200,2907083,152791125,155711084,2919959.000,2907083.000,1.527908194,155711084.000,1.557107726,10878890858135063043,333334,333334,10878890858135063043
27,506,aho_corasick,first,4,1,1,666668,150,100000000,100000200,2692959,154375958,157081208,2705250.000,2692959.000,1.543756492,157081208.000,1.570808938,10878890858135063043,333334,333334,10878890858135063043
27,506,hash,first,0,1,1,666668,150,100000000,100000200,25917,169950125,169980917,30792.000,25917.000,1.699497851,169980917.000,1.699805770,10878890858135063043,333334,333334,10878890858135063043
27,506,hash,first,1,1,1,666668,150,100000000,100000200,11042,168075458,168088959,13501.000,11042.000,1.680751218,168088959.000,1.680886228,10878890858135063043,333334,333334,10878890858135063043
27,506,hash,first,2,1,1,666668,150,100000000,100000200,10791,167597167,167611000,13833.000,10791.000,1.675968318,167611000.000,1.676106648,10878890858135063043,333334,333334,10878890858135063043
27,506,hash,first,3,1,1,666668,150,100000000,100000200,27459,167546417,167575791,29374.000,27459.000,1.675460819,167575791.000,1.675754558,10878890858135063043,333334,333334,10878890858135063043
27,506,hash,first,4,1,1,666668,150,100000000,100000200,32167,167303541,167338542,35001.000,32167.000,1.673032064,167338542.000,1.673382073,10878890858135063043,333334,333334,10878890858135063043
31,19,bndmq,first,0,1,14,47620,150,100000000,100002000,79333,104119792,104201709,5851.214,5666.643,1.041177096,104125643.214,1.041235607,8894573090096257035,333340,333340,8894573090096257035
31,19,bndmq,first,1,1,14,47620,150,100000000,100002000,72958,103855625,103931667,5431.571,5211.286,1.038535479,103861056.571,1.038589794,8894573090096257035,333340,333340,8894573090096257035
31,19,bndmq,first,2,1,14,47620,150,100000000,100002000,97875,102314083,102415584,7250.071,6991.071,1.023120368,102321333.071,1.023192867,8894573090096257035,333340,333340,8894573090096257035
31,19,bndmq,first,3,1,14,47620,150,100000000,100002000,84708,106150625,106238208,6255.929,6050.571,1.061485020,106156880.929,1.061547578,8894573090096257035,333340,333340,8894573090096257035
31,19,bndmq,first,4,1,14,47620,150,100000000,100002000,49000,107699792,107752583,3770.786,3500.000,1.076976380,107703562.786,1.077014088,8894573090096257035,333340,333340,8894573090096257035
31,19,hash,first,0,1,14,47620,150,100000000,100002000,31042,231514958,231550041,2505.929,2217.286,2.315103278,231517463.929,2.315128337,8894573090096257035,333340,333340,8894573090096257035
31,19,hash,first,1,1,14,47620,150,100000000,100002000,18709,231051041,231074583,1681.571,1336.357,2.310464201,231052722.571,2.310481016,8894573090096257035,333340,333340,8894573090096257035
31,19,hash,first,2,1,14,47620,150,100000000,100002000,23625,232491667,232520041,2026.714,1687.500,2.324870173,232493693.714,2.324890439,8894573090096257035,333340,333340,8894573090096257035
31,19,hash,first,3,1,14,47620,150,100000000,100002000,38958,239397834,239441709,3133.929,2782.714,2.393930461,239400967.929,2.393961800,8894573090096257035,333340,333340,8894573090096257035
31,19,hash,first,4,1,14,47620,150,100000000,100002000,14583,232497875,232517250,1383.929,1041.643,2.324932251,232499258.929,2.324946090,8894573090096257035,333340,333340,8894573090096257035
31,19,aho_corasick,first,0,1,14,47620,150,100000000,100002000,1917583,116988916,118944083,139654.786,136970.214,1.169865763,117128570.786,1.171262283,8894573090096257035,333340,333340,8894573090096257035
31,19,aho_corasick,first,1,1,14,47620,150,100000000,100002000,1752083,109084875,110853542,126333.357,125148.786,1.090826933,109211208.357,1.092090242,8894573090096257035,333340,333340,8894573090096257035
31,19,aho_corasick,first,2,1,14,47620,150,100000000,100002000,1746166,108475917,110237791,125848.143,124726.143,1.084737475,108601765.143,1.085995932,8894573090096257035,333340,333340,8894573090096257035
31,19,aho_corasick,first,3,1,14,47620,150,100000000,100002000,1653417,107824958,109558416,123818.429,118101.214,1.078228015,107948776.429,1.079466175,8894573090096257035,333340,333340,8894573090096257035
31,19,aho_corasick,first,4,1,14,47620,150,100000000,100002000,1828667,109067708,110916250,132038.714,130619.071,1.090655267,109199746.714,1.091975628,8894573090096257035,333340,333340,8894573090096257035
31,23,hash,first,0,1,12,55556,150,100000000,100000800,33500,427027000,427066542,3295.167,2791.667,4.270235838,427030295.167,4.270268790,7235618553944064260,333336,333336,7235618553944064260
31,23,hash,first,1,1,12,55556,150,100000000,100000800,21916,423960125,423986208,2173.583,1826.333,4.239567333,423962298.583,4.239589069,7235618553944064260,333336,333336,7235618553944064260
31,23,hash,first,2,1,12,55556,150,100000000,100000800,33125,446819250,446857375,3177.083,2760.417,4.468156755,446822427.083,4.468188525,7235618553944064260,333336,333336,7235618553944064260
31,23,hash,first,3,1,12,55556,150,100000000,100000800,37708,500873125,500916208,3590.250,3142.333,5.008691180,500876715.250,5.008727083,7235618553944064260,333336,333336,7235618553944064260
31,23,hash,first,4,1,12,55556,150,100000000,100000800,40166,558353417,558402458,4086.750,3347.167,5.583489502,558357503.750,5.583530369,7235618553944064260,333336,333336,7235618553944064260
31,23,aho_corasick,first,0,1,12,55556,150,100000000,100000800,2783125,170691500,173508750,234770.833,231927.083,1.706901345,170926270.833,1.709249034,7235618553944064260,333336,333336,7235618553944064260
31,23,aho_corasick,first,1,1,12,55556,150,100000000,100000800,2589917,157852625,160467875,217937.500,215826.417,1.578513622,158070562.500,1.580692979,7235618553944064260,333336,333336,7235618553944064260
31,23,aho_corasick,first,2,1,12,55556,150,100000000,100000800,2343792,150418625,152781583,196913.167,195316.000,1.504174217,150615538.167,1.506143333,7235618553944064260,333336,333336,7235618553944064260
31,23,aho_corasick,first,3,1,12,55556,150,100000000,100000800,2307917,150118833,152443625,193732.667,192326.417,1.501176321,150312565.667,1.503113632,7235618553944064260,333336,333336,7235618553944064260
31,23,aho_corasick,first,4,1,12,55556,150,100000000,100000800,2311209,150378916,152710834,194326.500,192600.750,1.503777130,150573242.500,1.505720379,7235618553944064260,333336,333336,7235618553944064260
31,23,bndmq,first,0,1,12,55556,150,100000000,100000800,97542,170743584,170851875,9024.250,8128.500,1.707422181,170752608.250,1.707512422,7235618553944064260,333336,333336,7235618553944064260
31,23,bndmq,first,1,1,12,55556,150,100000000,100000800,97291,168098250,168196791,8211.750,8107.583,1.680969052,168106461.750,1.681051169,7235618553944064260,333336,333336,7235618553944064260
31,23,bndmq,first,2,1,12,55556,150,100000000,100000800,62250,163454083,163517958,5322.917,5187.500,1.634527754,163459405.917,1.634580983,7235618553944064260,333336,333336,7235618553944064260
31,23,bndmq,first,3,1,12,55556,150,100000000,100000800,56292,159358958,159416625,4805.583,4691.000,1.593576831,159363763.583,1.593624887,7235618553944064260,333336,333336,7235618553944064260
31,23,bndmq,first,4,1,12,55556,150,100000000,100000800,50042,161261375,161312916,4295.083,4170.167,1.612600849,161265670.083,1.612643800,7235618553944064260,333336,333336,7235618553944064260
31,360,aho_corasick,first,0,1,1,666668,150,100000000,100000200,2365666,146839333,149231750,2392417.000,2365666.000,1.468390393,149231750.000,1.492314515,10878890858135063043,333334,333334,10878890858135063043
31,360,aho_corasick,first,1,1,1,666668,150,100000000,100000200,2210625,146003917,148250667,2246750.000,2210625.000,1.460036250,148250667.000,1.482503705,10878890858135063043,333334,333334,10878890858135063043
31,360,aho_corasick,first,2,1,1,666668,150,100000000,100000200,2250834,146793167,149068042,2274875.000,2250834.000,1.467928734,149068042.000,1.490677439,10878890858135063043,333334,333334,10878890858135063043
31,360,aho_corasick,first,3,1,1,666668,150,100000000,100000200,2292583,145964416,148269500,2305084.000,2292583.000,1.459641241,148269500.000,1.482692035,10878890858135063043,333334,333334,10878890858135063043
31,360,aho_corasick,first,4,1,1,666668,150,100000000,100000200,2217542,146751250,148982917,2231667.000,2217542.000,1.467509565,148982917.000,1.489826190,10878890858135063043,333334,333334,10878890858135063043
31,360,hash,first,0,1,1,666668,150,100000000,100000200,16833,486637708,486656833,19125.000,16833.000,4.866367347,486656833.000,4.866558597,10878890858135063043,333334,333334,10878890858135063043
31,360,hash,first,1,1,1,666668,150,100000000,100000200,12791,446232458,446247791,15333.000,12791.000,4.462315655,446247791.000,4.462468985,10878890858135063043,333334,333334,10878890858135063043
31,360,hash,first,2,1,1,666668,150,100000000,100000200,19709,439147667,439170459,22792.000,19709.000,4.391467887,439170459.000,4.391695807,10878890858135063043,333334,333334,10878890858135063043
31,360,hash,first,3,1,1,666668,150,100000000,100000200,11000,414154708,414167917,13209.000,11000.000,4.141538797,414167917.000,4.141670887,10878890858135063043,333334,333334,10878890858135063043
31,360,hash,first,4,1,1,666668,150,100000000,100000200,10292,417880875,417893167,12292.000,10292.000,4.178800392,417893167.000,4.178923312,10878890858135063043,333334,333334,10878890858135063043
31,506,hash,first,0,1,1,666668,150,100000000,100000200,36542,233962666,234004500,41834.000,36542.000,2.339621981,234004500.000,2.340040320,10878890858135063043,333334,333334,10878890858135063043
31,506,hash,first,1,1,1,666668,150,100000000,100000200,41417,244985083,245030917,45834.000,41417.000,2.449845930,245030917.000,2.450304269,10878890858135063043,333334,333334,10878890858135063043
31,506,hash,first,2,1,1,666668,150,100000000,100000200,30917,259900584,259935500,34916.000,30917.000,2.599000642,259935500.000,2.599349801,10878890858135063043,333334,333334,10878890858135063043
31,506,hash,first,3,1,1,666668,150,100000000,100000200,19000,281114833,281137875,23042.000,19000.000,2.811142708,281137875.000,2.811373127,10878890858135063043,333334,333334,10878890858135063043
31,506,hash,first,4,1,1,666668,150,100000000,100000200,19250,291007542,291031458,23916.000,19250.000,2.910069600,291031458.000,2.910308759,10878890858135063043,333334,333334,10878890858135063043
31,506,aho_corasick,first,0,1,1,666668,150,100000000,100000200,5740417,266558833,272353084,5794251.000,5740417.000,2.665582999,272353084.000,2.723525393,10878890858135063043,333334,333334,10878890858135063043
31,506,aho_corasick,first,1,1,1,666668,150,100000000,100000200,5108375,271282209,276441834,5159625.000,5108375.000,2.712816664,276441834.000,2.764412811,10878890858135063043,333334,333334,10878890858135063043
31,506,aho_corasick,first,2,1,1,666668,150,100000000,100000200,5792833,282864542,288741500,5876958.000,5792833.000,2.828639763,288741500.000,2.887409225,10878890858135063043,333334,333334,10878890858135063043
31,506,aho_corasick,first,3,1,1,666668,150,100000000,100000200,5136209,245169875,250352625,5182750.000,5136209.000,2.451693847,250352625.000,2.503521243,10878890858135063043,333334,333334,10878890858135063043
31,506,aho_corasick,first,4,1,1,666668,150,100000000,100000200,4517000,242174959,246744416,4569457.000,4517000.000,2.421744747,246744416.000,2.467439225,10878890858135063043,333334,333334,10878890858135063043
4,108,bndmq,first,0,1,3,222224,150,100000000,100000800,63333,130051959,130117209,21750.000,21111.000,1.300509186,130073709.000,1.300726684,7355475635098049752,666672,666672,7355475635098049752
4,108,bndmq,first,1,1,3,222224,150,100000000,100000800,60750,122055416,122118667,21083.667,20250.000,1.220544396,122076499.667,1.220755231,7355475635098049752,666672,666672,7355475635098049752
4,108,bndmq,first,2,1,3,222224,150,100000000,100000800,84541,122201750,122288791,29013.667,28180.333,1.222007724,122230763.667,1.222297858,7355475635098049752,666672,666672,7355475635098049752
4,108,bndmq,first,3,1,3,222224,150,100000000,100000800,62333,122184041,122248583,21514.000,20777.667,1.221830635,122205555.000,1.222045774,7355475635098049752,666672,666672,7355475635098049752
4,108,bndmq,first,4,1,3,222224,150,100000000,100000800,32458,122199834,122234167,11444.333,10819.333,1.221988564,122211278.333,1.222103007,7355475635098049752,666672,666672,7355475635098049752
4,108,hash,first,0,1,3,222224,150,100000000,100000800,9834,27189584,27202125,4180.333,3278.000,0.271893665,27193764.333,0.271935468,7355475635098049752,666672,666672,7355475635098049752
4,108,hash,first,1,1,3,222224,150,100000000,100000800,7500,25398625,25408125,3166.667,2500.000,0.253984218,25401791.667,0.254015885,7355475635098049752,666672,666672,7355475635098049752
4,108,hash,first,2,1,3,222224,150,100000000,100000800,5167,24949584,24957583,2666.333,1722.333,0.249493844,24952250.333,0.249520507,7355475635098049752,666672,666672,7355475635098049752
4,108,hash,first,3,1,3,222224,150,100000000,100000800,5791,25531833,25541125,3097.333,1930.333,0.255316287,25534930.333,0.255347261,7355475635098049752,666672,666672,7355475635098049752
4,108,hash,first,4,1,3,222224,150,100000000,100000800,12041,25336708,25350375,4555.667,4013.667,0.253365053,25341263.667,0.253410609,7355475635098049752,666672,666672,7355475635098049752
4,108,aho_corasick,first,0,1,3,222224,150,100000000,100000800,251417,18851917,19118709,88930.667,83805.667,0.188517662,18940847.667,0.189406961,7355475635098049752,666672,666672,7355475635098049752
4,108,aho_corasick,first,1,1,3,222224,150,100000000,100000800,202541,16955334,17167375,70680.333,67513.667,0.169551984,17026014.333,0.170258781,7355475635098049752,666672,666672,7355475635098049752
4,108,aho_corasick,first,2,1,3,222224,150,100000000,100000800,228209,16656875,16899208,80777.667,76069.667,0.166567417,16737652.667,0.167375188,7355475635098049752,666672,666672,7355475635098049752
4,108,aho_corasick,first,3,1,3,222224,150,100000000,100000800,186709,16736250,16940625,68125.000,62236.333,0.167361161,16804375.000,0.168042406,7355475635098049752,666672,666672,7355475635098049752
4,108,aho_corasick,first,4,1,3,222224,150,100000000,100000800,211334,16711625,16942375,76916.667,70444.667,0.167114913,16788541.667,0.167884074,7355475635098049752,666672,666672,7355475635098049752
4,3,hash,first,0,1,64,10418,150,100000000,100012800,101333,110993083,111104500,1740.891,1583.328,1.109788777,110994823.891,1.109806184,17712666349499545835,607746,607746,17712666349499545835
4,3,hash,first,1,1,64,10418,150,100000000,100012800,16417,106851416,106871792,318.375,256.516,1.068377408,106851734.375,1.068380591,17712666349499545835,607746,607746,17712666349499545835
4,3,hash,first,2,1,64,10418,150,100000000,100012800,14000,106766334,106786167,309.891,218.750,1.067526697,106766643.891,1.067529795,17712666349499545835,607746,607746,17712666349499545835
4,3,hash,first,3,1,64,10418,150,100000000,100012800,38542,107126500,107179834,833.344,602.219,1.071127896,107127333.344,1.071136228,17712666349499545835,607746,607746,17712666349499545835
4,3,hash,first,4,1,64,10418,150,100000000,100012800,21458,107999000,108029750,480.469,335.281,1.079851779,107999480.469,1.079856583,17712666349499545835,607746,607746,17712666349499545835
4,3,aho_corasick,first,0,1,64,10418,150,100000000,100012800,698375,137963125,138694083,11421.219,10912.109,1.379454680,137974546.219,1.379568877,17712666349499545835,607746,607746,17712666349499545835
4,3,aho_corasick,first,1,1,64,10418,150,100000000,100012800,651666,135911958,136589250,10582.688,10182.281,1.358945635,135922540.688,1.359051448,17712666349499545835,607746,607746,17712666349499545835
4,3,aho_corasick,first,2,1,64,10418,150,100000000,100012800,643334,137569458,138252875,10678.391,10052.094,1.375518514,137580136.391,1.375625284,17712666349499545835,607746,607746,17712666349499545835
4,3,aho_corasick,first,3,1,64,10418,150,100000000,100012800,645875,136560875,137231375,10476.562,10091.797,1.365433974,136571351.562,1.365538727,17712666349499545835,607746,607746,17712666349499545835
4,3,aho_corasick,first,4,1,64,10418,150,100000000,100012800,663583,135718500,136409375,10794.922,10368.484,1.357011303,135729294.922,1.357119238,17712666349499545835,607746,607746,17712666349499545835
4,3,bndmq,first,0,1,64,10418,150,100000000,100012800,77750,92680875,92762583,1276.688,1214.844,0.926690134,92682151.688,0.926702899,17712666349499545835,607746,607746,17712666349499545835
4,3,bndmq,first,1,1,64,10418,150,100000000,100012800,82166,88761209,88846375,1330.719,1283.844,0.887498490,88762539.719,0.887511796,17712666349499545835,607746,607746,17712666349499545835
4,3,bndmq,first,2,1,64,10418,150,100000000,100012800,64208,86981292,87048792,1054.688,1003.250,0.869701598,86982346.688,0.869712144,17712666349499545835,607746,607746,17712666349499545835
4,3,bndmq,first,3,1,64,10418,150,100000000,100012800,97084,86530250,86632125,1591.797,1516.938,0.865191755,86531841.797,0.865207671,17712666349499545835,607746,607746,17712666349499545835
4,3,bndmq,first,4,1,64,10418,150,100000000,100012800,30875,86539125,86573125,531.250,482.422,0.865280494,86539656.250,0.865285806,17712666349499545835,607746,607746,17712666349499545835
4,91,bndmq,first,0,1,3,222224,150,100000000,100000800,52125,128371708,128427417,18569.667,17375.000,1.283706810,128390277.667,1.283892506,7355475635098049752,666672,666672,7355475635098049752
4,91,bndmq,first,1,1,3,222224,150,100000000,100000800,104958,129549417,129656750,35777.667,34986.000,1.295483806,129585194.667,1.295841580,7355475635098049752,666672,666672,7355475635098049752
4,91,bndmq,first,2,1,3,222224,150,100000000,100000800,53625,125714750,125770584,18611.333,17875.000,1.257137443,125733361.333,1.257323555,7355475635098049752,666672,666672,7355475635098049752
4,91,bndmq,first,3,1,3,222224,150,100000000,100000800,28666,123945042,123975666,10208.000,9555.333,1.239440504,123955250.000,1.239542584,7355475635098049752,666672,666672,7355475635098049752
4,91,bndmq,first,4,1,3,222224,150,100000000,100000800,30500,125688084,125721375,11097.000,10166.667,1.256870785,125699181.000,1.256981754,7355475635098049752,666672,666672,7355475635098049752
4,91,hash,first,0,1,3,222224,150,100000000,100000800,6333,29946000,29955250,3083.333,2111.000,0.299457604,29949083.333,0.299488437,7355475635098049752,666672,666672,7355475635098049752
4,91,hash,first,1,1,3,222224,150,100000000,100000800,5334,28388916,28398417,3167.000,1778.000,0.283886889,28392083.000,0.283918559,7355475635098049752,666672,666672,7355475635098049752
4,91,hash,first,2,1,3,222224,150,100000000,100000800,16583,27720291,27738833,6180.667,5527.667,0.277200692,27726471.667,0.277262499,7355475635098049752,666672,666672,7355475635098049752
4,91,hash,first,3,1,3,222224,150,100000000,100000800,9292,27644209,27658084,4625.000,3097.333,0.276439878,27648834.000,0.276486128,7355475635098049752,666672,666672,7355475635098049752
4,91,hash,first,4,1,3,222224,150,100000000,100000800,4708,27287667,27295250,2527.667,1569.333,0.272874487,27290194.667,0.272899763,7355475635098049752,666672,666672,7355475635098049752
4,91,aho_corasick,first,0,1,3,222224,150,100000000,100000800,202375,18998666,19211209,70847.667,67458.333,0.189985140,19069513.667,0.190693611,7355475635098049752,666672,666672,7355475635098049752
4,91,aho_corasick,first,1,1,3,222224,150,100000000,100000800,205708,17866333,18085583,73083.333,68569.333,0.178661901,17939416.333,0.179392728,7355475635098049752,666672,666672,7355475635098049752
4,91,aho_corasick,first,2,1,3,222224,150,100000000,100000800,184334,18195750,18386917,63722.333,61444.667,0.181956044,18259472.333,0.182593263,7355475635098049752,666672,666672,7355475635098049752
4,91,aho_corasick,first,3,1,3,222224,150,100000000,100000800,166875,17431916,17606584,58222.667,55625.000,0.174317765,17490138.667,0.174899987,7355475635098049752,666672,666672,7355475635098049752
4,91,aho_corasick,first,4,1,3,222224,150,100000000,100000800,182000,17109084,17302041,64319.000,60666.667,0.171089471,17173403.000,0.171732656,7355475635098049752,666672,666672,7355475635098049752
40,19,aho_corasick,first,0,1,14,47620,150,100000000,100002000,5715500,193845958,199600167,411014.929,408250.000,1.938420812,194256972.929,1.942530879,8894573090096257035,333340,333340,8894573090096257035
40,19,aho_corasick,first,1,1,14,47620,150,100000000,100002000,3669833,187795583,191510750,265369.071,262130.929,1.877918272,188060952.071,1.880571909,8894573090096257035,333340,333340,8894573090096257035
40,19,aho_corasick,first,2,1,14,47620,150,100000000,100002000,3546500,181562042,185180792,258482.143,253321.429,1.815584108,181820524.143,1.818168878,8894573090096257035,333340,333340,8894573090096257035
40,19,aho_corasick,first,3,1,14,47620,150,100000000,100002000,3388500,168055875,171469958,243863.071,242035.714,1.680525139,168299738.071,1.682963721,8894573090096257035,333340,333340,8894573090096257035
40,19,aho_corasick,first,4,1,14,47620,150,100000000,100002000,2935292,153342583,156303125,211467.286,209663.714,1.533395162,153554050.286,1.535509793,8894573090096257035,333340,333340,8894573090096257035
40,19,bndmq,first,0,1,14,47620,150,100000000,100002000,116834,121547583,121667834,8589.357,8345.286,1.215451521,121556172.357,1.215537413,8894573090096257035,333340,333340,8894573090096257035
40,19,bndmq,first,1,1,14,47620,150,100000000,100002000,57000,116889416,116949875,4318.500,4071.429,1.168870783,116893734.500,1.168913967,8894573090096257035,333340,333340,8894573090096257035
40,19,bndmq,first,2,1,14,47620,150,100000000,100002000,121583,115696625,115822333,8979.143,8684.500,1.156943111,115705604.143,1.157032901,8894573090096257035,333340,333340,8894573090096257035
40,19,bndmq,first,3,1,14,47620,150,100000000,100002000,154166,115617333,115774125,11199.429,11011.857,1.156150207,115628532.429,1.156262199,8894573090096257035,333340,333340,8894573090096257035
40,19,bndmq,first,4,1,14,47620,150,100000000,100002000,60291,116293542,116356625,4505.929,4306.500,1.162912162,116298047.929,1.162957220,8894573090096257035,333340,333340,8894573090096257035
40,19,hash,first,0,1,14,47620,150,100000000,100002000,40125,213489916,213534166,3160.714,2866.071,2.134856463,213493076.714,2.134888069,8894573090096257035,333340,333340,8894573090096257035
40,19,hash,first,1,1,14,47620,150,100000000,100002000,37583,204401292,204443417,3008.929,2684.500,2.043972041,204404300.929,2.044002129,8894573090096257035,333340,333340,8894573090096257035
40,19,hash,first,2,1,14,47620,150,100000000,100002000,32833,220035833,220073916,2720.214,2345.214,2.200314324,220038553.214,2.200341525,8894573090096257035,333340,333340,8894573090096257035
40,19,hash,first,3,1,14,47620,150,100000000,100002000,40375,226319709,226366750,3360.071,2883.929,2.263151827,226323069.071,2.263185427,8894573090096257035,333340,333340,8894573090096257035
40,19,hash,first,4,1,14,47620,150,100000000,100002000,30958,220054667,220090625,2568.429,2211.286,2.200502660,220057235.429,2.200528344,8894573090096257035,333340,333340,8894573090096257035
40,23,hash,first,0,1,12,55556,150,100000000,100000800,65625,322514667,322586958,6024.250,5468.750,3.225120869,322520691.250,3.225181111,7235618553944064260,333336,333336,7235618553944064260
40,23,hash,first,1,1,12,55556,150,100000000,100000800,78917,325080916,325163500,6882.000,6576.417,3.250783154,325087798.000,3.250851973,7235618553944064260,333336,333336,7235618553944064260
40,23,hash,first,2,1,12,55556,150,100000000,100000800,17834,328623750,328645375,1802.083,1486.167,3.286211210,328625552.083,3.286229231,7235618553944064260,333336,333336,7235618553944064260
40,23,hash,first,3,1,12,55556,150,100000000,100000800,16917,314750666,314771125,1704.917,1409.750,3.147481480,314752370.917,3.147498529,7235618553944064260,333336,333336,7235618553944064260
40,23,hash,first,4,1,12,55556,150,100000000,100000800,17542,318900541,318923084,1878.583,1461.833,3.188979898,318902419.583,3.188998684,7235618553944064260,333336,333336,7235618553944064260
40,23,bndmq,first,0,1,12,55556,150,100000000,100000800,112167,146120208,146236500,9691.000,9347.250,1.461190390,146129899.000,1.461287300,7235618553944064260,333336,333336,7235618553944064260
40,23,bndmq,first,1,1,12,55556,150,100000000,100000800,95833,161854500,161952958,8204.833,7986.083,1.618532052,161862704.833,1.618614099,7235618553944064260,333336,333336,7235618553944064260
40,23,bndmq,first,2,1,12,55556,150,100000000,100000800,61875,178206959,178271333,5364.500,5156.250,1.782055334,178212323.500,1.782108978,7235618553944064260,333336,333336,7235618553944064260
40,23,bndmq,first,3,1,12,55556,150,100000000,100000800,83833,177912541,178000666,7343.750,6986.083,1.779111177,177919884.750,1.779184614,7235618553944064260,333336,333336,7235618553944064260
40,23,bndmq,first,4,1,12,55556,150,100000000,100000800,133709,176750792,176888500,11475.667,11142.417,1.767493780,176762267.667,1.767608536,7235618553944064260,333336,333336,7235618553944064260
40,23,aho_corasick,first,0,1,12,55556,150,100000000,100000800,3533375,172979542,176570083,299211.750,294447.917,1.729781582,173278753.750,1.732773675,7235618553944064260,333336,333336,7235618553944064260
40,23,aho_corasick,first,1,1,12,55556,150,100000000,100000800,3020375,153849541,156912375,255236.167,251697.917,1.538483102,154104777.167,1.541035443,7235618553944064260,333336,333336,7235618553944064260
40,23,aho_corasick,first,2,1,12,55556,150,100000000,100000800,3119167,149471459,152604375,261076.333,259930.583,1.494702632,149732535.333,1.497313375,7235618553944064260,333336,333336,7235618553944064260
40,23,aho_corasick,first,3,1,12,55556,150,100000000,100000800,2760917,149986291,152760792,231208.417,230076.417,1.499850911,150217499.417,1.502162977,7235618553944064260,333336,333336,7235618553944064260
40,23,aho_corasick,first,4,1,12,55556,150,100000000,100000800,2967333,147870542,150850333,248315.917,247277.750,1.478693590,148118857.917,1.481176730,7235618553944064260,333336,333336,7235618553944064260
40,360,hash,first,0,1,1,666668,150,100000000,100000200,22750,461173500,461201250,27750.000,22750.000,4.611725777,461201250.000,4.612003276,10878890858135063043,333334,333334,10878890858135063043
40,360,hash,first,1,1,1,666668,150,100000000,100000200,25709,602463209,602492750,29541.000,25709.000,6.024620041,602492750.000,6.024915450,10878890858135063043,333334,333334,10878890858135063043
40,360,hash,first,2,1,1,666668,150,100000000,100000200,31500,634578750,634614750,36000.000,31500.000,6.345774808,634614750.000,6.346134808,10878890858135063043,333334,333334,10878890858135063043
40,360,hash,first,3,1,1,666668,150,100000000,100000200,21667,587572875,587603334,30459.000,21667.000,5.875716999,587603334.000,5.876021588,10878890858135063043,333334,333334,10878890858135063043
40,360,hash,first,4,1,1,666668,150,100000000,100000200,19583,556744083,556767000,22917.000,19583.000,5.567429695,556767000.000,5.567658865,10878890858135063043,333334,333334,10878890858135063043
40,360,aho_corasick,first,0,1,1,666668,150,100000000,100000200,3537500,184347708,187920500,3572792.000,3537500.000,1.843473393,187920500.000,1.879201242,10878890858135063043,333334,333334,10878890858135063043
40,360,aho_corasick,first,1,1,1,666668,150,100000000,100000200,3305333,169565625,172882875,3317250.000,3305333.000,1.695652859,172882875.000,1.728825292,10878890858135063043,333334,333334,10878890858135063043
40,360,aho_corasick,first,2,1,1,666668,150,100000000,100000200,3353000,169716916,173079625,3362709.000,3353000.000,1.697165766,173079625.000,1.730792788,10878890858135063043,333334,333334,10878890858135063043
40,360,aho_corasick,first,3,1,1,666668,150,100000000,100000200,3086625,167245209,170342500,3097291.000,3086625.000,1.672448745,170342500.000,1.703421593,10878890858135063043,333334,333334,10878890858135063043
40,360,aho_corasick,first,4,1,1,666668,150,100000000,100000200,3346917,165589417,168947500,3358083.000,3346917.000,1.655890858,168947500.000,1.689471621,10878890858135063043,333334,333334,10878890858135063043
40,506,aho_corasick,first,0,1,1,666668,150,100000000,100000200,5708458,214882583,220641209,5758626.000,5708458.000,2.148821532,220641209.000,2.206407677,10878890858135063043,333334,333334,10878890858135063043
40,506,aho_corasick,first,1,1,1,666668,150,100000000,100000200,5551584,202883500,208482125,5598625.000,5551584.000,2.028830942,208482125.000,2.084817080,10878890858135063043,333334,333334,10878890858135063043
40,506,aho_corasick,first,2,1,1,666668,150,100000000,100000200,5220041,204603458,209875250,5271792.000,5220041.000,2.046030488,209875250.000,2.098748303,10878890858135063043,333334,333334,10878890858135063043
40,506,aho_corasick,first,3,1,1,666668,150,100000000,100000200,5017792,206140791,211182084,5041293.000,5017792.000,2.061403787,211182084.000,2.111816616,10878890858135063043,333334,333334,10878890858135063043
40,506,aho_corasick,first,4,1,1,666668,150,100000000,100000200,5106375,205789083,210913084,5124001.000,5106375.000,2.057886714,210913084.000,2.109126622,10878890858135063043,333334,333334,10878890858135063043
40,506,hash,first,0,1,1,666668,150,100000000,100000200,37334,189771875,189814291,42416.000,37334.000,1.897714955,189814291.000,1.898139114,10878890858135063043,333334,333334,10878890858135063043
40,506,hash,first,1,1,1,666668,150,100000000,100000200,18125,188217375,188238500,21125.000,18125.000,1.882169986,188238500.000,1.882381235,10878890858135063043,333334,333334,10878890858135063043
40,506,hash,first,2,1,1,666668,150,100000000,100000200,17541,189870542,189890042,19500.000,17541.000,1.898701623,189890042.000,1.898896622,10878890858135063043,333334,333334,10878890858135063043
40,506,hash,first,3,1,1,666668,150,100000000,100000200,18250,199614584,199634667,20083.000,18250.000,1.996141848,199634667.000,1.996342677,10878890858135063043,333334,333334,10878890858135063043
40,506,hash,first,4,1,1,666668,150,100000000,100000200,19208,199234125,199257083,22958.000,19208.000,1.992337265,199257083.000,1.992566845,10878890858135063043,333334,333334,10878890858135063043
44,23,bndmq,first,0,1,12,55556,150,100000000,100000800,78083,95843583,95924292,6725.750,6506.917,0.958428163,95850308.750,0.958495420,7235618553944064260,333336,333336,7235618553944064260
44,23,bndmq,first,1,1,12,55556,150,100000000,100000800,89083,95967333,96059167,7652.833,7423.583,0.959665653,95974985.833,0.959742180,7235618553944064260,333336,333336,7235618553944064260
44,23,bndmq,first,2,1,12,55556,150,100000000,100000800,64333,97019792,97092959,6097.250,5361.083,0.970190158,97025889.250,0.970251130,7235618553944064260,333336,333336,7235618553944064260
44,23,bndmq,first,3,1,12,55556,150,100000000,100000800,117041,106753584,106873708,10010.333,9753.417,1.067527300,106763594.333,1.067627402,7235618553944064260,333336,333336,7235618553944064260
44,23,bndmq,first,4,1,12,55556,150,100000000,100000800,100416,111322917,111426333,8618.000,8368.000,1.113220264,111331535.000,1.113306444,7235618553944064260,333336,333336,7235618553944064260
44,23,hash,first,0,1,12,55556,150,100000000,100000800,45167,363435709,363484250,4045.083,3763.917,3.634328015,363439754.083,3.634368466,7235618553944064260,333336,333336,7235618553944064260
44,23,hash,first,1,1,12,55556,150,100000000,100000800,24500,332804458,332831208,2229.167,2041.667,3.328017956,332806687.167,3.328040247,7235618553944064260,333336,333336,7235618553944064260
44,23,hash,first,2,1,12,55556,150,100000000,100000800,19250,337946916,337970625,1975.750,1604.167,3.379442124,337948891.750,3.379461882,7235618553944064260,333336,333336,7235618553944064260
44,23,hash,first,3,1,12,55556,150,100000000,100000800,30667,367465416,367500583,2930.583,2555.583,3.674624763,367468346.583,3.674654069,7235618553944064260,333336,333336,7235618553944064260
44,23,hash,first,4,1,12,55556,150,100000000,100000800,31042,401187291,401221083,2816.000,2586.833,4.011840815,401190107.000,4.011868975,7235618553944064260,333336,333336,7235618553944064260
44,23,aho_corasick,first,0,1,12,55556,150,100000000,100000800,3176958,140317750,143529292,267628.500,264746.500,1.403166275,140585378.500,1.405842538,7235618553944064260,333336,333336,7235618553944064260
44,23,aho_corasick,first,1,1,12,55556,150,100000000,100000800,3021000,136126209,139171125,253743.000,251750.000,1.361251200,136379952.000,1.363788610,7235618553944064260,333336,333336,7235618553944064260
44,23,aho_corasick,first,2,1,12,55556,150,100000000,100000800,2967625,132229625,135211834,248517.417,247302.083,1.322285672,132478142.417,1.324770826,7235618553944064260,333336,333336,7235618553944064260
44,23,aho_corasick,first,3,1,12,55556,150,100000000,100000800,2707542,127371625,130093500,226822.917,225628.500,1.273706060,127598447.917,1.275974271,7235618553944064260,333336,333336,7235618553944064260
44,23,aho_corasick,first,4,1,12,55556,150,100000000,100000800,2580000,122129667,124724666,216249.917,215000.000,1.221286900,122345916.917,1.223449382,7235618553944064260,333336,333336,7235618553944064260
44,506,hash,first,0,1,1,666668,150,100000000,100000200,37292,262545041,262588208,43167.000,37292.000,2.625445159,262588208.000,2.625876828,10878890858135063043,333334,333334,10878890858135063043
44,506,hash,first,1,1,1,666668,150,100000000,100000200,23000,224716000,224742417,26417.000,23000.000,2.247155506,224742417.000,2.247419675,10878890858135063043,333334,333334,10878890858135063043
44,506,hash,first,2,1,1,666668,150,100000000,100000200,44250,214950000,214997417,47417.000,44250.000,2.149495701,214997417.000,2.149969870,10878890858135063043,333334,333334,10878890858135063043
44,506,hash,first,3,1,1,666668,150,100000000,100000200,20958,213516667,213542667,26000.000,20958.000,2.135162400,213542667.000,2.135422399,10878890858135063043,333334,333334,10878890858135063043
44,506,hash,first,4,1,1,666668,150,100000000,100000200,36583,217515375,217555375,40000.000,36583.000,2.175149400,217555375.000,2.175549399,10878890858135063043,333334,333334,10878890858135063043
44,506,aho_corasick,first,0,1,1,666668,150,100000000,100000200,5399917,197319875,202749709,5429834.000,5399917.000,1.973194804,202749709.000,2.027493035,10878890858135063043,333334,333334,10878890858135063043
44,506,aho_corasick,first,1,1,1,666668,150,100000000,100000200,5199875,183469250,188690042,5220792.000,5199875.000,1.834688831,188690042.000,1.886896646,10878890858135063043,333334,333334,10878890858135063043
44,506,aho_corasick,first,2,1,1,666668,150,100000000,100000200,5050666,177236542,182305167,5068625.000,5050666.000,1.772361875,182305167.000,1.823048024,10878890858135063043,333334,333334,10878890858135063043
44,506,aho_corasick,first,3,1,1,666668,150,100000000,100000200,5121916,200025917,205187250,5161333.000,5121916.000,2.000255169,205187250.000,2.051868396,10878890858135063043,333334,333334,10878890858135063043
44,506,aho_corasick,first,4,1,1,666668,150,100000000,100000200,5327875,201779250,207172833,5393583.000,5327875.000,2.017788464,207172833.000,2.071724187,10878890858135063043,333334,333334,10878890858135063043
48,23,bndmq,first,0,1,12,55556,150,100000000,100000800,89250,110217209,110308875,7638.833,7437.500,1.102163273,110224847.833,1.102239660,7235618553944064260,333336,333336,7235618553944064260
48,23,bndmq,first,1,1,12,55556,150,100000000,100000800,61875,112449708,112513667,5329.917,5156.250,1.124488084,112455037.917,1.124541383,7235618553944064260,333336,333336,7235618553944064260
48,23,bndmq,first,2,1,12,55556,150,100000000,100000800,68042,118752917,118822667,5812.500,5670.167,1.187519670,118758729.500,1.187577794,7235618553944064260,333336,333336,7235618553944064260
48,23,bndmq,first,3,1,12,55556,150,100000000,100000800,74917,121491750,121570042,6524.333,6243.083,1.214907781,121498274.333,1.214973024,7235618553944064260,333336,333336,7235618553944064260
48,23,bndmq,first,4,1,12,55556,150,100000000,100000800,116291,121966917,122085125,9850.667,9690.917,1.219659413,121976767.667,1.219757919,7235618553944064260,333336,333336,7235618553944064260
48,23,aho_corasick,first,0,1,12,55556,150,100000000,100000800,3493834,148887875,152436500,295718.750,291152.833,1.488866839,149183593.750,1.491824003,7235618553944064260,333336,333336,7235618553944064260
48,23,aho_corasick,first,1,1,12,55556,150,100000000,100000800,3637416,156214667,159896417,306812.500,303118.000,1.562134173,156521479.500,1.565202273,7235618553944064260,333336,333336,7235618553944064260
48,23,aho_corasick,first,2,1,12,55556,150,100000000,100000800,3583458,156457125,160084583,302288.167,298621.500,1.564558734,156759413.167,1.567581591,7235618553944064260,333336,333336,7235618553944064260
48,23,aho_corasick,first,3,1,12,55556,150,100000000,100000800,3700583,155478500,159194416,309659.667,308381.917,1.554772562,155788159.667,1.557869134,7235618553944064260,333336,333336,7235618553944064260
48,23,aho_corasick,first,4,1,12,55556,150,100000000,100000800,3587583,170464417,174069083,300388.833,298965.250,1.704630533,170764805.833,1.707634397,7235618553944064260,333336,333336,7235618553944064260
48,23,hash,first,0,1,12,55556,150,100000000,100000800,43042,435645667,435696375,4225.667,3586.833,4.356421819,435649892.667,4.356464075,7235618553944064260,333336,333336,7235618553944064260
48,23,hash,first,1,1,12,55556,150,100000000,100000800,48041,403894958,403950125,4597.250,4003.417,4.038917269,403899555.250,4.038963241,7235618553944064260,333336,333336,7235618553944064260
48,23,hash,first,2,1,12,55556,150,100000000,100000800,85792,424069458,424169334,8323.000,7149.333,4.240660655,424077781.000,4.240743884,7235618553944064260,333336,333336,7235618553944064260
48,23,hash,first,3,1,12,55556,150,100000000,100000800,28667,380818958,380852542,2798.667,2388.917,3.808159115,380821756.667,3.808187101,7235618553944064260,333336,333336,7235618553944064260
48,23,hash,first,4,1,12,55556,150,100000000,100000800,28375,342029541,342061667,2677.167,2364.583,3.420268048,342032218.167,3.420294819,7235618553944064260,333336,333336,7235618553944064260
48,27,bndmq,first,0,1,10,66668,150,100000000,100002000,118917,112850709,112972792,12208.300,11891.700,1.128484520,112862917.300,1.128606601,16826556867229731551,333340,333340,16826556867229731551
48,27,bndmq,first,1,1,10,66668,150,100000000,100002000,46875,110617250,110667041,4979.100,4687.500,1.106150377,110622229.100,1.106200167,16826556867229731551,333340,333340,16826556867229731551
48,27,bndmq,first,2,1,10,66668,150,100000000,100002000,109625,110652375,110765417,11304.200,10962.500,1.106501620,110663679.200,1.106614660,16826556867229731551,333340,333340,16826556867229731551
48,27,bndmq,first,3,1,10,66668,150,100000000,100002000,106959,110357708,110466042,10833.400,10695.900,1.103555009,110368541.400,1.103663341,16826556867229731551,333340,333340,16826556867229731551
48,27,bndmq,first,4,1,10,66668,150,100000000,100002000,43334,107878125,107923584,4545.900,4333.400,1.078759675,107882670.900,1.078805133,16826556867229731551,333340,333340,16826556867229731551
48,27,hash,first,0,1,10,66668,150,100000000,100002000,27875,444862791,444895042,3225.100,2787.500,4.448538939,444866016.100,4.448571190,16826556867229731551,333340,333340,16826556867229731551
48,27,hash,first,1,1,10,66668,150,100000000,100002000,62584,444779167,444846000,6683.300,6258.400,4.447702716,444785850.300,4.447769548,16826556867229731551,333340,333340,16826556867229731551
48,27,hash,first,2,1,10,66668,150,100000000,100002000,29208,431565250,431598208,3295.800,2920.800,4.315566189,431568545.800,4.315599146,16826556867229731551,333340,333340,16826556867229731551
48,27,hash,first,3,1,10,66668,150,100000000,100002000,23500,424133708,424161250,2754.200,2350.000,4.241252255,424136462.200,4.241279796,16826556867229731551,333340,333340,16826556867229731551
48,27,hash,first,4,1,10,66668,150,100000000,100002000,23083,448767750,448795333,2758.300,2308.300,4.487587748,448770508.300,4.487615331,16826556867229731551,333340,333340,16826556867229731551
48,27,aho_corasick,first,0,1,10,66668,150,100000000,100002000,3431584,181337917,184797916,345999.900,343158.400,1.813342903,181683916.900,1.816802833,16826556867229731551,333340,333340,16826556867229731551
48,27,aho_corasick,first,1,1,10,66668,150,100000000,100002000,3554500,156388958,159964625,357566.700,355450.000,1.563858303,156746524.700,1.567433898,16826556867229731551,333340,333340,16826556867229731551
48,27,aho_corasick,first,2,1,10,66668,150,100000000,100002000,3376250,144505750,147904458,339870.800,337625.000,1.445028599,144845620.800,1.448427239,16826556867229731551,333340,333340,16826556867229731551
48,27,aho_corasick,first,3,1,10,66668,150,100000000,100002000,3376709,136344709,139743125,339841.600,337670.900,1.363419822,136684550.600,1.366818170,16826556867229731551,333340,333340,16826556867229731551
48,27,aho_corasick,first,4,1,10,66668,150,100000000,100002000,3052500,129565416,132644750,307933.400,305250.000,1.295628247,129873349.400,1.298707520,16826556867229731551,333340,333340,16826556867229731551
48,506,aho_corasick,first,0,1,1,666668,150,100000000,100000200,5659250,186796708,192511625,5714917.000,5659250.000,1.867963344,192511625.000,1.925112400,10878890858135063043,333334,333334,10878890858135063043
48,506,aho_corasick,first,1,1,1,666668,150,100000000,100000200,5462042,188171416,193645250,5473834.000,5462042.000,1.881710397,193645250.000,1.936448627,10878890858135063043,333334,333334,10878890858135063043
48,506,aho_corasick,first,2,1,1,666668,150,100000000,100000200,5255459,185374791,190642167,5267376.000,5255459.000,1.853744203,190642167.000,1.906417857,10878890858135063043,333334,333334,10878890858135063043
48,506,aho_corasick,first,3,1,1,666668,150,100000000,100000200,5166375,183494709,188673291,5178582.000,5166375.000,1.834943420,188673291.000,1.886729137,10878890858135063043,333334,333334,10878890858135063043
48,506,aho_corasick,first,4,1,1,666668,150,100000000,100000200,5136791,181497625,186647083,5149458.000,5136791.000,1.814972620,186647083.000,1.866467097,10878890858135063043,333334,333334,10878890858135063043
48,506,hash,first,0,1,1,666668,150,100000000,100000200,31625,206948958,206983959,35001.000,31625.000,2.069485441,206983959.000,2.069835450,10878890858135063043,333334,333334,10878890858135063043
48,506,hash,first,1,1,1,666668,150,100000000,100000200,22958,211644083,211672042,27959.000,22958.000,2.116436597,211672042.000,2.116716187,10878890858135063043,333334,333334,10878890858135063043
48,506,hash,first,2,1,1,666668,150,100000000,100000200,39375,218668833,218711875,43042.000,39375.000,2.186683957,218711875.000,2.187114376,10878890858135063043,333334,333334,10878890858135063043
48,506,hash,first,3,1,1,666668,150,100000000,100000200,41583,228189250,228232583,43333.000,41583.000,2.281887936,228232583.000,2.282321265,10878890858135063043,333334,333334,10878890858135063043
48,506,hash,first,4,1,1,666668,150,100000000,100000200,25167,230082625,230110708,28083.000,25167.000,2.300821648,230110708.000,2.301102478,10878890858135063043,333334,333334,10878890858135063043
48,711,hash,first,0,1,1,666668,150,100000000,100000200,52833,360382333,360442750,60417.000,52833.000,3.603816122,360442750.000,3.604420291,10878890858135063043,333334,333334,10878890858135063043
48,711,hash,first,1,1,1,666668,150,100000000,100000200,53084,357428209,357485500,57291.000,53084.000,3.574274941,357485500.000,3.574847850,10878890858135063043,333334,333334,10878890858135063043
48,711,hash,first,2,1,1,666668,150,100000000,100000200,63292,338921875,338989125,67250.000,63292.000,3.389211972,338989125.000,3.389884470,10878890858135063043,333334,333334,10878890858135063043
48,711,hash,first,3,1,1,666668,150,100000000,100000200,51334,343458125,343513584,55459.000,51334.000,3.434574381,343513584.000,3.435128970,10878890858135063043,333334,333334,10878890858135063043
48,711,hash,first,4,1,1,666668,150,100000000,100000200,36084,327854625,327901834,47209.000,36084.000,3.278539693,327901834.000,3.279011782,10878890858135063043,333334,333334,10878890858135063043
48,711,aho_corasick,first,0,1,1,666668,150,100000000,100000200,8797250,230442417,239309833,8867416.000,8797250.000,2.304419561,239309833.000,2.393093544,10878890858135063043,333334,333334,10878890858135063043
48,711,aho_corasick,first,1,1,1,666668,150,100000000,100000200,8536625,234893917,243519583,8625666.000,8536625.000,2.348934472,243519583.000,2.435190960,10878890858135063043,333334,333334,10878890858135063043
48,711,aho_corasick,first,2,1,1,666668,150,100000000,100000200,8561583,225618875,234232083,8613208.000,8561583.000,2.256184238,234232083.000,2.342316145,10878890858135063043,333334,333334,10878890858135063043
48,711,aho_corasick,first,3,1,1,666668,150,100000000,100000200,8551583,222485792,231105834,8620042.000,8551583.000,2.224853470,231105834.000,2.311053718,10878890858135063043,333334,333334,10878890858135063043
48,711,aho_corasick,first,4,1,1,666668,150,100000000,100000200,8537834,244417334,253022959,8605625.000,8537834.000,2.444168452,253022959.000,2.530224530,10878890858135063043,333334,333334,10878890858135063043
5,1,bndmq,first,0,1,64,10418,150,100000000,100012800,38500,46374916,46415542,634.781,601.562,0.463689808,46375550.781,0.463696155,8008678151472754877,377974,377974,8008678151472754877
5,1,bndmq,first,1,1,64,10418,150,100000000,100012800,13500,44505750,44523875,283.203,210.938,0.445000540,44506033.203,0.445003372,8008678151472754877,377974,377974,8008678151472754877
5,1,bndmq,first,2,1,64,10418,150,100000000,100012800,24542,44254791,44281042,410.172,383.469,0.442491271,44255201.172,0.442495372,8008678151472754877,377974,377974,8008678151472754877
5,1,bndmq,first,3,1,64,10418,150,100000000,100012800,24541,43798709,43824750,406.891,383.453,0.437931035,43799115.891,0.437935103,8008678151472754877,377974,377974,8008678151472754877
5,1,bndmq,first,4,1,64,10418,150,100000000,100012800,12417,43881584,43895750,221.344,194.016,0.438759679,43881805.344,0.438761892,8008678151472754877,377974,377974,8008678151472754877
5,1,hash,first,0,1,64,10418,150,100000000,100012800,33875,134111416,134153791,662.109,529.297,1.340942519,134112078.109,1.340949140,8008678151472754877,377974,377974,8008678151472754877
5,1,hash,first,1,1,64,10418,150,100000000,100012800,21750,128977459,129008791,489.562,339.844,1.289609520,128977948.562,1.289614415,8008678151472754877,377974,377974,8008678151472754877
5,1,hash,first,2,1,64,10418,150,100000000,100012800,12125,128910583,128933000,350.266,189.453,1.288940846,128910933.266,1.288944348,8008678151472754877,377974,377974,8008678151472754877
5,1,hash,first,3,1,64,10418,150,100000000,100012800,7000,129106833,129124375,274.094,109.375,1.290903094,129107107.094,1.290905835,8008678151472754877,377974,377974,8008678151472754877
5,1,hash,first,4,1,64,10418,150,100000000,100012800,36042,130049000,130096042,735.031,563.156,1.300323559,130049735.031,1.300330908,8008678151472754877,377974,377974,8008678151472754877
5,1,aho_corasick,first,0,1,64,10418,150,100000000,100012800,582084,41118375,41723166,9449.859,9095.062,0.411131125,41127824.859,0.411225612,8008678151472754877,377974,377974,8008678151472754877
5,1,aho_corasick,first,1,1,64,10418,150,100000000,100012800,516750,41537625,42083791,8533.844,8074.219,0.415323089,41546158.844,0.415408416,8008678151472754877,377974,377974,8008678151472754877
5,1,aho_corasick,first,2,1,64,10418,150,100000000,100012800,567792,40949125,41544209,9298.188,8871.750,0.409438842,40958423.188,0.409531812,8008678151472754877,377974,377974,8008678151472754877
5,1,aho_corasick,first,3,1,64,10418,150,100000000,100012800,504417,39487167,40013833,8229.156,7881.516,0.394821133,39495396.156,0.394903414,8008678151472754877,377974,377974,8008678151472754877
5,1,aho_corasick,first,4,1,64,10418,150,100000000,100012800,511750,39604875,40138500,8337.891,7996.094,0.395998062,39613212.891,0.396081430,8008678151472754877,377974,377974,8008678151472754877
5,128,bndmq,first,0,1,2,333334,150,100000000,100000200,303250,367688667,367995208,153270.500,151625.000,3.676879316,367841937.500,3.678412018,9494516320557277198,666668,666668,9494516320557277198
5,128,bndmq,first,1,1,2,333334,150,100000000,100000200,56917,362529791,362589291,29750.000,28458.500,3.625290659,362559541.000,3.625588159,9494516320557277198,666668,666668,9494516320557277198
5,128,bndmq,first,2,1,2,333334,150,100000000,100000200,28084,364847875,364878458,15291.500,14042.000,3.648471453,364863166.500,3.648624368,9494516320557277198,666668,666668,9494516320557277198
5,128,bndmq,first,3,1,2,333334,150,100000000,100000200,56667,362007000,362067250,30125.000,28333.500,3.620062760,362037125.000,3.620364009,9494516320557277198,666668,666668,9494516320557277198
5,128,bndmq,first,4,1,2,333334,150,100000000,100000200,31917,361496875,361531417,17271.000,15958.500,3.614961520,361514146.000,3.615134230,9494516320557277198,666668,666668,9494516320557277198
5,128,hash,first,0,1,2,333334,150,100000000,100000200,13250,37465625,37480833,7604.000,6625.000,0.374655501,37473229.000,0.374731541,9494516320557277198,666668,666668,9494516320557277198
5,128,hash,first,1,1,2,333334,150,100000000,100000200,2709,36115208,36119291,2041.500,1354.500,0.361151358,36117249.500,0.361171773,9494516320557277198,666668,666668,9494516320557277198
5,128,hash,first,2,1,2,333334,150,100000000,100000200,8916,36398250,36408500,5125.000,4458.000,0.363981772,36403375.000,0.364033022,9494516320557277198,666668,666668,9494516320557277198
5,128,hash,first,3,1,2,333334,150,100000000,100000200,3583,36363917,36370750,3416.500,1791.500,0.363638443,36367333.500,0.363672608,9494516320557277198,666668,666668,9494516320557277198
5,128,hash,first,4,1,2,333334,150,100000000,100000200,5375,37438750,37446708,3979.000,2687.500,0.374386751,37442729.000,0.374426541,9494516320557277198,666668,666668,9494516320557277198
5,128,aho_corasick,first,0,1,2,333334,150,100000000,100000200,228125,26378833,26617750,119458.500,114062.500,0.263787802,26498291.500,0.264982385,9494516320557277198,666668,666668,9494516320557277198
5,128,aho_corasick,first,1,1,2,333334,150,100000000,100000200,233250,25652416,25900833,124208.500,116625.000,0.256523647,25776624.500,0.257765729,9494516320557277198,666668,666668,9494516320557277198
5,128,aho_corasick,first,2,1,2,333334,150,100000000,100000200,201250,26292625,26519667,113521.000,100625.000,0.262925724,26406146.000,0.264060932,9494516320557277198,666668,666668,9494516320557277198
5,128,aho_corasick,first,3,1,2,333334,150,100000000,100000200,203875,51718709,51931125,106208.000,101937.500,0.517186056,51824917.000,0.518248134,9494516320557277198,666668,666668,9494516320557277198
5,128,aho_corasick,first,4,1,2,333334,150,100000000,100000200,217917,25201500,25426959,112729.500,108958.500,0.252014496,25314229.500,0.253141789,9494516320557277198,666668,666668,9494516320557277198
5,256,bndmq,first,0,1,1,666668,150,100000000,100000200,55625,364453084,364510625,57541.000,55625.000,3.644523551,364510625.000,3.645098960,5016691434576999751,666668,666668,5016691434576999751
5,256,bndmq,first,1,1,1,666668,150,100000000,100000200,52542,360886416,360939042,52626.000,52542.000,3.608856942,360939042.000,3.609383201,5016691434576999751,666668,666668,5016691434576999751
5,256,bndmq,first,2,1,1,666668,150,100000000,100000200,24792,360402291,360428958,26667.000,24792.000,3.604015702,360428958.000,3.604282371,5016691434576999751,666668,666668,5016691434576999751
5,256,bndmq,first,3,1,1,666668,150,100000000,100000200,59375,359997958,360059542,61584.000,59375.000,3.599972380,360059542.000,3.600588219,5016691434576999751,666668,666668,5016691434576999751
5,256,bndmq,first,4,1,1,666668,150,100000000,100000200,25917,363406917,363434833,27916.000,25917.000,3.634061902,363434833.000,3.634341061,5016691434576999751,666668,666668,5016691434576999751
5,256,aho_corasick,first,0,1,1,666668,150,100000000,100000200,225875,23002166,23239041,236875.000,225875.000,0.230021200,23239041.000,0.232389945,5016691434576999751,666668,666668,5016691434576999751
5,256,aho_corasick,first,1,1,1,666668,150,100000000,100000200,170375,23477209,23676625,199416.000,170375.000,0.234771620,23676625.000,0.236765776,5016691434576999751,666668,666668,5016691434576999751
5,256,aho_corasick,first,2,1,1,666668,150,100000000,100000200,201334,22375208,22586959,211751.000,201334.000,0.223751632,22586959.000,0.225869138,5016691434576999751,666668,666668,5016691434576999751
5,256,aho_corasick,first,3,1,1,666668,150,100000000,100000200,171416,22171667,22359708,188041.000,171416.000,0.221716227,22359708.000,0.223596633,5016691434576999751,666668,666668,5016691434576999751
5,256,aho_corasick,first,4,1,1,666668,150,100000000,100000200,192958,22170625,22369209,198584.000,192958.000,0.221705807,22369209.000,0.223691643,5016691434576999751,666668,666668,5016691434576999751
5,256,hash,first,0,1,1,666668,150,100000000,100000200,7542,33264083,33274959,10876.000,7542.000,0.332640165,33274959.000,0.332748925,5016691434576999751,666668,666668,5016691434576999751
5,256,hash,first,1,1,1,666668,150,100000000,100000200,3209,33485292,33491167,5875.000,3209.000,0.334852250,33491167.000,0.334911000,5016691434576999751,666668,666668,5016691434576999751
5,256,hash,first,2,1,1,666668,150,100000000,100000200,2500,31064500,31069458,4958.000,2500.000,0.310644379,31069458.000,0.310693959,5016691434576999751,666668,666668,5016691434576999751
5,256,hash,first,3,1,1,666668,150,100000000,100000200,7500,31034625,31044250,9625.000,7500.000,0.310345629,31044250.000,0.310441879,5016691434576999751,666668,666668,5016691434576999751
5,256,hash,first,4,1,1,666668,150,100000000,100000200,2292,30916125,30920625,4500.000,2292.000,0.309160632,30920625.000,0.309205632,5016691434576999751,666668,666668,5016691434576999751
52,32,aho_corasick,first,0,1,8,83334,150,100000000,100000800,4272250,186888000,191190917,537864.625,534031.250,1.868865049,187425864.625,1.874243652,14545882975625201301,333336,333336,14545882975625201301
52,32,aho_corasick,first,1,1,8,83334,150,100000000,100000800,4083583,174811791,178915458,512958.375,510447.875,1.748103925,175324749.375,1.753233468,14545882975625201301,333336,333336,14545882975625201301
52,32,aho_corasick,first,2,1,8,83334,150,100000000,100000800,3745584,175613000,179374625,470203.125,468198.000,1.756115951,176083203.125,1.760817945,14545882975625201301,333336,333336,14545882975625201301
52,32,aho_corasick,first,3,1,8,83334,150,100000000,100000800,3735542,154481250,158236375,469390.625,466942.750,1.544800142,154950640.625,1.549494010,14545882975625201301,333336,333336,14545882975625201301
52,32,aho_corasick,first,4,1,8,83334,150,100000000,100000800,3437083,149498125,152950583,431557.250,429635.375,1.494969290,149929682.250,1.499284828,14545882975625201301,333336,333336,14545882975625201301
52,32,hash,first,0,1,8,83334,150,100000000,100000800,43666,208587833,208635291,5932.250,5458.250,2.085861643,208593765.250,2.085920965,14545882975625201301,333336,333336,14545882975625201301
52,32,hash,first,1,1,8,83334,150,100000000,100000800,34208,191744750,191782792,4755.250,4276.000,1.917432161,191749505.250,1.917479713,14545882975625201301,333336,333336,14545882975625201301
52,32,hash,first,2,1,8,83334,150,100000000,100000800,26542,191608875,191638917,3755.250,3317.750,1.916073421,191612630.250,1.916110974,14545882975625201301,333336,333336,14545882975625201301
52,32,hash,first,3,1,8,83334,150,100000000,100000800,35708,191764208,191803500,4911.500,4463.500,1.917626739,191769119.500,1.917675854,14545882975625201301,333336,333336,14545882975625201301
52,32,hash,first,4,1,8,83334,150,100000000,100000800,20125,185305125,185328416,2911.375,2515.625,1.853036426,185308036.375,1.853065539,14545882975625201301,333336,333336,14545882975625201301
52,32,bndmq,first,0,1,8,83334,150,100000000,100000800,104042,130090208,130196958,13343.750,13005.250,1.300891673,130103551.750,1.301025109,14545882975625201301,333336,333336,14545882975625201301
52,32,bndmq,first,1,1,8,83334,150,100000000,100000800,84875,128215500,128301791,10786.375,10609.375,1.282144743,128226286.375,1.282252606,14545882975625201301,333336,333336,14545882975625201301
52,32,bndmq,first,2,1,8,83334,150,100000000,100000800,49375,128572208,128625083,6609.375,6171.875,1.285711794,128578817.375,1.285777888,14545882975625201301,333336,333336,14545882975625201301
52,32,bndmq,first,3,1,8,83334,150,100000000,100000800,87875,133632375,133722750,11296.875,10984.375,1.336313059,133643671.875,1.336426027,14545882975625201301,333336,333336,14545882975625201301
52,32,bndmq,first,4,1,8,83334,150,100000000,100000800,60416,134352458,134415292,7854.250,7552.000,1.343513832,134360312.250,1.343592374,14545882975625201301,333336,333336,14545882975625201301
56,256,hash,first,0,1,1,666668,150,100000000,100000200,32750,335804542,335843500,38958.000,32750.000,3.358038704,335843500.000,3.358428283,10878890858135063043,333334,333334,10878890858135063043
56,256,hash,first,1,1,1,666668,150,100000000,100000200,27708,326146667,326180334,33667.000,27708.000,3.261460147,326180334.000,3.261796816,10878890858135063043,333334,333334,10878890858135063043
56,256,hash,first,2,1,1,666668,150,100000000,100000200,67917,295094917,295165167,70250.000,67917.000,2.950943268,295165167.000,2.951645767,10878890858135063043,333334,333334,10878890858135063043
56,256,hash,first,3,1,1,666668,150,100000000,100000200,22125,292630708,292660167,29459.000,22125.000,2.926301227,292660167.000,2.926595817,10878890858135063043,333334,333334,10878890858135063043
56,256,hash,first,4,1,1,666668,150,100000000,100000200,22000,326530167,326559125,28958.000,22000.000,3.265295139,326559125.000,3.265584719,10878890858135063043,333334,333334,10878890858135063043
56,256,bndmq,first,0,1,1,666668,150,100000000,100000200,110500,939903833,940019208,115375.000,110500.000,9.399019532,940019208.000,9.400173280,10878890858135063043,333334,333334,10878890858135063043
56,256,bndmq,first,1,1,1,666668,150,100000000,100000200,113083,947496250,947612000,115750.000,113083.000,9.474943550,947612000.000,9.476101048,10878890858135063043,333334,333334,10878890858135063043
56,256,bndmq,first,2,1,1,666668,150,100000000,100000200,106833,952666958,952776083,109125.000,106833.000,9.526650527,952776083.000,9.527741775,10878890858135063043,333334,333334,10878890858135063043
56,256,bndmq,first,3,1,1,666668,150,100000000,100000200,95666,807807542,807907333,99791.000,95666.000,8.078059264,807907333.000,8.079057172,10878890858135063043,333334,333334,10878890858135063043
56,256,bndmq,first,4,1,1,666668,150,100000000,100000200,51916,708738917,708791958,53041.000,51916.000,7.087374995,708791958.000,7.087905404,10878890858135063043,333334,333334,10878890858135063043
56,256,aho_corasick,first,0,1,1,666668,150,100000000,100000200,3636167,195758584,199421584,3663000.000,3636167.000,1.957581925,199421584.000,1.994211852,10878890858135063043,333334,333334,10878890858135063043
56,256,aho_corasick,first,1,1,1,666668,150,100000000,100000200,3516042,185123875,188661834,3537959.000,3516042.000,1.851235048,188661834.000,1.886614567,10878890858135063043,333334,333334,10878890858135063043
56,256,aho_corasick,first,2,1,1,666668,150,100000000,100000200,3322208,176586042,179941542,3355500.000,3322208.000,1.765856888,179941542.000,1.799411821,10878890858135063043,333334,333334,10878890858135063043
56,256,aho_corasick,first,3,1,1,666668,150,100000000,100000200,3143709,181974542,185134750,3160208.000,3143709.000,1.819741781,185134750.000,1.851343797,10878890858135063043,333334,333334,10878890858135063043
56,256,aho_corasick,first,4,1,1,666668,150,100000000,100000200,3147209,175172500,178333875,3161375.000,3147209.000,1.751721497,178333875.000,1.783335183,10878890858135063043,333334,333334,10878890858135063043
56,32,bndmq,first,0,1,8,83334,150,100000000,100000800,91541,99960250,100057250,12125.000,11442.625,0.999594503,99972375.000,0.999715752,14545882975625201301,333336,333336,14545882975625201301
56,32,bndmq,first,1,1,8,83334,150,100000000,100000800,73166,98893625,98971583,9744.750,9145.750,0.988928339,98903369.750,0.989025785,14545882975625201301,333336,333336,14545882975625201301
56,32,bndmq,first,2,1,8,83334,150,100000000,100000800,72250,100565250,100638917,9208.375,9031.250,1.005644455,100574458.375,1.005736538,14545882975625201301,333336,333336,14545882975625201301
56,32,bndmq,first,3,1,8,83334,150,100000000,100000800,45125,100591791,100638125,5791.750,5640.625,1.005909863,100597582.750,1.005967780,14545882975625201301,333336,333336,14545882975625201301
56,32,bndmq,first,4,1,8,83334,150,100000000,100000800,54041,104267541,104322833,6911.500,6755.125,1.042667069,104274452.500,1.042736183,14545882975625201301,333336,333336,14545882975625201301
56,32,hash,first,0,1,8,83334,150,100000000,100000800,45083,196336083,196384958,6109.375,5635.375,1.963345123,196342192.375,1.963406217,14545882975625201301,333336,333336,14545882975625201301
56,32,hash,first,1,1,8,83334,150,100000000,100000800,30625,212074667,212109625,4369.750,3828.125,2.120729704,212079036.750,2.120773401,14545882975625201301,333336,333336,14545882975625201301
56,32,hash,first,2,1,8,83334,150,100000000,100000800,39292,252184542,252229958,5677.000,4911.500,2.521825245,252190219.000,2.521882015,14545882975625201301,333336,333336,14545882975625201301
56,32,hash,first,3,1,8,83334,150,100000000,100000800,88542,277623333,277717375,11755.250,11067.750,2.776211120,277635088.250,2.776328672,14545882975625201301,333336,333336,14545882975625201301
56,32,hash,first,4,1,8,83334,150,100000000,100000800,52209,275244667,275302083,7177.000,6526.125,2.752424651,275251844.000,2.752496420,14545882975625201301,333336,333336,14545882975625201301
56,32,aho_corasick,first,0,1,8,83334,150,100000000,100000800,4904250,211992709,216934833,617765.500,613031.250,2.119910131,212610474.500,2.126087736,14545882975625201301,333336,333336,14545882975625201301
56,32,aho_corasick,first,1,1,8,83334,150,100000000,100000800,4826542,207733584,212581334,605968.750,603317.750,2.077319221,208339552.750,2.083378860,14545882975625201301,333336,333336,14545882975625201301
56,32,aho_corasick,first,2,1,8,83334,150,100000000,100000800,4839083,225986375,230843958,607197.875,604885.375,2.259845671,226593572.875,2.265917601,14545882975625201301,333336,333336,14545882975625201301
56,32,aho_corasick,first,3,1,8,83334,150,100000000,100000800,5513833,259315917,264851042,691890.625,689229.125,2.593138425,260007807.625,2.600057276,14545882975625201301,333336,333336,14545882975625201301
56,32,aho_corasick,first,4,1,8,83334,150,100000000,100000800,5328458,225754083,231103167,668635.500,666057.250,2.257522770,226422718.500,2.264209071,14545882975625201301,333336,333336,14545882975625201301
56,91,aho_corasick,first,0,1,3,222224,150,100000000,100000800,3413750,152238708,155671250,1144180.667,1137916.667,1.522374901,153382888.667,1.533816616,1351695965908473709,333336,333336,1351695965908473709
56,91,aho_corasick,first,1,1,3,222224,150,100000000,100000800,3379417,147723875,151116750,1130958.333,1126472.333,1.477226932,148854833.333,1.488536425,1351695965908473709,333336,333336,1351695965908473709
56,91,aho_corasick,first,2,1,3,222224,150,100000000,100000800,3364209,147021667,150398417,1125583.333,1121403.000,1.470204908,148147250.333,1.481460652,1351695965908473709,333336,333336,1351695965908473709
56,91,aho_corasick,first,3,1,3,222224,150,100000000,100000800,3269584,148537667,151819542,1093958.333,1089861.333,1.485364787,149631625.333,1.496304283,1351695965908473709,333336,333336,1351695965908473709
56,91,aho_corasick,first,4,1,3,222224,150,100000000,100000800,3281417,145914500,149209084,1098194.667,1093805.667,1.459133327,147012694.667,1.470115186,1351695965908473709,333336,333336,1351695965908473709
56,91,hash,first,0,1,3,222224,150,100000000,100000800,23875,283722250,283748208,8652.667,7958.333,2.837199802,283730902.667,2.837286328,1351695965908473709,333336,333336,1351695965908473709
56,91,hash,first,1,1,3,222224,150,100000000,100000800,24958,273643584,273671792,9402.667,8319.333,2.736413949,273652986.667,2.736507975,1351695965908473709,333336,333336,1351695965908473709
56,91,hash,first,2,1,3,222224,150,100000000,100000800,29584,286256209,286289625,11138.667,9861.333,2.862539190,286267347.667,2.862650575,1351695965908473709,333336,333336,1351695965908473709
56,91,hash,first,3,1,3,222224,150,100000000,100000800,32250,338749292,338789334,13347.333,10750.000,3.387465820,338762639.333,3.387599293,1351695965908473709,333336,333336,1351695965908473709
56,91,hash,first,4,1,3,222224,150,100000000,100000800,35834,355225375,355263584,12736.333,11944.667,3.552225332,355238111.333,3.552352695,1351695965908473709,333336,333336,1351695965908473709
56,91,bndmq,first,0,1,3,222224,150,100000000,100000800,78500,264878417,264959750,27111.000,26166.667,2.648762980,264905528.000,2.649034088,1351695965908473709,333336,333336,1351695965908473709
56,91,bndmq,first,1,1,3,222224,150,100000000,100000800,92584,261735792,261830625,31611.000,30861.333,2.617336981,261767403.000,2.617653089,1351695965908473709,333336,333336,1351695965908473709
56,91,bndmq,first,2,1,3,222224,150,100000000,100000800,58875,270977917,271039417,20500.000,19625.000,2.709757492,270998417.000,2.709962490,1351695965908473709,333336,333336,1351695965908473709
56,91,bndmq,first,3,1,3,222224,150,100000000,100000800,52250,257329333,257382625,17764.000,17416.667,2.573272744,257347097.000,2.573450382,1351695965908473709,333336,333336,1351695965908473709
56,91,bndmq,first,4,1,3,222224,150,100000000,100000800,54417,246512000,246569209,19069.667,18139.000,2.465100279,246531069.667,2.465290974,1351695965908473709,333336,333336,1351695965908473709
6,3,bndmq,first,0,1,64,10418,150,100000000,100012800,62500,108613250,108678833,1024.734,976.562,1.085993493,108614274.734,1.086003739,14948987225644089467,366914,366914,14948987225644089467
6,3,bndmq,first,1,1,64,10418,150,100000000,100012800,56291,107340959,107400208,925.766,879.547,1.073272211,107341884.766,1.073281468,14948987225644089467,366914,366914,14948987225644089467
6,3,bndmq,first,2,1,64,10418,150,100000000,100012800,48500,107538708,107589667,796.234,757.812,1.075249448,107539504.234,1.075257409,14948987225644089467,366914,366914,14948987225644089467
6,3,bndmq,first,3,1,64,10418,150,100000000,100012800,35292,107212000,107248958,577.469,551.438,1.071982786,107212577.469,1.071988560,14948987225644089467,366914,366914,14948987225644089467
6,3,bndmq,first,4,1,64,10418,150,100000000,100012800,30875,107337042,107372125,548.172,482.422,1.073233046,107337590.172,1.073238527,14948987225644089467,366914,366914,14948987225644089467
6,3,aho_corasick,first,0,1,64,10418,150,100000000,100012800,772667,209875625,210684042,12631.516,12072.922,2.098487644,209888256.516,2.098613943,14948987225644089467,366914,366914,14948987225644089467
6,3,aho_corasick,first,1,1,64,10418,150,100000000,100012800,704084,208047833,208779042,11425.141,11001.312,2.080212063,208059258.141,2.080326300,14948987225644089467,366914,366914,14948987225644089467
6,3,aho_corasick,first,2,1,64,10418,150,100000000,100012800,726541,211005917,211776583,12041.656,11352.203,2.109789117,211017958.656,2.109909518,14948987225644089467,366914,366914,14948987225644089467
6,3,aho_corasick,first,3,1,64,10418,150,100000000,100012800,708833,208014417,208748125,11464.188,11075.516,2.079877946,208025881.188,2.079992573,14948987225644089467,366914,366914,14948987225644089467
6,3,aho_corasick,first,4,1,64,10418,150,100000000,100012800,734125,207883250,208651875,12009.766,11470.703,2.078566443,207895259.766,2.078686526,14948987225644089467,366914,366914,14948987225644089467
6,3,hash,first,0,1,64,10418,150,100000000,100012800,42334,146713125,146767042,842.453,661.469,1.466943481,146713967.453,1.466951905,14948987225644089467,366914,366914,14948987225644089467
6,3,hash,first,1,1,64,10418,150,100000000,100012800,21875,148570583,148608875,598.312,341.797,1.485515684,148571181.312,1.485521666,14948987225644089467,366914,366914,14948987225644089467
6,3,hash,first,2,1,64,10418,150,100000000,100012800,52125,147508333,147573667,1020.844,814.453,1.474894543,147509353.844,1.474904751,14948987225644089467,366914,366914,14948987225644089467
6,3,hash,first,3,1,64,10418,150,100000000,100012800,17167,146149750,146175250,398.438,268.234,1.461310452,146150148.438,1.461314436,14948987225644089467,366914,366914,14948987225644089467
6,3,hash,first,4,1,64,10418,150,100000000,100012800,18167,145608375,145632583,378.250,283.859,1.455897395,145608753.250,1.455901177,14948987225644089467,366914,366914,14948987225644089467
60,256,aho_corasick,first,0,1,1,666668,150,100000000,100000200,3673083,185300167,189004167,3704000.000,3673083.000,1.852997964,189004167.000,1.890037890,10878890858135063043,333334,333334,10878890858135063043
60,256,aho_corasick,first,1,1,1,666668,150,100000000,100000200,3506416,178215125,181739000,3523875.000,3506416.000,1.782147686,181739000.000,1.817386365,10878890858135063043,333334,333334,10878890858135063043
60,256,aho_corasick,first,2,1,1,666668,150,100000000,100000200,3547250,177918208,181482500,3564292.000,3547250.000,1.779178522,181482500.000,1.814821370,10878890858135063043,333334,333334,10878890858135063043
60,256,aho_corasick,first,3,1,1,666668,150,100000000,100000200,3464459,174096917,177579917,3483000.000,3464459.000,1.740965688,177579917.000,1.775795618,10878890858135063043,333334,333334,10878890858135063043
60,256,aho_corasick,first,4,1,1,666668,150,100000000,100000200,3367583,163815041,167197166,3382125.000,3367583.000,1.638147134,167197166.000,1.671968316,10878890858135063043,333334,333334,10878890858135063043
60,256,hash,first,0,1,1,666668,150,100000000,100000200,20042,169526292,169549000,22708.000,20042.000,1.695259529,169549000.000,1.695486609,10878890858135063043,333334,333334,10878890858135063043
60,256,hash,first,1,1,1,666668,150,100000000,100000200,17250,171881709,171901292,19583.000,17250.000,1.718813652,171901292.000,1.719009482,10878890858135063043,333334,333334,10878890858135063043
60,256,hash,first,2,1,1,666668,150,100000000,100000200,29667,166776833,166807625,30792.000,29667.000,1.667764994,166807625.000,1.668072914,10878890858135063043,333334,333334,10878890858135063043
60,256,hash,first,3,1,1,666668,150,100000000,100000200,15375,166716667,166734000,17333.000,15375.000,1.667163336,166734000.000,1.667336665,10878890858135063043,333334,333334,10878890858135063043
60,256,hash,first,4,1,1,666668,150,100000000,100000200,14875,169642084,169659250,17166.000,14875.000,1.696417447,169659250.000,1.696589107,10878890858135063043,333334,333334,10878890858135063043
60,256,bndmq,first,0,1,1,666668,150,100000000,100000200,79750,628477750,628561458,83708.000,79750.000,6.284764930,628561458.000,6.285602009,10878890858135063043,333334,333334,10878890858135063043
60,256,bndmq,first,1,1,1,666668,150,100000000,100000200,75750,633508000,633585459,77459.000,75750.000,6.335067330,633585459.000,6.335841918,10878890858135063043,333334,333334,10878890858135063043
60,256,bndmq,first,2,1,1,666668,150,100000000,100000200,50083,683551333,683610958,59625.000,50083.000,6.835499659,683610958.000,6.836095908,10878890858135063043,333334,333334,10878890858135063043
60,256,bndmq,first,3,1,1,666668,150,100000000,100000200,58167,843185959,843252417,66458.000,58167.000,8.431842726,843252417.000,8.432507305,10878890858135063043,333334,333334,10878890858135063043
60,256,bndmq,first,4,1,1,666668,150,100000000,100000200,54709,822027041,822083667,56626.000,54709.000,8.220253969,822083667.000,8.220820228,10878890858135063043,333334,333334,10878890858135063043
64,181,hash,first,0,1,2,333334,150,100000000,100000200,40084,472092459,472136500,22020.500,20042.000,4.720915148,472114479.500,4.721135353,17355991267112343030,333334,333334,17355991267112343030
64,181,hash,first,1,1,2,333334,150,100000000,100000200,59292,516443084,516510584,33750.000,29646.000,5.164420511,516476834.000,5.164758010,17355991267112343030,333334,333334,17355991267112343030
64,181,hash,first,2,1,2,333334,150,100000000,100000200,91584,455445625,455540792,47583.500,45792.000,4.554447141,455493208.500,4.554922975,17355991267112343030,333334,333334,17355991267112343030
64,181,hash,first,3,1,2,333334,150,100000000,100000200,47750,437651417,437704958,26770.500,23875.000,4.376505417,437678187.500,4.376773121,17355991267112343030,333334,333334,17355991267112343030
64,181,hash,first,4,1,2,333334,150,100000000,100000200,62917,382139875,382207375,33750.000,31458.500,3.821391107,382173625.000,3.821728607,17355991267112343030,333334,333334,17355991267112343030
64,181,bndmq,first,0,1,2,333334,150,100000000,100000200,114083,550025917,550145542,59812.500,57041.500,5.500248170,550085729.500,5.500846293,17355991267112343030,333334,333334,17355991267112343030
64,181,bndmq,first,1,1,2,333334,150,100000000,100000200,135542,536919500,537070250,75375.000,67771.000,5.369184262,536994875.000,5.369938010,17355991267112343030,333334,333334,17355991267112343030
64,181,bndmq,first,2,1,2,333334,150,100000000,100000200,126417,534744125,534872167,64021.000,63208.500,5.347430555,534808146.000,5.348070764,17355991267112343030,333334,333334,17355991267112343030
64,181,bndmq,first,3,1,2,333334,150,100000000,100000200,89083,492598542,492689292,45375.000,44541.500,4.925975568,492643917.000,4.926429317,17355991267112343030,333334,333334,17355991267112343030
64,181,bndmq,first,4,1,2,333334,150,100000000,100000200,72584,497013041,497088416,37687.500,36292.000,4.970120470,497050728.500,4.970497344,17355991267112343030,333334,333334,17355991267112343030
64,181,aho_corasick,first,0,1,2,333334,150,100000000,100000200,6345042,209131959,215535084,3201562.500,3172521.000,2.091315407,212333521.500,2.123330968,17355991267112343030,333334,333334,17355991267112343030
64,181,aho_corasick,first,1,1,2,333334,150,100000000,100000200,6440792,230821666,237329167,3253750.500,3220396.000,2.308212044,234075416.500,2.340749484,17355991267112343030,333334,333334,17355991267112343030
64,181,aho_corasick,first,2,1,2,333334,150,100000000,100000200,7155917,230601625,237842834,3620604.500,3577958.500,2.306011638,234222229.500,2.342217611,17355991267112343030,333334,333334,17355991267112343030
64,181,aho_corasick,first,3,1,2,333334,150,100000000,100000200,7158125,237930750,245152041,3610645.500,3579062.500,2.379302741,241541395.500,2.415409124,17355991267112343030,333334,333334,17355991267112343030
64,181,aho_corasick,first,4,1,2,333334,150,100000000,100000200,7908625,257497417,265462875,3982729.000,3954312.500,2.574969020,261480146.000,2.614796230,17355991267112343030,333334,333334,17355991267112343030
64,215,hash,first,0,1,2,333334,150,100000000,100000200,29084,474692542,474725125,16291.500,14542.000,4.746915926,474708833.500,4.747078841,17355991267112343030,333334,333334,17355991267112343030
64,215,hash,first,1,1,2,333334,150,100000000,100000200,29541,477546041,477578208,16083.500,14770.500,4.775450859,477562124.500,4.775611694,17355991267112343030,333334,333334,17355991267112343030
64,215,hash,first,2,1,2,333334,150,100000000,100000200,30625,530209875,530243541,16833.000,15312.500,5.302088146,530226708.000,5.302256475,17355991267112343030,333334,333334,17355991267112343030
64,215,hash,first,3,1,2,333334,150,100000000,100000200,57042,608780708,608839917,29604.500,28521.000,6.087794904,608810312.500,6.088090949,17355991267112343030,333334,333334,17355991267112343030
64,215,hash,first,4,1,2,333334,150,100000000,100000200,45375,542898750,542947209,24229.500,22687.500,5.428976642,542922979.500,5.429218937,17355991267112343030,333334,333334,17355991267112343030
64,215,bndmq,first,0,1,2,333334,150,100000000,100000200,129750,549936500,550068458,65979.000,64875.000,5.499354001,550002479.000,5.500013790,17355991267112343030,333334,333334,17355991267112343030
64,215,bndmq,first,1,1,2,333334,150,100000000,100000200,141625,578151459,578295250,71895.500,70812.500,5.781503027,578223354.500,5.782221981,17355991267112343030,333334,333334,17355991267112343030
64,215,bndmq,first,2,1,2,333334,150,100000000,100000200,87708,561960792,562053750,46479.000,43854.000,5.619596681,562007271.000,5.620061470,17355991267112343030,333334,333334,17355991267112343030
64,215,bndmq,first,3,1,2,333334,150,100000000,100000200,85917,534705209,534793167,43979.000,42958.500,5.347041396,534749188.000,5.347481185,17355991267112343030,333334,333334,17355991267112343030
64,215,bndmq,first,4,1,2,333334,150,100000000,100000200,119875,519419667,519540083,60208.000,59937.500,5.194186282,519479875.000,5.194788360,17355991267112343030,333334,333334,17355991267112343030
64,215,aho_corasick,first,0,1,2,333334,150,100000000,100000200,6241084,176313875,182607166,3146645.500,3120542.000,1.763135224,179460520.500,1.794601616,17355991267112343030,333334,333334,17355991267112343030
64,215,aho_corasick,first,1,1,2,333334,150,100000000,100000200,6024459,166470875,172550666,3039895.500,3012229.500,1.664705421,169510770.500,1.695104315,17355991267112343030,333334,333334,17355991267112343030
64,215,aho_corasick,first,2,1,2,333334,150,100000000,100000200,5854084,161777291,167683792,2953250.500,2927042.000,1.617769674,164730541.500,1.647302120,17355991267112343030,333334,333334,17355991267112343030
64,215,aho_corasick,first,3,1,2,333334,150,100000000,100000200,5874250,158434334,164361541,2963603.500,2937125.000,1.584340171,161397937.500,1.613976147,17355991267112343030,333334,333334,17355991267112343030
64,215,aho_corasick,first,4,1,2,333334,150,100000000,100000200,5652375,156038792,161730458,2845833.000,2826187.500,1.560384799,158884625.000,1.588843072,17355991267112343030,333334,333334,17355991267112343030
64,45,bndmq,first,0,1,6,111112,150,100000000,100000800,89833,146916667,147011167,15750.000,14972.167,1.469154917,146932417.000,1.469312416,7578595983660385048,333336,333336,7578595983660385048
64,45,bndmq,first,1,1,6,111112,150,100000000,100000800,55875,148468458,148527875,9902.833,9312.500,1.484672703,148478360.833,1.484771730,7578595983660385048,333336,333336,7578595983660385048
64,45,bndmq,first,2,1,6,111112,150,100000000,100000800,97667,163246542,163347041,16749.833,16277.833,1.632452360,163263291.833,1.632619857,7578595983660385048,333336,333336,7578595983660385048
64,45,bndmq,first,3,1,6,111112,150,100000000,100000800,69917,181049292,181123083,12298.500,11652.833,1.810478436,181061590.500,1.810601420,7578595983660385048,333336,333336,7578595983660385048
64,45,bndmq,first,4,1,6,111112,150,100000000,100000800,145250,183516000,183663917,24652.833,24208.333,1.835145319,183540652.833,1.835391845,7578595983660385048,333336,333336,7578595983660385048
64,45,aho_corasick,first,0,1,6,111112,150,100000000,100000800,5931084,228875583,234861250,997611.167,988514.000,2.288737520,229873194.167,2.298713552,7578595983660385048,333336,333336,7578595983660385048
64,45,aho_corasick,first,1,1,6,111112,150,100000000,100000800,5900459,220515750,226434750,986500.000,983409.833,2.205139859,221502250.000,2.215004780,7578595983660385048,333336,333336,7578595983660385048
64,45,aho_corasick,first,2,1,6,111112,150,100000000,100000800,5711458,217522875,223253708,955138.833,951909.667,2.175211348,218478013.833,2.184762660,7578595983660385048,333336,333336,7578595983660385048
64,45,aho_corasick,first,3,1,6,111112,150,100000000,100000800,5690625,221731333,227444583,952208.333,948437.500,2.217295592,222683541.333,2.226817599,7578595983660385048,333336,333336,7578595983660385048
64,45,aho_corasick,first,4,1,6,111112,150,100000000,100000800,5861666,219557042,225439583,980423.500,976944.333,2.195552856,220537465.500,2.205357012,7578595983660385048,333336,333336,7578595983660385048
64,45,hash,first,0,1,6,111112,150,100000000,100000800,39709,374598792,374643500,7451.333,6618.167,3.745957952,374606243.333,3.746032465,7578595983660385048,333336,333336,7578595983660385048
64,45,hash,first,1,1,6,111112,150,100000000,100000800,45209,397193000,397246625,8937.500,7534.833,3.971898225,397201937.500,3.971987599,7578595983660385048,333336,333336,7578595983660385048
64,45,hash,first,2,1,6,111112,150,100000000,100000800,52500,387026125,387084000,9645.833,8750.000,3.870230288,387035770.833,3.870326746,7578595983660385048,333336,333336,7578595983660385048
64,45,hash,first,3,1,6,111112,150,100000000,100000800,42208,383151375,383198167,7798.667,7034.667,3.831483098,383159173.667,3.831561084,7578595983660385048,333336,333336,7578595983660385048
64,45,hash,first,4,1,6,111112,150,100000000,100000800,30792,390936792,390971834,5840.333,5132.000,3.909336645,390942632.333,3.909395048,7578595983660385048,333336,333336,7578595983660385048
64,54,bndmq,first,0,1,5,133334,150,100000000,100000500,87583,183485667,183576375,18141.600,17516.600,1.834847496,183503808.600,1.835028911,3831940454938238512,333335,333335,3831940454938238512
64,54,bndmq,first,1,1,5,133334,150,100000000,100000500,88375,201763417,201854875,18291.600,17675.000,2.017624082,201781708.600,2.017806997,3831940454938238512,333335,333335,3831940454938238512
64,54,bndmq,first,2,1,5,133334,150,100000000,100000500,70709,231134084,231208792,14941.600,14141.800,2.311329283,231149025.600,2.311478699,3831940454938238512,333335,333335,3831940454938238512
64,54,bndmq,first,3,1,5,133334,150,100000000,100000500,74792,220207416,220285292,15575.200,14958.400,2.202063150,220222991.200,2.202218901,3831940454938238512,333335,333335,3831940454938238512
64,54,bndmq,first,4,1,5,133334,150,100000000,100000500,75542,238094458,238174042,15916.800,15108.400,2.380932675,238110374.800,2.381091843,3831940454938238512,333335,333335,3831940454938238512
64,54,hash,first,0,1,5,133334,150,100000000,100000500,41416,721885875,721932000,9225.000,8283.200,7.218822656,721895100.000,7.218914905,3831940454938238512,333335,333335,3831940454938238512
64,54,hash,first,1,1,5,133334,150,100000000,100000500,39875,591666125,591711500,9075.000,7975.000,5.916631667,591675200.000,5.916722416,3831940454938238512,333335,333335,3831940454938238512
64,54,hash,first,2,1,5,133334,150,100000000,100000500,30917,507511375,507546625,7050.000,6183.400,5.075088375,507518425.000,5.075158874,3831940454938238512,333335,333335,3831940454938238512
64,54,hash,first,3,1,5,133334,150,100000000,100000500,26292,479801000,479830208,5841.600,5258.400,4.797986010,479806841.600,4.798044426,3831940454938238512,333335,333335,3831940454938238512
64,54,hash,first,4,1,5,133334,150,100000000,100000500,28167,471757083,471787292,6041.800,5633.400,4.717547242,471763124.800,4.717607660,3831940454938238512,333335,333335,3831940454938238512
64,54,aho_corasick,first,0,1,5,133334,150,100000000,100000500,3753083,140684500,144464917,756083.400,750616.600,1.406837966,141440583.400,1.414398762,3831940454938238512,333335,333335,3831940454938238512
64,54,aho_corasick,first,1,1,5,133334,150,100000000,100000500,3585750,134576958,138177625,720133.400,717150.000,1.345762851,135297091.400,1.352964149,3831940454938238512,333335,333335,3831940454938238512
64,54,aho_corasick,first,2,1,5,133334,150,100000000,100000500,3513958,134298125,137824792,705333.400,702791.600,1.342974535,135003458.400,1.350027834,3831940454938238512,333335,333335,3831940454938238512
64,54,aho_corasick,first,3,1,5,133334,150,100000000,100000500,3450583,133563167,137023333,692033.200,690116.600,1.335624992,134255200.200,1.342545289,3831940454938238512,333335,333335,3831940454938238512
64,54,aho_corasick,first,4,1,5,133334,150,100000000,100000500,3346583,133797834,137157209,671875.000,669316.600,1.337971650,134469709.000,1.344690367,3831940454938238512,333335,333335,3831940454938238512
65,1,hash,first,0,1,64,10418,150,100000000,100012800,60208,228244083,228317875,1153.000,940.750,2.282148715,228245236.000,2.282160243,10100110153867304471,333376,333376,10100110153867304471
65,1,hash,first,1,1,64,10418,150,100000000,100012800,26333,224669458,224703000,524.094,411.453,2.246407040,224669982.094,2.246412280,10100110153867304471,333376,333376,10100110153867304471
65,1,hash,first,2,1,64,10418,150,100000000,100012800,47250,241751541,241809625,907.562,738.281,2.417206008,241752448.562,2.417215082,10100110153867304471,333376,333376,10100110153867304471
65,1,hash,first,3,1,64,10418,150,100000000,100012800,38791,267402458,267450208,746.094,606.109,2.673682349,267403204.094,2.673689809,10100110153867304471,333376,333376,10100110153867304471
65,1,hash,first,4,1,64,10418,150,100000000,100012800,41292,273942584,273996667,845.047,645.188,2.739075238,273943429.047,2.739083688,10100110153867304471,333376,333376,10100110153867304471
65,1,aho_corasick,first,0,1,64,10418,150,100000000,100012800,2250250,102882667,105325459,38168.625,35160.156,1.028694997,102920835.625,1.029076634,10100110153867304471,333376,333376,10100110153867304471
65,1,aho_corasick,first,1,1,64,10418,150,100000000,100012800,2082916,96762958,98874917,32999.359,32545.562,0.967505739,96795957.359,0.967835691,10100110153867304471,333376,333376,10100110153867304471
65,1,aho_corasick,first,2,1,64,10418,150,100000000,100012800,1981833,98537750,100544042,31348.312,30966.141,0.985251388,98569098.312,0.985564831,10100110153867304471,333376,333376,10100110153867304471
65,1,aho_corasick,first,3,1,64,10418,150,100000000,100012800,1987125,96525375,98534667,31395.188,31048.828,0.965130213,96556770.188,0.965444125,10100110153867304471,333376,333376,10100110153867304471
65,1,aho_corasick,first,4,1,64,10418,150,100000000,100012800,1954667,96311833,98291917,30938.812,30541.672,0.962995067,96342771.812,0.963304415,10100110153867304471,333376,333376,10100110153867304471
65,128,hash,first,0,1,2,333334,150,100000000,100000200,28792,282485334,282517750,16208.000,14396.000,2.824847690,282501542.000,2.825009770,17355991267112343030,333334,333334,17355991267112343030
65,128,hash,first,1,1,2,333334,150,100000000,100000200,30292,297839833,297881084,20625.500,15146.000,2.978392373,297860458.500,2.978598628,17355991267112343030,333334,333334,17355991267112343030
65,128,hash,first,2,1,2,333334,150,100000000,100000200,37084,314905459,314957125,25833.000,18542.000,3.149048292,314931292.000,3.149306621,17355991267112343030,333334,333334,17355991267112343030
65,128,hash,first,3,1,2,333334,150,100000000,100000200,37042,305376041,305417625,20792.000,18521.000,3.053754302,305396833.000,3.053962222,17355991267112343030,333334,333334,17355991267112343030
65,128,hash,first,4,1,2,333334,150,100000000,100000200,29125,305736125,305767083,15479.000,14562.500,3.057355135,305751604.000,3.057509925,17355991267112343030,333334,333334,17355991267112343030
65,128,aho_corasick,first,0,1,2,333334,150,100000000,100000200,6429042,289354375,295844458,3245041.500,3214521.000,2.893537963,292599416.500,2.925988313,17355991267112343030,333334,333334,17355991267112343030
65,128,aho_corasick,first,1,1,2,333334,150,100000000,100000200,6418042,269406166,275840041,3216937.500,3209021.000,2.694056272,272623103.500,2.726225583,17355991267112343030,333334,333334,17355991267112343030
65,128,aho_corasick,first,2,1,2,333334,150,100000000,100000200,5587875,242842833,248442042,2799604.500,2793937.500,2.428423473,245642437.500,2.456419462,17355991267112343030,333334,333334,17355991267112343030
65,128,aho_corasick,first,3,1,2,333334,150,100000000,100000200,4950333,205030042,209994167,2482062.500,2475166.500,2.050296319,207512104.500,2.075116895,17355991267112343030,333334,333334,17355991267112343030
65,128,aho_corasick,first,4,1,2,333334,150,100000000,100000200,4710208,209484667,214208875,2362104.000,2355104.000,2.094842480,211846771.000,2.118463473,17355991267112343030,333334,333334,17355991267112343030
65,16,hash,first,0,1,16,41668,150,100000000,100003200,43167,243768750,243826750,3625.000,2697.938,2.437609496,243772375.000,2.437645745,8485451749250642310,333344,333344,8485451749250642310
65,16,hash,first,1,1,16,41668,150,100000000,100003200,35000,216860875,216901792,2557.312,2187.500,2.168539357,216863432.312,2.168564929,8485451749250642310,333344,333344,8485451749250642310
65,16,hash,first,2,1,16,41668,150,100000000,100003200,31625,212778042,212813916,2242.125,1976.562,2.127712333,212780284.125,2.127734754,8485451749250642310,333344,333344,8485451749250642310
65,16,hash,first,3,1,16,41668,150,100000000,100003200,29041,221595917,221629792,2117.188,1815.062,2.215888262,221598034.188,2.215909433,8485451749250642310,333344,333344,8485451749250642310
65,16,hash,first,4,1,16,41668,150,100000000,100003200,40125,208238750,208282917,2760.438,2507.812,2.082320866,208241510.438,2.082348469,8485451749250642310,333344,333344,8485451749250642310
65,16,aho_corasick,first,0,1,16,41668,150,100000000,100003200,4081500,140224584,144341750,257322.875,255093.750,1.402200970,140481906.875,1.404774116,8485451749250642310,333344,333344,8485451749250642310
65,16,aho_corasick,first,1,1,16,41668,150,100000000,100003200,3705709,136430625,140176041,234088.500,231606.812,1.364262594,136664713.500,1.366603404,8485451749250642310,333344,333344,8485451749250642310
65,16,aho_corasick,first,2,1,16,41668,150,100000000,100003200,3872667,141497333,145404541,244200.500,242041.688,1.414928052,141741533.500,1.417369979,8485451749250642310,333344,333344,8485451749250642310
65,16,aho_corasick,first,3,1,16,41668,150,100000000,100003200,4349541,146050333,150417375,272940.125,271846.312,1.460456595,146323273.125,1.463185909,8485451749250642310,333344,333344,8485451749250642310
65,16,aho_corasick,first,4,1,16,41668,150,100000000,100003200,3906500,136858792,140777959,244947.938,244156.250,1.368544127,137103739.938,1.370993528,8485451749250642310,333344,333344,8485451749250642310
65,2,hash,first,0,1,64,10418,150,100000000,100012800,100500,226348750,226457167,1694.016,1570.312,2.263197811,226350444.016,2.263214749,10100110153867304471,333376,333376,10100110153867304471
65,2,hash,first,1,1,64,10418,150,100000000,100012800,52208,200971041,201029583,914.719,815.750,2.009453200,200971955.719,2.009462346,10100110153867304471,333376,333376,10100110153867304471
65,2,hash,first,2,1,64,10418,150,100000000,100012800,34500,192408375,192449959,649.750,539.062,1.923837499,192409024.750,1.923843995,10100110153867304471,333376,333376,10100110153867304471
65,2,hash,first,3,1,64,10418,150,100000000,100012800,47917,192572166,192625084,826.844,748.703,1.925475199,192572992.844,1.925483467,10100110153867304471,333376,333376,10100110153867304471
65,2,hash,first,4,1,64,10418,150,100000000,100012800,35584,192694875,192744292,772.141,556.000,1.926702132,192695647.141,1.926709853,10100110153867304471,333376,333376,10100110153867304471
65,2,aho_corasick,first,0,1,64,10418,150,100000000,100012800,2606167,457379834,460061875,41906.891,40721.359,4.573212969,457421740.891,4.573631984,10100110153867304471,333376,333376,10100110153867304471
65,2,aho_corasick,first,1,1,64,10418,150,100000000,100012800,2722584,449231750,451997500,43214.844,42540.375,4.491742557,449274964.844,4.492174650,10100110153867304471,333376,333376,10100110153867304471
65,2,aho_corasick,first,2,1,64,10418,150,100000000,100012800,2707958,456573834,459297750,42561.188,42311.844,4.565154000,456616395.188,4.565579558,10100110153867304471,333376,333376,10100110153867304471
65,2,aho_corasick,first,3,1,64,10418,150,100000000,100012800,2533334,414750208,417298625,39819.016,39583.344,4.146971268,414790027.016,4.147369407,10100110153867304471,333376,333376,10100110153867304471
65,2,aho_corasick,first,4,1,64,10418,150,100000000,100012800,2297959,394565709,396878250,36133.453,35905.609,3.945152111,394601842.453,3.945513399,10100110153867304471,333376,333376,10100110153867304471
65,256,hash,first,0,1,1,666668,150,100000000,100000200,35292,297124750,297163750,39000.000,35292.000,2.971241558,297163750.000,2.971631557,10878890858135063043,333334,333334,10878890858135063043
65,256,hash,first,1,1,1,666668,150,100000000,100000200,28500,278913292,278945375,32083.000,28500.000,2.789127342,278945375.000,2.789448171,10878890858135063043,333334,333334,10878890858135063043
65,256,hash,first,2,1,1,666668,150,100000000,100000200,30041,269743667,269777041,33374.000,30041.000,2.697431275,269777041.000,2.697765014,10878890858135063043,333334,333334,10878890858135063043
65,256,hash,first,3,1,1,666668,150,100000000,100000200,30000,269298375,269332250,33875.000,30000.000,2.692978364,269332250.000,2.693317113,10878890858135063043,333334,333334,10878890858135063043
65,256,hash,first,4,1,1,666668,150,100000000,100000200,23250,252198667,252224333,25666.000,23250.000,2.521981626,252224333.000,2.522238286,10878890858135063043,333334,333334,10878890858135063043
65,256,aho_corasick,first,0,1,1,666668,150,100000000,100000200,4848792,217136459,222025792,4889333.000,4848792.000,2.171360247,222025792.000,2.220253479,10878890858135063043,333334,333334,10878890858135063043
65,256,aho_corasick,first,1,1,1,666668,150,100000000,100000200,4693041,204754875,209496541,4741666.000,4693041.000,2.047544655,209496541.000,2.094961220,10878890858135063043,333334,333334,10878890858135063043
65,256,aho_corasick,first,2,1,1,666668,150,100000000,100000200,4330084,190276334,194633208,4356874.000,4330084.000,1.902759534,194633208.000,1.946328187,10878890858135063043,333334,333334,10878890858135063043
65,256,aho_corasick,first,3,1,1,666668,150,100000000,100000200,3865833,185446667,189343708,3897041.000,3865833.000,1.854462961,189343708.000,1.893433293,10878890858135063043,333334,333334,10878890858135063043
65,256,aho_corasick,first,4,1,1,666668,150,100000000,100000200,4219792,195413584,199644917,4231333.000,4219792.000,1.954131932,199644917.000,1.996445177,10878890858135063043,333334,333334,10878890858135063043
65,3,aho_corasick,first,0,1,64,10418,150,100000000,100012800,3069250,238522750,241621375,48416.016,47957.031,2.384922230,238571166.016,2.385406328,10100110153867304471,333376,333376,10100110153867304471
65,3,aho_corasick,first,1,1,64,10418,150,100000000,100012800,3014042,236903917,239936250,47380.203,47094.406,2.368735972,236951297.203,2.369209713,10100110153867304471,333376,333376,10100110153867304471
65,3,aho_corasick,first,2,1,64,10418,150,100000000,100012800,2999375,236480458,239506583,47283.203,46865.234,2.364501924,236527741.203,2.364974695,10100110153867304471,333376,333376,10100110153867304471
65,3,aho_corasick,first,3,1,64,10418,150,100000000,100012800,2922000,241755958,244697459,45960.953,45656.250,2.417250172,241801918.953,2.417709723,10100110153867304471,333376,333376,10100110153867304471
65,3,aho_corasick,first,4,1,64,10418,150,100000000,100012800,3344000,273672000,277046542,52727.219,52250.000,2.736369745,273724727.219,2.736896949,10100110153867304471,333376,333376,10100110153867304471
65,3,hash,first,0,1,64,10418,150,100000000,100012800,48084,214129458,214183833,849.609,751.312,2.141020529,214130307.609,2.141029024,10100110153867304471,333376,333376,10100110153867304471
65,3,hash,first,1,1,64,10418,150,100000000,100012800,33500,213777500,213817459,624.359,523.438,2.137501400,213778124.359,2.137507643,10100110153867304471,333376,333376,10100110153867304471
65,3,hash,first,2,1,64,10418,150,100000000,100012800,46416,235566959,235618792,809.891,725.250,2.355368103,235567768.891,2.355376201,10100110153867304471,333376,333376,10100110153867304471
65,3,hash,first,3,1,64,10418,150,100000000,100012800,34875,236929000,236970625,650.391,544.922,2.368986770,236929650.391,2.368993273,10100110153867304471,333376,333376,10100110153867304471
65,3,hash,first,4,1,64,10418,150,100000000,100012800,36834,212130042,212174750,698.562,575.531,2.121028928,212130740.562,2.121035913,10100110153867304471,333376,333376,10100110153867304471
65,32,aho_corasick,first,0,1,8,83334,150,100000000,100000800,4016125,158261917,162318792,507109.375,502015.625,1.582606509,158769026.375,1.587677562,14545882975625201301,333336,333336,14545882975625201301
65,32,aho_corasick,first,1,1,8,83334,150,100000000,100000800,4136083,161330625,165567000,529546.875,517010.375,1.613293344,161860171.875,1.618588770,14545882975625201301,333336,333336,14545882975625201301
65,32,aho_corasick,first,2,1,8,83334,150,100000000,100000800,4109458,161678250,165823541,518161.375,513682.250,1.616769566,162196411.375,1.621951138,14545882975625201301,333336,333336,14545882975625201301
65,32,aho_corasick,first,3,1,8,83334,150,100000000,100000800,3833709,150314542,154185042,483812.500,479213.625,1.503133395,150798354.500,1.507971481,14545882975625201301,333336,333336,14545882975625201301
65,32,aho_corasick,first,4,1,8,83334,150,100000000,100000800,3822916,154366833,158228250,482677.125,477864.500,1.543655981,154849510.125,1.548482713,14545882975625201301,333336,333336,14545882975625201301
65,32,hash,first,0,1,8,83334,150,100000000,100000800,31833,219204916,219241959,4630.375,3979.125,2.192031624,219209546.375,2.192077927,14545882975625201301,333336,333336,14545882975625201301
65,32,hash,first,1,1,8,83334,150,100000000,100000800,30792,245090500,245126500,4500.000,3849.000,2.450885393,245095000.000,2.450930393,14545882975625201301,333336,333336,14545882975625201301
65,32,hash,first,2,1,8,83334,150,100000000,100000800,31125,259881708,259917750,4505.250,3890.625,2.598796290,259886213.250,2.598841342,14545882975625201301,333336,333336,14545882975625201301
65,32,hash,first,3,1,8,83334,150,100000000,100000800,31667,292775708,292812625,4614.625,3958.375,2.927733658,292780322.625,2.927779804,14545882975625201301,333336,333336,14545882975625201301
65,32,hash,first,4,1,8,83334,150,100000000,100000800,30583,299835791,299877375,5198.000,3822.875,2.998333923,299840989.000,2.998385903,14545882975625201301,333336,333336,14545882975625201301
65,4,hash,first,0,1,64,10418,150,100000000,100012800,89625,257201250,257301042,1559.250,1400.391,2.571683325,257202809.250,2.571698915,10100110153867304471,333376,333376,10100110153867304471
65,4,hash,first,1,1,64,10418,150,100000000,100012800,57625,251626750,251694125,1052.734,900.391,2.515945459,251627802.734,2.515955985,10100110153867304471,333376,333376,10100110153867304471
65,4,hash,first,2,1,64,10418,150,100000000,100012800,63792,251228000,251301291,1145.172,996.750,2.511958469,251229145.172,2.511969920,10100110153867304471,333376,333376,10100110153867304471
65,4,hash,first,3,1,64,10418,150,100000000,100012800,84042,250858125,250950916,1449.859,1313.156,2.508260193,250859574.859,2.508274689,10100110153867304471,333376,333376,10100110153867304471
65,4,hash,first,4,1,64,10418,150,100000000,100012800,49000,250853291,250908583,863.938,765.625,2.508211859,250854154.938,2.508220497,10100110153867304471,333376,333376,10100110153867304471
65,4,aho_corasick,first,0,1,64,10418,150,100000000,100012800,5521708,173529291,179130584,87520.203,86276.688,1.735070821,173616811.203,1.735945911,10100110153867304471,333376,333376,10100110153867304471
65,4,aho_corasick,first,1,1,64,10418,150,100000000,100012800,4803958,161353583,166240667,76360.688,75061.844,1.613329324,161429943.688,1.614092833,10100110153867304471,333376,333376,10100110153867304471
65,4,aho_corasick,first,2,1,64,10418,150,100000000,100012800,5269542,175927334,181225917,82790.359,82336.594,1.759048182,176010124.359,1.759875979,10100110153867304471,333376,333376,10100110153867304471
65,4,aho_corasick,first,3,1,64,10418,150,100000000,100012800,5300625,173514417,178845916,83304.672,82822.266,1.734922100,173597721.672,1.735755040,10100110153867304471,333376,333376,10100110153867304471
65,4,aho_corasick,first,4,1,64,10418,150,100000000,100012800,5298875,175693167,181019291,83220.688,82794.922,1.756706812,175776387.688,1.757538912,10100110153867304471,333376,333376,10100110153867304471
65,64,hash,first,0,1,4,166668,150,100000000,100000800,36083,350424584,350470416,11458.000,9020.750,3.504217806,350436042.000,3.504332385,7920970377318854716,333336,333336,7920970377318854716
65,64,hash,first,1,1,4,166668,150,100000000,100000800,39959,314747291,314794875,11896.000,9989.750,3.147447730,314759187.000,3.147566689,7920970377318854716,333336,333336,7920970377318854716
65,64,hash,first,2,1,4,166668,150,100000000,100000800,46459,289361084,289410375,12322.750,11614.750,2.893587691,289373406.750,2.893710918,7920970377318854716,333336,333336,7920970377318854716
65,64,hash,first,3,1,4,166668,150,100000000,100000800,26916,269632833,269667125,8573.000,6729.000,2.696306760,269641406.000,2.696392489,7920970377318854716,333336,333336,7920970377318854716
65,64,hash,first,4,1,4,166668,150,100000000,100000800,26625,252220500,252251583,7770.750,6656.250,2.522184823,252228270.750,2.522262529,7920970377318854716,333336,333336,7920970377318854716
65,64,aho_corasick,first,0,1,4,166668,150,100000000,100000800,5708792,234168458,239906291,1434458.250,1427198.000,2.341665847,235602916.250,2.356010314,7920970377318854716,333336,333336,7920970377318854716
65,64,aho_corasick,first,1,1,4,166668,150,100000000,100000800,5530833,234379250,239937500,1389562.500,1382708.250,2.343773750,235768812.500,2.357669264,7920970377318854716,333336,333336,7920970377318854716
65,64,aho_corasick,first,2,1,4,166668,150,100000000,100000800,10487334,248167375,258679417,2628010.500,2621833.500,2.481653897,250795385.500,2.507933792,7920970377318854716,333336,333336,7920970377318854716
65,64,aho_corasick,first,3,1,4,166668,150,100000000,100000800,5585208,231013500,236614333,1400208.250,1396302.000,2.310116519,232413708.250,2.324118490,7920970377318854716,333336,333336,7920970377318854716
65,64,aho_corasick,first,4,1,4,166668,150,100000000,100000800,5544708,233430125,238988750,1389656.250,1386177.000,2.334282576,234819781.250,2.348179027,7920970377318854716,333336,333336,7920970377318854716
65,8,hash,first,0,1,32,20834,150,100000000,100003200,62334,250724375,250797708,2291.656,1947.938,2.507163521,250726666.656,2.507186437,10007957261559824023,333344,333344,10007957261559824023
65,8,hash,first,1,1,32,20834,150,100000000,100003200,46250,210116292,210170125,1682.281,1445.312,2.101095685,210117974.281,2.101112507,10007957261559824023,333344,333344,10007957261559824023
65,8,hash,first,2,1,32,20834,150,100000000,100003200,32334,205474042,205511541,1171.844,1010.438,2.054674670,205475213.844,2.054686388,10007957261559824023,333344,333344,10007957261559824023
65,8,hash,first,3,1,32,20834,150,100000000,100003200,27750,207308333,207341000,1020.844,867.188,2.073016993,207309353.844,2.073027202,10007957261559824023,333344,333344,10007957261559824023
65,8,hash,first,4,1,32,20834,150,100000000,100003200,28125,197541583,197573709,1003.938,878.906,1.975352619,197542586.938,1.975362658,10007957261559824023,333344,333344,10007957261559824023
65,8,aho_corasick,first,0,1,32,20834,150,100000000,100003200,4685875,152964041,157794417,150949.250,146433.594,1.529591463,153114990.250,1.531100907,10007957261559824023,333344,333344,10007957261559824023
65,8,aho_corasick,first,1,1,32,20834,150,100000000,100003200,4373875,149710042,154148958,138716.125,136683.594,1.497052514,149848758.125,1.498439631,10007957261559824023,333344,333344,10007957261559824023
65,8,aho_corasick,first,2,1,32,20834,150,100000000,100003200,4319458,140793250,145185125,137246.094,134983.062,1.407887448,140930496.094,1.409259865,10007957261559824023,333344,333344,10007957261559824023
65,8,aho_corasick,first,3,1,32,20834,150,100000000,100003200,4035667,139142667,143238834,128005.219,126114.594,1.391382146,139270672.219,1.392662157,10007957261559824023,333344,333344,10007957261559824023
65,8,aho_corasick,first,4,1,32,20834,150,100000000,100003200,4032542,140822542,144923000,128139.312,126016.938,1.408180358,140950681.312,1.409461710,10007957261559824023,333344,333344,10007957261559824023
7,4,aho_corasick,first,0,1,64,10418,150,100000000,100012800,846292,102369167,103242750,13649.734,13223.312,1.023560654,102382816.734,1.023697134,5143689193418643829,345087,345087,5143689193418643829
7,4,aho_corasick,first,1,1,64,10418,150,100000000,100012800,822834,102678334,103525917,13243.484,12856.781,1.026651929,102691577.484,1.026784346,5143689193418643829,345087,345087,5143689193418643829
7,4,aho_corasick,first,2,1,64,10418,150,100000000,100012800,849167,102131750,103006375,13666.016,13268.234,1.021186788,102145416.016,1.021323431,5143689193418643829,345087,345087,5143689193418643829
7,4,aho_corasick,first,3,1,64,10418,150,100000000,100012800,801000,101010041,101834292,12878.922,12515.625,1.009971134,101022919.922,1.010099906,5143689193418643829,345087,345087,5143689193418643829
7,4,aho_corasick,first,4,1,64,10418,150,100000000,100012800,791916,100924042,101743833,12809.234,12373.688,1.009111254,100936851.234,1.009239330,5143689193418643829,345087,345087,5143689193418643829
7,4,hash,first,0,1,64,10418,150,100000000,100012800,51875,158064958,158128417,991.547,810.547,1.580447283,158065949.547,1.580457197,5143689193418643829,345087,345087,5143689193418643829
7,4,hash,first,1,1,64,10418,150,100000000,100012800,25459,154603584,154636167,509.109,397.797,1.545837973,154604093.109,1.545843063,5143689193418643829,345087,345087,5143689193418643829
7,4,hash,first,2,1,64,10418,150,100000000,100012800,23500,154589750,154624791,547.516,367.188,1.545699650,154590297.516,1.545705125,5143689193418643829,345087,345087,5143689193418643829
7,4,hash,first,3,1,64,10418,150,100000000,100012800,29208,154565791,154599708,529.953,456.375,1.545460091,154566320.953,1.545465390,5143689193418643829,345087,345087,5143689193418643829
7,4,hash,first,4,1,64,10418,150,100000000,100012800,26125,154435458,154469791,536.453,408.203,1.544156928,154435994.453,1.544162292,5143689193418643829,345087,345087,5143689193418643829
7,4,bndmq,first,0,1,64,10418,150,100000000,100012800,79417,116998625,117081125,1289.062,1240.891,1.169836511,116999914.062,1.169849400,5143689193418643829,345087,345087,5143689193418643829
7,4,bndmq,first,1,1,64,10418,150,100000000,100012800,46125,114568334,114617583,769.516,720.703,1.145536711,114569103.516,1.145544405,5143689193418643829,345087,345087,5143689193418643829
7,4,bndmq,first,2,1,64,10418,150,100000000,100012800,62417,115127958,115193500,1024.094,975.266,1.151132235,115128982.094,1.151142475,5143689193418643829,345087,345087,5143689193418643829
7,4,bndmq,first,3,1,64,10418,150,100000000,100012800,58791,114612958,114674041,954.422,918.609,1.145982894,114613912.422,1.145992437,5143689193418643829,345087,345087,5143689193418643829
7,4,bndmq,first,4,1,64,10418,150,100000000,100012800,34500,114955709,114992333,572.250,539.062,1.149409966,114956281.250,1.149415687,5143689193418643829,345087,345087,5143689193418643829
72,128,hash,first,0,1,2,333334,150,100000000,100000200,22708,182786125,182812000,12937.500,11354.000,1.827857594,182799062.500,1.827986969,17355991267112343030,333334,333334,17355991267112343030
72,128,hash,first,1,1,2,333334,150,100000000,100000200,20542,174323833,174346500,11333.500,10271.000,1.743234844,174335166.500,1.743348178,17355991267112343030,333334,333334,17355991267112343030
72,128,hash,first,2,1,2,333334,150,100000000,100000200,24042,168969834,168996167,13166.500,12021.000,1.689694961,168983000.500,1.689826625,17355991267112343030,333334,333334,17355991267112343030
72,128,hash,first,3,1,2,333334,150,100000000,100000200,18125,168976125,168996625,10250.000,9062.500,1.689757870,168986375.000,1.689860370,17355991267112343030,333334,333334,17355991267112343030
72,128,hash,first,4,1,2,333334,150,100000000,100000200,17833,181445750,181469375,11812.500,8916.500,1.814453871,181457562.500,1.814571996,17355991267112343030,333334,333334,17355991267112343030
72,128,aho_corasick,first,0,1,2,333334,150,100000000,100000200,4188625,164958583,169200208,2120812.500,2094312.500,1.649582531,167079395.500,1.670790613,17355991267112343030,333334,333334,17355991267112343030
72,128,aho_corasick,first,1,1,2,333334,150,100000000,100000200,3880292,154894708,158808459,1956875.500,1940146.000,1.548943982,156851583.500,1.568512698,17355991267112343030,333334,333334,17355991267112343030
72,128,aho_corasick,first,2,1,2,333334,150,100000000,100000200,3729541,155285750,159023000,1868625.000,1864770.500,1.552854394,157154375.000,1.571540607,17355991267112343030,333334,333334,17355991267112343030
72,128,aho_corasick,first,3,1,2,333334,150,100000000,100000200,3737375,153172708,156918417,1872854.500,1868687.500,1.531724017,155045562.500,1.550452524,17355991267112343030,333334,333334,17355991267112343030
72,128,aho_corasick,first,4,1,2,333334,150,100000000,100000200,3861167,150454583,154366167,1955792.000,1930583.500,1.504542821,152410375.000,1.524100702,17355991267112343030,333334,333334,17355991267112343030
72,64,aho_corasick,first,0,1,4,166668,150,100000000,100000800,4874042,174401958,179300041,1224520.750,1218510.500,1.744005628,175626478.750,1.756250737,7920970377318854716,333336,333336,7920970377318854716
72,64,aho_corasick,first,1,1,4,166668,150,100000000,100000800,4424375,172379125,176866458,1121833.250,1106093.750,1.723777460,173500958.250,1.734995703,7920970377318854716,333336,333336,7920970377318854716
72,64,aho_corasick,first,2,1,4,166668,150,100000000,100000800,4291791,162787375,167098708,1077833.250,1072947.750,1.627860727,163865208.250,1.638638973,7920970377318854716,333336,333336,7920970377318854716
72,64,aho_corasick,first,3,1,4,166668,150,100000000,100000800,3976750,154972292,158958416,996531.000,994187.500,1.549710522,155968823.000,1.559675753,7920970377318854716,333336,333336,7920970377318854716
72,64,aho_corasick,first,4,1,4,166668,150,100000000,100000800,4203375,152592250,156811833,1054895.750,1050843.750,1.525910293,153647145.750,1.536459166,7920970377318854716,333336,333336,7920970377318854716
72,64,hash,first,0,1,4,166668,150,100000000,100000800,23916,178651625,178678917,6823.000,5979.000,1.786501958,178658448.000,1.786570187,7920970377318854716,333336,333336,7920970377318854716
72,64,hash,first,1,1,4,166668,150,100000000,100000800,22125,171184625,171210250,6406.250,5531.250,1.711832555,171191031.250,1.711896617,7920970377318854716,333336,333336,7920970377318854716
72,64,hash,first,2,1,4,166668,150,100000000,100000800,18542,169273833,169295459,5406.500,4635.500,1.692724788,169279239.500,1.692778853,7920970377318854716,333336,333336,7920970377318854716
72,64,hash,first,3,1,4,166668,150,100000000,100000800,25583,172058708,172088834,7531.500,6395.750,1.720573315,172066239.500,1.720648630,7920970377318854716,333336,333336,7920970377318854716
72,64,hash,first,4,1,4,166668,150,100000000,100000800,17250,179906000,179926000,5000.000,4312.500,1.799045608,179911000.000,1.799095607,7920970377318854716,333336,333336,7920970377318854716
8,3162,aho_corasick,first,0,1,1,666668,150,100000000,100000200,3296000,90604958,93976583,3371625.000,3296000.000,0.906047768,93976583.000,0.939763950,10902898342507685912,666383,666383,10902898342507685912
8,3162,aho_corasick,first,1,1,1,666668,150,100000000,100000200,3105167,83235250,86420000,3184750.000,3105167.000,0.832350835,86420000.000,0.864198272,10902898342507685912,666383,666383,10902898342507685912
8,3162,aho_corasick,first,2,1,1,666668,150,100000000,100000200,3265750,89546542,92871000,3324458.000,3265750.000,0.895463629,92871000.000,0.928708143,10902898342507685912,666383,666383,10902898342507685912
8,3162,aho_corasick,first,3,1,1,666668,150,100000000,100000200,3320083,91955625,95346166,3390541.000,3320083.000,0.919554411,95346166.000,0.953459753,10902898342507685912,666383,666383,10902898342507685912
8,3162,aho_corasick,first,4,1,1,666668,150,100000000,100000200,3284500,91203959,94548084,3344125.000,3284500.000,0.912037766,94548084.000,0.945478949,10902898342507685912,666383,666383,10902898342507685912
8,3162,hash,first,0,1,1,666668,150,100000000,100000200,35792,133983750,134027708,43958.000,35792.000,1.339834820,134027708.000,1.340274399,10902898342507685912,666383,666383,10902898342507685912
8,3162,hash,first,1,1,1,666668,150,100000000,100000200,29417,130417709,130453167,35458.000,29417.000,1.304174482,130453167.000,1.304529061,10902898342507685912,666383,666383,10902898342507685912
8,3162,hash,first,2,1,1,666668,150,100000000,100000200,35500,129953500,129994458,40958.000,35500.000,1.299532401,129994458.000,1.299941980,10902898342507685912,666383,666383,10902898342507685912
8,3162,hash,first,3,1,1,666668,150,100000000,100000200,24500,130300917,130330709,29792.000,24500.000,1.303006564,130330709.000,1.303304483,10902898342507685912,666383,666383,10902898342507685912
8,3162,hash,first,4,1,1,666668,150,100000000,100000200,24167,136300667,136331375,30708.000,24167.000,1.363003944,136331375.000,1.363311023,10902898342507685912,666383,666383,10902898342507685912
8,5,hash,first,0,1,52,12822,150,100000000,100011600,42792,166239583,166301458,1189.904,822.923,1.662203014,166240772.904,1.662214912,9349888360354700439,336942,336942,9349888360354700439
8,5,hash,first,1,1,52,12822,150,100000000,100011600,21958,179430375,179456625,504.808,422.269,1.794095635,179430879.808,1.794100682,9349888360354700439,336942,336942,9349888360354700439
8,5,hash,first,2,1,52,12822,150,100000000,100011600,56625,162444292,162514959,1358.981,1088.942,1.624254506,162445650.981,1.624268095,9349888360354700439,336942,336942,9349888360354700439
8,5,hash,first,3,1,52,12822,150,100000000,100011600,17459,162729209,162760000,592.135,335.750,1.627103346,162729801.135,1.627109267,9349888360354700439,336942,336942,9349888360354700439
8,5,hash,first,4,1,52,12822,150,100000000,100011600,32917,163924458,163964292,766.038,633.019,1.639054450,163925224.038,1.639062109,9349888360354700439,336942,336942,9349888360354700439
8,5,bndmq,first,0,1,52,12822,150,100000000,100011600,82917,122924625,123012667,1693.115,1594.558,1.229103674,122926318.115,1.229120603,9349888360354700439,336942,336942,9349888360354700439
8,5,bndmq,first,1,1,52,12822,150,100000000,100011600,78166,122671875,122752541,1551.269,1503.192,1.226576467,122673426.269,1.226591978,9349888360354700439,336942,336942,9349888360354700439
8,5,bndmq,first,2,1,52,12822,150,100000000,100011600,50541,124628500,124681666,1022.423,971.942,1.246140448,124629522.423,1.246150671,9349888360354700439,336942,336942,9349888360354700439
8,5,bndmq,first,3,1,52,12822,150,100000000,100011600,80834,122066792,122151042,1620.192,1554.500,1.220526339,122068412.192,1.220542539,9349888360354700439,336942,336942,9349888360354700439
8,5,bndmq,first,4,1,52,12822,150,100000000,100011600,52583,121864583,121920458,1074.519,1011.212,1.218504483,121865657.519,1.218515227,9349888360354700439,336942,336942,9349888360354700439
8,5,aho_corasick,first,0,1,52,12822,150,100000000,100011600,873041,106791000,107692625,17338.942,16789.250,1.067786137,106808338.942,1.067959506,9349888360354700439,336942,336942,9349888360354700439
8,5,aho_corasick,first,1,1,52,12822,150,100000000,100011600,811208,102941792,103772917,15983.173,15600.154,1.029298521,102957775.173,1.029458335,9349888360354700439,336942,336942,9349888360354700439
8,5,aho_corasick,first,2,1,52,12822,150,100000000,100011600,865834,102208834,103104917,17232.365,16650.654,1.021969792,102226066.365,1.022142095,9349888360354700439,336942,336942,9349888360354700439
8,5,aho_corasick,first,3,1,52,12822,150,100000000,100011600,823542,102044959,102889875,16248.385,15837.346,1.020331232,102061207.385,1.020493697,9349888360354700439,336942,336942,9349888360354700439
8,5,aho_corasick,first,4,1,52,12822,150,100000000,100011600,779708,102199417,103005917,15509.615,14994.385,1.021875632,102214926.615,1.022030711,9349888360354700439,336942,336942,9349888360354700439
8,5623,aho_corasick,first,0,1,1,666668,150,100000000,100000200,5162958,71912333,77197458,5285125.000,5162958.000,0.719121892,77197458.000,0.771973036,246925884532918887,666666,666666,246925884532918887
8,5623,aho_corasick,first,1,1,1,666668,150,100000000,100000200,5103000,71420333,76640959,5220626.000,5103000.000,0.714201902,76640959.000,0.766408057,246925884532918887,666666,666666,246925884532918887
8,5623,aho_corasick,first,2,1,1,666668,150,100000000,100000200,4952041,68820459,74194333,5373874.000,4952041.000,0.688203214,74194333.000,0.741941846,246925884532918887,666666,666666,246925884532918887
8,5623,aho_corasick,first,3,1,1,666668,150,100000000,100000200,4928125,64861000,69929041,5068041.000,4928125.000,0.648608703,69929041.000,0.699289011,246925884532918887,666666,666666,246925884532918887
8,5623,aho_corasick,first,4,1,1,666668,150,100000000,100000200,4931666,64956500,70334500,5378000.000,4931666.000,0.649563701,70334500.000,0.703343593,246925884532918887,666666,666666,246925884532918887
8,5623,hash,first,0,1,1,666668,150,100000000,100000200,56250,67914083,67980292,66209.000,56250.000,0.679139472,67980292.000,0.679801560,246925884532918887,666666,666666,246925884532918887
8,5623,hash,first,1,1,1,666668,150,100000000,100000200,37375,65745125,65791917,46792.000,37375.000,0.657449935,65791917.000,0.657917854,246925884532918887,666666,666666,246925884532918887
8,5623,hash,first,2,1,1,666668,150,100000000,100000200,37125,64799333,64846500,47167.000,37125.000,0.647992034,64846500.000,0.648463703,246925884532918887,666666,666666,246925884532918887
8,5623,hash,first,3,1,1,666668,150,100000000,100000200,63792,65243375,65316500,73125.000,63792.000,0.652432445,65316500.000,0.653163694,246925884532918887,666666,666666,246925884532918887
8,5623,hash,first,4,1,1,666668,150,100000000,100000200,36250,66020917,66066959,46042.000,36250.000,0.660207850,66066959.000,0.660668269,246925884532918887,666666,666666,246925884532918887
8,6,aho_corasick,first,0,1,43,15504,150,100000000,100000800,784000,104562208,105375625,18916.674,18232.558,1.045613715,104581124.674,1.045802880,15163508798764245217,337592,337592,15163508798764245217
8,6,aho_corasick,first,1,1,43,15504,150,100000000,100000800,774083,101091708,101891875,18608.535,18001.930,1.010908993,101110316.535,1.011095077,15163508798764245217,337592,337592,15163508798764245217
8,6,aho_corasick,first,2,1,43,15504,150,100000000,100000800,761000,101164625,101949625,18255.814,17697.674,1.011638157,101182880.814,1.011820714,15163508798764245217,337592,337592,15163508798764245217
8,6,aho_corasick,first,3,1,43,15504,150,100000000,100000800,719083,101774167,102514500,17217.047,16722.860,1.017733528,101791384.047,1.017905697,15163508798764245217,337592,337592,15163508798764245217
8,6,aho_corasick,first,4,1,43,15504,150,100000000,100000800,723166,101527458,102270750,17285.860,16817.814,1.015266458,101544743.860,1.015439315,15163508798764245217,337592,337592,15163508798764245217
8,6,bndmq,first,0,1,43,15504,150,100000000,100000800,89583,143967958,144059959,2139.558,2083.326,1.439668063,143970097.558,1.439689458,15163508798764245217,337592,337592,15163508798764245217
8,6,bndmq,first,1,1,43,15504,150,100000000,100000800,66541,142354209,142423750,1617.233,1547.465,1.423530702,142355826.233,1.423546874,15163508798764245217,337592,337592,15163508798764245217
8,6,bndmq,first,2,1,43,15504,150,100000000,100000800,75542,141978250,142056375,1816.860,1756.791,1.419771142,141980066.860,1.419789310,15163508798764245217,337592,337592,15163508798764245217
8,6,bndmq,first,3,1,43,15504,150,100000000,100000800,44791,141836792,141884791,1116.256,1041.651,1.418356573,141837908.256,1.418367736,15163508798764245217,337592,337592,15163508798764245217
8,6,bndmq,first,4,1,43,15504,150,100000000,100000800,53917,143751541,143808333,1320.744,1253.884,1.437503910,143752861.744,1.437517117,15163508798764245217,337592,337592,15163508798764245217
8,6,hash,first,0,1,43,15504,150,100000000,100000800,56792,173475083,173542000,1556.209,1320.744,1.734736952,173476639.209,1.734752514,15163508798764245217,337592,337592,15163508798764245217
8,6,hash,first,1,1,43,15504,150,100000000,100000800,26792,169494916,169529333,800.395,623.070,1.694935601,169495716.395,1.694943604,15163508798764245217,337592,337592,15163508798764245217
8,6,hash,first,2,1,43,15504,150,100000000,100000800,19084,169444375,169476125,738.372,443.814,1.694430195,169445113.372,1.694437578,15163508798764245217,337592,337592,15163508798764245217
8,6,hash,first,3,1,43,15504,150,100000000,100000800,37958,171148834,171201000,1213.163,882.744,1.711474648,171150047.163,1.711486780,15163508798764245217,337592,337592,15163508798764245217
8,6,hash,first,4,1,43,15504,150,100000000,100000800,25208,169782833,169815000,748.070,586.233,1.697814747,169783581.070,1.697822228,15163508798764245217,337592,337592,15163508798764245217
80,152,hash,first,0,1,2,333334,150,100000000,100000200,32958,261776750,261812625,17937.500,16479.000,2.617762264,261794687.500,2.617941639,17355991267112343030,333334,333334,17355991267112343030
80,152,hash,first,1,1,2,333334,150,100000000,100000200,34292,290531750,290576000,22125.000,17146.000,2.905311689,290553875.000,2.905532939,17355991267112343030,333334,333334,17355991267112343030
80,152,hash,first,2,1,2,333334,150,100000000,100000200,37708,323904375,323948791,22208.000,18854.000,3.239037272,323926583.000,3.239259351,17355991267112343030,333334,333334,17355991267112343030
80,152,hash,first,3,1,2,333334,150,100000000,100000200,39416,294520083,294563250,21583.500,19708.000,2.945194940,294541666.500,2.945410774,17355991267112343030,333334,333334,17355991267112343030
80,152,hash,first,4,1,2,333334,150,100000000,100000200,51917,267239709,267294917,27604.000,25958.500,2.672391745,267267313.000,2.672667785,17355991267112343030,333334,333334,17355991267112343030
80,152,aho_corasick,first,0,1,2,333334,150,100000000,100000200,6486083,203354625,209920583,3282979.000,3243041.500,2.033542183,206637604.000,2.066371907,17355991267112343030,333334,333334,17355991267112343030
80,152,aho_corasick,first,1,1,2,333334,150,100000000,100000200,6170125,181721209,187957500,3118145.500,3085062.500,1.817208456,184839354.500,1.848389848,17355991267112343030,333334,333334,17355991267112343030
80,152,aho_corasick,first,2,1,2,333334,150,100000000,100000200,5656834,188804500,194513333,2854416.500,2828417.000,1.888041224,191658916.500,1.916585332,17355991267112343030,333334,333334,17355991267112343030
80,152,aho_corasick,first,3,1,2,333334,150,100000000,100000200,5719792,182030291,187787458,2878583.500,2859896.000,1.820299269,184908874.500,1.849085047,17355991267112343030,333334,333334,17355991267112343030
80,152,aho_corasick,first,4,1,2,333334,150,100000000,100000200,5634125,203273250,208946750,2836750.000,2817062.500,2.032728435,206110000.000,2.061095878,17355991267112343030,333334,333334,17355991267112343030
80,181,aho_corasick,first,0,1,2,333334,150,100000000,100000200,7679084,215048083,222807375,3879646.000,3839542.000,2.150476529,218927729.000,2.189272911,17355991267112343030,333334,333334,17355991267112343030
80,181,aho_corasick,first,1,1,2,333334,150,100000000,100000200,7459709,230957667,238502875,3772604.000,3729854.500,2.309572051,234730271.000,2.347298015,17355991267112343030,333334,333334,17355991267112343030
80,181,aho_corasick,first,2,1,2,333334,150,100000000,100000200,8231083,231971459,240250250,4139395.500,4115541.500,2.319709951,236110854.500,2.361103823,17355991267112343030,333334,333334,17355991267112343030
80,181,aho_corasick,first,3,1,2,333334,150,100000000,100000200,8847666,252638542,261547083,4454270.500,4423833.000,2.526380367,257092812.500,2.570922983,17355991267112343030,333334,333334,17355991267112343030
80,181,aho_corasick,first,4,1,2,333334,150,100000000,100000200,9893083,285468291,295417292,4974500.500,4946541.500,2.854677201,290442791.500,2.904422106,17355991267112343030,333334,333334,17355991267112343030
80,181,hash,first,0,1,2,333334,150,100000000,100000200,52250,432831208,432889417,29104.500,26125.000,4.328303423,432860312.500,4.328594468,17355991267112343030,333334,333334,17355991267112343030
80,181,hash,first,1,1,2,333334,150,100000000,100000200,53459,448190625,448254166,31770.500,26729.500,4.481897286,448222395.500,4.482214991,17355991267112343030,333334,333334,17355991267112343030
80,181,hash,first,2,1,2,333334,150,100000000,100000200,46584,436575542,436628708,26583.000,23292.000,4.365746689,436602125.000,4.366012518,17355991267112343030,333334,333334,17355991267112343030
80,181,hash,first,3,1,2,333334,150,100000000,100000200,45875,389042375,389091250,24437.500,22937.500,3.890415969,389066812.500,3.890660344,17355991267112343030,333334,333334,17355991267112343030
80,181,hash,first,4,1,2,333334,150,100000000,100000200,49375,353286916,353339584,26334.000,24687.500,3.532862094,353313250.000,3.533125434,17355991267112343030,333334,333334,17355991267112343030
80,3,aho_corasick,first,0,1,64,10418,150,100000000,100012800,5790375,335059209,340920167,91577.469,90474.609,3.350163269,335150786.469,3.351078927,10100110153867304471,333376,333376,10100110153867304471
80,3,aho_corasick,first,1,1,64,10418,150,100000000,100012800,4527584,309579417,314130583,71111.969,70743.500,3.095397959,309650528.969,3.096108988,10100110153867304471,333376,333376,10100110153867304471
80,3,aho_corasick,first,2,1,64,10418,150,100000000,100012800,4786792,328071584,332884708,75205.062,74793.625,3.280295962,328146789.062,3.281047916,10100110153867304471,333376,333376,10100110153867304471
80,3,aho_corasick,first,3,1,64,10418,150,100000000,100012800,4823250,336976708,341828458,75808.594,75363.281,3.369335805,337052516.594,3.370093794,10100110153867304471,333376,333376,10100110153867304471
80,3,aho_corasick,first,4,1,64,10418,150,100000000,100012800,5410000,362406417,367841459,84922.531,84531.250,3.623600349,362491339.531,3.624449466,10100110153867304471,333376,333376,10100110153867304471
80,3,hash,first,0,1,64,10418,150,100000000,100012800,83834,244152917,244253167,1566.406,1309.906,2.441216694,244154483.406,2.441232356,10100110153867304471,333376,333376,10100110153867304471
80,3,hash,first,1,1,64,10418,150,100000000,100012800,44208,252998916,253050958,813.156,690.750,2.529665363,252999729.156,2.529673493,10100110153867304471,333376,333376,10100110153867304471
80,3,hash,first,2,1,64,10418,150,100000000,100012800,58917,270434625,270510208,1180.984,920.578,2.704000138,270435805.984,2.704011946,10100110153867304471,333376,333376,10100110153867304471
80,3,hash,first,3,1,64,10418,150,100000000,100012800,98000,308846958,308957917,1733.734,1531.250,3.088074306,308848691.734,3.088091642,10100110153867304471,333376,333376,10100110153867304471
80,3,hash,first,4,1,64,10418,150,100000000,100012800,87958,298615500,298715834,1567.719,1374.344,2.985772821,298617067.719,2.985788496,10100110153867304471,333376,333376,10100110153867304471
80,360,hash,first,0,1,1,666668,150,100000000,100000200,35667,389922083,389960666,38583.000,35667.000,3.899213032,389960666.000,3.899598861,10878890858135063043,333334,333334,10878890858135063043
80,360,hash,first,1,1,1,666668,150,100000000,100000200,45292,435063167,435111750,48583.000,45292.000,4.350622969,435111750.000,4.351108798,10878890858135063043,333334,333334,10878890858135063043
80,360,hash,first,2,1,1,666668,150,100000000,100000200,45667,439935791,439997291,61500.000,45667.000,4.399349111,439997291.000,4.399964110,10878890858135063043,333334,333334,10878890858135063043
80,360,hash,first,3,1,1,666668,150,100000000,100000200,41042,407123625,407168250,44625.000,41042.000,4.071228108,407168250.000,4.071674357,10878890858135063043,333334,333334,10878890858135063043
80,360,hash,first,4,1,1,666668,150,100000000,100000200,53250,363889500,363945750,56250.000,53250.000,3.638887722,363945750.000,3.639450221,10878890858135063043,333334,333334,10878890858135063043
80,360,aho_corasick,first,0,1,1,666668,150,100000000,100000200,7232750,215355583,222638917,7283334.000,7232750.000,2.153551523,222638917.000,2.226384717,10878890858135063043,333334,333334,10878890858135063043
80,360,aho_corasick,first,1,1,1,666668,150,100000000,100000200,7094542,234646542,241793250,7146708.000,7094542.000,2.346460727,241793250.000,2.417927664,10878890858135063043,333334,333334,10878890858135063043
80,360,aho_corasick,first,2,1,1,666668,150,100000000,100000200,9483584,255518125,265056792,9538667.000,9483584.000,2.555176140,265056792.000,2.650562619,10878890858135063043,333334,333334,10878890858135063043
80,360,aho_corasick,first,3,1,1,666668,150,100000000,100000200,8425042,288150167,296619500,8469333.000,8425042.000,2.881495907,296619500.000,2.966189068,10878890858135063043,333334,333334,10878890858135063043
80,360,aho_corasick,first,4,1,1,666668,150,100000000,100000200,9389542,265323792,274774875,9451083.000,9389542.000,2.653232614,274774875.000,2.747743255,10878890858135063043,333334,333334,10878890858135063043
80,45,hash,first,0,1,6,111112,150,100000000,100000800,59042,521121167,521184917,10625.000,9840.333,5.211169981,521131792.000,5.211276230,7578595983660385048,333336,333336,7578595983660385048
80,45,hash,first,1,1,6,111112,150,100000000,100000800,41375,524141666,524197667,9333.500,6895.833,5.241374729,524150999.500,5.241468063,7578595983660385048,333336,333336,7578595983660385048
80,45,hash,first,2,1,6,111112,150,100000000,100000800,46875,450716417,450770833,9069.333,7812.500,4.507128113,450725486.333,4.507218806,7578595983660385048,333336,333336,7578595983660385048
80,45,hash,first,3,1,6,111112,150,100000000,100000800,50542,400244000,400297500,8916.667,8423.667,4.002407981,400252916.667,4.002497147,7578595983660385048,333336,333336,7578595983660385048
80,45,hash,first,4,1,6,111112,150,100000000,100000800,27667,344053334,344082625,4881.833,4611.167,3.440505816,344058215.833,3.440554634,7578595983660385048,333336,333336,7578595983660385048
80,45,aho_corasick,first,0,1,6,111112,150,100000000,100000800,5026875,164332292,169398625,844388.833,837812.500,1.643309774,165176680.833,1.651753594,7578595983660385048,333336,333336,7578595983660385048
80,45,aho_corasick,first,1,1,6,111112,150,100000000,100000800,4664000,155130375,159832500,783687.500,777333.333,1.551291340,155914062.500,1.559128152,7578595983660385048,333336,333336,7578595983660385048
80,45,aho_corasick,first,2,1,6,111112,150,100000000,100000800,4755708,158408750,163189875,796854.167,792618.000,1.584074827,159205604.167,1.592043305,7578595983660385048,333336,333336,7578595983660385048
80,45,aho_corasick,first,3,1,6,111112,150,100000000,100000800,4751041,154567958,159329458,793583.333,791840.167,1.545667215,155361541.333,1.553602985,7578595983660385048,333336,333336,7578595983660385048
80,45,aho_corasick,first,4,1,6,111112,150,100000000,100000800,4699375,154821500,159530833,784888.833,783229.167,1.548202614,155606388.833,1.556051440,7578595983660385048,333336,333336,7578595983660385048
80,506,hash,first,0,1,1,666668,150,100000000,100000200,87125,298295875,298392417,96542.000,87125.000,2.982952784,298392417.000,2.983918202,10878890858135063043,333334,333334,10878890858135063043
80,506,hash,first,1,1,1,666668,150,100000000,100000200,62667,284903084,284970750,67666.000,62667.000,2.849025142,284970750.000,2.849701801,10878890858135063043,333334,333334,10878890858135063043
80,506,hash,first,2,1,1,666668,150,100000000,100000200,94792,283970917,284072083,101166.000,94792.000,2.839703491,284072083.000,2.840715149,10878890858135063043,333334,333334,10878890858135063043
80,506,hash,first,3,1,1,666668,150,100000000,100000200,63625,276833042,276917584,84542.000,63625.000,2.768324883,276917584.000,2.769170302,10878890858135063043,333334,333334,10878890858135063043
80,506,hash,first,4,1,1,666668,150,100000000,100000200,80375,255436666,255520750,84084.000,80375.000,2.554361551,255520750.000,2.555202390,10878890858135063043,333334,333334,10878890858135063043
80,506,aho_corasick,first,0,1,1,666668,150,100000000,100000200,12633625,298815417,311640208,12824791.000,12633625.000,2.988148194,311640208.000,3.116395847,10878890858135063043,333334,333334,10878890858135063043
80,506,aho_corasick,first,1,1,1,666668,150,100000000,100000200,12437333,282299250,294848542,12549292.000,12437333.000,2.822986854,294848542.000,2.948479523,10878890858135063043,333334,333334,10878890858135063043
80,506,aho_corasick,first,2,1,1,666668,150,100000000,100000200,12505167,296049458,308654083,12604625.000,12505167.000,2.960488659,308654083.000,3.086534657,10878890858135063043,333334,333334,10878890858135063043
80,506,aho_corasick,first,3,1,1,666668,150,100000000,100000200,12390625,308528458,321032709,12504251.000,12390625.000,3.085278409,321032709.000,3.210320669,10878890858135063043,333334,333334,10878890858135063043
80,506,aho_corasick,first,4,1,1,666668,150,100000000,100000200,13638375,314105292,327862583,13757291.000,13638375.000,3.141046638,327862583.000,3.278619273,10878890858135063043,333334,333334,10878890858135063043
80,54,aho_corasick,first,0,1,5,133334,150,100000000,100000500,4586667,145114666,149723250,921716.800,917333.400,1.451139404,146036382.800,1.460356526,3831940454938238512,333335,333335,3831940454938238512
80,54,aho_corasick,first,1,1,5,133334,150,100000000,100000500,4504042,149932791,154462875,906016.800,900808.400,1.499320413,150838807.800,1.508380536,3831940454938238512,333335,333335,3831940454938238512
80,54,aho_corasick,first,2,1,5,133334,150,100000000,100000500,4731000,157604417,162403334,959783.400,946200.000,1.576036290,158564200.400,1.585634076,3831940454938238512,333335,333335,3831940454938238512
80,54,aho_corasick,first,3,1,5,133334,150,100000000,100000500,4839625,157198083,162087958,977975.000,967925.000,1.571972970,158176058.000,1.581752671,3831940454938238512,333335,333335,3831940454938238512
80,54,aho_corasick,first,4,1,5,133334,150,100000000,100000500,4662291,156975500,161683250,941550.000,932458.200,1.569747151,157917050.000,1.579162604,3831940454938238512,333335,333335,3831940454938238512
80,54,hash,first,0,1,5,133334,150,100000000,100000500,29792,488017167,488050375,6641.600,5958.400,4.880147269,488023808.600,4.880213685,3831940454938238512,333335,333335,3831940454938238512
80,54,hash,first,1,1,5,133334,150,100000000,100000500,31917,478658792,478694000,7041.600,6383.400,4.786563987,478665833.600,4.786634403,3831940454938238512,333335,333335,3831940454938238512
80,54,hash,first,2,1,5,133334,150,100000000,100000500,37959,490277125,490318625,8300.000,7591.800,4.902746736,490285425.000,4.902829736,3831940454938238512,333335,333335,3831940454938238512
80,54,hash,first,3,1,5,133334,150,100000000,100000500,24625,471981125,472008708,5516.600,4925.000,4.719787651,471986641.600,4.719842817,3831940454938238512,333335,333335,3831940454938238512
80,54,hash,first,4,1,5,133334,150,100000000,100000500,29792,474672333,474705584,6650.200,5958.400,4.746699597,474678983.200,4.746766098,3831940454938238512,333335,333335,3831940454938238512
84,256,aho_corasick,first,0,1,1,666668,150,100000000,100000200,5516458,204666750,210203250,5536500.000,5516458.000,2.046663407,210203250.000,2.102028296,10878890858135063043,333334,333334,10878890858135063043
84,256,aho_corasick,first,1,1,1,666668,150,100000000,100000200,5215334,228048416,233286084,5237668.000,5215334.000,2.280479599,233286084.000,2.332856174,10878890858135063043,333334,333334,10878890858135063043
84,256,aho_corasick,first,2,1,1,666668,150,100000000,100000200,5592334,205494792,211113042,5618250.000,5592334.000,2.054943810,211113042.000,2.111126198,10878890858135063043,333334,333334,10878890858135063043
84,256,aho_corasick,first,3,1,1,666668,150,100000000,100000200,4933667,192085292,197032458,4947166.000,4933667.000,1.920849078,197032458.000,1.970320639,10878890858135063043,333334,333334,10878890858135063043
84,256,aho_corasick,first,4,1,1,666668,150,100000000,100000200,4886708,193478458,198384500,4906042.000,4886708.000,1.934780710,198384500.000,1.983841032,10878890858135063043,333334,333334,10878890858135063043
84,256,hash,first,0,1,1,666668,150,100000000,100000200,27416,179986542,180016792,30250.000,27416.000,1.799861820,180016792.000,1.800164320,10878890858135063043,333334,333334,10878890858135063043
84,256,hash,first,1,1,1,666668,150,100000000,100000200,24625,172838834,172865750,26916.000,24625.000,1.728384883,172865750.000,1.728654043,10878890858135063043,333334,333334,10878890858135063043
84,256,hash,first,2,1,1,666668,150,100000000,100000200,22416,176568584,176593000,24416.000,22416.000,1.765682309,176593000.000,1.765926468,10878890858135063043,333334,333334,10878890858135063043
84,256,hash,first,3,1,1,666668,150,100000000,100000200,22583,178323916,178349583,25667.000,22583.000,1.783235594,178349583.000,1.783492263,10878890858135063043,333334,333334,10878890858135063043
84,256,hash,first,4,1,1,666668,150,100000000,100000200,23125,178731958,178757959,26001.000,23125.000,1.787316005,178757959.000,1.787576015,10878890858135063043,333334,333334,10878890858135063043
88,256,hash,first,0,1,1,666668,150,100000000,100000200,32667,206832209,206868667,36458.000,32667.000,2.068317953,206868667.000,2.068682533,10878890858135063043,333334,333334,10878890858135063043
88,256,hash,first,1,1,1,666668,150,100000000,100000200,28125,208305583,208339250,33667.000,28125.000,2.083051664,208339250.000,2.083388333,10878890858135063043,333334,333334,10878890858135063043
88,256,hash,first,2,1,1,666668,150,100000000,100000200,29750,223097917,223130458,32541.000,29750.000,2.230974708,223130458.000,2.231300117,10878890858135063043,333334,333334,10878890858135063043
88,256,hash,first,3,1,1,666668,150,100000000,100000200,42625,208544542,208588875,44333.000,42625.000,2.085441249,208588875.000,2.085884578,10878890858135063043,333334,333334,10878890858135063043
88,256,hash,first,4,1,1,666668,150,100000000,100000200,29958,195616084,195647459,31375.000,29958.000,1.956156928,195647459.000,1.956470677,10878890858135063043,333334,333334,10878890858135063043
88,256,aho_corasick,first,0,1,1,666668,150,100000000,100000200,6136625,230894625,237093083,6198458.000,6136625.000,2.308941632,237093083.000,2.370926088,10878890858135063043,333334,333334,10878890858135063043
88,256,aho_corasick,first,1,1,1,666668,150,100000000,100000200,5687791,215989292,221684708,5695416.000,5687791.000,2.159888600,221684708.000,2.216842646,10878890858135063043,333334,333334,10878890858135063043
88,256,aho_corasick,first,2,1,1,666668,150,100000000,100000200,5354667,238390542,243756125,5365583.000,5354667.000,2.383900652,243756125.000,2.437556375,10878890858135063043,333334,333334,10878890858135063043
88,256,aho_corasick,first,3,1,1,666668,150,100000000,100000200,6511625,278320416,284844042,6523626.000,6511625.000,2.783198594,284844042.000,2.848434723,10878890858135063043,333334,333334,10878890858135063043
88,256,aho_corasick,first,4,1,1,666668,150,100000000,100000200,7184500,299324875,306520667,7195792.000,7184500.000,2.993242764,306520667.000,3.065200540,10878890858135063043,333334,333334,10878890858135063043
88,32,hash,first,0,1,8,83334,150,100000000,100000800,46458,260635083,260687958,6609.375,5807.250,2.606329979,260641692.375,2.606396073,14545882975625201301,333336,333336,14545882975625201301
88,32,hash,first,1,1,8,83334,150,100000000,100000800,42209,263465834,263512375,5817.625,5276.125,2.634637263,263471651.625,2.634695439,14545882975625201301,333336,333336,14545882975625201301
88,32,hash,first,2,1,8,83334,150,100000000,100000800,38000,273973458,274029292,6979.250,4750.000,2.739712662,273980437.250,2.739782454,14545882975625201301,333336,333336,14545882975625201301
88,32,hash,first,3,1,8,83334,150,100000000,100000800,66709,291376542,291449125,9072.875,8338.625,2.913742110,291385614.875,2.913832838,14545882975625201301,333336,333336,14545882975625201301
88,32,hash,first,4,1,8,83334,150,100000000,100000800,60250,297719625,297788416,8598.875,7531.250,2.977172433,297728223.875,2.977258421,14545882975625201301,333336,333336,14545882975625201301
88,32,aho_corasick,first,0,1,8,83334,150,100000000,100000800,7697959,235642875,243473750,978859.375,962244.875,2.356409899,236621734.375,2.366198414,14545882975625201301,333336,333336,14545882975625201301
88,32,aho_corasick,first,1,1,8,83334,150,100000000,100000800,7571583,229915208,237561042,955729.250,946447.875,2.299133687,230870937.250,2.308690903,14545882975625201301,333336,333336,14545882975625201301
88,32,aho_corasick,first,2,1,8,83334,150,100000000,100000800,6770042,207466875,214308542,855208.375,846255.250,2.074652153,208322083.375,2.083204168,14545882975625201301,333336,333336,14545882975625201301
88,32,aho_corasick,first,3,1,8,83334,150,100000000,100000800,6884375,193729250,200695292,870755.250,860546.875,1.937277002,194600005.250,1.945984485,14545882975625201301,333336,333336,14545882975625201301
88,32,aho_corasick,first,4,1,8,83334,150,100000000,100000800,6166667,185221666,191438833,777145.875,770833.375,1.852201842,185998811.875,1.859973239,14545882975625201301,333336,333336,14545882975625201301
88,91,aho_corasick,first,0,1,3,222224,150,100000000,100000800,6296750,210349917,216679458,2109847.000,2098916.667,2.103482342,212459764.000,2.124580643,1351695965908473709,333336,333336,1351695965908473709
88,91,aho_corasick,first,1,1,3,222224,150,100000000,100000800,6263750,212714875,219028500,2104541.667,2087916.667,2.127131733,214819416.667,2.148176981,1351695965908473709,333336,333336,1351695965908473709
88,91,aho_corasick,first,2,1,3,222224,150,100000000,100000800,6295500,224399708,230723042,2107778.000,2098500.000,2.243979128,226507486.000,2.265056740,1351695965908473709,333336,333336,1351695965908473709
88,91,aho_corasick,first,3,1,3,222224,150,100000000,100000800,7361625,242897167,250281000,2461277.667,2453875.000,2.428952238,245358444.667,2.453564818,1351695965908473709,333336,333336,1351695965908473709
88,91,aho_corasick,first,4,1,3,222224,150,100000000,100000800,7435917,251087917,258542084,2484722.333,2478639.000,2.510859083,253572639.333,2.535706108,1351695965908473709,333336,333336,1351695965908473709
88,91,hash,first,0,1,3,222224,150,100000000,100000800,40875,397529750,397573583,14611.000,13625.000,3.975265698,397544361.000,3.975411807,1351695965908473709,333336,333336,1351695965908473709
88,91,hash,first,1,1,3,222224,150,100000000,100000800,42917,370880917,370927500,15527.667,14305.667,3.708779500,370896444.667,3.708934775,1351695965908473709,333336,333336,1351695965908473709
88,91,hash,first,2,1,3,222224,150,100000000,100000800,34417,335096958,335134375,12472.333,11472.333,3.350942772,335109430.333,3.351067495,1351695965908473709,333336,333336,1351695965908473709
88,91,hash,first,3,1,3,222224,150,100000000,100000800,32292,315072916,315108667,11917.000,10764.000,3.150703954,315084833.000,3.150823123,1351695965908473709,333336,333336,1351695965908473709
88,91,hash,first,4,1,3,222224,150,100000000,100000800,38458,288908542,288950625,14027.667,12819.333,2.889062308,288922569.667,2.889202583,1351695965908473709,333336,333336,1351695965908473709
92,32,hash,first,0,1,8,83334,150,100000000,100000800,29792,177077459,177110625,4145.750,3724.000,1.770760424,177081604.750,1.770801881,14545882975625201301,333336,333336,14545882975625201301
92,32,hash,first,1,1,8,83334,150,100000000,100000800,29792,173989500,174025625,4515.625,3724.000,1.739881081,173994015.625,1.739926237,14545882975625201301,333336,333336,14545882975625201301
92,32,hash,first,2,1,8,83334,150,100000000,100000800,35959,174110291,174150000,4963.625,4494.875,1.741088981,174115254.625,1.741138617,14545882975625201301,333336,333336,14545882975625201301
92,32,hash,first,3,1,8,83334,150,100000000,100000800,26792,169163958,169194500,3817.750,3349.000,1.691626047,169167775.750,1.691664224,14545882975625201301,333336,333336,14545882975625201301
92,32,hash,first,4,1,8,83334,150,100000000,100000800,25709,169091250,169121375,3765.625,3213.625,1.690898973,169095015.625,1.690936629,14545882975625201301,333336,333336,14545882975625201301
92,32,aho_corasick,first,0,1,8,83334,150,100000000,100000800,5157500,149097167,154301292,650515.625,644687.500,1.490959742,149747682.625,1.497464847,14545882975625201301,333336,333336,14545882975625201301
92,32,aho_corasick,first,1,1,8,83334,150,100000000,100000800,4856084,145153916,150056125,612776.125,607010.500,1.451527548,145766692.125,1.457655260,14545882975625201301,333336,333336,14545882975625201301
92,32,aho_corasick,first,2,1,8,83334,150,100000000,100000800,4720416,141555208,146311583,594546.875,590052.000,1.415540756,142149754.875,1.421486177,14545882975625201301,333336,333336,14545882975625201301
92,32,aho_corasick,first,3,1,8,83334,150,100000000,100000800,4623833,140964125,145632083,583494.750,577979.125,1.409629973,141547619.750,1.415464874,14545882975625201301,333336,333336,14545882975625201301
92,32,aho_corasick,first,4,1,8,83334,150,100000000,100000800,4775125,143215583,148030917,601916.750,596890.625,1.432144373,143817499.750,1.438163492,14545882975625201301,333336,333336,14545882975625201301
96,23,aho_corasick,first,0,1,12,55556,150,100000000,100000800,7957916,201697375,209750958,671131.917,663159.667,2.016957614,202368506.917,2.023668880,7235618553944064260,333336,333336,7235618553944064260
96,23,aho_corasick,first,1,1,12,55556,150,100000000,100000800,7158458,194276875,201522000,603760.417,596538.167,1.942753208,194880635.417,1.948790764,7235618553944064260,333336,333336,7235618553944064260
96,23,aho_corasick,first,2,1,12,55556,150,100000000,100000800,7773959,198219250,206073416,654513.833,647829.917,1.982176643,198873763.833,1.988721729,7235618553944064260,333336,333336,7235618553944064260
96,23,aho_corasick,first,3,1,12,55556,150,100000000,100000800,7913916,201700167,209672458,664357.583,659493.000,2.016985534,202364524.583,2.023629057,7235618553944064260,333336,333336,7235618553944064260
96,23,aho_corasick,first,4,1,12,55556,150,100000000,100000800,8055917,205500875,213575084,672850.750,671326.417,2.054992310,206173725.750,2.061720764,7235618553944064260,333336,333336,7235618553944064260
96,23,hash,first,0,1,12,55556,150,100000000,100000800,56125,374771625,374833333,5142.333,4677.083,3.747686269,374776767.333,3.747737691,7235618553944064260,333336,333336,7235618553944064260
96,23,hash,first,1,1,12,55556,150,100000000,100000800,47750,395183209,395248375,5430.500,3979.167,3.951800476,395188639.500,3.951854780,7235618553944064260,333336,333336,7235618553944064260
96,23,hash,first,2,1,12,55556,150,100000000,100000800,63083,422396625,422471000,6197.917,5256.917,4.223932459,422402822.917,4.223994437,7235618553944064260,333336,333336,7235618553944064260
96,23,hash,first,3,1,12,55556,150,100000000,100000800,79125,427766334,427856958,7552.000,6593.750,4.277629119,427773886.000,4.277704638,7235618553944064260,333336,333336,7235618553944064260
96,23,hash,first,4,1,12,55556,150,100000000,100000800,84875,406476834,406574333,8124.917,7072.917,4.064735822,406484958.917,4.064817071,7235618553944064260,333336,333336,7235618553944064260
96,27,hash,first,0,1,10,66668,150,100000000,100002000,40167,316403458,316449708,4625.000,4016.700,3.163971301,316408083.000,3.164017550,16826556867229731551,333340,333340,16826556867229731551
96,27,hash,first,1,1,10,66668,150,100000000,100002000,32084,327176000,327211750,3575.000,3208.400,3.271694566,327179575.000,3.271730315,16826556867229731551,333340,333340,16826556867229731551
96,27,hash,first,2,1,10,66668,150,100000000,100002000,34000,371843042,371883709,4066.700,3400.000,3.718356053,371847108.700,3.718396719,16826556867229731551,333340,333340,16826556867229731551
96,27,hash,first,3,1,10,66668,150,100000000,100002000,50083,449484583,449539333,5475.000,5008.300,4.494755935,449490058.000,4.494810684,16826556867229731551,333340,333340,16826556867229731551
96,27,hash,first,4,1,10,66668,150,100000000,100002000,43917,550170291,550219125,4883.400,4391.700,5.501592878,550175174.400,5.501641711,16826556867229731551,333340,333340,16826556867229731551
96,27,aho_corasick,first,0,1,10,66668,150,100000000,100002000,9242458,245513417,254903291,938987.400,924245.800,2.455085068,246452404.400,2.464474755,16826556867229731551,333340,333340,16826556867229731551
96,27,aho_corasick,first,1,1,10,66668,150,100000000,100002000,8875167,238478834,247402083,892324.900,887516.700,2.384740645,239371158.900,2.393663716,16826556867229731551,333340,333340,16826556867229731551
96,27,aho_corasick,first,2,1,10,66668,150,100000000,100002000,8649833,215498292,224188708,869041.600,864983.300,2.154939821,216367333.600,2.163630063,16826556867229731551,333340,333340,16826556867229731551
96,27,aho_corasick,first,3,1,10,66668,150,100000000,100002000,7646625,216266208,223994875,772866.700,764662.500,2.162618828,217039074.700,2.170347340,16826556867229731551,333340,333340,16826556867229731551
96,27,aho_corasick,first,4,1,10,66668,150,100000000,100002000,7956833,225826834,233824667,799783.300,795683.300,2.258223176,226626617.300,2.266220849,16826556867229731551,333340,333340,16826556867229731551
96,3,hash,first,0,1,64,10418,150,100000000,100012800,71958,197849375,197928792,1240.891,1124.344,1.978240535,197850615.891,1.978252943,10100110153867304471,333376,333376,10100110153867304471
96,3,hash,first,1,1,64,10418,150,100000000,100012800,48584,180741833,180801042,925.141,759.125,1.807187010,180742758.141,1.807196260,10100110153867304471,333376,333376,10100110153867304471
96,3,hash,first,2,1,64,10418,150,100000000,100012800,51958,181254708,181311583,888.672,811.844,1.812315104,181255596.672,1.812323989,10100110153867304471,333376,333376,10100110153867304471
96,3,hash,first,3,1,64,10418,150,100000000,100012800,30375,180960750,180996458,557.938,474.609,1.809375900,180961307.938,1.809381479,10100110153867304471,333376,333376,10100110153867304471
96,3,hash,first,4,1,64,10418,150,100000000,100012800,38916,194854375,194900041,713.531,608.062,1.948294368,194855088.531,1.948301503,10100110153867304471,333376,333376,10100110153867304471
96,3,aho_corasick,first,0,1,64,10418,150,100000000,100012800,5241958,337272416,342550417,82468.766,81905.594,3.372292507,337354884.766,3.373117089,10100110153867304471,333376,333376,10100110153867304471
96,3,aho_corasick,first,1,1,64,10418,150,100000000,100012800,6353875,361218542,367601834,99738.938,99279.297,3.611723119,361318280.938,3.612720381,10100110153867304471,333376,333376,10100110153867304471
96,3,aho_corasick,first,2,1,64,10418,150,100000000,100012800,6596375,397035042,403709041,104281.234,103068.359,3.969842280,397139323.234,3.970884959,10100110153867304471,333376,333376,10100110153867304471
96,3,aho_corasick,first,3,1,64,10418,150,100000000,100012800,7426750,394413125,401902916,117027.984,116042.969,3.943626466,394530152.984,3.944796596,10100110153867304471,333376,333376,10100110153867304471
96,3,aho_corasick,first,4,1,64,10418,150,100000000,100012800,6351166,357442667,363861583,100295.562,99236.969,3.573969202,357542962.562,3.574972029,10100110153867304471,333376,333376,10100110153867304471
